solid 
 facet normal  5.064917e-02 -9.987165e-01  0.000000e+00
   outer loop
     vertex  3.894980e-01 -3.830247e+00  7.000000e+00
     vertex -7.072335e-16 -3.850000e+00  7.000000e+00
     vertex -7.072335e-16 -3.850000e+00  1.000000e+00
   endloop
 endfacet
 facet normal  5.064917e-02 -9.987165e-01 -7.966182e-18
   outer loop
     vertex  3.894980e-01 -3.830247e+00  7.000000e+00
     vertex -7.072335e-16 -3.850000e+00  1.000000e+00
     vertex  3.894980e-01 -3.830247e+00  1.000000e+00
   endloop
 endfacet
 facet normal  1.514278e-01 -9.884683e-01 -1.961384e-17
   outer loop
     vertex  7.749993e-01 -3.771190e+00  7.000000e+00
     vertex  3.894980e-01 -3.830247e+00  1.000000e+00
     vertex  7.749993e-01 -3.771190e+00  1.000000e+00
   endloop
 endfacet
 facet normal  1.514278e-01 -9.884683e-01 -2.372280e-17
   outer loop
     vertex  7.749993e-01 -3.771190e+00  7.000000e+00
     vertex  3.894980e-01 -3.830247e+00  7.000000e+00
     vertex  3.894980e-01 -3.830247e+00  1.000000e+00
   endloop
 endfacet
 facet normal  2.506525e-01 -9.680771e-01 -3.710403e-17
   outer loop
     vertex  1.152548e+00 -3.673436e+00  7.000000e+00
     vertex  7.749993e-01 -3.771190e+00  1.000000e+00
     vertex  1.152548e+00 -3.673436e+00  1.000000e+00
   endloop
 endfacet
 facet normal  2.506525e-01 -9.680771e-01 -3.261885e-17
   outer loop
     vertex  1.152548e+00 -3.673436e+00  7.000000e+00
     vertex  7.749993e-01 -3.771190e+00  7.000000e+00
     vertex  7.749993e-01 -3.771190e+00  1.000000e+00
   endloop
 endfacet
 facet normal  3.473053e-01 -9.377521e-01  3.084897e-17
   outer loop
     vertex  1.518270e+00 -3.537988e+00  7.000000e+00
     vertex  1.152548e+00 -3.673436e+00  1.000000e+00
     vertex  1.518270e+00 -3.537988e+00  1.000000e+00
   endloop
 endfacet
 facet normal  3.473053e-01 -9.377521e-01 -5.041095e-17
   outer loop
     vertex  1.518270e+00 -3.537988e+00  7.000000e+00
     vertex  1.152548e+00 -3.673436e+00  7.000000e+00
     vertex  1.152548e+00 -3.673436e+00  1.000000e+00
   endloop
 endfacet
 facet normal  4.403942e-01 -8.978045e-01  3.385517e-17
   outer loop
     vertex  1.868413e+00 -3.366234e+00  7.000000e+00
     vertex  1.518270e+00 -3.537988e+00  1.000000e+00
     vertex  1.868413e+00 -3.366234e+00  1.000000e+00
   endloop
 endfacet
 facet normal  4.403942e-01 -8.978045e-01  1.779210e-17
   outer loop
     vertex  1.868413e+00 -3.366234e+00  7.000000e+00
     vertex  1.518270e+00 -3.537988e+00  7.000000e+00
     vertex  1.518270e+00 -3.537988e+00  1.000000e+00
   endloop
 endfacet
 facet normal  5.289640e-01 -8.486443e-01  2.366109e-17
   outer loop
     vertex  2.199383e+00 -3.159939e+00  7.000000e+00
     vertex  1.868413e+00 -3.366234e+00  1.000000e+00
     vertex  2.199383e+00 -3.159939e+00  1.000000e+00
   endloop
 endfacet
 facet normal  5.289640e-01 -8.486443e-01  2.372280e-17
   outer loop
     vertex  2.199383e+00 -3.159939e+00  7.000000e+00
     vertex  1.868413e+00 -3.366234e+00  7.000000e+00
     vertex  1.868413e+00 -3.366234e+00  1.000000e+00
   endloop
 endfacet
 facet normal  6.121060e-01 -7.907757e-01  1.322422e-17
   outer loop
     vertex  2.507784e+00 -2.921219e+00  7.000000e+00
     vertex  2.199383e+00 -3.159939e+00  1.000000e+00
     vertex  2.507784e+00 -2.921219e+00  1.000000e+00
   endloop
 endfacet
 facet normal  6.121060e-01 -7.907757e-01  1.186140e-17
   outer loop
     vertex  2.507784e+00 -2.921219e+00  7.000000e+00
     vertex  2.199383e+00 -3.159939e+00  7.000000e+00
     vertex  2.199383e+00 -3.159939e+00  1.000000e+00
   endloop
 endfacet
 facet normal  6.889669e-01 -7.247928e-01  5.364544e-17
   outer loop
     vertex  2.790452e+00 -2.652523e+00  7.000000e+00
     vertex  2.507784e+00 -2.921219e+00  1.000000e+00
     vertex  2.790452e+00 -2.652523e+00  1.000000e+00
   endloop
 endfacet
 facet normal  6.889669e-01 -7.247928e-01  0.000000e+00
   outer loop
     vertex  2.790452e+00 -2.652523e+00  7.000000e+00
     vertex  2.507784e+00 -2.921219e+00  7.000000e+00
     vertex  2.507784e+00 -2.921219e+00  1.000000e+00
   endloop
 endfacet
 facet normal  7.587581e-01 -6.513725e-01  4.744560e-17
   outer loop
     vertex  3.044487e+00 -2.356608e+00  7.000000e+00
     vertex  2.790452e+00 -2.652523e+00  7.000000e+00
     vertex  2.790452e+00 -2.652523e+00  1.000000e+00
   endloop
 endfacet
 facet normal  7.587581e-01 -6.513725e-01 -7.948134e-18
   outer loop
     vertex  3.044487e+00 -2.356608e+00  7.000000e+00
     vertex  2.790452e+00 -2.652523e+00  1.000000e+00
     vertex  3.044487e+00 -2.356608e+00  1.000000e+00
   endloop
 endfacet
 facet normal  8.207634e-01 -5.712682e-01 -1.779210e-17
   outer loop
     vertex  3.267280e+00 -2.036511e+00  7.000000e+00
     vertex  3.044487e+00 -2.356608e+00  7.000000e+00
     vertex  3.044487e+00 -2.356608e+00  1.000000e+00
   endloop
 endfacet
 facet normal  8.207634e-01 -5.712682e-01 -6.074870e-17
   outer loop
     vertex  3.267280e+00 -2.036511e+00  7.000000e+00
     vertex  3.044487e+00 -2.356608e+00  1.000000e+00
     vertex  3.267280e+00 -2.036511e+00  1.000000e+00
   endloop
 endfacet
 facet normal  8.743466e-01 -4.853020e-01 -6.523770e-17
   outer loop
     vertex  3.456547e+00 -1.695517e+00  7.000000e+00
     vertex  3.267280e+00 -2.036511e+00  7.000000e+00
     vertex  3.267280e+00 -2.036511e+00  1.000000e+00
   endloop
 endfacet
 facet normal  8.743466e-01 -4.853020e-01  0.000000e+00
   outer loop
     vertex  3.456547e+00 -1.695517e+00  7.000000e+00
     vertex  3.267280e+00 -2.036511e+00  1.000000e+00
     vertex  3.456547e+00 -1.695517e+00  1.000000e+00
   endloop
 endfacet
 facet normal  9.189578e-01 -3.943559e-01  0.000000e+00
   outer loop
     vertex  3.610346e+00 -1.337125e+00  7.000000e+00
     vertex  3.456547e+00 -1.695517e+00  7.000000e+00
     vertex  3.456547e+00 -1.695517e+00  1.000000e+00
   endloop
 endfacet
 facet normal  9.189578e-01 -3.943559e-01 -7.765669e-17
   outer loop
     vertex  3.610346e+00 -1.337125e+00  7.000000e+00
     vertex  3.456547e+00 -1.695517e+00  1.000000e+00
     vertex  3.610346e+00 -1.337125e+00  1.000000e+00
   endloop
 endfacet
 facet normal  9.541393e-01 -2.993631e-01 -9.785655e-17
   outer loop
     vertex  3.727097e+00 -9.650122e-01  7.000000e+00
     vertex  3.610346e+00 -1.337125e+00  7.000000e+00
     vertex  3.610346e+00 -1.337125e+00  1.000000e+00
   endloop
 endfacet
 facet normal  9.541393e-01 -2.993631e-01  4.431464e-17
   outer loop
     vertex  3.727097e+00 -9.650122e-01  7.000000e+00
     vertex  3.610346e+00 -1.337125e+00  1.000000e+00
     vertex  3.727097e+00 -9.650122e-01  1.000000e+00
   endloop
 endfacet
 facet normal  9.795299e-01 -2.012985e-01  2.965350e-17
   outer loop
     vertex  3.805603e+00 -5.829969e-01  7.000000e+00
     vertex  3.727097e+00 -9.650122e-01  7.000000e+00
     vertex  3.727097e+00 -9.650122e-01  1.000000e+00
   endloop
 endfacet
 facet normal  9.795299e-01 -2.012985e-01  2.979817e-17
   outer loop
     vertex  3.805603e+00 -5.829969e-01  7.000000e+00
     vertex  3.727097e+00 -9.650122e-01  1.000000e+00
     vertex  3.805603e+00 -5.829969e-01  1.000000e+00
   endloop
 endfacet
 facet normal  9.948693e-01 -1.011683e-01  1.482675e-17
   outer loop
     vertex  3.845059e+00 -1.949993e-01  7.000000e+00
     vertex  3.805603e+00 -5.829969e-01  7.000000e+00
     vertex  3.805603e+00 -5.829969e-01  1.000000e+00
   endloop
 endfacet
 facet normal  9.948693e-01 -1.011683e-01  1.637991e-17
   outer loop
     vertex  3.845059e+00 -1.949993e-01  7.000000e+00
     vertex  3.805603e+00 -5.829969e-01  1.000000e+00
     vertex  3.845059e+00 -1.949993e-01  1.000000e+00
   endloop
 endfacet
 facet normal  1.000000e+00  0.000000e+00  0.000000e+00
   outer loop
     vertex  3.845059e+00 -1.949993e-01  7.000000e+00
     vertex  3.845059e+00 -1.949993e-01  1.000000e+00
     vertex  3.845059e+00  1.949993e-01  1.000000e+00
   endloop
 endfacet
 facet normal  1.000000e+00  0.000000e+00  0.000000e+00
   outer loop
     vertex  3.845059e+00  1.949993e-01  7.000000e+00
     vertex  3.845059e+00 -1.949993e-01  7.000000e+00
     vertex  3.845059e+00  1.949993e-01  1.000000e+00
   endloop
 endfacet
 facet normal  9.948693e-01  1.011683e-01 -1.705076e-17
   outer loop
     vertex  3.805603e+00  5.829969e-01  7.000000e+00
     vertex  3.845059e+00  1.949993e-01  7.000000e+00
     vertex  3.845059e+00  1.949993e-01  1.000000e+00
   endloop
 endfacet
 facet normal  9.948693e-01  1.011683e-01 -1.497592e-17
   outer loop
     vertex  3.805603e+00  5.829969e-01  7.000000e+00
     vertex  3.845059e+00  1.949993e-01  1.000000e+00
     vertex  3.805603e+00  5.829969e-01  1.000000e+00
   endloop
 endfacet
 facet normal  9.795299e-01  2.012985e-01 -2.965350e-17
   outer loop
     vertex  3.727097e+00  9.650122e-01  7.000000e+00
     vertex  3.805603e+00  5.829969e-01  7.000000e+00
     vertex  3.805603e+00  5.829969e-01  1.000000e+00
   endloop
 endfacet
 facet normal  9.795299e-01  2.012985e-01 -2.979817e-17
   outer loop
     vertex  3.727097e+00  9.650122e-01  7.000000e+00
     vertex  3.805603e+00  5.829969e-01  1.000000e+00
     vertex  3.727097e+00  9.650122e-01  1.000000e+00
   endloop
 endfacet
 facet normal  9.541393e-01  2.993631e-01 -4.448025e-17
   outer loop
     vertex  3.610346e+00  1.337125e+00  7.000000e+00
     vertex  3.727097e+00  9.650122e-01  7.000000e+00
     vertex  3.727097e+00  9.650122e-01  1.000000e+00
   endloop
 endfacet
 facet normal  9.541393e-01  2.993631e-01  9.692634e-17
   outer loop
     vertex  3.610346e+00  1.337125e+00  7.000000e+00
     vertex  3.727097e+00  9.650122e-01  1.000000e+00
     vertex  3.610346e+00  1.337125e+00  1.000000e+00
   endloop
 endfacet
 facet normal  9.189578e-01  3.943559e-01  8.006445e-17
   outer loop
     vertex  3.456547e+00  1.695517e+00  7.000000e+00
     vertex  3.610346e+00  1.337125e+00  7.000000e+00
     vertex  3.610346e+00  1.337125e+00  1.000000e+00
   endloop
 endfacet
 facet normal  9.189578e-01  3.943559e-01  0.000000e+00
   outer loop
     vertex  3.456547e+00  1.695517e+00  7.000000e+00
     vertex  3.610346e+00  1.337125e+00  1.000000e+00
     vertex  3.456547e+00  1.695517e+00  1.000000e+00
   endloop
 endfacet
 facet normal  8.743466e-01  4.853020e-01  6.471465e-17
   outer loop
     vertex  3.267280e+00  2.036511e+00  7.000000e+00
     vertex  3.456547e+00  1.695517e+00  1.000000e+00
     vertex  3.267280e+00  2.036511e+00  1.000000e+00
   endloop
 endfacet
 facet normal  8.743466e-01  4.853020e-01  0.000000e+00
   outer loop
     vertex  3.267280e+00  2.036511e+00  7.000000e+00
     vertex  3.456547e+00  1.695517e+00  7.000000e+00
     vertex  3.456547e+00  1.695517e+00  1.000000e+00
   endloop
 endfacet
 facet normal  8.207634e-01  5.712682e-01  6.074870e-17
   outer loop
     vertex  3.267280e+00  2.036511e+00  7.000000e+00
     vertex  3.267280e+00  2.036511e+00  1.000000e+00
     vertex  3.044487e+00  2.356608e+00  1.000000e+00
   endloop
 endfacet
 facet normal  8.207634e-01  5.712682e-01  1.846636e-17
   outer loop
     vertex  3.044487e+00  2.356608e+00  7.000000e+00
     vertex  3.267280e+00  2.036511e+00  7.000000e+00
     vertex  3.044487e+00  2.356608e+00  1.000000e+00
   endloop
 endfacet
 facet normal  7.587581e-01  6.513725e-01 -4.821125e-17
   outer loop
     vertex  2.790452e+00  2.652523e+00  7.000000e+00
     vertex  3.044487e+00  2.356608e+00  1.000000e+00
     vertex  2.790452e+00  2.652523e+00  1.000000e+00
   endloop
 endfacet
 facet normal  7.587581e-01  6.513725e-01  1.186140e-17
   outer loop
     vertex  2.790452e+00  2.652523e+00  7.000000e+00
     vertex  3.044487e+00  2.356608e+00  7.000000e+00
     vertex  3.044487e+00  2.356608e+00  1.000000e+00
   endloop
 endfacet
 facet normal  6.889669e-01  7.247928e-01 -2.651647e-18
   outer loop
     vertex  2.507784e+00  2.921219e+00  7.000000e+00
     vertex  2.790452e+00  2.652523e+00  1.000000e+00
     vertex  2.507784e+00  2.921219e+00  1.000000e+00
   endloop
 endfacet
 facet normal  6.889669e-01  7.247928e-01 -5.337630e-17
   outer loop
     vertex  2.507784e+00  2.921219e+00  7.000000e+00
     vertex  2.790452e+00  2.652523e+00  7.000000e+00
     vertex  2.790452e+00  2.652523e+00  1.000000e+00
   endloop
 endfacet
 facet normal  6.121060e-01  7.907757e-01 -1.322422e-17
   outer loop
     vertex  2.199383e+00  3.159939e+00  7.000000e+00
     vertex  2.507784e+00  2.921219e+00  1.000000e+00
     vertex  2.199383e+00  3.159939e+00  1.000000e+00
   endloop
 endfacet
 facet normal  5.289640e-01  8.486443e-01 -2.366109e-17
   outer loop
     vertex  2.199383e+00  3.159939e+00  7.000000e+00
     vertex  2.199383e+00  3.159939e+00  1.000000e+00
     vertex  1.868413e+00  3.366234e+00  1.000000e+00
   endloop
 endfacet
 facet normal  6.121060e-01  7.907757e-01 -1.186140e-17
   outer loop
     vertex  2.199383e+00  3.159939e+00  7.000000e+00
     vertex  2.507784e+00  2.921219e+00  7.000000e+00
     vertex  2.507784e+00  2.921219e+00  1.000000e+00
   endloop
 endfacet
 facet normal  5.289640e-01  8.486443e-01 -2.366109e-17
   outer loop
     vertex  1.868413e+00  3.366234e+00  7.000000e+00
     vertex  2.199383e+00  3.159939e+00  7.000000e+00
     vertex  1.868413e+00  3.366234e+00  1.000000e+00
   endloop
 endfacet
 facet normal  4.403942e-01  8.978045e-01 -1.755731e-17
   outer loop
     vertex  1.518270e+00  3.537988e+00  7.000000e+00
     vertex  1.868413e+00  3.366234e+00  1.000000e+00
     vertex  1.518270e+00  3.537988e+00  1.000000e+00
   endloop
 endfacet
 facet normal  4.403942e-01  8.978045e-01 -3.558420e-17
   outer loop
     vertex  1.518270e+00  3.537988e+00  7.000000e+00
     vertex  1.868413e+00  3.366234e+00  7.000000e+00
     vertex  1.868413e+00  3.366234e+00  1.000000e+00
   endloop
 endfacet
 facet normal  3.473053e-01  9.377521e-01  5.141151e-17
   outer loop
     vertex  1.152548e+00  3.673436e+00  7.000000e+00
     vertex  1.518270e+00  3.537988e+00  1.000000e+00
     vertex  1.152548e+00  3.673436e+00  1.000000e+00
   endloop
 endfacet
 facet normal  2.506525e-01  9.680771e-01  3.710403e-17
   outer loop
     vertex  1.152548e+00  3.673436e+00  7.000000e+00
     vertex  1.152548e+00  3.673436e+00  1.000000e+00
     vertex  7.749993e-01  3.771190e+00  1.000000e+00
   endloop
 endfacet
 facet normal  3.473053e-01  9.377521e-01 -3.261885e-17
   outer loop
     vertex  1.152548e+00  3.673436e+00  7.000000e+00
     vertex  1.518270e+00  3.537988e+00  7.000000e+00
     vertex  1.518270e+00  3.537988e+00  1.000000e+00
   endloop
 endfacet
 facet normal  2.506525e-01  9.680771e-01  3.246602e-17
   outer loop
     vertex  7.749993e-01  3.771190e+00  7.000000e+00
     vertex  1.152548e+00  3.673436e+00  7.000000e+00
     vertex  7.749993e-01  3.771190e+00  1.000000e+00
   endloop
 endfacet
 facet normal  1.514278e-01  9.884683e-01  2.381680e-17
   outer loop
     vertex  3.894980e-01  3.830247e+00  7.000000e+00
     vertex  7.749993e-01  3.771190e+00  1.000000e+00
     vertex  3.894980e-01  3.830247e+00  1.000000e+00
   endloop
 endfacet
 facet normal  5.064917e-02  9.987165e-01  7.966182e-18
   outer loop
     vertex  3.894980e-01  3.830247e+00  7.000000e+00
     vertex  3.894980e-01  3.830247e+00  1.000000e+00
     vertex  2.357445e-16  3.850000e+00  1.000000e+00
   endloop
 endfacet
 facet normal  1.514278e-01  9.884683e-01  1.927477e-17
   outer loop
     vertex  3.894980e-01  3.830247e+00  7.000000e+00
     vertex  7.749993e-01  3.771190e+00  7.000000e+00
     vertex  7.749993e-01  3.771190e+00  1.000000e+00
   endloop
 endfacet
 facet normal  5.064917e-02  9.987165e-01  0.000000e+00
   outer loop
     vertex  2.357445e-16  3.850000e+00  7.000000e+00
     vertex  3.894980e-01  3.830247e+00  7.000000e+00
     vertex  2.357445e-16  3.850000e+00  1.000000e+00
   endloop
 endfacet
 facet normal  0.000000e+00 -0.000000e+00 -1.000000e+00
   outer loop
     vertex -7.072335e-16 -3.850000e+00  7.000000e+00
     vertex  4.134938e-01 -4.330303e+00  7.000000e+00
     vertex -7.990820e-16 -4.350000e+00  7.000000e+00
   endloop
 endfacet
 facet normal  0.000000e+00  0.000000e+00 -1.000000e+00
   outer loop
     vertex  3.894980e-01 -3.830247e+00  7.000000e+00
     vertex  8.232429e-01 -4.271390e+00  7.000000e+00
     vertex  4.134938e-01 -4.330303e+00  7.000000e+00
   endloop
 endfacet
 facet normal  0.000000e+00 -0.000000e+00 -1.000000e+00
   outer loop
     vertex  3.894980e-01 -3.830247e+00  7.000000e+00
     vertex  4.134938e-01 -4.330303e+00  7.000000e+00
     vertex -7.072335e-16 -3.850000e+00  7.000000e+00
   endloop
 endfacet
 facet normal  0.000000e+00 -0.000000e+00 -1.000000e+00
   outer loop
     vertex  7.749993e-01 -3.771190e+00  7.000000e+00
     vertex  8.232429e-01 -4.271390e+00  7.000000e+00
     vertex  3.894980e-01 -3.830247e+00  7.000000e+00
   endloop
 endfacet
 facet normal -0.000000e+00  0.000000e+00 -1.000000e+00
   outer loop
     vertex  1.225537e+00 -4.173794e+00  7.000000e+00
     vertex  8.232429e-01 -4.271390e+00  7.000000e+00
     vertex  7.749993e-01 -3.771190e+00  7.000000e+00
   endloop
 endfacet
 facet normal  0.000000e+00 -0.000000e+00 -1.000000e+00
   outer loop
     vertex  1.152548e+00 -3.673436e+00  7.000000e+00
     vertex  1.225537e+00 -4.173794e+00  7.000000e+00
     vertex  7.749993e-01 -3.771190e+00  7.000000e+00
   endloop
 endfacet
 facet normal -0.000000e+00  0.000000e+00 -1.000000e+00
   outer loop
     vertex  1.616732e+00 -4.038401e+00  7.000000e+00
     vertex  1.225537e+00 -4.173794e+00  7.000000e+00
     vertex  1.152548e+00 -3.673436e+00  7.000000e+00
   endloop
 endfacet
 facet normal  0.000000e+00 -0.000000e+00 -1.000000e+00
   outer loop
     vertex  1.518270e+00 -3.537988e+00  7.000000e+00
     vertex  1.616732e+00 -4.038401e+00  7.000000e+00
     vertex  1.152548e+00 -3.673436e+00  7.000000e+00
   endloop
 endfacet
 facet normal -0.000000e+00  0.000000e+00 -1.000000e+00
   outer loop
     vertex  1.993285e+00 -3.866434e+00  7.000000e+00
     vertex  1.616732e+00 -4.038401e+00  7.000000e+00
     vertex  1.518270e+00 -3.537988e+00  7.000000e+00
   endloop
 endfacet
 facet normal  0.000000e+00 -0.000000e+00 -1.000000e+00
   outer loop
     vertex  1.868413e+00 -3.366234e+00  7.000000e+00
     vertex  1.993285e+00 -3.866434e+00  7.000000e+00
     vertex  1.518270e+00 -3.537988e+00  7.000000e+00
   endloop
 endfacet
 facet normal -0.000000e+00  0.000000e+00 -1.000000e+00
   outer loop
     vertex  2.351788e+00 -3.659453e+00  7.000000e+00
     vertex  1.993285e+00 -3.866434e+00  7.000000e+00
     vertex  1.868413e+00 -3.366234e+00  7.000000e+00
   endloop
 endfacet
 facet normal  0.000000e+00 -0.000000e+00 -1.000000e+00
   outer loop
     vertex  2.199383e+00 -3.159939e+00  7.000000e+00
     vertex  2.351788e+00 -3.659453e+00  7.000000e+00
     vertex  1.868413e+00 -3.366234e+00  7.000000e+00
   endloop
 endfacet
 facet normal -0.000000e+00  0.000000e+00 -1.000000e+00
   outer loop
     vertex  2.688992e+00 -3.419331e+00  7.000000e+00
     vertex  2.351788e+00 -3.659453e+00  7.000000e+00
     vertex  2.199383e+00 -3.159939e+00  7.000000e+00
   endloop
 endfacet
 facet normal  0.000000e+00 -0.000000e+00 -1.000000e+00
   outer loop
     vertex  2.507784e+00 -2.921219e+00  7.000000e+00
     vertex  2.688992e+00 -3.419331e+00  7.000000e+00
     vertex  2.199383e+00 -3.159939e+00  7.000000e+00
   endloop
 endfacet
 facet normal -0.000000e+00  0.000000e+00 -1.000000e+00
   outer loop
     vertex  3.001844e+00 -3.148243e+00  7.000000e+00
     vertex  2.688992e+00 -3.419331e+00  7.000000e+00
     vertex  2.507784e+00 -2.921219e+00  7.000000e+00
   endloop
 endfacet
 facet normal  0.000000e+00 -0.000000e+00 -1.000000e+00
   outer loop
     vertex  2.790452e+00 -2.652523e+00  7.000000e+00
     vertex  3.001844e+00 -3.148243e+00  7.000000e+00
     vertex  2.507784e+00 -2.921219e+00  7.000000e+00
   endloop
 endfacet
 facet normal -0.000000e+00  0.000000e+00 -1.000000e+00
   outer loop
     vertex  3.287511e+00 -2.848644e+00  7.000000e+00
     vertex  3.001844e+00 -3.148243e+00  7.000000e+00
     vertex  2.790452e+00 -2.652523e+00  7.000000e+00
   endloop
 endfacet
 facet normal  0.000000e+00 -0.000000e+00 -1.000000e+00
   outer loop
     vertex  3.044487e+00 -2.356608e+00  7.000000e+00
     vertex  3.287511e+00 -2.848644e+00  7.000000e+00
     vertex  2.790452e+00 -2.652523e+00  7.000000e+00
   endloop
 endfacet
 facet normal -0.000000e+00  0.000000e+00 -1.000000e+00
   outer loop
     vertex  3.543405e+00 -2.523248e+00  7.000000e+00
     vertex  3.287511e+00 -2.848644e+00  7.000000e+00
     vertex  3.044487e+00 -2.356608e+00  7.000000e+00
   endloop
 endfacet
 facet normal  0.000000e+00 -0.000000e+00 -1.000000e+00
   outer loop
     vertex  3.267280e+00 -2.036511e+00  7.000000e+00
     vertex  3.543405e+00 -2.523248e+00  7.000000e+00
     vertex  3.044487e+00 -2.356608e+00  7.000000e+00
   endloop
 endfacet
 facet normal -0.000000e+00  0.000000e+00 -1.000000e+00
   outer loop
     vertex  3.767211e+00 -2.175000e+00  7.000000e+00
     vertex  3.543405e+00 -2.523248e+00  7.000000e+00
     vertex  3.267280e+00 -2.036511e+00  7.000000e+00
   endloop
 endfacet
 facet normal  0.000000e+00 -0.000000e+00 -1.000000e+00
   outer loop
     vertex  3.456547e+00 -1.695517e+00  7.000000e+00
     vertex  3.767211e+00 -2.175000e+00  7.000000e+00
     vertex  3.267280e+00 -2.036511e+00  7.000000e+00
   endloop
 endfacet
 facet normal -0.000000e+00  0.000000e+00 -1.000000e+00
   outer loop
     vertex  3.956899e+00 -1.807055e+00  7.000000e+00
     vertex  3.767211e+00 -2.175000e+00  7.000000e+00
     vertex  3.456547e+00 -1.695517e+00  7.000000e+00
   endloop
 endfacet
 facet normal  0.000000e+00 -0.000000e+00 -1.000000e+00
   outer loop
     vertex  3.610346e+00 -1.337125e+00  7.000000e+00
     vertex  3.956899e+00 -1.807055e+00  7.000000e+00
     vertex  3.456547e+00 -1.695517e+00  7.000000e+00
   endloop
 endfacet
 facet normal -0.000000e+00  0.000000e+00 -1.000000e+00
   outer loop
     vertex  4.110754e+00 -1.422746e+00  7.000000e+00
     vertex  3.956899e+00 -1.807055e+00  7.000000e+00
     vertex  3.610346e+00 -1.337125e+00  7.000000e+00
   endloop
 endfacet
 facet normal  0.000000e+00 -0.000000e+00 -1.000000e+00
   outer loop
     vertex  3.727097e+00 -9.650122e-01  7.000000e+00
     vertex  4.110754e+00 -1.422746e+00  7.000000e+00
     vertex  3.610346e+00 -1.337125e+00  7.000000e+00
   endloop
 endfacet
 facet normal -0.000000e+00  0.000000e+00 -1.000000e+00
   outer loop
     vertex  4.227380e+00 -1.025551e+00  7.000000e+00
     vertex  4.110754e+00 -1.422746e+00  7.000000e+00
     vertex  3.727097e+00 -9.650122e-01  7.000000e+00
   endloop
 endfacet
 facet normal  0.000000e+00 -0.000000e+00 -1.000000e+00
   outer loop
     vertex  3.805603e+00 -5.829969e-01  7.000000e+00
     vertex  4.227380e+00 -1.025551e+00  7.000000e+00
     vertex  3.727097e+00 -9.650122e-01  7.000000e+00
   endloop
 endfacet
 facet normal -0.000000e+00  0.000000e+00 -1.000000e+00
   outer loop
     vertex  4.305723e+00 -6.190695e-01  7.000000e+00
     vertex  4.227380e+00 -1.025551e+00  7.000000e+00
     vertex  3.805603e+00 -5.829969e-01  7.000000e+00
   endloop
 endfacet
 facet normal  0.000000e+00  0.000000e+00 -1.000000e+00
   outer loop
     vertex  4.305723e+00 -6.190695e-01  7.000000e+00
     vertex  3.805603e+00 -5.829969e-01  7.000000e+00
     vertex  3.845059e+00 -1.949993e-01  7.000000e+00
   endloop
 endfacet
 facet normal -0.000000e+00  0.000000e+00 -1.000000e+00
   outer loop
     vertex  4.345073e+00 -2.069813e-01  7.000000e+00
     vertex  4.305723e+00 -6.190695e-01  7.000000e+00
     vertex  3.845059e+00 -1.949993e-01  7.000000e+00
   endloop
 endfacet
 facet normal  0.000000e+00 -0.000000e+00 -1.000000e+00
   outer loop
     vertex  4.345073e+00  2.069813e-01  7.000000e+00
     vertex  4.345073e+00 -2.069813e-01  7.000000e+00
     vertex  3.845059e+00 -1.949993e-01  7.000000e+00
   endloop
 endfacet
 facet normal  0.000000e+00  0.000000e+00 -1.000000e+00
   outer loop
     vertex  4.345073e+00  2.069813e-01  7.000000e+00
     vertex  3.845059e+00 -1.949993e-01  7.000000e+00
     vertex  3.845059e+00  1.949993e-01  7.000000e+00
   endloop
 endfacet
 facet normal -0.000000e+00  0.000000e+00 -1.000000e+00
   outer loop
     vertex  4.134938e-01  4.330303e+00  7.000000e+00
     vertex  2.357445e-16  3.850000e+00  7.000000e+00
     vertex  2.663607e-16  4.350000e+00  7.000000e+00
   endloop
 endfacet
 facet normal  0.000000e+00  0.000000e+00 -1.000000e+00
   outer loop
     vertex  4.134938e-01  4.330303e+00  7.000000e+00
     vertex  3.894980e-01  3.830247e+00  7.000000e+00
     vertex  2.357445e-16  3.850000e+00  7.000000e+00
   endloop
 endfacet
 facet normal  0.000000e+00 -0.000000e+00 -1.000000e+00
   outer loop
     vertex  4.305723e+00  6.190695e-01  7.000000e+00
     vertex  4.345073e+00  2.069813e-01  7.000000e+00
     vertex  3.845059e+00  1.949993e-01  7.000000e+00
   endloop
 endfacet
 facet normal  0.000000e+00  0.000000e+00 -1.000000e+00
   outer loop
     vertex  4.305723e+00  6.190695e-01  7.000000e+00
     vertex  3.845059e+00  1.949993e-01  7.000000e+00
     vertex  3.805603e+00  5.829969e-01  7.000000e+00
   endloop
 endfacet
 facet normal -0.000000e+00  0.000000e+00 -1.000000e+00
   outer loop
     vertex  8.232429e-01  4.271390e+00  7.000000e+00
     vertex  3.894980e-01  3.830247e+00  7.000000e+00
     vertex  4.134938e-01  4.330303e+00  7.000000e+00
   endloop
 endfacet
 facet normal  0.000000e+00  0.000000e+00 -1.000000e+00
   outer loop
     vertex  8.232429e-01  4.271390e+00  7.000000e+00
     vertex  7.749993e-01  3.771190e+00  7.000000e+00
     vertex  3.894980e-01  3.830247e+00  7.000000e+00
   endloop
 endfacet
 facet normal  0.000000e+00  0.000000e+00 -1.000000e+00
   outer loop
     vertex  4.227380e+00  1.025551e+00  7.000000e+00
     vertex  3.805603e+00  5.829969e-01  7.000000e+00
     vertex  3.727097e+00  9.650122e-01  7.000000e+00
   endloop
 endfacet
 facet normal  0.000000e+00 -0.000000e+00 -1.000000e+00
   outer loop
     vertex  4.227380e+00  1.025551e+00  7.000000e+00
     vertex  4.305723e+00  6.190695e-01  7.000000e+00
     vertex  3.805603e+00  5.829969e-01  7.000000e+00
   endloop
 endfacet
 facet normal  0.000000e+00  0.000000e+00 -1.000000e+00
   outer loop
     vertex  1.225537e+00  4.173794e+00  7.000000e+00
     vertex  1.152548e+00  3.673436e+00  7.000000e+00
     vertex  7.749993e-01  3.771190e+00  7.000000e+00
   endloop
 endfacet
 facet normal -0.000000e+00  0.000000e+00 -1.000000e+00
   outer loop
     vertex  1.225537e+00  4.173794e+00  7.000000e+00
     vertex  7.749993e-01  3.771190e+00  7.000000e+00
     vertex  8.232429e-01  4.271390e+00  7.000000e+00
   endloop
 endfacet
 facet normal  0.000000e+00  0.000000e+00 -1.000000e+00
   outer loop
     vertex  4.110754e+00  1.422746e+00  7.000000e+00
     vertex  3.727097e+00  9.650122e-01  7.000000e+00
     vertex  3.610346e+00  1.337125e+00  7.000000e+00
   endloop
 endfacet
 facet normal  0.000000e+00 -0.000000e+00 -1.000000e+00
   outer loop
     vertex  4.110754e+00  1.422746e+00  7.000000e+00
     vertex  4.227380e+00  1.025551e+00  7.000000e+00
     vertex  3.727097e+00  9.650122e-01  7.000000e+00
   endloop
 endfacet
 facet normal  0.000000e+00  0.000000e+00 -1.000000e+00
   outer loop
     vertex  1.616732e+00  4.038401e+00  7.000000e+00
     vertex  1.518270e+00  3.537988e+00  7.000000e+00
     vertex  1.152548e+00  3.673436e+00  7.000000e+00
   endloop
 endfacet
 facet normal -0.000000e+00  0.000000e+00 -1.000000e+00
   outer loop
     vertex  1.616732e+00  4.038401e+00  7.000000e+00
     vertex  1.152548e+00  3.673436e+00  7.000000e+00
     vertex  1.225537e+00  4.173794e+00  7.000000e+00
   endloop
 endfacet
 facet normal  0.000000e+00 -0.000000e+00 -1.000000e+00
   outer loop
     vertex  3.956899e+00  1.807055e+00  7.000000e+00
     vertex  4.110754e+00  1.422746e+00  7.000000e+00
     vertex  3.610346e+00  1.337125e+00  7.000000e+00
   endloop
 endfacet
 facet normal  0.000000e+00  0.000000e+00 -1.000000e+00
   outer loop
     vertex  3.956899e+00  1.807055e+00  7.000000e+00
     vertex  3.610346e+00  1.337125e+00  7.000000e+00
     vertex  3.456547e+00  1.695517e+00  7.000000e+00
   endloop
 endfacet
 facet normal  0.000000e+00  0.000000e+00 -1.000000e+00
   outer loop
     vertex  1.993285e+00  3.866434e+00  7.000000e+00
     vertex  1.868413e+00  3.366234e+00  7.000000e+00
     vertex  1.518270e+00  3.537988e+00  7.000000e+00
   endloop
 endfacet
 facet normal -0.000000e+00  0.000000e+00 -1.000000e+00
   outer loop
     vertex  1.993285e+00  3.866434e+00  7.000000e+00
     vertex  1.518270e+00  3.537988e+00  7.000000e+00
     vertex  1.616732e+00  4.038401e+00  7.000000e+00
   endloop
 endfacet
 facet normal  0.000000e+00 -0.000000e+00 -1.000000e+00
   outer loop
     vertex  3.767211e+00  2.175000e+00  7.000000e+00
     vertex  3.956899e+00  1.807055e+00  7.000000e+00
     vertex  3.456547e+00  1.695517e+00  7.000000e+00
   endloop
 endfacet
 facet normal  0.000000e+00  0.000000e+00 -1.000000e+00
   outer loop
     vertex  3.767211e+00  2.175000e+00  7.000000e+00
     vertex  3.456547e+00  1.695517e+00  7.000000e+00
     vertex  3.267280e+00  2.036511e+00  7.000000e+00
   endloop
 endfacet
 facet normal  0.000000e+00  0.000000e+00 -1.000000e+00
   outer loop
     vertex  2.351788e+00  3.659453e+00  7.000000e+00
     vertex  2.199383e+00  3.159939e+00  7.000000e+00
     vertex  1.868413e+00  3.366234e+00  7.000000e+00
   endloop
 endfacet
 facet normal -0.000000e+00  0.000000e+00 -1.000000e+00
   outer loop
     vertex  2.351788e+00  3.659453e+00  7.000000e+00
     vertex  1.868413e+00  3.366234e+00  7.000000e+00
     vertex  1.993285e+00  3.866434e+00  7.000000e+00
   endloop
 endfacet
 facet normal  0.000000e+00  0.000000e+00 -1.000000e+00
   outer loop
     vertex  3.543405e+00  2.523248e+00  7.000000e+00
     vertex  3.267280e+00  2.036511e+00  7.000000e+00
     vertex  3.044487e+00  2.356608e+00  7.000000e+00
   endloop
 endfacet
 facet normal  0.000000e+00 -0.000000e+00 -1.000000e+00
   outer loop
     vertex  3.543405e+00  2.523248e+00  7.000000e+00
     vertex  3.767211e+00  2.175000e+00  7.000000e+00
     vertex  3.267280e+00  2.036511e+00  7.000000e+00
   endloop
 endfacet
 facet normal  0.000000e+00  0.000000e+00 -1.000000e+00
   outer loop
     vertex  2.688992e+00  3.419331e+00  7.000000e+00
     vertex  2.507784e+00  2.921219e+00  7.000000e+00
     vertex  2.199383e+00  3.159939e+00  7.000000e+00
   endloop
 endfacet
 facet normal -0.000000e+00  0.000000e+00 -1.000000e+00
   outer loop
     vertex  2.688992e+00  3.419331e+00  7.000000e+00
     vertex  2.199383e+00  3.159939e+00  7.000000e+00
     vertex  2.351788e+00  3.659453e+00  7.000000e+00
   endloop
 endfacet
 facet normal  0.000000e+00  0.000000e+00 -1.000000e+00
   outer loop
     vertex  3.287511e+00  2.848644e+00  7.000000e+00
     vertex  3.044487e+00  2.356608e+00  7.000000e+00
     vertex  2.790452e+00  2.652523e+00  7.000000e+00
   endloop
 endfacet
 facet normal  0.000000e+00 -0.000000e+00 -1.000000e+00
   outer loop
     vertex  3.287511e+00  2.848644e+00  7.000000e+00
     vertex  3.543405e+00  2.523248e+00  7.000000e+00
     vertex  3.044487e+00  2.356608e+00  7.000000e+00
   endloop
 endfacet
 facet normal  0.000000e+00  0.000000e+00 -1.000000e+00
   outer loop
     vertex  3.001844e+00  3.148243e+00  7.000000e+00
     vertex  2.790452e+00  2.652523e+00  7.000000e+00
     vertex  2.507784e+00  2.921219e+00  7.000000e+00
   endloop
 endfacet
 facet normal -0.000000e+00  0.000000e+00 -1.000000e+00
   outer loop
     vertex  3.001844e+00  3.148243e+00  7.000000e+00
     vertex  2.507784e+00  2.921219e+00  7.000000e+00
     vertex  2.688992e+00  3.419331e+00  7.000000e+00
   endloop
 endfacet
 facet normal  0.000000e+00 -0.000000e+00 -1.000000e+00
   outer loop
     vertex  3.001844e+00  3.148243e+00  7.000000e+00
     vertex  3.287511e+00  2.848644e+00  7.000000e+00
     vertex  2.790452e+00  2.652523e+00  7.000000e+00
   endloop
 endfacet
 facet normal -1.000000e+00  4.949614e-16 -4.949614e-16
   outer loop
     vertex -2.969768e-16  4.850000e+00  8.450000e+00
     vertex  0.000000e+00  5.500000e+00  8.500000e+00
     vertex  0.000000e+00  5.450000e+00  8.450000e+00
   endloop
 endfacet
 facet normal -1.000000e+00  4.568875e-16  4.171861e-32
   outer loop
     vertex -2.969768e-16  4.850000e+00  8.450000e+00
     vertex  0.000000e+00  5.500000e+00  1.850000e+01
     vertex  0.000000e+00  5.500000e+00  8.500000e+00
   endloop
 endfacet
 facet normal -1.000000e+00  2.775485e-17  2.775485e-17
   outer loop
     vertex -2.969768e-16  4.850000e+00  8.450000e+00
     vertex  0.000000e+00  5.450000e+00  1.855000e+01
     vertex  0.000000e+00  5.500000e+00  1.850000e+01
   endloop
 endfacet
 facet normal -1.000000e+00  6.123234e-17 -4.930381e-32
   outer loop
     vertex  2.357445e-16  3.850000e+00  7.000000e+00
     vertex  2.969768e-16  4.850000e+00  7.500000e+00
     vertex  2.663607e-16  4.350000e+00  7.000000e+00
   endloop
 endfacet
 facet normal -1.000000e+00  3.738395e-16 -6.252144e-16
   outer loop
     vertex  2.357445e-16  3.850000e+00  7.000000e+00
     vertex -2.969768e-16  4.850000e+00  8.450000e+00
     vertex  2.969768e-16  4.850000e+00  7.500000e+00
   endloop
 endfacet
 facet normal -1.000000e+00  6.123234e-17 -9.555001e-33
   outer loop
     vertex  1.347111e-16  2.200000e+00  2.200000e+00
     vertex  1.163414e-16  1.900000e+00  2.500000e+00
     vertex  2.357445e-16  3.850000e+00  7.000000e+00
   endloop
 endfacet
 facet normal -1.000000e+00 -2.866240e-32 -8.821095e-17
   outer loop
     vertex  8.909305e-16 -4.850000e+00  8.450000e+00
     vertex  0.000000e+00 -5.450000e+00  1.855000e+01
     vertex  0.000000e+00  5.450000e+00  1.855000e+01
   endloop
 endfacet
 facet normal -1.000000e+00  8.326454e-17 -8.326454e-17
   outer loop
     vertex  8.909305e-16 -4.850000e+00  8.450000e+00
     vertex  0.000000e+00 -5.500000e+00  1.850000e+01
     vertex  0.000000e+00 -5.450000e+00  1.855000e+01
   endloop
 endfacet
 facet normal -1.000000e+00 -1.224647e-16  3.667878e-17
   outer loop
     vertex  8.909305e-16 -4.850000e+00  8.450000e+00
     vertex  0.000000e+00  5.450000e+00  1.855000e+01
     vertex -2.969768e-16  4.850000e+00  8.450000e+00
   endloop
 endfacet
 facet normal -1.000000e+00  1.224647e-16 -4.518524e-16
   outer loop
     vertex -7.072335e-16 -3.850000e+00  7.000000e+00
     vertex -2.969768e-16  4.850000e+00  8.450000e+00
     vertex  2.357445e-16  3.850000e+00  7.000000e+00
   endloop
 endfacet
 facet normal -1.000000e+00 -1.224647e-16  1.017724e-15
   outer loop
     vertex -7.072335e-16 -3.850000e+00  7.000000e+00
     vertex  8.909305e-16 -4.850000e+00  8.450000e+00
     vertex -2.969768e-16  4.850000e+00  8.450000e+00
   endloop
 endfacet
 facet normal -1.000000e+00  1.370662e-15  0.000000e+00
   outer loop
     vertex  0.000000e+00 -5.500000e+00  8.500000e+00
     vertex  0.000000e+00 -5.500000e+00  1.850000e+01
     vertex  8.909305e-16 -4.850000e+00  8.450000e+00
   endloop
 endfacet
 facet normal -1.000000e+00  1.484884e-15  1.484884e-15
   outer loop
     vertex  0.000000e+00 -5.450000e+00  8.450000e+00
     vertex  0.000000e+00 -5.500000e+00  8.500000e+00
     vertex  8.909305e-16 -4.850000e+00  8.450000e+00
   endloop
 endfacet
 facet normal -1.000000e+00  1.836970e-16  1.479114e-31
   outer loop
     vertex -8.909305e-16 -4.850000e+00  7.500000e+00
     vertex -7.072335e-16 -3.850000e+00  7.000000e+00
     vertex -7.990820e-16 -4.350000e+00  7.000000e+00
   endloop
 endfacet
 facet normal -1.000000e+00  1.121519e-15  1.875643e-15
   outer loop
     vertex -8.909305e-16 -4.850000e+00  7.500000e+00
     vertex  8.909305e-16 -4.850000e+00  8.450000e+00
     vertex -7.072335e-16 -3.850000e+00  7.000000e+00
   endloop
 endfacet
 facet normal -1.000000e+00 -3.917173e-14  9.247770e-14
   outer loop
     vertex  1.347111e-16  2.200000e+00  3.000000e-01
     vertex  2.357445e-16  3.850000e+00  1.000000e+00
     vertex -5.307022e-14  2.850000e+00  0.000000e+00
   endloop
 endfacet
 facet normal -1.000000e+00  6.123234e-17  0.000000e+00
   outer loop
     vertex  1.347111e-16  2.200000e+00  3.000000e-01
     vertex  1.347111e-16  2.200000e+00  2.200000e+00
     vertex  2.357445e-16  3.850000e+00  1.000000e+00
   endloop
 endfacet
 facet normal -1.000000e+00 -1.194294e-13 -8.141388e-14
   outer loop
     vertex  6.038769e-14  1.900000e+00  0.000000e+00
     vertex  1.347111e-16  2.200000e+00  3.000000e-01
     vertex -5.307022e-14  2.850000e+00  0.000000e+00
   endloop
 endfacet
 facet normal -1.000000e+00  1.224647e-16 -2.653401e-17
   outer loop
     vertex -3.490243e-16 -1.900000e+00  2.500000e+00
     vertex  2.357445e-16  3.850000e+00  7.000000e+00
     vertex  1.163414e-16  1.900000e+00  2.500000e+00
   endloop
 endfacet
 facet normal -1.000000e+00  1.224647e-16 -2.653401e-17
   outer loop
     vertex -3.490243e-16 -1.900000e+00  2.500000e+00
     vertex -7.072335e-16 -3.850000e+00  7.000000e+00
     vertex  2.357445e-16  3.850000e+00  7.000000e+00
   endloop
 endfacet
 facet normal -1.000000e+00  1.836970e-16  0.000000e+00
   outer loop
     vertex -4.041334e-16 -2.200000e+00  2.200000e+00
     vertex -7.072335e-16 -3.850000e+00  7.000000e+00
     vertex -3.490243e-16 -1.900000e+00  2.500000e+00
   endloop
 endfacet
 facet normal -1.000000e+00  1.164432e-13 -8.401430e-14
   outer loop
     vertex -5.088794e-14 -2.850000e+00  0.000000e+00
     vertex -4.041334e-16 -2.200000e+00  3.000000e-01
     vertex  5.973312e-14 -1.900000e+00  0.000000e+00
   endloop
 endfacet
 facet normal -1.000000e+00  1.836970e-16  0.000000e+00
   outer loop
     vertex -7.072335e-16 -3.850000e+00  1.000000e+00
     vertex -4.041334e-16 -2.200000e+00  2.200000e+00
     vertex -4.041334e-16 -2.200000e+00  3.000000e-01
   endloop
 endfacet
 facet normal -1.000000e+00  3.729431e-14  8.747501e-14
   outer loop
     vertex -7.072335e-16 -3.850000e+00  1.000000e+00
     vertex -4.041334e-16 -2.200000e+00  3.000000e-01
     vertex -5.088794e-14 -2.850000e+00  0.000000e+00
   endloop
 endfacet
 facet normal -1.000000e+00  6.123234e-17  0.000000e+00
   outer loop
     vertex  2.357445e-16  3.850000e+00  1.000000e+00
     vertex  1.347111e-16  2.200000e+00  2.200000e+00
     vertex  2.357445e-16  3.850000e+00  7.000000e+00
   endloop
 endfacet
 facet normal -1.000000e+00  1.836970e-16  0.000000e+00
   outer loop
     vertex -7.072335e-16 -3.850000e+00  7.000000e+00
     vertex -4.041334e-16 -2.200000e+00  2.200000e+00
     vertex -7.072335e-16 -3.850000e+00  1.000000e+00
   endloop
 endfacet
 facet normal  3.528271e-02 -6.957158e-01 -7.174501e-01
   outer loop
     vertex  5.004738e-01 -3.480872e+00  6.666667e-01
     vertex  3.894980e-01 -3.830247e+00  1.000000e+00
     vertex -7.072335e-16 -3.850000e+00  1.000000e+00
   endloop
 endfacet
 facet normal  1.078480e-01 -7.039949e-01 -7.019687e-01
   outer loop
     vertex  5.004738e-01 -3.480872e+00  6.666667e-01
     vertex  7.749993e-01 -3.771190e+00  1.000000e+00
     vertex  3.894980e-01 -3.830247e+00  1.000000e+00
   endloop
 endfacet
 facet normal  4.152171e-02 -7.129003e-01 -7.000351e-01
   outer loop
     vertex  4.530356e-01 -3.150932e+00  3.333333e-01
     vertex -5.088794e-14 -2.850000e+00  0.000000e+00
     vertex  3.308648e-01 -2.830729e+00  0.000000e+00
   endloop
 endfacet
 facet normal  1.221963e-01 -6.930099e-01 -7.104965e-01
   outer loop
     vertex  4.530356e-01 -3.150932e+00  3.333333e-01
     vertex  3.308648e-01 -2.830729e+00  0.000000e+00
     vertex  6.572552e-01 -2.773178e+00  0.000000e+00
   endloop
 endfacet
 facet normal  5.050872e-02 -7.062042e-01 -7.062042e-01
   outer loop
     vertex  4.530356e-01 -3.150932e+00  3.333333e-01
     vertex -7.072335e-16 -3.850000e+00  1.000000e+00
     vertex -5.088794e-14 -2.850000e+00  0.000000e+00
   endloop
 endfacet
 facet normal  5.050872e-02 -7.062042e-01 -7.062042e-01
   outer loop
     vertex  4.530356e-01 -3.150932e+00  3.333333e-01
     vertex  5.004738e-01 -3.480872e+00  6.666667e-01
     vertex -7.072335e-16 -3.850000e+00  1.000000e+00
   endloop
 endfacet
 facet normal  1.780677e-01 -6.877382e-01 -7.037813e-01
   outer loop
     vertex  9.907595e-01 -3.374217e+00  6.666667e-01
     vertex  1.152548e+00 -3.673436e+00  1.000000e+00
     vertex  7.749993e-01 -3.771190e+00  1.000000e+00
   endloop
 endfacet
 facet normal  2.443143e-01 -6.596682e-01 -7.107379e-01
   outer loop
     vertex  9.907595e-01 -3.374217e+00  6.666667e-01
     vertex  1.518270e+00 -3.537988e+00  1.000000e+00
     vertex  1.152548e+00 -3.673436e+00  1.000000e+00
   endloop
 endfacet
 facet normal  1.483568e-01 -6.819850e-01 -7.161611e-01
   outer loop
     vertex  9.907595e-01 -3.374217e+00  6.666667e-01
     vertex  7.749993e-01 -3.771190e+00  1.000000e+00
     vertex  5.004738e-01 -3.480872e+00  6.666667e-01
   endloop
 endfacet
 facet normal  2.013525e-01 -6.725642e-01 -7.121197e-01
   outer loop
     vertex  8.968486e-01 -3.054386e+00  3.333333e-01
     vertex  6.572552e-01 -2.773178e+00  0.000000e+00
     vertex  9.747574e-01 -2.678124e+00  0.000000e+00
   endloop
 endfacet
 facet normal  1.520346e-01 -6.988919e-01 -6.988817e-01
   outer loop
     vertex  8.968486e-01 -3.054386e+00  3.333333e-01
     vertex  4.530356e-01 -3.150932e+00  3.333333e-01
     vertex  6.572552e-01 -2.773178e+00  0.000000e+00
   endloop
 endfacet
 facet normal  1.504980e-01 -6.918280e-01 -7.062042e-01
   outer loop
     vertex  8.968486e-01 -3.054386e+00  3.333333e-01
     vertex  5.004738e-01 -3.480872e+00  6.666667e-01
     vertex  4.530356e-01 -3.150932e+00  3.333333e-01
   endloop
 endfacet
 facet normal  1.504980e-01 -6.918280e-01 -7.062042e-01
   outer loop
     vertex  8.968486e-01 -3.054386e+00  3.333333e-01
     vertex  9.907595e-01 -3.374217e+00  6.666667e-01
     vertex  5.004738e-01 -3.480872e+00  6.666667e-01
   endloop
 endfacet
 facet normal  3.130910e-01 -6.382795e-01 -7.032591e-01
   outer loop
     vertex  1.460876e+00 -3.198873e+00  6.666667e-01
     vertex  1.868413e+00 -3.366234e+00  1.000000e+00
     vertex  1.518270e+00 -3.537988e+00  1.000000e+00
   endloop
 endfacet
 facet normal  2.454618e-01 -6.581086e-01 -7.117876e-01
   outer loop
     vertex  1.460876e+00 -3.198873e+00  6.666667e-01
     vertex  1.518270e+00 -3.537988e+00  1.000000e+00
     vertex  9.907595e-01 -3.374217e+00  6.666667e-01
   endloop
 endfacet
 facet normal  2.783497e-01 -6.452870e-01 -7.114254e-01
   outer loop
     vertex  1.322404e+00 -2.895662e+00  3.333333e-01
     vertex  9.747574e-01 -2.678124e+00  0.000000e+00
     vertex  1.279078e+00 -2.546853e+00  0.000000e+00
   endloop
 endfacet
 facet normal  2.474235e-01 -6.633681e-01 -7.062042e-01
   outer loop
     vertex  1.322404e+00 -2.895662e+00  3.333333e-01
     vertex  9.907595e-01 -3.374217e+00  6.666667e-01
     vertex  8.968486e-01 -3.054386e+00  3.333333e-01
   endloop
 endfacet
 facet normal  2.500993e-01 -6.705421e-01 -6.984437e-01
   outer loop
     vertex  1.322404e+00 -2.895662e+00  3.333333e-01
     vertex  8.968486e-01 -3.054386e+00  3.333333e-01
     vertex  9.747574e-01 -2.678124e+00  0.000000e+00
   endloop
 endfacet
 facet normal  2.474235e-01 -6.633681e-01 -7.062042e-01
   outer loop
     vertex  1.322404e+00 -2.895662e+00  3.333333e-01
     vertex  1.460876e+00 -3.198873e+00  6.666667e-01
     vertex  9.907595e-01 -3.374217e+00  6.666667e-01
   endloop
 endfacet
 facet normal  3.766269e-01 -6.042420e-01 -7.021708e-01
   outer loop
     vertex  1.901254e+00 -2.958408e+00  6.666667e-01
     vertex  2.199383e+00 -3.159939e+00  1.000000e+00
     vertex  1.868413e+00 -3.366234e+00  1.000000e+00
   endloop
 endfacet
 facet normal  3.344027e-01 -6.124128e-01 -7.163277e-01
   outer loop
     vertex  1.901254e+00 -2.958408e+00  6.666667e-01
     vertex  1.868413e+00 -3.366234e+00  1.000000e+00
     vertex  1.460876e+00 -3.198873e+00  6.666667e-01
   endloop
 endfacet
 facet normal  3.529090e-01 -6.112564e-01 -7.083931e-01
   outer loop
     vertex  1.721040e+00 -2.677990e+00  3.333333e-01
     vertex  1.279078e+00 -2.546853e+00  0.000000e+00
     vertex  1.566101e+00 -2.381140e+00  0.000000e+00
   endloop
 endfacet
 facet normal  4.239682e-01 -5.694881e-01 -7.042260e-01
   outer loop
     vertex  1.721040e+00 -2.677990e+00  3.333333e-01
     vertex  1.566101e+00 -2.381140e+00  0.000000e+00
     vertex  1.831945e+00 -2.183227e+00  0.000000e+00
   endloop
 endfacet
 facet normal  3.393122e-01 -6.214039e-01 -7.062042e-01
   outer loop
     vertex  1.721040e+00 -2.677990e+00  3.333333e-01
     vertex  1.460876e+00 -3.198873e+00  6.666667e-01
     vertex  1.322404e+00 -2.895662e+00  3.333333e-01
   endloop
 endfacet
 facet normal  3.393122e-01 -6.214039e-01 -7.062042e-01
   outer loop
     vertex  1.721040e+00 -2.677990e+00  3.333333e-01
     vertex  1.901254e+00 -2.958408e+00  6.666667e-01
     vertex  1.460876e+00 -3.198873e+00  6.666667e-01
   endloop
 endfacet
 facet normal  3.421627e-01 -6.266242e-01 -7.001906e-01
   outer loop
     vertex  1.721040e+00 -2.677990e+00  3.333333e-01
     vertex  1.322404e+00 -2.895662e+00  3.333333e-01
     vertex  1.279078e+00 -2.546853e+00  0.000000e+00
   endloop
 endfacet
 facet normal  4.325453e-01 -5.588024e-01 -7.075623e-01
   outer loop
     vertex  2.302927e+00 -2.657719e+00  6.666667e-01
     vertex  2.507784e+00 -2.921219e+00  1.000000e+00
     vertex  2.199383e+00 -3.159939e+00  1.000000e+00
   endloop
 endfacet
 facet normal  4.880590e-01 -5.134377e-01 -7.058188e-01
   outer loop
     vertex  2.302927e+00 -2.657719e+00  6.666667e-01
     vertex  2.790452e+00 -2.652523e+00  1.000000e+00
     vertex  2.507784e+00 -2.921219e+00  1.000000e+00
   endloop
 endfacet
 facet normal  4.195397e-01 -5.604394e-01 -7.140687e-01
   outer loop
     vertex  2.302927e+00 -2.657719e+00  6.666667e-01
     vertex  2.199383e+00 -3.159939e+00  1.000000e+00
     vertex  1.901254e+00 -2.958408e+00  6.666667e-01
   endloop
 endfacet
 facet normal  4.838124e-01 -5.128111e-01 -7.091899e-01
   outer loop
     vertex  2.084640e+00 -2.405803e+00  3.333333e-01
     vertex  1.831945e+00 -2.183227e+00  0.000000e+00
     vertex  2.073015e+00 -1.955789e+00  0.000000e+00
   endloop
 endfacet
 facet normal  4.242935e-01 -5.667897e-01 -7.062042e-01
   outer loop
     vertex  2.084640e+00 -2.405803e+00  3.333333e-01
     vertex  1.901254e+00 -2.958408e+00  6.666667e-01
     vertex  1.721040e+00 -2.677990e+00  3.333333e-01
   endloop
 endfacet
 facet normal  4.261227e-01 -5.692332e-01 -7.031308e-01
   outer loop
     vertex  2.084640e+00 -2.405803e+00  3.333333e-01
     vertex  1.721040e+00 -2.677990e+00  3.333333e-01
     vertex  1.831945e+00 -2.183227e+00  0.000000e+00
   endloop
 endfacet
 facet normal  4.242935e-01 -5.667897e-01 -7.062042e-01
   outer loop
     vertex  2.084640e+00 -2.405803e+00  3.333333e-01
     vertex  2.302927e+00 -2.657719e+00  6.666667e-01
     vertex  1.901254e+00 -2.958408e+00  6.666667e-01
   endloop
 endfacet
 facet normal  5.404842e-01 -4.639905e-01 -7.018473e-01
   outer loop
     vertex  2.657719e+00 -2.302927e+00  6.666667e-01
     vertex  3.044487e+00 -2.356608e+00  1.000000e+00
     vertex  2.790452e+00 -2.652523e+00  1.000000e+00
   endloop
 endfacet
 facet normal  4.942406e-01 -4.942406e-01 -7.151591e-01
   outer loop
     vertex  2.657719e+00 -2.302927e+00  6.666667e-01
     vertex  2.790452e+00 -2.652523e+00  1.000000e+00
     vertex  2.302927e+00 -2.657719e+00  6.666667e-01
   endloop
 endfacet
 facet normal  5.380950e-01 -4.515154e-01 -7.117497e-01
   outer loop
     vertex  2.405803e+00 -2.084640e+00  3.333333e-01
     vertex  2.073015e+00 -1.955789e+00  0.000000e+00
     vertex  2.286051e+00 -1.701902e+00  0.000000e+00
   endloop
 endfacet
 facet normal  5.006374e-01 -5.006374e-01 -7.062042e-01
   outer loop
     vertex  2.405803e+00 -2.084640e+00  3.333333e-01
     vertex  2.302927e+00 -2.657719e+00  6.666667e-01
     vertex  2.084640e+00 -2.405803e+00  3.333333e-01
   endloop
 endfacet
 facet normal  5.006374e-01 -5.006374e-01 -7.062042e-01
   outer loop
     vertex  2.405803e+00 -2.084640e+00  3.333333e-01
     vertex  2.657719e+00 -2.302927e+00  6.666667e-01
     vertex  2.302927e+00 -2.657719e+00  6.666667e-01
   endloop
 endfacet
 facet normal  5.052053e-01 -5.052053e-01 -6.996679e-01
   outer loop
     vertex  2.405803e+00 -2.084640e+00  3.333333e-01
     vertex  2.084640e+00 -2.405803e+00  3.333333e-01
     vertex  2.073015e+00 -1.955789e+00  0.000000e+00
   endloop
 endfacet
 facet normal  5.825949e-01 -4.054980e-01 -7.043824e-01
   outer loop
     vertex  2.958408e+00 -1.901254e+00  6.666667e-01
     vertex  3.267280e+00 -2.036511e+00  1.000000e+00
     vertex  3.044487e+00 -2.356608e+00  1.000000e+00
   endloop
 endfacet
 facet normal  6.160635e-01 -3.419431e-01 -7.096060e-01
   outer loop
     vertex  2.958408e+00 -1.901254e+00  6.666667e-01
     vertex  3.456547e+00 -1.695517e+00  1.000000e+00
     vertex  3.267280e+00 -2.036511e+00  1.000000e+00
   endloop
 endfacet
 facet normal  5.589311e-01 -4.184106e-01 -7.159110e-01
   outer loop
     vertex  2.958408e+00 -1.901254e+00  6.666667e-01
     vertex  3.044487e+00 -2.356608e+00  1.000000e+00
     vertex  2.657719e+00 -2.302927e+00  6.666667e-01
   endloop
 endfacet
 facet normal  5.667897e-01 -4.242935e-01 -7.062042e-01
   outer loop
     vertex  2.677990e+00 -1.721040e+00  3.333333e-01
     vertex  2.958408e+00 -1.901254e+00  6.666667e-01
     vertex  2.657719e+00 -2.302927e+00  6.666667e-01
   endloop
 endfacet
 facet normal  5.866785e-01 -3.858645e-01 -7.119810e-01
   outer loop
     vertex  2.677990e+00 -1.721040e+00  3.333333e-01
     vertex  2.286051e+00 -1.701902e+00  0.000000e+00
     vertex  2.468172e+00 -1.425000e+00  0.000000e+00
   endloop
 endfacet
 facet normal  5.667897e-01 -4.242935e-01 -7.062042e-01
   outer loop
     vertex  2.677990e+00 -1.721040e+00  3.333333e-01
     vertex  2.657719e+00 -2.302927e+00  6.666667e-01
     vertex  2.405803e+00 -2.084640e+00  3.333333e-01
   endloop
 endfacet
 facet normal  5.729878e-01 -4.289333e-01 -6.983561e-01
   outer loop
     vertex  2.677990e+00 -1.721040e+00  3.333333e-01
     vertex  2.405803e+00 -2.084640e+00  3.333333e-01
     vertex  2.286051e+00 -1.701902e+00  0.000000e+00
   endloop
 endfacet
 facet normal  6.537203e-01 -2.805335e-01 -7.028163e-01
   outer loop
     vertex  3.198873e+00 -1.460876e+00  6.666667e-01
     vertex  3.610346e+00 -1.337125e+00  1.000000e+00
     vertex  3.456547e+00 -1.695517e+00  1.000000e+00
   endloop
 endfacet
 facet normal  6.157225e-01 -3.362099e-01 -7.126350e-01
   outer loop
     vertex  3.198873e+00 -1.460876e+00  6.666667e-01
     vertex  3.456547e+00 -1.695517e+00  1.000000e+00
     vertex  2.958408e+00 -1.901254e+00  6.666667e-01
   endloop
 endfacet
 facet normal  6.293960e-01 -3.160946e-01 -7.098908e-01
   outer loop
     vertex  2.895662e+00 -1.322404e+00  3.333333e-01
     vertex  2.468172e+00 -1.425000e+00  0.000000e+00
     vertex  2.616916e+00 -1.128827e+00  0.000000e+00
   endloop
 endfacet
 facet normal  6.214039e-01 -3.393122e-01 -7.062042e-01
   outer loop
     vertex  2.895662e+00 -1.322404e+00  3.333333e-01
     vertex  2.958408e+00 -1.901254e+00  6.666667e-01
     vertex  2.677990e+00 -1.721040e+00  3.333333e-01
   endloop
 endfacet
 facet normal  6.274487e-01 -3.426129e-01 -6.992314e-01
   outer loop
     vertex  2.895662e+00 -1.322404e+00  3.333333e-01
     vertex  2.677990e+00 -1.721040e+00  3.333333e-01
     vertex  2.468172e+00 -1.425000e+00  0.000000e+00
   endloop
 endfacet
 facet normal  6.214039e-01 -3.393122e-01 -7.062042e-01
   outer loop
     vertex  2.895662e+00 -1.322404e+00  3.333333e-01
     vertex  3.198873e+00 -1.460876e+00  6.666667e-01
     vertex  2.958408e+00 -1.901254e+00  6.666667e-01
   endloop
 endfacet
 facet normal  6.790893e-01 -2.130656e-01 -7.024534e-01
   outer loop
     vertex  3.374217e+00 -9.907595e-01  6.666667e-01
     vertex  3.727097e+00 -9.650122e-01  1.000000e+00
     vertex  3.610346e+00 -1.337125e+00  1.000000e+00
   endloop
 endfacet
 facet normal  6.536897e-01 -2.438137e-01 -7.164109e-01
   outer loop
     vertex  3.374217e+00 -9.907595e-01  6.666667e-01
     vertex  3.610346e+00 -1.337125e+00  1.000000e+00
     vertex  3.198873e+00 -1.460876e+00  6.666667e-01
   endloop
 endfacet
 facet normal  6.633681e-01 -2.474235e-01 -7.062042e-01
   outer loop
     vertex  3.374217e+00 -9.907595e-01  6.666667e-01
     vertex  3.198873e+00 -1.460876e+00  6.666667e-01
     vertex  2.895662e+00 -1.322404e+00  3.333333e-01
   endloop
 endfacet
 facet normal  6.633681e-01 -2.474235e-01 -7.062042e-01
   outer loop
     vertex  3.054386e+00 -8.968486e-01  3.333333e-01
     vertex  3.374217e+00 -9.907595e-01  6.666667e-01
     vertex  2.895662e+00 -1.322404e+00  3.333333e-01
   endloop
 endfacet
 facet normal  6.660470e-01 -2.424213e-01 -7.054171e-01
   outer loop
     vertex  3.054386e+00 -8.968486e-01  3.333333e-01
     vertex  2.616916e+00 -1.128827e+00  0.000000e+00
     vertex  2.730270e+00 -8.173892e-01  0.000000e+00
   endloop
 endfacet
 facet normal  6.876643e-01 -1.629794e-01 -7.074995e-01
   outer loop
     vertex  3.054386e+00 -8.968486e-01  3.333333e-01
     vertex  2.730270e+00 -8.173892e-01  0.000000e+00
     vertex  2.806702e+00 -4.948973e-01  0.000000e+00
   endloop
 endfacet
 facet normal  6.670247e-01 -2.487873e-01 -7.022699e-01
   outer loop
     vertex  3.054386e+00 -8.968486e-01  3.333333e-01
     vertex  2.895662e+00 -1.322404e+00  3.333333e-01
     vertex  2.616916e+00 -1.128827e+00  0.000000e+00
   endloop
 endfacet
 facet normal  6.912185e-01 -1.420490e-01 -7.085472e-01
   outer loop
     vertex  3.480872e+00 -5.004738e-01  6.666667e-01
     vertex  3.805603e+00 -5.829969e-01  1.000000e+00
     vertex  3.727097e+00 -9.650122e-01  1.000000e+00
   endloop
 endfacet
 facet normal  7.055075e-01 -7.174310e-02 -7.050618e-01
   outer loop
     vertex  3.480872e+00 -5.004738e-01  6.666667e-01
     vertex  3.845059e+00 -1.949993e-01  1.000000e+00
     vertex  3.805603e+00 -5.829969e-01  1.000000e+00
   endloop
 endfacet
 facet normal  6.847474e-01 -1.489577e-01 -7.133951e-01
   outer loop
     vertex  3.480872e+00 -5.004738e-01  6.666667e-01
     vertex  3.727097e+00 -9.650122e-01  1.000000e+00
     vertex  3.374217e+00 -9.907595e-01  6.666667e-01
   endloop
 endfacet
 facet normal  6.984294e-01 -8.163469e-02 -7.110079e-01
   outer loop
     vertex  3.150932e+00 -4.530356e-01  3.333333e-01
     vertex  2.806702e+00 -4.948973e-01  0.000000e+00
     vertex  2.845178e+00 -1.657128e-01  0.000000e+00
   endloop
 endfacet
 facet normal  6.918280e-01 -1.504980e-01 -7.062042e-01
   outer loop
     vertex  3.150932e+00 -4.530356e-01  3.333333e-01
     vertex  3.480872e+00 -5.004738e-01  6.666667e-01
     vertex  3.374217e+00 -9.907595e-01  6.666667e-01
   endloop
 endfacet
 facet normal  6.970564e-01 -1.516353e-01 -7.007989e-01
   outer loop
     vertex  3.150932e+00 -4.530356e-01  3.333333e-01
     vertex  3.054386e+00 -8.968486e-01  3.333333e-01
     vertex  2.806702e+00 -4.948973e-01  0.000000e+00
   endloop
 endfacet
 facet normal  6.918280e-01 -1.504980e-01 -7.062042e-01
   outer loop
     vertex  3.150932e+00 -4.530356e-01  3.333333e-01
     vertex  3.374217e+00 -9.907595e-01  6.666667e-01
     vertex  3.054386e+00 -8.968486e-01  3.333333e-01
   endloop
 endfacet
 facet normal  6.967539e-01 -4.983283e-02 -7.155771e-01
   outer loop
     vertex  3.516667e+00 -3.984762e-15  6.666667e-01
     vertex  3.845059e+00 -1.949993e-01  1.000000e+00
     vertex  3.480872e+00 -5.004738e-01  6.666667e-01
   endloop
 endfacet
 facet normal  7.123673e-01  0.000000e+00 -7.018069e-01
   outer loop
     vertex  3.516667e+00 -3.984762e-15  6.666667e-01
     vertex  3.845059e+00  1.949993e-01  1.000000e+00
     vertex  3.845059e+00 -1.949993e-01  1.000000e+00
   endloop
 endfacet
 facet normal  7.136709e-01 -5.104275e-02 -6.986190e-01
   outer loop
     vertex  3.183333e+00 -3.607060e-15  3.333333e-01
     vertex  3.150932e+00 -4.530356e-01  3.333333e-01
     vertex  2.845178e+00 -1.657128e-01  0.000000e+00
   endloop
 endfacet
 facet normal  7.062042e-01 -5.050872e-02 -7.062042e-01
   outer loop
     vertex  3.183333e+00 -3.607060e-15  3.333333e-01
     vertex  3.480872e+00 -5.004738e-01  6.666667e-01
     vertex  3.150932e+00 -4.530356e-01  3.333333e-01
   endloop
 endfacet
 facet normal  7.020112e-01 -9.700458e-16 -7.121659e-01
   outer loop
     vertex  3.183333e+00 -3.607060e-15  3.333333e-01
     vertex  2.845178e+00 -1.657128e-01  0.000000e+00
     vertex  2.845178e+00  1.657128e-01  0.000000e+00
   endloop
 endfacet
 facet normal  7.062042e-01 -5.050872e-02 -7.062042e-01
   outer loop
     vertex  3.183333e+00 -3.607060e-15  3.333333e-01
     vertex  3.516667e+00 -3.984762e-15  6.666667e-01
     vertex  3.480872e+00 -5.004738e-01  6.666667e-01
   endloop
 endfacet
 facet normal  7.055075e-01  7.174310e-02 -7.050618e-01
   outer loop
     vertex  3.480872e+00  5.004738e-01  6.666667e-01
     vertex  3.805603e+00  5.829969e-01  1.000000e+00
     vertex  3.845059e+00  1.949993e-01  1.000000e+00
   endloop
 endfacet
 facet normal  6.912185e-01  1.420490e-01 -7.085472e-01
   outer loop
     vertex  3.480872e+00  5.004738e-01  6.666667e-01
     vertex  3.727097e+00  9.650122e-01  1.000000e+00
     vertex  3.805603e+00  5.829969e-01  1.000000e+00
   endloop
 endfacet
 facet normal  6.967539e-01  4.983283e-02 -7.155771e-01
   outer loop
     vertex  3.480872e+00  5.004738e-01  6.666667e-01
     vertex  3.845059e+00  1.949993e-01  1.000000e+00
     vertex  3.516667e+00 -3.984762e-15  6.666667e-01
   endloop
 endfacet
 facet normal  7.062042e-01  5.050872e-02 -7.062042e-01
   outer loop
     vertex  3.150932e+00  4.530356e-01  3.333333e-01
     vertex  3.516667e+00 -3.984762e-15  6.666667e-01
     vertex  3.183333e+00 -3.607060e-15  3.333333e-01
   endloop
 endfacet
 facet normal  6.984294e-01  8.163469e-02 -7.110079e-01
   outer loop
     vertex  3.150932e+00  4.530356e-01  3.333333e-01
     vertex  2.845178e+00  1.657128e-01  0.000000e+00
     vertex  2.806702e+00  4.948973e-01  0.000000e+00
   endloop
 endfacet
 facet normal  7.062042e-01  5.050872e-02 -7.062042e-01
   outer loop
     vertex  3.150932e+00  4.530356e-01  3.333333e-01
     vertex  3.480872e+00  5.004738e-01  6.666667e-01
     vertex  3.516667e+00 -3.984762e-15  6.666667e-01
   endloop
 endfacet
 facet normal  7.136709e-01  5.104275e-02 -6.986190e-01
   outer loop
     vertex  3.150932e+00  4.530356e-01  3.333333e-01
     vertex  3.183333e+00 -3.607060e-15  3.333333e-01
     vertex  2.845178e+00  1.657128e-01  0.000000e+00
   endloop
 endfacet
 facet normal  6.790893e-01  2.130656e-01 -7.024534e-01
   outer loop
     vertex  3.374217e+00  9.907595e-01  6.666667e-01
     vertex  3.610346e+00  1.337125e+00  1.000000e+00
     vertex  3.727097e+00  9.650122e-01  1.000000e+00
   endloop
 endfacet
 facet normal  6.847474e-01  1.489577e-01 -7.133951e-01
   outer loop
     vertex  3.374217e+00  9.907595e-01  6.666667e-01
     vertex  3.727097e+00  9.650122e-01  1.000000e+00
     vertex  3.480872e+00  5.004738e-01  6.666667e-01
   endloop
 endfacet
 facet normal  6.876643e-01  1.629794e-01 -7.074995e-01
   outer loop
     vertex  3.054386e+00  8.968486e-01  3.333333e-01
     vertex  2.806702e+00  4.948973e-01  0.000000e+00
     vertex  2.730270e+00  8.173892e-01  0.000000e+00
   endloop
 endfacet
 facet normal  6.660470e-01  2.424213e-01 -7.054171e-01
   outer loop
     vertex  3.054386e+00  8.968486e-01  3.333333e-01
     vertex  2.730270e+00  8.173892e-01  0.000000e+00
     vertex  2.616916e+00  1.128827e+00  0.000000e+00
   endloop
 endfacet
 facet normal  6.970564e-01  1.516353e-01 -7.007989e-01
   outer loop
     vertex  3.054386e+00  8.968486e-01  3.333333e-01
     vertex  3.150932e+00  4.530356e-01  3.333333e-01
     vertex  2.806702e+00  4.948973e-01  0.000000e+00
   endloop
 endfacet
 facet normal  6.918280e-01  1.504980e-01 -7.062042e-01
   outer loop
     vertex  3.054386e+00  8.968486e-01  3.333333e-01
     vertex  3.480872e+00  5.004738e-01  6.666667e-01
     vertex  3.150932e+00  4.530356e-01  3.333333e-01
   endloop
 endfacet
 facet normal  6.918280e-01  1.504980e-01 -7.062042e-01
   outer loop
     vertex  3.054386e+00  8.968486e-01  3.333333e-01
     vertex  3.374217e+00  9.907595e-01  6.666667e-01
     vertex  3.480872e+00  5.004738e-01  6.666667e-01
   endloop
 endfacet
 facet normal  6.536897e-01  2.438137e-01 -7.164109e-01
   outer loop
     vertex  3.198873e+00  1.460876e+00  6.666667e-01
     vertex  3.610346e+00  1.337125e+00  1.000000e+00
     vertex  3.374217e+00  9.907595e-01  6.666667e-01
   endloop
 endfacet
 facet normal  6.537203e-01  2.805335e-01 -7.028163e-01
   outer loop
     vertex  3.198873e+00  1.460876e+00  6.666667e-01
     vertex  3.456547e+00  1.695517e+00  1.000000e+00
     vertex  3.610346e+00  1.337125e+00  1.000000e+00
   endloop
 endfacet
 facet normal  6.293960e-01  3.160946e-01 -7.098908e-01
   outer loop
     vertex  2.895662e+00  1.322404e+00  3.333333e-01
     vertex  2.616916e+00  1.128827e+00  0.000000e+00
     vertex  2.468172e+00  1.425000e+00  0.000000e+00
   endloop
 endfacet
 facet normal  6.633681e-01  2.474235e-01 -7.062042e-01
   outer loop
     vertex  2.895662e+00  1.322404e+00  3.333333e-01
     vertex  3.198873e+00  1.460876e+00  6.666667e-01
     vertex  3.374217e+00  9.907595e-01  6.666667e-01
   endloop
 endfacet
 facet normal  6.670247e-01  2.487873e-01 -7.022699e-01
   outer loop
     vertex  2.895662e+00  1.322404e+00  3.333333e-01
     vertex  3.054386e+00  8.968486e-01  3.333333e-01
     vertex  2.616916e+00  1.128827e+00  0.000000e+00
   endloop
 endfacet
 facet normal  6.633681e-01  2.474235e-01 -7.062042e-01
   outer loop
     vertex  2.895662e+00  1.322404e+00  3.333333e-01
     vertex  3.374217e+00  9.907595e-01  6.666667e-01
     vertex  3.054386e+00  8.968486e-01  3.333333e-01
   endloop
 endfacet
 facet normal  6.160635e-01  3.419431e-01 -7.096060e-01
   outer loop
     vertex  2.958408e+00  1.901254e+00  6.666667e-01
     vertex  3.267280e+00  2.036511e+00  1.000000e+00
     vertex  3.456547e+00  1.695517e+00  1.000000e+00
   endloop
 endfacet
 facet normal  5.825949e-01  4.054980e-01 -7.043824e-01
   outer loop
     vertex  2.958408e+00  1.901254e+00  6.666667e-01
     vertex  3.044487e+00  2.356608e+00  1.000000e+00
     vertex  3.267280e+00  2.036511e+00  1.000000e+00
   endloop
 endfacet
 facet normal  6.157225e-01  3.362099e-01 -7.126350e-01
   outer loop
     vertex  2.958408e+00  1.901254e+00  6.666667e-01
     vertex  3.456547e+00  1.695517e+00  1.000000e+00
     vertex  3.198873e+00  1.460876e+00  6.666667e-01
   endloop
 endfacet
 facet normal  6.214039e-01  3.393122e-01 -7.062042e-01
   outer loop
     vertex  2.677990e+00  1.721040e+00  3.333333e-01
     vertex  2.958408e+00  1.901254e+00  6.666667e-01
     vertex  3.198873e+00  1.460876e+00  6.666667e-01
   endloop
 endfacet
 facet normal  5.866785e-01  3.858645e-01 -7.119810e-01
   outer loop
     vertex  2.677990e+00  1.721040e+00  3.333333e-01
     vertex  2.468172e+00  1.425000e+00  0.000000e+00
     vertex  2.286051e+00  1.701902e+00  0.000000e+00
   endloop
 endfacet
 facet normal  6.274487e-01  3.426129e-01 -6.992314e-01
   outer loop
     vertex  2.677990e+00  1.721040e+00  3.333333e-01
     vertex  2.895662e+00  1.322404e+00  3.333333e-01
     vertex  2.468172e+00  1.425000e+00  0.000000e+00
   endloop
 endfacet
 facet normal  6.214039e-01  3.393122e-01 -7.062042e-01
   outer loop
     vertex  2.677990e+00  1.721040e+00  3.333333e-01
     vertex  3.198873e+00  1.460876e+00  6.666667e-01
     vertex  2.895662e+00  1.322404e+00  3.333333e-01
   endloop
 endfacet
 facet normal  5.589311e-01  4.184106e-01 -7.159110e-01
   outer loop
     vertex  2.657719e+00  2.302927e+00  6.666667e-01
     vertex  3.044487e+00  2.356608e+00  1.000000e+00
     vertex  2.958408e+00  1.901254e+00  6.666667e-01
   endloop
 endfacet
 facet normal  5.404842e-01  4.639905e-01 -7.018473e-01
   outer loop
     vertex  2.657719e+00  2.302927e+00  6.666667e-01
     vertex  2.790452e+00  2.652523e+00  1.000000e+00
     vertex  3.044487e+00  2.356608e+00  1.000000e+00
   endloop
 endfacet
 facet normal  5.380950e-01  4.515154e-01 -7.117497e-01
   outer loop
     vertex  2.405803e+00  2.084640e+00  3.333333e-01
     vertex  2.286051e+00  1.701902e+00  0.000000e+00
     vertex  2.073015e+00  1.955789e+00  0.000000e+00
   endloop
 endfacet
 facet normal  5.729878e-01  4.289333e-01 -6.983561e-01
   outer loop
     vertex  2.405803e+00  2.084640e+00  3.333333e-01
     vertex  2.677990e+00  1.721040e+00  3.333333e-01
     vertex  2.286051e+00  1.701902e+00  0.000000e+00
   endloop
 endfacet
 facet normal  5.667897e-01  4.242935e-01 -7.062042e-01
   outer loop
     vertex  2.405803e+00  2.084640e+00  3.333333e-01
     vertex  2.958408e+00  1.901254e+00  6.666667e-01
     vertex  2.677990e+00  1.721040e+00  3.333333e-01
   endloop
 endfacet
 facet normal  5.667897e-01  4.242935e-01 -7.062042e-01
   outer loop
     vertex  2.405803e+00  2.084640e+00  3.333333e-01
     vertex  2.657719e+00  2.302927e+00  6.666667e-01
     vertex  2.958408e+00  1.901254e+00  6.666667e-01
   endloop
 endfacet
 facet normal  4.942406e-01  4.942406e-01 -7.151591e-01
   outer loop
     vertex  2.302927e+00  2.657719e+00  6.666667e-01
     vertex  2.790452e+00  2.652523e+00  1.000000e+00
     vertex  2.657719e+00  2.302927e+00  6.666667e-01
   endloop
 endfacet
 facet normal  4.880590e-01  5.134377e-01 -7.058188e-01
   outer loop
     vertex  2.302927e+00  2.657719e+00  6.666667e-01
     vertex  2.507784e+00  2.921219e+00  1.000000e+00
     vertex  2.790452e+00  2.652523e+00  1.000000e+00
   endloop
 endfacet
 facet normal  4.325453e-01  5.588024e-01 -7.075623e-01
   outer loop
     vertex  2.302927e+00  2.657719e+00  6.666667e-01
     vertex  2.199383e+00  3.159939e+00  1.000000e+00
     vertex  2.507784e+00  2.921219e+00  1.000000e+00
   endloop
 endfacet
 facet normal  4.838124e-01  5.128111e-01 -7.091899e-01
   outer loop
     vertex  2.084640e+00  2.405803e+00  3.333333e-01
     vertex  2.073015e+00  1.955789e+00  0.000000e+00
     vertex  1.831945e+00  2.183227e+00  0.000000e+00
   endloop
 endfacet
 facet normal  5.006374e-01  5.006374e-01 -7.062042e-01
   outer loop
     vertex  2.084640e+00  2.405803e+00  3.333333e-01
     vertex  2.657719e+00  2.302927e+00  6.666667e-01
     vertex  2.405803e+00  2.084640e+00  3.333333e-01
   endloop
 endfacet
 facet normal  5.006374e-01  5.006374e-01 -7.062042e-01
   outer loop
     vertex  2.084640e+00  2.405803e+00  3.333333e-01
     vertex  2.302927e+00  2.657719e+00  6.666667e-01
     vertex  2.657719e+00  2.302927e+00  6.666667e-01
   endloop
 endfacet
 facet normal  5.052053e-01  5.052053e-01 -6.996679e-01
   outer loop
     vertex  2.084640e+00  2.405803e+00  3.333333e-01
     vertex  2.405803e+00  2.084640e+00  3.333333e-01
     vertex  2.073015e+00  1.955789e+00  0.000000e+00
   endloop
 endfacet
 facet normal  4.195397e-01  5.604394e-01 -7.140687e-01
   outer loop
     vertex  1.901254e+00  2.958408e+00  6.666667e-01
     vertex  2.199383e+00  3.159939e+00  1.000000e+00
     vertex  2.302927e+00  2.657719e+00  6.666667e-01
   endloop
 endfacet
 facet normal  3.766269e-01  6.042420e-01 -7.021708e-01
   outer loop
     vertex  1.901254e+00  2.958408e+00  6.666667e-01
     vertex  1.868413e+00  3.366234e+00  1.000000e+00
     vertex  2.199383e+00  3.159939e+00  1.000000e+00
   endloop
 endfacet
 facet normal  4.242935e-01  5.667897e-01 -7.062042e-01
   outer loop
     vertex  1.901254e+00  2.958408e+00  6.666667e-01
     vertex  2.302927e+00  2.657719e+00  6.666667e-01
     vertex  2.084640e+00  2.405803e+00  3.333333e-01
   endloop
 endfacet
 facet normal  4.242935e-01  5.667897e-01 -7.062042e-01
   outer loop
     vertex  1.721040e+00  2.677990e+00  3.333333e-01
     vertex  1.901254e+00  2.958408e+00  6.666667e-01
     vertex  2.084640e+00  2.405803e+00  3.333333e-01
   endloop
 endfacet
 facet normal  4.239682e-01  5.694881e-01 -7.042260e-01
   outer loop
     vertex  1.721040e+00  2.677990e+00  3.333333e-01
     vertex  1.831945e+00  2.183227e+00  0.000000e+00
     vertex  1.566101e+00  2.381140e+00  0.000000e+00
   endloop
 endfacet
 facet normal  3.529090e-01  6.112564e-01 -7.083931e-01
   outer loop
     vertex  1.721040e+00  2.677990e+00  3.333333e-01
     vertex  1.566101e+00  2.381140e+00  0.000000e+00
     vertex  1.279078e+00  2.546853e+00  0.000000e+00
   endloop
 endfacet
 facet normal  4.261227e-01  5.692332e-01 -7.031308e-01
   outer loop
     vertex  1.721040e+00  2.677990e+00  3.333333e-01
     vertex  2.084640e+00  2.405803e+00  3.333333e-01
     vertex  1.831945e+00  2.183227e+00  0.000000e+00
   endloop
 endfacet
 facet normal  3.344027e-01  6.124128e-01 -7.163277e-01
   outer loop
     vertex  1.460876e+00  3.198873e+00  6.666667e-01
     vertex  1.868413e+00  3.366234e+00  1.000000e+00
     vertex  1.901254e+00  2.958408e+00  6.666667e-01
   endloop
 endfacet
 facet normal  3.130910e-01  6.382795e-01 -7.032591e-01
   outer loop
     vertex  1.460876e+00  3.198873e+00  6.666667e-01
     vertex  1.518270e+00  3.537988e+00  1.000000e+00
     vertex  1.868413e+00  3.366234e+00  1.000000e+00
   endloop
 endfacet
 facet normal  3.393122e-01  6.214039e-01 -7.062042e-01
   outer loop
     vertex  1.322404e+00  2.895662e+00  3.333333e-01
     vertex  1.460876e+00  3.198873e+00  6.666667e-01
     vertex  1.901254e+00  2.958408e+00  6.666667e-01
   endloop
 endfacet
 facet normal  3.393122e-01  6.214039e-01 -7.062042e-01
   outer loop
     vertex  1.322404e+00  2.895662e+00  3.333333e-01
     vertex  1.901254e+00  2.958408e+00  6.666667e-01
     vertex  1.721040e+00  2.677990e+00  3.333333e-01
   endloop
 endfacet
 facet normal  3.421627e-01  6.266242e-01 -7.001906e-01
   outer loop
     vertex  1.322404e+00  2.895662e+00  3.333333e-01
     vertex  1.721040e+00  2.677990e+00  3.333333e-01
     vertex  1.279078e+00  2.546853e+00  0.000000e+00
   endloop
 endfacet
 facet normal  2.783497e-01  6.452870e-01 -7.114254e-01
   outer loop
     vertex  1.322404e+00  2.895662e+00  3.333333e-01
     vertex  1.279078e+00  2.546853e+00  0.000000e+00
     vertex  9.747574e-01  2.678124e+00  0.000000e+00
   endloop
 endfacet
 facet normal  2.454618e-01  6.581086e-01 -7.117876e-01
   outer loop
     vertex  9.907595e-01  3.374217e+00  6.666667e-01
     vertex  1.518270e+00  3.537988e+00  1.000000e+00
     vertex  1.460876e+00  3.198873e+00  6.666667e-01
   endloop
 endfacet
 facet normal  2.443143e-01  6.596682e-01 -7.107379e-01
   outer loop
     vertex  9.907595e-01  3.374217e+00  6.666667e-01
     vertex  1.152548e+00  3.673436e+00  1.000000e+00
     vertex  1.518270e+00  3.537988e+00  1.000000e+00
   endloop
 endfacet
 facet normal  1.780677e-01  6.877382e-01 -7.037813e-01
   outer loop
     vertex  9.907595e-01  3.374217e+00  6.666667e-01
     vertex  7.749993e-01  3.771190e+00  1.000000e+00
     vertex  1.152548e+00  3.673436e+00  1.000000e+00
   endloop
 endfacet
 facet normal  2.013525e-01  6.725642e-01 -7.121197e-01
   outer loop
     vertex  8.968486e-01  3.054386e+00  3.333333e-01
     vertex  9.747574e-01  2.678124e+00  0.000000e+00
     vertex  6.572552e-01  2.773178e+00  0.000000e+00
   endloop
 endfacet
 facet normal  2.500993e-01  6.705421e-01 -6.984437e-01
   outer loop
     vertex  8.968486e-01  3.054386e+00  3.333333e-01
     vertex  1.322404e+00  2.895662e+00  3.333333e-01
     vertex  9.747574e-01  2.678124e+00  0.000000e+00
   endloop
 endfacet
 facet normal  2.474235e-01  6.633681e-01 -7.062042e-01
   outer loop
     vertex  8.968486e-01  3.054386e+00  3.333333e-01
     vertex  1.460876e+00  3.198873e+00  6.666667e-01
     vertex  1.322404e+00  2.895662e+00  3.333333e-01
   endloop
 endfacet
 facet normal  2.474235e-01  6.633681e-01 -7.062042e-01
   outer loop
     vertex  8.968486e-01  3.054386e+00  3.333333e-01
     vertex  9.907595e-01  3.374217e+00  6.666667e-01
     vertex  1.460876e+00  3.198873e+00  6.666667e-01
   endloop
 endfacet
 facet normal  1.483568e-01  6.819850e-01 -7.161611e-01
   outer loop
     vertex  5.004738e-01  3.480872e+00  6.666667e-01
     vertex  7.749993e-01  3.771190e+00  1.000000e+00
     vertex  9.907595e-01  3.374217e+00  6.666667e-01
   endloop
 endfacet
 facet normal  1.504980e-01  6.918280e-01 -7.062042e-01
   outer loop
     vertex  5.004738e-01  3.480872e+00  6.666667e-01
     vertex  9.907595e-01  3.374217e+00  6.666667e-01
     vertex  8.968486e-01  3.054386e+00  3.333333e-01
   endloop
 endfacet
 facet normal  1.078480e-01  7.039949e-01 -7.019687e-01
   outer loop
     vertex  5.004738e-01  3.480872e+00  6.666667e-01
     vertex  3.894980e-01  3.830247e+00  1.000000e+00
     vertex  7.749993e-01  3.771190e+00  1.000000e+00
   endloop
 endfacet
 facet normal  3.528271e-02  6.957158e-01 -7.174501e-01
   outer loop
     vertex  5.004738e-01  3.480872e+00  6.666667e-01
     vertex  2.357445e-16  3.850000e+00  1.000000e+00
     vertex  3.894980e-01  3.830247e+00  1.000000e+00
   endloop
 endfacet
 facet normal  1.221963e-01  6.930099e-01 -7.104965e-01
   outer loop
     vertex  4.530356e-01  3.150932e+00  3.333333e-01
     vertex  6.572552e-01  2.773178e+00  0.000000e+00
     vertex  3.308648e-01  2.830729e+00  0.000000e+00
   endloop
 endfacet
 facet normal  4.152171e-02  7.129003e-01 -7.000351e-01
   outer loop
     vertex  4.530356e-01  3.150932e+00  3.333333e-01
     vertex  3.308648e-01  2.830729e+00  0.000000e+00
     vertex -5.307022e-14  2.850000e+00  0.000000e+00
   endloop
 endfacet
 facet normal  1.504980e-01  6.918280e-01 -7.062042e-01
   outer loop
     vertex  4.530356e-01  3.150932e+00  3.333333e-01
     vertex  5.004738e-01  3.480872e+00  6.666667e-01
     vertex  8.968486e-01  3.054386e+00  3.333333e-01
   endloop
 endfacet
 facet normal  5.050872e-02  7.062042e-01 -7.062042e-01
   outer loop
     vertex  4.530356e-01  3.150932e+00  3.333333e-01
     vertex  2.357445e-16  3.850000e+00  1.000000e+00
     vertex  5.004738e-01  3.480872e+00  6.666667e-01
   endloop
 endfacet
 facet normal  5.050872e-02  7.062042e-01 -7.062042e-01
   outer loop
     vertex  4.530356e-01  3.150932e+00  3.333333e-01
     vertex -5.307022e-14  2.850000e+00  0.000000e+00
     vertex  2.357445e-16  3.850000e+00  1.000000e+00
   endloop
 endfacet
 facet normal  1.520346e-01  6.988919e-01 -6.988817e-01
   outer loop
     vertex  4.530356e-01  3.150932e+00  3.333333e-01
     vertex  8.968486e-01  3.054386e+00  3.333333e-01
     vertex  6.572552e-01  2.773178e+00  0.000000e+00
   endloop
 endfacet
 facet normal  9.581331e-02 -7.073222e-01 -7.003678e-01
   outer loop
     vertex  5.765329e-01 -4.563728e+00  7.250000e+00
     vertex  8.660009e-01 -4.772059e+00  7.500000e+00
     vertex  4.347506e-01 -4.830475e+00  7.500000e+00
   endloop
 endfacet
 facet normal  3.108887e-02 -6.922474e-01 -7.209903e-01
   outer loop
     vertex  5.765329e-01 -4.563728e+00  7.250000e+00
     vertex  4.347506e-01 -4.830475e+00  7.500000e+00
     vertex -8.909305e-16 -4.850000e+00  7.500000e+00
   endloop
 endfacet
 facet normal  9.977974e-02 -6.939833e-01 -7.130436e-01
   outer loop
     vertex  5.765329e-01 -4.563728e+00  7.250000e+00
     vertex  4.134938e-01 -4.330303e+00  7.000000e+00
     vertex  8.232429e-01 -4.271390e+00  7.000000e+00
   endloop
 endfacet
 facet normal  3.426207e-02 -7.192494e-01 -6.939067e-01
   outer loop
     vertex  5.765329e-01 -4.563728e+00  7.250000e+00
     vertex -7.990820e-16 -4.350000e+00  7.000000e+00
     vertex  4.134938e-01 -4.330303e+00  7.000000e+00
   endloop
 endfacet
 facet normal  4.444343e-02 -7.064081e-01 -7.064081e-01
   outer loop
     vertex  5.765329e-01 -4.563728e+00  7.250000e+00
     vertex -8.909305e-16 -4.850000e+00  7.500000e+00
     vertex -7.990820e-16 -4.350000e+00  7.000000e+00
   endloop
 endfacet
 facet normal  2.166832e-01 -6.668822e-01 -7.129632e-01
   outer loop
     vertex  1.143973e+00 -4.455483e+00  7.250000e+00
     vertex  1.704168e+00 -4.540739e+00  7.500000e+00
     vertex  1.290279e+00 -4.675220e+00  7.500000e+00
   endloop
 endfacet
 facet normal  1.583613e-01 -6.938263e-01 -7.025146e-01
   outer loop
     vertex  1.143973e+00 -4.455483e+00  7.250000e+00
     vertex  1.290279e+00 -4.675220e+00  7.500000e+00
     vertex  8.660009e-01 -4.772059e+00  7.500000e+00
   endloop
 endfacet
 facet normal  1.652071e-01 -6.809928e-01 -7.134111e-01
   outer loop
     vertex  1.143973e+00 -4.455483e+00  7.250000e+00
     vertex  8.232429e-01 -4.271390e+00  7.000000e+00
     vertex  1.225537e+00 -4.173794e+00  7.000000e+00
   endloop
 endfacet
 facet normal  1.349233e-01 -7.072926e-01 -6.939257e-01
   outer loop
     vertex  1.143973e+00 -4.455483e+00  7.250000e+00
     vertex  5.765329e-01 -4.563728e+00  7.250000e+00
     vertex  8.232429e-01 -4.271390e+00  7.000000e+00
   endloop
 endfacet
 facet normal  1.301662e-01 -6.823553e-01 -7.193386e-01
   outer loop
     vertex  1.143973e+00 -4.455483e+00  7.250000e+00
     vertex  8.660009e-01 -4.772059e+00  7.500000e+00
     vertex  5.765329e-01 -4.563728e+00  7.250000e+00
   endloop
 endfacet
 facet normal  2.797039e-01 -6.543998e-01 -7.025146e-01
   outer loop
     vertex  1.693373e+00 -4.276972e+00  7.250000e+00
     vertex  2.104336e+00 -4.369699e+00  7.500000e+00
     vertex  1.704168e+00 -4.540739e+00  7.500000e+00
   endloop
 endfacet
 facet normal  2.944191e-01 -6.446880e-01 -7.054749e-01
   outer loop
     vertex  1.693373e+00 -4.276972e+00  7.250000e+00
     vertex  1.616732e+00 -4.038401e+00  7.000000e+00
     vertex  1.993285e+00 -3.866434e+00  7.000000e+00
   endloop
 endfacet
 facet normal  2.217225e-01 -6.823918e-01 -6.965490e-01
   outer loop
     vertex  1.693373e+00 -4.276972e+00  7.250000e+00
     vertex  1.143973e+00 -4.455483e+00  7.250000e+00
     vertex  1.225537e+00 -4.173794e+00  7.000000e+00
   endloop
 endfacet
 facet normal  2.310330e-01 -6.675259e-01 -7.078368e-01
   outer loop
     vertex  1.693373e+00 -4.276972e+00  7.250000e+00
     vertex  1.225537e+00 -4.173794e+00  7.000000e+00
     vertex  1.616732e+00 -4.038401e+00  7.000000e+00
   endloop
 endfacet
 facet normal  2.166832e-01 -6.668822e-01 -7.129632e-01
   outer loop
     vertex  1.693373e+00 -4.276972e+00  7.250000e+00
     vertex  1.704168e+00 -4.540739e+00  7.500000e+00
     vertex  1.143973e+00 -4.455483e+00  7.250000e+00
   endloop
 endfacet
 facet normal  3.382390e-01 -6.285534e-01 -7.003678e-01
   outer loop
     vertex  2.216067e+00 -4.031011e+00  7.250000e+00
     vertex  2.487561e+00 -4.163477e+00  7.500000e+00
     vertex  2.104336e+00 -4.369699e+00  7.500000e+00
   endloop
 endfacet
 facet normal  3.048464e-01 -6.478316e-01 -6.981281e-01
   outer loop
     vertex  2.216067e+00 -4.031011e+00  7.250000e+00
     vertex  1.693373e+00 -4.276972e+00  7.250000e+00
     vertex  1.993285e+00 -3.866434e+00  7.000000e+00
   endloop
 endfacet
 facet normal  2.957717e-01 -6.285468e-01 -7.193386e-01
   outer loop
     vertex  2.216067e+00 -4.031011e+00  7.250000e+00
     vertex  2.104336e+00 -4.369699e+00  7.500000e+00
     vertex  1.693373e+00 -4.276972e+00  7.250000e+00
   endloop
 endfacet
 facet normal  3.507937e-01 -6.075926e-01 -7.125834e-01
   outer loop
     vertex  2.216067e+00 -4.031011e+00  7.250000e+00
     vertex  1.993285e+00 -3.866434e+00  7.000000e+00
     vertex  2.351788e+00 -3.659453e+00  7.000000e+00
   endloop
 endfacet
 facet normal  3.733820e-01 -5.883558e-01 -7.172331e-01
   outer loop
     vertex  2.703812e+00 -3.721478e+00  7.250000e+00
     vertex  2.487561e+00 -4.163477e+00  7.500000e+00
     vertex  2.216067e+00 -4.031011e+00  7.250000e+00
   endloop
 endfacet
 facet normal  4.410959e-01 -5.531167e-01 -7.067505e-01
   outer loop
     vertex  2.703812e+00 -3.721478e+00  7.250000e+00
     vertex  3.191003e+00 -3.652397e+00  7.500000e+00
     vertex  2.850758e+00 -3.923732e+00  7.500000e+00
   endloop
 endfacet
 facet normal  3.897392e-01 -5.904296e-01 -7.067505e-01
   outer loop
     vertex  2.703812e+00 -3.721478e+00  7.250000e+00
     vertex  2.850758e+00 -3.923732e+00  7.500000e+00
     vertex  2.487561e+00 -4.163477e+00  7.500000e+00
   endloop
 endfacet
 facet normal  4.063098e-01 -5.705823e-01 -7.136864e-01
   outer loop
     vertex  2.703812e+00 -3.721478e+00  7.250000e+00
     vertex  2.351788e+00 -3.659453e+00  7.000000e+00
     vertex  2.688992e+00 -3.419331e+00  7.000000e+00
   endloop
 endfacet
 facet normal  3.857716e-01 -6.078788e-01 -6.940199e-01
   outer loop
     vertex  2.703812e+00 -3.721478e+00  7.250000e+00
     vertex  2.216067e+00 -4.031011e+00  7.250000e+00
     vertex  2.351788e+00 -3.659453e+00  7.000000e+00
   endloop
 endfacet
 facet normal  4.441783e-01 -5.369193e-01 -7.172331e-01
   outer loop
     vertex  3.148917e+00 -3.353256e+00  7.250000e+00
     vertex  3.191003e+00 -3.652397e+00  7.500000e+00
     vertex  2.703812e+00 -3.721478e+00  7.250000e+00
   endloop
 endfacet
 facet normal  4.932682e-01 -5.159181e-01 -7.003678e-01
   outer loop
     vertex  3.148917e+00 -3.353256e+00  7.250000e+00
     vertex  3.505555e+00 -3.351654e+00  7.500000e+00
     vertex  3.191003e+00 -3.652397e+00  7.500000e+00
   endloop
 endfacet
 facet normal  5.138940e-01 -4.899970e-01 -7.041420e-01
   outer loop
     vertex  3.148917e+00 -3.353256e+00  7.250000e+00
     vertex  3.001844e+00 -3.148243e+00  7.000000e+00
     vertex  3.287511e+00 -2.848644e+00  7.000000e+00
   endloop
 endfacet
 facet normal  4.618998e-01 -5.330608e-01 -7.088687e-01
   outer loop
     vertex  3.148917e+00 -3.353256e+00  7.250000e+00
     vertex  2.688992e+00 -3.419331e+00  7.000000e+00
     vertex  3.001844e+00 -3.148243e+00  7.000000e+00
   endloop
 endfacet
 facet normal  4.577614e-01 -5.533385e-01 -6.958959e-01
   outer loop
     vertex  3.148917e+00 -3.353256e+00  7.250000e+00
     vertex  2.703812e+00 -3.721478e+00  7.250000e+00
     vertex  2.688992e+00 -3.419331e+00  7.000000e+00
   endloop
 endfacet
 facet normal  5.212641e-01 -4.894995e-01 -6.990522e-01
   outer loop
     vertex  3.544361e+00 -2.932150e+00  7.250000e+00
     vertex  3.148917e+00 -3.353256e+00  7.250000e+00
     vertex  3.287511e+00 -2.848644e+00  7.000000e+00
   endloop
 endfacet
 facet normal  5.063851e-01 -4.755272e-01 -7.193386e-01
   outer loop
     vertex  3.544361e+00 -2.932150e+00  7.250000e+00
     vertex  3.505555e+00 -3.351654e+00  7.500000e+00
     vertex  3.148917e+00 -3.353256e+00  7.250000e+00
   endloop
 endfacet
 facet normal  5.672839e-01 -4.121559e-01 -7.129632e-01
   outer loop
     vertex  3.544361e+00 -2.932150e+00  7.250000e+00
     vertex  4.047680e+00 -2.671850e+00  7.500000e+00
     vertex  3.791883e+00 -3.023926e+00  7.500000e+00
   endloop
 endfacet
 facet normal  5.359379e-01 -4.682348e-01 -7.025146e-01
   outer loop
     vertex  3.544361e+00 -2.932150e+00  7.250000e+00
     vertex  3.791883e+00 -3.023926e+00  7.500000e+00
     vertex  3.505555e+00 -3.351654e+00  7.500000e+00
   endloop
 endfacet
 facet normal  5.519265e-01 -4.340398e-01 -7.120299e-01
   outer loop
     vertex  3.544361e+00 -2.932150e+00  7.250000e+00
     vertex  3.287511e+00 -2.848644e+00  7.000000e+00
     vertex  3.543405e+00 -2.523248e+00  7.000000e+00
   endloop
 endfacet
 facet normal  6.109317e-01 -3.650147e-01 -7.025146e-01
   outer loop
     vertex  3.883908e+00 -2.464803e+00  7.250000e+00
     vertex  4.270888e+00 -2.298263e+00  7.500000e+00
     vertex  4.047680e+00 -2.671850e+00  7.500000e+00
   endloop
 endfacet
 facet normal  5.891118e-01 -3.785992e-01 -7.138697e-01
   outer loop
     vertex  3.883908e+00 -2.464803e+00  7.250000e+00
     vertex  3.543405e+00 -2.523248e+00  7.000000e+00
     vertex  3.767211e+00 -2.175000e+00  7.000000e+00
   endloop
 endfacet
 facet normal  5.823097e-01 -4.230727e-01 -6.942081e-01
   outer loop
     vertex  3.883908e+00 -2.464803e+00  7.250000e+00
     vertex  3.544361e+00 -2.932150e+00  7.250000e+00
     vertex  3.543405e+00 -2.523248e+00  7.000000e+00
   endloop
 endfacet
 facet normal  5.672839e-01 -4.121559e-01 -7.129632e-01
   outer loop
     vertex  3.883908e+00 -2.464803e+00  7.250000e+00
     vertex  4.047680e+00 -2.671850e+00  7.500000e+00
     vertex  3.544361e+00 -2.932150e+00  7.250000e+00
   endloop
 endfacet
 facet normal  6.430955e-01 -3.096985e-01 -7.003678e-01
   outer loop
     vertex  4.162204e+00 -1.958585e+00  7.250000e+00
     vertex  4.459710e+00 -1.906171e+00  7.500000e+00
     vertex  4.270888e+00 -2.298263e+00  7.500000e+00
   endloop
 endfacet
 facet normal  6.605159e-01 -2.644307e-01 -7.027056e-01
   outer loop
     vertex  4.162204e+00 -1.958585e+00  7.250000e+00
     vertex  3.956899e+00 -1.807055e+00  7.000000e+00
     vertex  4.110754e+00 -1.422746e+00  7.000000e+00
   endloop
 endfacet
 facet normal  6.260960e-01 -3.227749e-01 -7.098029e-01
   outer loop
     vertex  4.162204e+00 -1.958585e+00  7.250000e+00
     vertex  3.767211e+00 -2.175000e+00  7.000000e+00
     vertex  3.956899e+00 -1.807055e+00  7.000000e+00
   endloop
 endfacet
 facet normal  6.297895e-01 -3.462297e-01 -6.953346e-01
   outer loop
     vertex  4.162204e+00 -1.958585e+00  7.250000e+00
     vertex  3.883908e+00 -2.464803e+00  7.250000e+00
     vertex  3.767211e+00 -2.175000e+00  7.000000e+00
   endloop
 endfacet
 facet normal  6.087349e-01 -3.346548e-01 -7.193386e-01
   outer loop
     vertex  4.162204e+00 -1.958585e+00  7.250000e+00
     vertex  4.270888e+00 -2.298263e+00  7.500000e+00
     vertex  3.883908e+00 -2.464803e+00  7.250000e+00
   endloop
 endfacet
 facet normal  6.819679e-01 -1.882112e-01 -7.067505e-01
   outer loop
     vertex  4.374860e+00 -1.421478e+00  7.250000e+00
     vertex  4.728400e+00 -1.079227e+00  7.500000e+00
     vertex  4.612624e+00 -1.498732e+00  7.500000e+00
   endloop
 endfacet
 facet normal  6.623514e-01 -2.485846e-01 -7.067505e-01
   outer loop
     vertex  4.374860e+00 -1.421478e+00  7.250000e+00
     vertex  4.612624e+00 -1.498732e+00  7.500000e+00
     vertex  4.459710e+00 -1.906171e+00  7.500000e+00
   endloop
 endfacet
 facet normal  6.639344e-01 -2.628702e-01 -7.000646e-01
   outer loop
     vertex  4.374860e+00 -1.421478e+00  7.250000e+00
     vertex  4.162204e+00 -1.958585e+00  7.250000e+00
     vertex  4.110754e+00 -1.422746e+00  7.000000e+00
   endloop
 endfacet
 facet normal  6.478992e-01 -2.565214e-01 -7.172331e-01
   outer loop
     vertex  4.374860e+00 -1.421478e+00  7.250000e+00
     vertex  4.459710e+00 -1.906171e+00  7.500000e+00
     vertex  4.162204e+00 -1.958585e+00  7.250000e+00
   endloop
 endfacet
 facet normal  6.743365e-01 -1.980031e-01 -7.113825e-01
   outer loop
     vertex  4.374860e+00 -1.421478e+00  7.250000e+00
     vertex  4.110754e+00 -1.422746e+00  7.000000e+00
     vertex  4.227380e+00 -1.025551e+00  7.000000e+00
   endloop
 endfacet
 facet normal  6.968977e-01 -1.789329e-01 -6.944902e-01
   outer loop
     vertex  4.518521e+00 -8.619540e-01  7.250000e+00
     vertex  4.374860e+00 -1.421478e+00  7.250000e+00
     vertex  4.227380e+00 -1.025551e+00  7.000000e+00
   endloop
 endfacet
 facet normal  6.749410e-01 -1.732954e-01 -7.172331e-01
   outer loop
     vertex  4.518521e+00 -8.619540e-01  7.250000e+00
     vertex  4.728400e+00 -1.079227e+00  7.500000e+00
     vertex  4.374860e+00 -1.421478e+00  7.250000e+00
   endloop
 endfacet
 facet normal  7.023114e-01 -1.274507e-01 -7.003678e-01
   outer loop
     vertex  4.518521e+00 -8.619540e-01  7.250000e+00
     vertex  4.806106e+00 -6.510313e-01  7.500000e+00
     vertex  4.728400e+00 -1.079227e+00  7.500000e+00
   endloop
 endfacet
 facet normal  6.875319e-01 -1.325109e-01 -7.139613e-01
   outer loop
     vertex  4.518521e+00 -8.619540e-01  7.250000e+00
     vertex  4.227380e+00 -1.025551e+00  7.000000e+00
     vertex  4.305723e+00 -6.190695e-01  7.000000e+00
   endloop
 endfacet
 facet normal  7.012015e-01  1.431084e-15 -7.129632e-01
   outer loop
     vertex  4.590923e+00 -2.888364e-01  7.250000e+00
     vertex  4.845116e+00  2.175944e-01  7.500000e+00
     vertex  4.845116e+00 -2.175944e-01  7.500000e+00
   endloop
 endfacet
 facet normal  7.088044e-01 -6.379355e-02 -7.025146e-01
   outer loop
     vertex  4.590923e+00 -2.888364e-01  7.250000e+00
     vertex  4.845116e+00 -2.175944e-01  7.500000e+00
     vertex  4.806106e+00 -6.510313e-01  7.500000e+00
   endloop
 endfacet
 facet normal  7.003696e-01 -6.687719e-02 -7.106405e-01
   outer loop
     vertex  4.590923e+00 -2.888364e-01  7.250000e+00
     vertex  4.305723e+00 -6.190695e-01  7.000000e+00
     vertex  4.345073e+00 -2.069813e-01  7.000000e+00
   endloop
 endfacet
 facet normal  7.134688e-01 -9.013206e-02 -6.948659e-01
   outer loop
     vertex  4.590923e+00 -2.888364e-01  7.250000e+00
     vertex  4.518521e+00 -8.619540e-01  7.250000e+00
     vertex  4.305723e+00 -6.190695e-01  7.000000e+00
   endloop
 endfacet
 facet normal  6.891820e-01 -8.706394e-02 -7.193386e-01
   outer loop
     vertex  4.590923e+00 -2.888364e-01  7.250000e+00
     vertex  4.806106e+00 -6.510313e-01  7.500000e+00
     vertex  4.518521e+00 -8.619540e-01  7.250000e+00
   endloop
 endfacet
 facet normal  7.012015e-01  1.078105e-15 -7.129632e-01
   outer loop
     vertex  4.590923e+00  2.888364e-01  7.250000e+00
     vertex  4.845116e+00  2.175944e-01  7.500000e+00
     vertex  4.590923e+00 -2.888364e-01  7.250000e+00
   endloop
 endfacet
 facet normal  7.088044e-01  6.379355e-02 -7.025146e-01
   outer loop
     vertex  4.590923e+00  2.888364e-01  7.250000e+00
     vertex  4.806106e+00  6.510313e-01  7.500000e+00
     vertex  4.845116e+00  2.175944e-01  7.500000e+00
   endloop
 endfacet
 facet normal  7.129999e-01  1.096245e-15 -7.011642e-01
   outer loop
     vertex  4.590923e+00  2.888364e-01  7.250000e+00
     vertex  4.590923e+00 -2.888364e-01  7.250000e+00
     vertex  4.345073e+00 -2.069813e-01  7.000000e+00
   endloop
 endfacet
 facet normal  7.003696e-01  6.687719e-02 -7.106405e-01
   outer loop
     vertex  4.590923e+00  2.888364e-01  7.250000e+00
     vertex  4.345073e+00  2.069813e-01  7.000000e+00
     vertex  4.305723e+00  6.190695e-01  7.000000e+00
   endloop
 endfacet
 facet normal  7.129999e-01  0.000000e+00 -7.011642e-01
   outer loop
     vertex  4.590923e+00  2.888364e-01  7.250000e+00
     vertex  4.345073e+00 -2.069813e-01  7.000000e+00
     vertex  4.345073e+00  2.069813e-01  7.000000e+00
   endloop
 endfacet
 facet normal  7.023114e-01  1.274507e-01 -7.003678e-01
   outer loop
     vertex  4.518521e+00  8.619540e-01  7.250000e+00
     vertex  4.728400e+00  1.079227e+00  7.500000e+00
     vertex  4.806106e+00  6.510313e-01  7.500000e+00
   endloop
 endfacet
 facet normal  6.875319e-01  1.325109e-01 -7.139613e-01
   outer loop
     vertex  4.518521e+00  8.619540e-01  7.250000e+00
     vertex  4.305723e+00  6.190695e-01  7.000000e+00
     vertex  4.227380e+00  1.025551e+00  7.000000e+00
   endloop
 endfacet
 facet normal  6.891820e-01  8.706394e-02 -7.193386e-01
   outer loop
     vertex  4.518521e+00  8.619540e-01  7.250000e+00
     vertex  4.806106e+00  6.510313e-01  7.500000e+00
     vertex  4.590923e+00  2.888364e-01  7.250000e+00
   endloop
 endfacet
 facet normal  7.134688e-01  9.013206e-02 -6.948659e-01
   outer loop
     vertex  4.518521e+00  8.619540e-01  7.250000e+00
     vertex  4.590923e+00  2.888364e-01  7.250000e+00
     vertex  4.305723e+00  6.190695e-01  7.000000e+00
   endloop
 endfacet
 facet normal  6.623514e-01  2.485846e-01 -7.067505e-01
   outer loop
     vertex  4.374860e+00  1.421478e+00  7.250000e+00
     vertex  4.459710e+00  1.906171e+00  7.500000e+00
     vertex  4.612624e+00  1.498732e+00  7.500000e+00
   endloop
 endfacet
 facet normal  6.819679e-01  1.882112e-01 -7.067505e-01
   outer loop
     vertex  4.374860e+00  1.421478e+00  7.250000e+00
     vertex  4.612624e+00  1.498732e+00  7.500000e+00
     vertex  4.728400e+00  1.079227e+00  7.500000e+00
   endloop
 endfacet
 facet normal  6.743365e-01  1.980031e-01 -7.113825e-01
   outer loop
     vertex  4.374860e+00  1.421478e+00  7.250000e+00
     vertex  4.227380e+00  1.025551e+00  7.000000e+00
     vertex  4.110754e+00  1.422746e+00  7.000000e+00
   endloop
 endfacet
 facet normal  6.968977e-01  1.789329e-01 -6.944902e-01
   outer loop
     vertex  4.374860e+00  1.421478e+00  7.250000e+00
     vertex  4.518521e+00  8.619540e-01  7.250000e+00
     vertex  4.227380e+00  1.025551e+00  7.000000e+00
   endloop
 endfacet
 facet normal  6.749410e-01  1.732954e-01 -7.172331e-01
   outer loop
     vertex  4.374860e+00  1.421478e+00  7.250000e+00
     vertex  4.728400e+00  1.079227e+00  7.500000e+00
     vertex  4.518521e+00  8.619540e-01  7.250000e+00
   endloop
 endfacet
 facet normal  6.478992e-01  2.565214e-01 -7.172331e-01
   outer loop
     vertex  4.162204e+00  1.958585e+00  7.250000e+00
     vertex  4.459710e+00  1.906171e+00  7.500000e+00
     vertex  4.374860e+00  1.421478e+00  7.250000e+00
   endloop
 endfacet
 facet normal  6.430955e-01  3.096985e-01 -7.003678e-01
   outer loop
     vertex  4.162204e+00  1.958585e+00  7.250000e+00
     vertex  4.270888e+00  2.298263e+00  7.500000e+00
     vertex  4.459710e+00  1.906171e+00  7.500000e+00
   endloop
 endfacet
 facet normal  6.260960e-01  3.227749e-01 -7.098029e-01
   outer loop
     vertex  4.162204e+00  1.958585e+00  7.250000e+00
     vertex  3.956899e+00  1.807055e+00  7.000000e+00
     vertex  3.767211e+00  2.175000e+00  7.000000e+00
   endloop
 endfacet
 facet normal  6.605159e-01  2.644307e-01 -7.027056e-01
   outer loop
     vertex  4.162204e+00  1.958585e+00  7.250000e+00
     vertex  4.110754e+00  1.422746e+00  7.000000e+00
     vertex  3.956899e+00  1.807055e+00  7.000000e+00
   endloop
 endfacet
 facet normal  6.639344e-01  2.628702e-01 -7.000646e-01
   outer loop
     vertex  4.162204e+00  1.958585e+00  7.250000e+00
     vertex  4.374860e+00  1.421478e+00  7.250000e+00
     vertex  4.110754e+00  1.422746e+00  7.000000e+00
   endloop
 endfacet
 facet normal  6.087349e-01  3.346548e-01 -7.193386e-01
   outer loop
     vertex  3.883908e+00  2.464803e+00  7.250000e+00
     vertex  4.270888e+00  2.298263e+00  7.500000e+00
     vertex  4.162204e+00  1.958585e+00  7.250000e+00
   endloop
 endfacet
 facet normal  5.672839e-01  4.121559e-01 -7.129632e-01
   outer loop
     vertex  3.883908e+00  2.464803e+00  7.250000e+00
     vertex  3.791883e+00  3.023926e+00  7.500000e+00
     vertex  4.047680e+00  2.671850e+00  7.500000e+00
   endloop
 endfacet
 facet normal  6.109317e-01  3.650147e-01 -7.025146e-01
   outer loop
     vertex  3.883908e+00  2.464803e+00  7.250000e+00
     vertex  4.047680e+00  2.671850e+00  7.500000e+00
     vertex  4.270888e+00  2.298263e+00  7.500000e+00
   endloop
 endfacet
 facet normal  6.297895e-01  3.462297e-01 -6.953346e-01
   outer loop
     vertex  3.883908e+00  2.464803e+00  7.250000e+00
     vertex  4.162204e+00  1.958585e+00  7.250000e+00
     vertex  3.767211e+00  2.175000e+00  7.000000e+00
   endloop
 endfacet
 facet normal  5.891118e-01  3.785992e-01 -7.138697e-01
   outer loop
     vertex  3.883908e+00  2.464803e+00  7.250000e+00
     vertex  3.767211e+00  2.175000e+00  7.000000e+00
     vertex  3.543405e+00  2.523248e+00  7.000000e+00
   endloop
 endfacet
 facet normal  5.359379e-01  4.682348e-01 -7.025146e-01
   outer loop
     vertex  3.544361e+00  2.932150e+00  7.250000e+00
     vertex  3.505555e+00  3.351654e+00  7.500000e+00
     vertex  3.791883e+00  3.023926e+00  7.500000e+00
   endloop
 endfacet
 facet normal  5.823097e-01  4.230727e-01 -6.942081e-01
   outer loop
     vertex  3.544361e+00  2.932150e+00  7.250000e+00
     vertex  3.883908e+00  2.464803e+00  7.250000e+00
     vertex  3.543405e+00  2.523248e+00  7.000000e+00
   endloop
 endfacet
 facet normal  5.672839e-01  4.121559e-01 -7.129632e-01
   outer loop
     vertex  3.544361e+00  2.932150e+00  7.250000e+00
     vertex  3.791883e+00  3.023926e+00  7.500000e+00
     vertex  3.883908e+00  2.464803e+00  7.250000e+00
   endloop
 endfacet
 facet normal  5.519265e-01  4.340398e-01 -7.120299e-01
   outer loop
     vertex  3.544361e+00  2.932150e+00  7.250000e+00
     vertex  3.543405e+00  2.523248e+00  7.000000e+00
     vertex  3.287511e+00  2.848644e+00  7.000000e+00
   endloop
 endfacet
 facet normal  4.932682e-01  5.159181e-01 -7.003678e-01
   outer loop
     vertex  3.148917e+00  3.353256e+00  7.250000e+00
     vertex  3.191003e+00  3.652397e+00  7.500000e+00
     vertex  3.505555e+00  3.351654e+00  7.500000e+00
   endloop
 endfacet
 facet normal  5.212641e-01  4.894995e-01 -6.990522e-01
   outer loop
     vertex  3.148917e+00  3.353256e+00  7.250000e+00
     vertex  3.544361e+00  2.932150e+00  7.250000e+00
     vertex  3.287511e+00  2.848644e+00  7.000000e+00
   endloop
 endfacet
 facet normal  4.618998e-01  5.330608e-01 -7.088687e-01
   outer loop
     vertex  3.148917e+00  3.353256e+00  7.250000e+00
     vertex  3.001844e+00  3.148243e+00  7.000000e+00
     vertex  2.688992e+00  3.419331e+00  7.000000e+00
   endloop
 endfacet
 facet normal  5.138940e-01  4.899970e-01 -7.041420e-01
   outer loop
     vertex  3.148917e+00  3.353256e+00  7.250000e+00
     vertex  3.287511e+00  2.848644e+00  7.000000e+00
     vertex  3.001844e+00  3.148243e+00  7.000000e+00
   endloop
 endfacet
 facet normal  5.063851e-01  4.755272e-01 -7.193386e-01
   outer loop
     vertex  3.148917e+00  3.353256e+00  7.250000e+00
     vertex  3.505555e+00  3.351654e+00  7.500000e+00
     vertex  3.544361e+00  2.932150e+00  7.250000e+00
   endloop
 endfacet
 facet normal  3.897392e-01  5.904296e-01 -7.067505e-01
   outer loop
     vertex  2.703812e+00  3.721478e+00  7.250000e+00
     vertex  2.487561e+00  4.163477e+00  7.500000e+00
     vertex  2.850758e+00  3.923732e+00  7.500000e+00
   endloop
 endfacet
 facet normal  4.410959e-01  5.531167e-01 -7.067505e-01
   outer loop
     vertex  2.703812e+00  3.721478e+00  7.250000e+00
     vertex  2.850758e+00  3.923732e+00  7.500000e+00
     vertex  3.191003e+00  3.652397e+00  7.500000e+00
   endloop
 endfacet
 facet normal  4.441783e-01  5.369193e-01 -7.172331e-01
   outer loop
     vertex  2.703812e+00  3.721478e+00  7.250000e+00
     vertex  3.191003e+00  3.652397e+00  7.500000e+00
     vertex  3.148917e+00  3.353256e+00  7.250000e+00
   endloop
 endfacet
 facet normal  4.063098e-01  5.705823e-01 -7.136864e-01
   outer loop
     vertex  2.703812e+00  3.721478e+00  7.250000e+00
     vertex  2.688992e+00  3.419331e+00  7.000000e+00
     vertex  2.351788e+00  3.659453e+00  7.000000e+00
   endloop
 endfacet
 facet normal  4.577614e-01  5.533385e-01 -6.958959e-01
   outer loop
     vertex  2.703812e+00  3.721478e+00  7.250000e+00
     vertex  3.148917e+00  3.353256e+00  7.250000e+00
     vertex  2.688992e+00  3.419331e+00  7.000000e+00
   endloop
 endfacet
 facet normal  3.382390e-01  6.285534e-01 -7.003678e-01
   outer loop
     vertex  2.216067e+00  4.031011e+00  7.250000e+00
     vertex  2.104336e+00  4.369699e+00  7.500000e+00
     vertex  2.487561e+00  4.163477e+00  7.500000e+00
   endloop
 endfacet
 facet normal  3.507937e-01  6.075926e-01 -7.125834e-01
   outer loop
     vertex  2.216067e+00  4.031011e+00  7.250000e+00
     vertex  2.351788e+00  3.659453e+00  7.000000e+00
     vertex  1.993285e+00  3.866434e+00  7.000000e+00
   endloop
 endfacet
 facet normal  3.733820e-01  5.883558e-01 -7.172331e-01
   outer loop
     vertex  2.216067e+00  4.031011e+00  7.250000e+00
     vertex  2.487561e+00  4.163477e+00  7.500000e+00
     vertex  2.703812e+00  3.721478e+00  7.250000e+00
   endloop
 endfacet
 facet normal  3.857716e-01  6.078788e-01 -6.940199e-01
   outer loop
     vertex  2.216067e+00  4.031011e+00  7.250000e+00
     vertex  2.703812e+00  3.721478e+00  7.250000e+00
     vertex  2.351788e+00  3.659453e+00  7.000000e+00
   endloop
 endfacet
 facet normal  2.166832e-01  6.668822e-01 -7.129632e-01
   outer loop
     vertex  1.693373e+00  4.276972e+00  7.250000e+00
     vertex  1.290279e+00  4.675220e+00  7.500000e+00
     vertex  1.704168e+00  4.540739e+00  7.500000e+00
   endloop
 endfacet
 facet normal  2.957717e-01  6.285468e-01 -7.193386e-01
   outer loop
     vertex  1.693373e+00  4.276972e+00  7.250000e+00
     vertex  2.104336e+00  4.369699e+00  7.500000e+00
     vertex  2.216067e+00  4.031011e+00  7.250000e+00
   endloop
 endfacet
 facet normal  2.797039e-01  6.543998e-01 -7.025146e-01
   outer loop
     vertex  1.693373e+00  4.276972e+00  7.250000e+00
     vertex  1.704168e+00  4.540739e+00  7.500000e+00
     vertex  2.104336e+00  4.369699e+00  7.500000e+00
   endloop
 endfacet
 facet normal  2.310330e-01  6.675259e-01 -7.078368e-01
   outer loop
     vertex  1.693373e+00  4.276972e+00  7.250000e+00
     vertex  1.616732e+00  4.038401e+00  7.000000e+00
     vertex  1.225537e+00  4.173794e+00  7.000000e+00
   endloop
 endfacet
 facet normal  2.944191e-01  6.446880e-01 -7.054749e-01
   outer loop
     vertex  1.693373e+00  4.276972e+00  7.250000e+00
     vertex  1.993285e+00  3.866434e+00  7.000000e+00
     vertex  1.616732e+00  4.038401e+00  7.000000e+00
   endloop
 endfacet
 facet normal  3.048464e-01  6.478316e-01 -6.981281e-01
   outer loop
     vertex  1.693373e+00  4.276972e+00  7.250000e+00
     vertex  2.216067e+00  4.031011e+00  7.250000e+00
     vertex  1.993285e+00  3.866434e+00  7.000000e+00
   endloop
 endfacet
 facet normal  1.583613e-01  6.938263e-01 -7.025146e-01
   outer loop
     vertex  1.143973e+00  4.455483e+00  7.250000e+00
     vertex  8.660009e-01  4.772059e+00  7.500000e+00
     vertex  1.290279e+00  4.675220e+00  7.500000e+00
   endloop
 endfacet
 facet normal  1.652071e-01  6.809928e-01 -7.134111e-01
   outer loop
     vertex  1.143973e+00  4.455483e+00  7.250000e+00
     vertex  1.225537e+00  4.173794e+00  7.000000e+00
     vertex  8.232429e-01  4.271390e+00  7.000000e+00
   endloop
 endfacet
 facet normal  2.217225e-01  6.823918e-01 -6.965490e-01
   outer loop
     vertex  1.143973e+00  4.455483e+00  7.250000e+00
     vertex  1.693373e+00  4.276972e+00  7.250000e+00
     vertex  1.225537e+00  4.173794e+00  7.000000e+00
   endloop
 endfacet
 facet normal  2.166832e-01  6.668822e-01 -7.129632e-01
   outer loop
     vertex  1.143973e+00  4.455483e+00  7.250000e+00
     vertex  1.290279e+00  4.675220e+00  7.500000e+00
     vertex  1.693373e+00  4.276972e+00  7.250000e+00
   endloop
 endfacet
 facet normal  3.108887e-02  6.922474e-01 -7.209903e-01
   outer loop
     vertex  5.765329e-01  4.563728e+00  7.250000e+00
     vertex  2.969768e-16  4.850000e+00  7.500000e+00
     vertex  4.347506e-01  4.830475e+00  7.500000e+00
   endloop
 endfacet
 facet normal  9.581331e-02  7.073222e-01 -7.003678e-01
   outer loop
     vertex  5.765329e-01  4.563728e+00  7.250000e+00
     vertex  4.347506e-01  4.830475e+00  7.500000e+00
     vertex  8.660009e-01  4.772059e+00  7.500000e+00
   endloop
 endfacet
 facet normal  4.444343e-02  7.064081e-01 -7.064081e-01
   outer loop
     vertex  5.765329e-01  4.563728e+00  7.250000e+00
     vertex  2.663607e-16  4.350000e+00  7.000000e+00
     vertex  2.969768e-16  4.850000e+00  7.500000e+00
   endloop
 endfacet
 facet normal  3.426207e-02  7.192494e-01 -6.939067e-01
   outer loop
     vertex  5.765329e-01  4.563728e+00  7.250000e+00
     vertex  4.134938e-01  4.330303e+00  7.000000e+00
     vertex  2.663607e-16  4.350000e+00  7.000000e+00
   endloop
 endfacet
 facet normal  9.977974e-02  6.939833e-01 -7.130436e-01
   outer loop
     vertex  5.765329e-01  4.563728e+00  7.250000e+00
     vertex  8.232429e-01  4.271390e+00  7.000000e+00
     vertex  4.134938e-01  4.330303e+00  7.000000e+00
   endloop
 endfacet
 facet normal  1.349233e-01  7.072926e-01 -6.939257e-01
   outer loop
     vertex  5.765329e-01  4.563728e+00  7.250000e+00
     vertex  1.143973e+00  4.455483e+00  7.250000e+00
     vertex  8.232429e-01  4.271390e+00  7.000000e+00
   endloop
 endfacet
 facet normal  1.301662e-01  6.823553e-01 -7.193386e-01
   outer loop
     vertex  5.765329e-01  4.563728e+00  7.250000e+00
     vertex  8.660009e-01  4.772059e+00  7.500000e+00
     vertex  1.143973e+00  4.455483e+00  7.250000e+00
   endloop
 endfacet
 facet normal  0.000000e+00 -0.000000e+00 -1.000000e+00
   outer loop
     vertex  5.973312e-14 -1.900000e+00  0.000000e+00
     vertex  3.308648e-01 -2.830729e+00  0.000000e+00
     vertex -5.088794e-14 -2.850000e+00  0.000000e+00
   endloop
 endfacet
 facet normal  0.000000e+00  0.000000e+00 -1.000000e+00
   outer loop
     vertex  2.703982e-01 -1.880661e+00  0.000000e+00
     vertex  6.572552e-01 -2.773178e+00  0.000000e+00
     vertex  3.308648e-01 -2.830729e+00  0.000000e+00
   endloop
 endfacet
 facet normal  0.000000e+00 -0.000000e+00 -1.000000e+00
   outer loop
     vertex  2.703982e-01 -1.880661e+00  0.000000e+00
     vertex  3.308648e-01 -2.830729e+00  0.000000e+00
     vertex  5.973312e-14 -1.900000e+00  0.000000e+00
   endloop
 endfacet
 facet normal  0.000000e+00  0.000000e+00 -1.000000e+00
   outer loop
     vertex  5.352919e-01 -1.823037e+00  0.000000e+00
     vertex  9.747574e-01 -2.678124e+00  0.000000e+00
     vertex  6.572552e-01 -2.773178e+00  0.000000e+00
   endloop
 endfacet
 facet normal  0.000000e+00 -0.000000e+00 -1.000000e+00
   outer loop
     vertex  5.352919e-01 -1.823037e+00  0.000000e+00
     vertex  6.572552e-01 -2.773178e+00  0.000000e+00
     vertex  2.703982e-01 -1.880661e+00  0.000000e+00
   endloop
 endfacet
 facet normal  0.000000e+00  0.000000e+00 -1.000000e+00
   outer loop
     vertex  7.892885e-01 -1.728301e+00  0.000000e+00
     vertex  1.279078e+00 -2.546853e+00  0.000000e+00
     vertex  9.747574e-01 -2.678124e+00  0.000000e+00
   endloop
 endfacet
 facet normal  0.000000e+00 -0.000000e+00 -1.000000e+00
   outer loop
     vertex  7.892885e-01 -1.728301e+00  0.000000e+00
     vertex  9.747574e-01 -2.678124e+00  0.000000e+00
     vertex  5.352919e-01 -1.823037e+00  0.000000e+00
   endloop
 endfacet
 facet normal  0.000000e+00  0.000000e+00 -1.000000e+00
   outer loop
     vertex  1.027218e+00 -1.598382e+00  0.000000e+00
     vertex  1.566101e+00 -2.381140e+00  0.000000e+00
     vertex  1.279078e+00 -2.546853e+00  0.000000e+00
   endloop
 endfacet
 facet normal  0.000000e+00 -0.000000e+00 -1.000000e+00
   outer loop
     vertex  1.027218e+00 -1.598382e+00  0.000000e+00
     vertex  1.279078e+00 -2.546853e+00  0.000000e+00
     vertex  7.892885e-01 -1.728301e+00  0.000000e+00
   endloop
 endfacet
 facet normal -0.000000e+00  0.000000e+00 -1.000000e+00
   outer loop
     vertex  1.831945e+00 -2.183227e+00  0.000000e+00
     vertex  1.566101e+00 -2.381140e+00  0.000000e+00
     vertex  1.027218e+00 -1.598382e+00  0.000000e+00
   endloop
 endfacet
 facet normal  0.000000e+00 -0.000000e+00 -1.000000e+00
   outer loop
     vertex  1.244235e+00 -1.435924e+00  0.000000e+00
     vertex  1.831945e+00 -2.183227e+00  0.000000e+00
     vertex  1.027218e+00 -1.598382e+00  0.000000e+00
   endloop
 endfacet
 facet normal -0.000000e+00  0.000000e+00 -1.000000e+00
   outer loop
     vertex  2.073015e+00 -1.955789e+00  0.000000e+00
     vertex  1.831945e+00 -2.183227e+00  0.000000e+00
     vertex  1.244235e+00 -1.435924e+00  0.000000e+00
   endloop
 endfacet
 facet normal  0.000000e+00 -0.000000e+00 -1.000000e+00
   outer loop
     vertex  1.435924e+00 -1.244235e+00  0.000000e+00
     vertex  2.073015e+00 -1.955789e+00  0.000000e+00
     vertex  1.244235e+00 -1.435924e+00  0.000000e+00
   endloop
 endfacet
 facet normal  0.000000e+00  0.000000e+00 -1.000000e+00
   outer loop
     vertex  2.286051e+00 -1.701902e+00  0.000000e+00
     vertex  1.435924e+00 -1.244235e+00  0.000000e+00
     vertex  1.598382e+00 -1.027218e+00  0.000000e+00
   endloop
 endfacet
 facet normal -0.000000e+00  0.000000e+00 -1.000000e+00
   outer loop
     vertex  2.286051e+00 -1.701902e+00  0.000000e+00
     vertex  2.073015e+00 -1.955789e+00  0.000000e+00
     vertex  1.435924e+00 -1.244235e+00  0.000000e+00
   endloop
 endfacet
 facet normal  0.000000e+00  0.000000e+00 -1.000000e+00
   outer loop
     vertex  2.468172e+00 -1.425000e+00  0.000000e+00
     vertex  1.598382e+00 -1.027218e+00  0.000000e+00
     vertex  1.728301e+00 -7.892885e-01  0.000000e+00
   endloop
 endfacet
 facet normal -0.000000e+00  0.000000e+00 -1.000000e+00
   outer loop
     vertex  2.468172e+00 -1.425000e+00  0.000000e+00
     vertex  2.286051e+00 -1.701902e+00  0.000000e+00
     vertex  1.598382e+00 -1.027218e+00  0.000000e+00
   endloop
 endfacet
 facet normal  0.000000e+00  0.000000e+00 -1.000000e+00
   outer loop
     vertex  2.616916e+00 -1.128827e+00  0.000000e+00
     vertex  1.728301e+00 -7.892885e-01  0.000000e+00
     vertex  1.823037e+00 -5.352919e-01  0.000000e+00
   endloop
 endfacet
 facet normal -0.000000e+00  0.000000e+00 -1.000000e+00
   outer loop
     vertex  2.616916e+00 -1.128827e+00  0.000000e+00
     vertex  2.468172e+00 -1.425000e+00  0.000000e+00
     vertex  1.728301e+00 -7.892885e-01  0.000000e+00
   endloop
 endfacet
 facet normal -0.000000e+00  0.000000e+00 -1.000000e+00
   outer loop
     vertex  2.730270e+00 -8.173892e-01  0.000000e+00
     vertex  2.616916e+00 -1.128827e+00  0.000000e+00
     vertex  1.823037e+00 -5.352919e-01  0.000000e+00
   endloop
 endfacet
 facet normal  0.000000e+00  0.000000e+00 -1.000000e+00
   outer loop
     vertex  2.806702e+00 -4.948973e-01  0.000000e+00
     vertex  2.730270e+00 -8.173892e-01  0.000000e+00
     vertex  1.823037e+00 -5.352919e-01  0.000000e+00
   endloop
 endfacet
 facet normal -0.000000e+00  0.000000e+00 -1.000000e+00
   outer loop
     vertex  2.806702e+00 -4.948973e-01  0.000000e+00
     vertex  1.823037e+00 -5.352919e-01  0.000000e+00
     vertex  1.880661e+00 -2.703982e-01  0.000000e+00
   endloop
 endfacet
 facet normal -0.000000e+00  0.000000e+00 -1.000000e+00
   outer loop
     vertex  2.845178e+00 -1.657128e-01  0.000000e+00
     vertex  1.880661e+00 -2.703982e-01  0.000000e+00
     vertex  1.900000e+00  5.529159e-16  0.000000e+00
   endloop
 endfacet
 facet normal  0.000000e+00  0.000000e+00 -1.000000e+00
   outer loop
     vertex  2.845178e+00 -1.657128e-01  0.000000e+00
     vertex  2.806702e+00 -4.948973e-01  0.000000e+00
     vertex  1.880661e+00 -2.703982e-01  0.000000e+00
   endloop
 endfacet
 facet normal  0.000000e+00  0.000000e+00 -1.000000e+00
   outer loop
     vertex  2.845178e+00  1.657128e-01  0.000000e+00
     vertex  2.845178e+00 -1.657128e-01  0.000000e+00
     vertex  1.900000e+00  5.529159e-16  0.000000e+00
   endloop
 endfacet
 facet normal -0.000000e+00  0.000000e+00 -1.000000e+00
   outer loop
     vertex  2.845178e+00  1.657128e-01  0.000000e+00
     vertex  1.900000e+00  5.529159e-16  0.000000e+00
     vertex  1.880661e+00  2.703982e-01  0.000000e+00
   endloop
 endfacet
 facet normal -0.000000e+00  0.000000e+00 -1.000000e+00
   outer loop
     vertex  3.308648e-01  2.830729e+00  0.000000e+00
     vertex  6.038769e-14  1.900000e+00  0.000000e+00
     vertex -5.307022e-14  2.850000e+00  0.000000e+00
   endloop
 endfacet
 facet normal  0.000000e+00  0.000000e+00 -1.000000e+00
   outer loop
     vertex  3.308648e-01  2.830729e+00  0.000000e+00
     vertex  2.703982e-01  1.880661e+00  0.000000e+00
     vertex  6.038769e-14  1.900000e+00  0.000000e+00
   endloop
 endfacet
 facet normal -0.000000e+00  0.000000e+00 -1.000000e+00
   outer loop
     vertex  2.806702e+00  4.948973e-01  0.000000e+00
     vertex  1.880661e+00  2.703982e-01  0.000000e+00
     vertex  1.823037e+00  5.352919e-01  0.000000e+00
   endloop
 endfacet
 facet normal  0.000000e+00 -0.000000e+00 -1.000000e+00
   outer loop
     vertex  2.806702e+00  4.948973e-01  0.000000e+00
     vertex  2.845178e+00  1.657128e-01  0.000000e+00
     vertex  1.880661e+00  2.703982e-01  0.000000e+00
   endloop
 endfacet
 facet normal -0.000000e+00  0.000000e+00 -1.000000e+00
   outer loop
     vertex  6.572552e-01  2.773178e+00  0.000000e+00
     vertex  2.703982e-01  1.880661e+00  0.000000e+00
     vertex  3.308648e-01  2.830729e+00  0.000000e+00
   endloop
 endfacet
 facet normal  0.000000e+00  0.000000e+00 -1.000000e+00
   outer loop
     vertex  6.572552e-01  2.773178e+00  0.000000e+00
     vertex  5.352919e-01  1.823037e+00  0.000000e+00
     vertex  2.703982e-01  1.880661e+00  0.000000e+00
   endloop
 endfacet
 facet normal  0.000000e+00 -0.000000e+00 -1.000000e+00
   outer loop
     vertex  2.730270e+00  8.173892e-01  0.000000e+00
     vertex  2.806702e+00  4.948973e-01  0.000000e+00
     vertex  1.823037e+00  5.352919e-01  0.000000e+00
   endloop
 endfacet
 facet normal -0.000000e+00  0.000000e+00 -1.000000e+00
   outer loop
     vertex  9.747574e-01  2.678124e+00  0.000000e+00
     vertex  5.352919e-01  1.823037e+00  0.000000e+00
     vertex  6.572552e-01  2.773178e+00  0.000000e+00
   endloop
 endfacet
 facet normal  0.000000e+00  0.000000e+00 -1.000000e+00
   outer loop
     vertex  9.747574e-01  2.678124e+00  0.000000e+00
     vertex  7.892885e-01  1.728301e+00  0.000000e+00
     vertex  5.352919e-01  1.823037e+00  0.000000e+00
   endloop
 endfacet
 facet normal  0.000000e+00 -0.000000e+00 -1.000000e+00
   outer loop
     vertex  2.616916e+00  1.128827e+00  0.000000e+00
     vertex  2.730270e+00  8.173892e-01  0.000000e+00
     vertex  1.823037e+00  5.352919e-01  0.000000e+00
   endloop
 endfacet
 facet normal  0.000000e+00  0.000000e+00 -1.000000e+00
   outer loop
     vertex  2.616916e+00  1.128827e+00  0.000000e+00
     vertex  1.823037e+00  5.352919e-01  0.000000e+00
     vertex  1.728301e+00  7.892885e-01  0.000000e+00
   endloop
 endfacet
 facet normal -0.000000e+00  0.000000e+00 -1.000000e+00
   outer loop
     vertex  1.279078e+00  2.546853e+00  0.000000e+00
     vertex  7.892885e-01  1.728301e+00  0.000000e+00
     vertex  9.747574e-01  2.678124e+00  0.000000e+00
   endloop
 endfacet
 facet normal  0.000000e+00  0.000000e+00 -1.000000e+00
   outer loop
     vertex  1.279078e+00  2.546853e+00  0.000000e+00
     vertex  1.027218e+00  1.598382e+00  0.000000e+00
     vertex  7.892885e-01  1.728301e+00  0.000000e+00
   endloop
 endfacet
 facet normal  0.000000e+00 -0.000000e+00 -1.000000e+00
   outer loop
     vertex  2.468172e+00  1.425000e+00  0.000000e+00
     vertex  2.616916e+00  1.128827e+00  0.000000e+00
     vertex  1.728301e+00  7.892885e-01  0.000000e+00
   endloop
 endfacet
 facet normal  0.000000e+00  0.000000e+00 -1.000000e+00
   outer loop
     vertex  2.468172e+00  1.425000e+00  0.000000e+00
     vertex  1.728301e+00  7.892885e-01  0.000000e+00
     vertex  1.598382e+00  1.027218e+00  0.000000e+00
   endloop
 endfacet
 facet normal -0.000000e+00  0.000000e+00 -1.000000e+00
   outer loop
     vertex  1.566101e+00  2.381140e+00  0.000000e+00
     vertex  1.027218e+00  1.598382e+00  0.000000e+00
     vertex  1.279078e+00  2.546853e+00  0.000000e+00
   endloop
 endfacet
 facet normal  0.000000e+00 -0.000000e+00 -1.000000e+00
   outer loop
     vertex  2.286051e+00  1.701902e+00  0.000000e+00
     vertex  2.468172e+00  1.425000e+00  0.000000e+00
     vertex  1.598382e+00  1.027218e+00  0.000000e+00
   endloop
 endfacet
 facet normal  0.000000e+00  0.000000e+00 -1.000000e+00
   outer loop
     vertex  2.286051e+00  1.701902e+00  0.000000e+00
     vertex  1.598382e+00  1.027218e+00  0.000000e+00
     vertex  1.435924e+00  1.244235e+00  0.000000e+00
   endloop
 endfacet
 facet normal  0.000000e+00  0.000000e+00 -1.000000e+00
   outer loop
     vertex  1.831945e+00  2.183227e+00  0.000000e+00
     vertex  1.244235e+00  1.435924e+00  0.000000e+00
     vertex  1.027218e+00  1.598382e+00  0.000000e+00
   endloop
 endfacet
 facet normal -0.000000e+00  0.000000e+00 -1.000000e+00
   outer loop
     vertex  1.831945e+00  2.183227e+00  0.000000e+00
     vertex  1.027218e+00  1.598382e+00  0.000000e+00
     vertex  1.566101e+00  2.381140e+00  0.000000e+00
   endloop
 endfacet
 facet normal  0.000000e+00  0.000000e+00 -1.000000e+00
   outer loop
     vertex  2.073015e+00  1.955789e+00  0.000000e+00
     vertex  1.435924e+00  1.244235e+00  0.000000e+00
     vertex  1.244235e+00  1.435924e+00  0.000000e+00
   endloop
 endfacet
 facet normal  0.000000e+00 -0.000000e+00 -1.000000e+00
   outer loop
     vertex  2.073015e+00  1.955789e+00  0.000000e+00
     vertex  2.286051e+00  1.701902e+00  0.000000e+00
     vertex  1.435924e+00  1.244235e+00  0.000000e+00
   endloop
 endfacet
 facet normal -0.000000e+00  0.000000e+00 -1.000000e+00
   outer loop
     vertex  2.073015e+00  1.955789e+00  0.000000e+00
     vertex  1.244235e+00  1.435924e+00  0.000000e+00
     vertex  1.831945e+00  2.183227e+00  0.000000e+00
   endloop
 endfacet
 facet normal -4.629653e-02  7.063486e-01  7.063486e-01
   outer loop
     vertex  5.973312e-14 -1.900000e+00  0.000000e+00
     vertex -4.041334e-16 -2.200000e+00  3.000000e-01
     vertex  2.871576e-01 -2.181179e+00  3.000000e-01
   endloop
 endfacet
 facet normal -1.384072e-01  6.958202e-01  7.047536e-01
   outer loop
     vertex  2.703982e-01 -1.880661e+00  0.000000e+00
     vertex  2.871576e-01 -2.181179e+00  3.000000e-01
     vertex  5.694019e-01 -2.125037e+00  3.000000e-01
   endloop
 endfacet
 facet normal -5.036479e-02  7.041918e-01  7.082212e-01
   outer loop
     vertex  2.703982e-01 -1.880661e+00  0.000000e+00
     vertex  5.973312e-14 -1.900000e+00  0.000000e+00
     vertex  2.871576e-01 -2.181179e+00  3.000000e-01
   endloop
 endfacet
 facet normal -2.284552e-01  6.730072e-01  7.034697e-01
   outer loop
     vertex  5.352919e-01 -1.823037e+00  0.000000e+00
     vertex  5.694019e-01 -2.125037e+00  3.000000e-01
     vertex  8.419036e-01 -2.032535e+00  3.000000e-01
   endloop
 endfacet
 facet normal -1.497190e-01  6.882473e-01  7.098591e-01
   outer loop
     vertex  5.352919e-01 -1.823037e+00  0.000000e+00
     vertex  2.703982e-01 -1.880661e+00  0.000000e+00
     vertex  5.694019e-01 -2.125037e+00  3.000000e-01
   endloop
 endfacet
 facet normal -3.147688e-01  6.382880e-01  7.025020e-01
   outer loop
     vertex  7.892885e-01 -1.728301e+00  0.000000e+00
     vertex  8.419036e-01 -2.032535e+00  3.000000e-01
     vertex  1.100000e+00 -1.905256e+00  3.000000e-01
   endloop
 endfacet
 facet normal -2.456961e-01  6.587369e-01  7.111253e-01
   outer loop
     vertex  7.892885e-01 -1.728301e+00  0.000000e+00
     vertex  5.352919e-01 -1.823037e+00  0.000000e+00
     vertex  8.419036e-01 -2.032535e+00  3.000000e-01
   endloop
 endfacet
 facet normal -3.957439e-01  5.922726e-01  7.018546e-01
   outer loop
     vertex  1.027218e+00 -1.598382e+00  0.000000e+00
     vertex  1.100000e+00 -1.905256e+00  3.000000e-01
     vertex  1.339275e+00 -1.745377e+00  3.000000e-01
   endloop
 endfacet
 facet normal -3.365064e-01  6.162654e-01  7.120256e-01
   outer loop
     vertex  1.027218e+00 -1.598382e+00  0.000000e+00
     vertex  7.892885e-01 -1.728301e+00  0.000000e+00
     vertex  1.100000e+00 -1.905256e+00  3.000000e-01
   endloop
 endfacet
 facet normal -4.698760e-01  5.357909e-01  7.015302e-01
   outer loop
     vertex  1.244235e+00 -1.435924e+00  0.000000e+00
     vertex  1.339275e+00 -1.745377e+00  3.000000e-01
     vertex  1.555635e+00 -1.555635e+00  3.000000e-01
   endloop
 endfacet
 facet normal -4.204574e-01  5.616653e-01  7.125642e-01
   outer loop
     vertex  1.244235e+00 -1.435924e+00  0.000000e+00
     vertex  1.027218e+00 -1.598382e+00  0.000000e+00
     vertex  1.339275e+00 -1.745377e+00  3.000000e-01
   endloop
 endfacet
 facet normal -5.357909e-01  4.698760e-01  7.015302e-01
   outer loop
     vertex  1.435924e+00 -1.244235e+00  0.000000e+00
     vertex  1.555635e+00 -1.555635e+00  3.000000e-01
     vertex  1.745377e+00 -1.339275e+00  3.000000e-01
   endloop
 endfacet
 facet normal -4.959823e-01  4.959823e-01  7.127434e-01
   outer loop
     vertex  1.435924e+00 -1.244235e+00  0.000000e+00
     vertex  1.244235e+00 -1.435924e+00  0.000000e+00
     vertex  1.555635e+00 -1.555635e+00  3.000000e-01
   endloop
 endfacet
 facet normal -5.922726e-01  3.957439e-01  7.018546e-01
   outer loop
     vertex  1.598382e+00 -1.027218e+00  0.000000e+00
     vertex  1.745377e+00 -1.339275e+00  3.000000e-01
     vertex  1.905256e+00 -1.100000e+00  3.000000e-01
   endloop
 endfacet
 facet normal -5.616653e-01  4.204574e-01  7.125642e-01
   outer loop
     vertex  1.598382e+00 -1.027218e+00  0.000000e+00
     vertex  1.435924e+00 -1.244235e+00  0.000000e+00
     vertex  1.745377e+00 -1.339275e+00  3.000000e-01
   endloop
 endfacet
 facet normal -6.382880e-01  3.147688e-01  7.025020e-01
   outer loop
     vertex  1.728301e+00 -7.892885e-01  0.000000e+00
     vertex  1.905256e+00 -1.100000e+00  3.000000e-01
     vertex  2.032535e+00 -8.419036e-01  3.000000e-01
   endloop
 endfacet
 facet normal -6.162654e-01  3.365064e-01  7.120256e-01
   outer loop
     vertex  1.728301e+00 -7.892885e-01  0.000000e+00
     vertex  1.598382e+00 -1.027218e+00  0.000000e+00
     vertex  1.905256e+00 -1.100000e+00  3.000000e-01
   endloop
 endfacet
 facet normal -6.730072e-01  2.284552e-01  7.034697e-01
   outer loop
     vertex  1.823037e+00 -5.352919e-01  0.000000e+00
     vertex  2.032535e+00 -8.419036e-01  3.000000e-01
     vertex  2.125037e+00 -5.694019e-01  3.000000e-01
   endloop
 endfacet
 facet normal -6.587369e-01  2.456961e-01  7.111253e-01
   outer loop
     vertex  1.823037e+00 -5.352919e-01  0.000000e+00
     vertex  1.728301e+00 -7.892885e-01  0.000000e+00
     vertex  2.032535e+00 -8.419036e-01  3.000000e-01
   endloop
 endfacet
 facet normal -6.958202e-01  1.384072e-01  7.047536e-01
   outer loop
     vertex  1.880661e+00 -2.703982e-01  0.000000e+00
     vertex  2.125037e+00 -5.694019e-01  3.000000e-01
     vertex  2.181179e+00 -2.871576e-01  3.000000e-01
   endloop
 endfacet
 facet normal -6.882473e-01  1.497190e-01  7.098591e-01
   outer loop
     vertex  1.880661e+00 -2.703982e-01  0.000000e+00
     vertex  1.823037e+00 -5.352919e-01  0.000000e+00
     vertex  2.125037e+00 -5.694019e-01  3.000000e-01
   endloop
 endfacet
 facet normal -7.063486e-01  4.629653e-02  7.063486e-01
   outer loop
     vertex  1.900000e+00  5.529159e-16  0.000000e+00
     vertex  2.181179e+00 -2.871576e-01  3.000000e-01
     vertex  2.200000e+00 -5.034646e-17  3.000000e-01
   endloop
 endfacet
 facet normal -7.063486e-01 -4.629653e-02  7.063486e-01
   outer loop
     vertex  1.900000e+00  5.529159e-16  0.000000e+00
     vertex  2.200000e+00 -5.034646e-17  3.000000e-01
     vertex  2.181179e+00  2.871576e-01  3.000000e-01
   endloop
 endfacet
 facet normal -7.041918e-01  5.036479e-02  7.082212e-01
   outer loop
     vertex  1.900000e+00  5.529159e-16  0.000000e+00
     vertex  1.880661e+00 -2.703982e-01  0.000000e+00
     vertex  2.181179e+00 -2.871576e-01  3.000000e-01
   endloop
 endfacet
 facet normal -6.958202e-01 -1.384072e-01  7.047536e-01
   outer loop
     vertex  1.880661e+00  2.703982e-01  0.000000e+00
     vertex  2.181179e+00  2.871576e-01  3.000000e-01
     vertex  2.125037e+00  5.694019e-01  3.000000e-01
   endloop
 endfacet
 facet normal -7.041918e-01 -5.036479e-02  7.082212e-01
   outer loop
     vertex  1.880661e+00  2.703982e-01  0.000000e+00
     vertex  1.900000e+00  5.529159e-16  0.000000e+00
     vertex  2.181179e+00  2.871576e-01  3.000000e-01
   endloop
 endfacet
 facet normal -6.882473e-01 -1.497190e-01  7.098591e-01
   outer loop
     vertex  1.823037e+00  5.352919e-01  0.000000e+00
     vertex  1.880661e+00  2.703982e-01  0.000000e+00
     vertex  2.125037e+00  5.694019e-01  3.000000e-01
   endloop
 endfacet
 facet normal -6.730072e-01 -2.284552e-01  7.034697e-01
   outer loop
     vertex  1.823037e+00  5.352919e-01  0.000000e+00
     vertex  2.125037e+00  5.694019e-01  3.000000e-01
     vertex  2.032535e+00  8.419036e-01  3.000000e-01
   endloop
 endfacet
 facet normal -6.587369e-01 -2.456961e-01  7.111253e-01
   outer loop
     vertex  1.728301e+00  7.892885e-01  0.000000e+00
     vertex  1.823037e+00  5.352919e-01  0.000000e+00
     vertex  2.032535e+00  8.419036e-01  3.000000e-01
   endloop
 endfacet
 facet normal -6.382880e-01 -3.147688e-01  7.025020e-01
   outer loop
     vertex  1.728301e+00  7.892885e-01  0.000000e+00
     vertex  2.032535e+00  8.419036e-01  3.000000e-01
     vertex  1.905256e+00  1.100000e+00  3.000000e-01
   endloop
 endfacet
 facet normal -6.162654e-01 -3.365064e-01  7.120256e-01
   outer loop
     vertex  1.598382e+00  1.027218e+00  0.000000e+00
     vertex  1.728301e+00  7.892885e-01  0.000000e+00
     vertex  1.905256e+00  1.100000e+00  3.000000e-01
   endloop
 endfacet
 facet normal -5.922726e-01 -3.957439e-01  7.018546e-01
   outer loop
     vertex  1.598382e+00  1.027218e+00  0.000000e+00
     vertex  1.905256e+00  1.100000e+00  3.000000e-01
     vertex  1.745377e+00  1.339275e+00  3.000000e-01
   endloop
 endfacet
 facet normal -5.616653e-01 -4.204574e-01  7.125642e-01
   outer loop
     vertex  1.435924e+00  1.244235e+00  0.000000e+00
     vertex  1.598382e+00  1.027218e+00  0.000000e+00
     vertex  1.745377e+00  1.339275e+00  3.000000e-01
   endloop
 endfacet
 facet normal -5.357909e-01 -4.698760e-01  7.015302e-01
   outer loop
     vertex  1.435924e+00  1.244235e+00  0.000000e+00
     vertex  1.745377e+00  1.339275e+00  3.000000e-01
     vertex  1.555635e+00  1.555635e+00  3.000000e-01
   endloop
 endfacet
 facet normal -4.959823e-01 -4.959823e-01  7.127434e-01
   outer loop
     vertex  1.244235e+00  1.435924e+00  0.000000e+00
     vertex  1.435924e+00  1.244235e+00  0.000000e+00
     vertex  1.555635e+00  1.555635e+00  3.000000e-01
   endloop
 endfacet
 facet normal -4.698760e-01 -5.357909e-01  7.015302e-01
   outer loop
     vertex  1.244235e+00  1.435924e+00  0.000000e+00
     vertex  1.555635e+00  1.555635e+00  3.000000e-01
     vertex  1.339275e+00  1.745377e+00  3.000000e-01
   endloop
 endfacet
 facet normal -4.204574e-01 -5.616653e-01  7.125642e-01
   outer loop
     vertex  1.027218e+00  1.598382e+00  0.000000e+00
     vertex  1.244235e+00  1.435924e+00  0.000000e+00
     vertex  1.339275e+00  1.745377e+00  3.000000e-01
   endloop
 endfacet
 facet normal -3.957439e-01 -5.922726e-01  7.018546e-01
   outer loop
     vertex  1.027218e+00  1.598382e+00  0.000000e+00
     vertex  1.339275e+00  1.745377e+00  3.000000e-01
     vertex  1.100000e+00  1.905256e+00  3.000000e-01
   endloop
 endfacet
 facet normal -3.365064e-01 -6.162654e-01  7.120256e-01
   outer loop
     vertex  7.892885e-01  1.728301e+00  0.000000e+00
     vertex  1.027218e+00  1.598382e+00  0.000000e+00
     vertex  1.100000e+00  1.905256e+00  3.000000e-01
   endloop
 endfacet
 facet normal -3.147688e-01 -6.382880e-01  7.025020e-01
   outer loop
     vertex  7.892885e-01  1.728301e+00  0.000000e+00
     vertex  1.100000e+00  1.905256e+00  3.000000e-01
     vertex  8.419036e-01  2.032535e+00  3.000000e-01
   endloop
 endfacet
 facet normal -2.456961e-01 -6.587369e-01  7.111253e-01
   outer loop
     vertex  5.352919e-01  1.823037e+00  0.000000e+00
     vertex  7.892885e-01  1.728301e+00  0.000000e+00
     vertex  8.419036e-01  2.032535e+00  3.000000e-01
   endloop
 endfacet
 facet normal -2.284552e-01 -6.730072e-01  7.034697e-01
   outer loop
     vertex  5.352919e-01  1.823037e+00  0.000000e+00
     vertex  8.419036e-01  2.032535e+00  3.000000e-01
     vertex  5.694019e-01  2.125037e+00  3.000000e-01
   endloop
 endfacet
 facet normal -1.497190e-01 -6.882473e-01  7.098591e-01
   outer loop
     vertex  2.703982e-01  1.880661e+00  0.000000e+00
     vertex  5.352919e-01  1.823037e+00  0.000000e+00
     vertex  5.694019e-01  2.125037e+00  3.000000e-01
   endloop
 endfacet
 facet normal -1.384072e-01 -6.958202e-01  7.047536e-01
   outer loop
     vertex  2.703982e-01  1.880661e+00  0.000000e+00
     vertex  5.694019e-01  2.125037e+00  3.000000e-01
     vertex  2.871576e-01  2.181179e+00  3.000000e-01
   endloop
 endfacet
 facet normal -5.036479e-02 -7.041918e-01  7.082212e-01
   outer loop
     vertex  6.038769e-14  1.900000e+00  0.000000e+00
     vertex  2.703982e-01  1.880661e+00  0.000000e+00
     vertex  2.871576e-01  2.181179e+00  3.000000e-01
   endloop
 endfacet
 facet normal -4.629653e-02 -7.063486e-01  7.063486e-01
   outer loop
     vertex  6.038769e-14  1.900000e+00  0.000000e+00
     vertex  2.871576e-01  2.181179e+00  3.000000e-01
     vertex  1.347111e-16  2.200000e+00  3.000000e-01
   endloop
 endfacet
 facet normal -6.540313e-02  9.978589e-01  0.000000e+00
   outer loop
     vertex  2.871576e-01 -2.181179e+00  2.200000e+00
     vertex -4.041334e-16 -2.200000e+00  3.000000e-01
     vertex -4.041334e-16 -2.200000e+00  2.200000e+00
   endloop
 endfacet
 facet normal -6.540313e-02  9.978589e-01  0.000000e+00
   outer loop
     vertex  2.871576e-01 -2.181179e+00  2.200000e+00
     vertex  2.871576e-01 -2.181179e+00  3.000000e-01
     vertex -4.041334e-16 -2.200000e+00  3.000000e-01
   endloop
 endfacet
 facet normal -1.950903e-01  9.807853e-01  0.000000e+00
   outer loop
     vertex  5.694019e-01 -2.125037e+00  2.200000e+00
     vertex  5.694019e-01 -2.125037e+00  3.000000e-01
     vertex  2.871576e-01 -2.181179e+00  3.000000e-01
   endloop
 endfacet
 facet normal -1.950903e-01  9.807853e-01  0.000000e+00
   outer loop
     vertex  5.694019e-01 -2.125037e+00  2.200000e+00
     vertex  2.871576e-01 -2.181179e+00  3.000000e-01
     vertex  2.871576e-01 -2.181179e+00  2.200000e+00
   endloop
 endfacet
 facet normal -3.214395e-01  9.469301e-01  0.000000e+00
   outer loop
     vertex  8.419036e-01 -2.032535e+00  2.200000e+00
     vertex  8.419036e-01 -2.032535e+00  3.000000e-01
     vertex  5.694019e-01 -2.125037e+00  3.000000e-01
   endloop
 endfacet
 facet normal -4.422887e-01  8.968727e-01  0.000000e+00
   outer loop
     vertex  8.419036e-01 -2.032535e+00  2.200000e+00
     vertex  1.100000e+00 -1.905256e+00  3.000000e-01
     vertex  8.419036e-01 -2.032535e+00  3.000000e-01
   endloop
 endfacet
 facet normal -3.214395e-01  9.469301e-01  0.000000e+00
   outer loop
     vertex  8.419036e-01 -2.032535e+00  2.200000e+00
     vertex  5.694019e-01 -2.125037e+00  3.000000e-01
     vertex  5.694019e-01 -2.125037e+00  2.200000e+00
   endloop
 endfacet
 facet normal -4.422887e-01  8.968727e-01  0.000000e+00
   outer loop
     vertex  1.100000e+00 -1.905256e+00  2.200000e+00
     vertex  1.100000e+00 -1.905256e+00  3.000000e-01
     vertex  8.419036e-01 -2.032535e+00  2.200000e+00
   endloop
 endfacet
 facet normal -5.555702e-01  8.314696e-01  0.000000e+00
   outer loop
     vertex  1.339275e+00 -1.745377e+00  2.200000e+00
     vertex  1.339275e+00 -1.745377e+00  3.000000e-01
     vertex  1.100000e+00 -1.905256e+00  3.000000e-01
   endloop
 endfacet
 facet normal -5.555702e-01  8.314696e-01  0.000000e+00
   outer loop
     vertex  1.339275e+00 -1.745377e+00  2.200000e+00
     vertex  1.100000e+00 -1.905256e+00  3.000000e-01
     vertex  1.100000e+00 -1.905256e+00  2.200000e+00
   endloop
 endfacet
 facet normal -6.593458e-01  7.518398e-01  0.000000e+00
   outer loop
     vertex  1.555635e+00 -1.555635e+00  2.200000e+00
     vertex  1.555635e+00 -1.555635e+00  3.000000e-01
     vertex  1.339275e+00 -1.745377e+00  3.000000e-01
   endloop
 endfacet
 facet normal -6.593458e-01  7.518398e-01  0.000000e+00
   outer loop
     vertex  1.555635e+00 -1.555635e+00  2.200000e+00
     vertex  1.339275e+00 -1.745377e+00  3.000000e-01
     vertex  1.339275e+00 -1.745377e+00  2.200000e+00
   endloop
 endfacet
 facet normal -7.518398e-01  6.593458e-01  0.000000e+00
   outer loop
     vertex  1.745377e+00 -1.339275e+00  2.200000e+00
     vertex  1.745377e+00 -1.339275e+00  3.000000e-01
     vertex  1.555635e+00 -1.555635e+00  3.000000e-01
   endloop
 endfacet
 facet normal -7.518398e-01  6.593458e-01  0.000000e+00
   outer loop
     vertex  1.745377e+00 -1.339275e+00  2.200000e+00
     vertex  1.555635e+00 -1.555635e+00  3.000000e-01
     vertex  1.555635e+00 -1.555635e+00  2.200000e+00
   endloop
 endfacet
 facet normal -8.314696e-01  5.555702e-01  0.000000e+00
   outer loop
     vertex  1.905256e+00 -1.100000e+00  2.200000e+00
     vertex  1.905256e+00 -1.100000e+00  3.000000e-01
     vertex  1.745377e+00 -1.339275e+00  3.000000e-01
   endloop
 endfacet
 facet normal -8.314696e-01  5.555702e-01  0.000000e+00
   outer loop
     vertex  1.905256e+00 -1.100000e+00  2.200000e+00
     vertex  1.745377e+00 -1.339275e+00  3.000000e-01
     vertex  1.745377e+00 -1.339275e+00  2.200000e+00
   endloop
 endfacet
 facet normal -8.968727e-01  4.422887e-01  0.000000e+00
   outer loop
     vertex  2.032535e+00 -8.419036e-01  2.200000e+00
     vertex  2.032535e+00 -8.419036e-01  3.000000e-01
     vertex  1.905256e+00 -1.100000e+00  3.000000e-01
   endloop
 endfacet
 facet normal -8.968727e-01  4.422887e-01  0.000000e+00
   outer loop
     vertex  2.032535e+00 -8.419036e-01  2.200000e+00
     vertex  1.905256e+00 -1.100000e+00  3.000000e-01
     vertex  1.905256e+00 -1.100000e+00  2.200000e+00
   endloop
 endfacet
 facet normal -9.469301e-01  3.214395e-01  0.000000e+00
   outer loop
     vertex  2.125037e+00 -5.694019e-01  2.200000e+00
     vertex  2.125037e+00 -5.694019e-01  3.000000e-01
     vertex  2.032535e+00 -8.419036e-01  3.000000e-01
   endloop
 endfacet
 facet normal -9.469301e-01  3.214395e-01  0.000000e+00
   outer loop
     vertex  2.125037e+00 -5.694019e-01  2.200000e+00
     vertex  2.032535e+00 -8.419036e-01  3.000000e-01
     vertex  2.032535e+00 -8.419036e-01  2.200000e+00
   endloop
 endfacet
 facet normal -9.807853e-01  1.950903e-01  0.000000e+00
   outer loop
     vertex  2.181179e+00 -2.871576e-01  2.200000e+00
     vertex  2.181179e+00 -2.871576e-01  3.000000e-01
     vertex  2.125037e+00 -5.694019e-01  3.000000e-01
   endloop
 endfacet
 facet normal -9.807853e-01  1.950903e-01  0.000000e+00
   outer loop
     vertex  2.181179e+00 -2.871576e-01  2.200000e+00
     vertex  2.125037e+00 -5.694019e-01  3.000000e-01
     vertex  2.125037e+00 -5.694019e-01  2.200000e+00
   endloop
 endfacet
 facet normal -9.978589e-01  6.540313e-02  0.000000e+00
   outer loop
     vertex  2.200000e+00 -5.034646e-17  2.200000e+00
     vertex  2.181179e+00 -2.871576e-01  3.000000e-01
     vertex  2.181179e+00 -2.871576e-01  2.200000e+00
   endloop
 endfacet
 facet normal -9.978589e-01  6.540313e-02  0.000000e+00
   outer loop
     vertex  2.200000e+00 -5.034646e-17  2.200000e+00
     vertex  2.200000e+00 -5.034646e-17  3.000000e-01
     vertex  2.181179e+00 -2.871576e-01  3.000000e-01
   endloop
 endfacet
 facet normal -9.978589e-01 -6.540313e-02  0.000000e+00
   outer loop
     vertex  2.181179e+00  2.871576e-01  2.200000e+00
     vertex  2.200000e+00 -5.034646e-17  3.000000e-01
     vertex  2.200000e+00 -5.034646e-17  2.200000e+00
   endloop
 endfacet
 facet normal -9.978589e-01 -6.540313e-02 -0.000000e+00
   outer loop
     vertex  2.181179e+00  2.871576e-01  2.200000e+00
     vertex  2.181179e+00  2.871576e-01  3.000000e-01
     vertex  2.200000e+00 -5.034646e-17  3.000000e-01
   endloop
 endfacet
 facet normal -9.807853e-01 -1.950903e-01  0.000000e+00
   outer loop
     vertex  2.125037e+00  5.694019e-01  2.200000e+00
     vertex  2.181179e+00  2.871576e-01  3.000000e-01
     vertex  2.181179e+00  2.871576e-01  2.200000e+00
   endloop
 endfacet
 facet normal -9.807853e-01 -1.950903e-01 -0.000000e+00
   outer loop
     vertex  2.125037e+00  5.694019e-01  2.200000e+00
     vertex  2.125037e+00  5.694019e-01  3.000000e-01
     vertex  2.181179e+00  2.871576e-01  3.000000e-01
   endloop
 endfacet
 facet normal -9.469301e-01 -3.214395e-01  0.000000e+00
   outer loop
     vertex  2.032535e+00  8.419036e-01  2.200000e+00
     vertex  2.125037e+00  5.694019e-01  3.000000e-01
     vertex  2.125037e+00  5.694019e-01  2.200000e+00
   endloop
 endfacet
 facet normal -9.469301e-01 -3.214395e-01 -0.000000e+00
   outer loop
     vertex  2.032535e+00  8.419036e-01  2.200000e+00
     vertex  2.032535e+00  8.419036e-01  3.000000e-01
     vertex  2.125037e+00  5.694019e-01  3.000000e-01
   endloop
 endfacet
 facet normal -8.968727e-01 -4.422887e-01  0.000000e+00
   outer loop
     vertex  1.905256e+00  1.100000e+00  2.200000e+00
     vertex  2.032535e+00  8.419036e-01  3.000000e-01
     vertex  2.032535e+00  8.419036e-01  2.200000e+00
   endloop
 endfacet
 facet normal -8.968727e-01 -4.422887e-01 -0.000000e+00
   outer loop
     vertex  1.905256e+00  1.100000e+00  2.200000e+00
     vertex  1.905256e+00  1.100000e+00  3.000000e-01
     vertex  2.032535e+00  8.419036e-01  3.000000e-01
   endloop
 endfacet
 facet normal -8.314696e-01 -5.555702e-01  0.000000e+00
   outer loop
     vertex  1.745377e+00  1.339275e+00  2.200000e+00
     vertex  1.905256e+00  1.100000e+00  3.000000e-01
     vertex  1.905256e+00  1.100000e+00  2.200000e+00
   endloop
 endfacet
 facet normal -8.314696e-01 -5.555702e-01 -0.000000e+00
   outer loop
     vertex  1.745377e+00  1.339275e+00  2.200000e+00
     vertex  1.745377e+00  1.339275e+00  3.000000e-01
     vertex  1.905256e+00  1.100000e+00  3.000000e-01
   endloop
 endfacet
 facet normal -7.518398e-01 -6.593458e-01  0.000000e+00
   outer loop
     vertex  1.555635e+00  1.555635e+00  2.200000e+00
     vertex  1.745377e+00  1.339275e+00  3.000000e-01
     vertex  1.745377e+00  1.339275e+00  2.200000e+00
   endloop
 endfacet
 facet normal -7.518398e-01 -6.593458e-01 -0.000000e+00
   outer loop
     vertex  1.555635e+00  1.555635e+00  2.200000e+00
     vertex  1.555635e+00  1.555635e+00  3.000000e-01
     vertex  1.745377e+00  1.339275e+00  3.000000e-01
   endloop
 endfacet
 facet normal -6.593458e-01 -7.518398e-01  0.000000e+00
   outer loop
     vertex  1.339275e+00  1.745377e+00  2.200000e+00
     vertex  1.555635e+00  1.555635e+00  3.000000e-01
     vertex  1.555635e+00  1.555635e+00  2.200000e+00
   endloop
 endfacet
 facet normal -6.593458e-01 -7.518398e-01 -0.000000e+00
   outer loop
     vertex  1.339275e+00  1.745377e+00  2.200000e+00
     vertex  1.339275e+00  1.745377e+00  3.000000e-01
     vertex  1.555635e+00  1.555635e+00  3.000000e-01
   endloop
 endfacet
 facet normal -5.555702e-01 -8.314696e-01  0.000000e+00
   outer loop
     vertex  1.100000e+00  1.905256e+00  2.200000e+00
     vertex  1.339275e+00  1.745377e+00  3.000000e-01
     vertex  1.339275e+00  1.745377e+00  2.200000e+00
   endloop
 endfacet
 facet normal -5.555702e-01 -8.314696e-01 -0.000000e+00
   outer loop
     vertex  1.100000e+00  1.905256e+00  2.200000e+00
     vertex  1.100000e+00  1.905256e+00  3.000000e-01
     vertex  1.339275e+00  1.745377e+00  3.000000e-01
   endloop
 endfacet
 facet normal -4.422887e-01 -8.968727e-01  0.000000e+00
   outer loop
     vertex  8.419036e-01  2.032535e+00  2.200000e+00
     vertex  1.100000e+00  1.905256e+00  3.000000e-01
     vertex  1.100000e+00  1.905256e+00  2.200000e+00
   endloop
 endfacet
 facet normal -4.422887e-01 -8.968727e-01 -0.000000e+00
   outer loop
     vertex  8.419036e-01  2.032535e+00  2.200000e+00
     vertex  8.419036e-01  2.032535e+00  3.000000e-01
     vertex  1.100000e+00  1.905256e+00  3.000000e-01
   endloop
 endfacet
 facet normal -3.214395e-01 -9.469301e-01  0.000000e+00
   outer loop
     vertex  5.694019e-01  2.125037e+00  2.200000e+00
     vertex  8.419036e-01  2.032535e+00  3.000000e-01
     vertex  8.419036e-01  2.032535e+00  2.200000e+00
   endloop
 endfacet
 facet normal -3.214395e-01 -9.469301e-01 -0.000000e+00
   outer loop
     vertex  5.694019e-01  2.125037e+00  2.200000e+00
     vertex  5.694019e-01  2.125037e+00  3.000000e-01
     vertex  8.419036e-01  2.032535e+00  3.000000e-01
   endloop
 endfacet
 facet normal -1.950903e-01 -9.807853e-01  0.000000e+00
   outer loop
     vertex  2.871576e-01  2.181179e+00  2.200000e+00
     vertex  5.694019e-01  2.125037e+00  3.000000e-01
     vertex  5.694019e-01  2.125037e+00  2.200000e+00
   endloop
 endfacet
 facet normal -1.950903e-01 -9.807853e-01 -0.000000e+00
   outer loop
     vertex  2.871576e-01  2.181179e+00  2.200000e+00
     vertex  2.871576e-01  2.181179e+00  3.000000e-01
     vertex  5.694019e-01  2.125037e+00  3.000000e-01
   endloop
 endfacet
 facet normal -6.540313e-02 -9.978589e-01  0.000000e+00
   outer loop
     vertex  1.347111e-16  2.200000e+00  2.200000e+00
     vertex  2.871576e-01  2.181179e+00  3.000000e-01
     vertex  2.871576e-01  2.181179e+00  2.200000e+00
   endloop
 endfacet
 facet normal -6.540313e-02 -9.978589e-01 -0.000000e+00
   outer loop
     vertex  1.347111e-16  2.200000e+00  2.200000e+00
     vertex  1.347111e-16  2.200000e+00  3.000000e-01
     vertex  2.871576e-01  2.181179e+00  3.000000e-01
   endloop
 endfacet
 facet normal -4.629653e-02  7.063486e-01 -7.063486e-01
   outer loop
     vertex -3.490243e-16 -1.900000e+00  2.500000e+00
     vertex  2.871576e-01 -2.181179e+00  2.200000e+00
     vertex -4.041334e-16 -2.200000e+00  2.200000e+00
   endloop
 endfacet
 facet normal -1.384072e-01  6.958202e-01 -7.047536e-01
   outer loop
     vertex  2.703982e-01 -1.880661e+00  2.500000e+00
     vertex  5.694019e-01 -2.125037e+00  2.200000e+00
     vertex  2.871576e-01 -2.181179e+00  2.200000e+00
   endloop
 endfacet
 facet normal -5.036479e-02  7.041918e-01 -7.082212e-01
   outer loop
     vertex  2.703982e-01 -1.880661e+00  2.500000e+00
     vertex  2.871576e-01 -2.181179e+00  2.200000e+00
     vertex -3.490243e-16 -1.900000e+00  2.500000e+00
   endloop
 endfacet
 facet normal -2.284552e-01  6.730072e-01 -7.034697e-01
   outer loop
     vertex  5.352919e-01 -1.823037e+00  2.500000e+00
     vertex  8.419036e-01 -2.032535e+00  2.200000e+00
     vertex  5.694019e-01 -2.125037e+00  2.200000e+00
   endloop
 endfacet
 facet normal -1.497190e-01  6.882473e-01 -7.098591e-01
   outer loop
     vertex  5.352919e-01 -1.823037e+00  2.500000e+00
     vertex  5.694019e-01 -2.125037e+00  2.200000e+00
     vertex  2.703982e-01 -1.880661e+00  2.500000e+00
   endloop
 endfacet
 facet normal -3.147688e-01  6.382880e-01 -7.025020e-01
   outer loop
     vertex  7.892885e-01 -1.728301e+00  2.500000e+00
     vertex  1.100000e+00 -1.905256e+00  2.200000e+00
     vertex  8.419036e-01 -2.032535e+00  2.200000e+00
   endloop
 endfacet
 facet normal -2.456961e-01  6.587369e-01 -7.111253e-01
   outer loop
     vertex  7.892885e-01 -1.728301e+00  2.500000e+00
     vertex  8.419036e-01 -2.032535e+00  2.200000e+00
     vertex  5.352919e-01 -1.823037e+00  2.500000e+00
   endloop
 endfacet
 facet normal -3.957439e-01  5.922726e-01 -7.018546e-01
   outer loop
     vertex  1.027218e+00 -1.598382e+00  2.500000e+00
     vertex  1.339275e+00 -1.745377e+00  2.200000e+00
     vertex  1.100000e+00 -1.905256e+00  2.200000e+00
   endloop
 endfacet
 facet normal -3.365064e-01  6.162654e-01 -7.120256e-01
   outer loop
     vertex  1.027218e+00 -1.598382e+00  2.500000e+00
     vertex  1.100000e+00 -1.905256e+00  2.200000e+00
     vertex  7.892885e-01 -1.728301e+00  2.500000e+00
   endloop
 endfacet
 facet normal -4.698760e-01  5.357909e-01 -7.015302e-01
   outer loop
     vertex  1.244235e+00 -1.435924e+00  2.500000e+00
     vertex  1.555635e+00 -1.555635e+00  2.200000e+00
     vertex  1.339275e+00 -1.745377e+00  2.200000e+00
   endloop
 endfacet
 facet normal -4.204574e-01  5.616653e-01 -7.125642e-01
   outer loop
     vertex  1.244235e+00 -1.435924e+00  2.500000e+00
     vertex  1.339275e+00 -1.745377e+00  2.200000e+00
     vertex  1.027218e+00 -1.598382e+00  2.500000e+00
   endloop
 endfacet
 facet normal -5.357909e-01  4.698760e-01 -7.015302e-01
   outer loop
     vertex  1.435924e+00 -1.244235e+00  2.500000e+00
     vertex  1.745377e+00 -1.339275e+00  2.200000e+00
     vertex  1.555635e+00 -1.555635e+00  2.200000e+00
   endloop
 endfacet
 facet normal -4.959823e-01  4.959823e-01 -7.127434e-01
   outer loop
     vertex  1.435924e+00 -1.244235e+00  2.500000e+00
     vertex  1.555635e+00 -1.555635e+00  2.200000e+00
     vertex  1.244235e+00 -1.435924e+00  2.500000e+00
   endloop
 endfacet
 facet normal -5.922726e-01  3.957439e-01 -7.018546e-01
   outer loop
     vertex  1.598382e+00 -1.027218e+00  2.500000e+00
     vertex  1.905256e+00 -1.100000e+00  2.200000e+00
     vertex  1.745377e+00 -1.339275e+00  2.200000e+00
   endloop
 endfacet
 facet normal -5.616653e-01  4.204574e-01 -7.125642e-01
   outer loop
     vertex  1.598382e+00 -1.027218e+00  2.500000e+00
     vertex  1.745377e+00 -1.339275e+00  2.200000e+00
     vertex  1.435924e+00 -1.244235e+00  2.500000e+00
   endloop
 endfacet
 facet normal -6.382880e-01  3.147688e-01 -7.025020e-01
   outer loop
     vertex  1.728301e+00 -7.892885e-01  2.500000e+00
     vertex  2.032535e+00 -8.419036e-01  2.200000e+00
     vertex  1.905256e+00 -1.100000e+00  2.200000e+00
   endloop
 endfacet
 facet normal -6.162654e-01  3.365064e-01 -7.120256e-01
   outer loop
     vertex  1.728301e+00 -7.892885e-01  2.500000e+00
     vertex  1.905256e+00 -1.100000e+00  2.200000e+00
     vertex  1.598382e+00 -1.027218e+00  2.500000e+00
   endloop
 endfacet
 facet normal -6.730072e-01  2.284552e-01 -7.034697e-01
   outer loop
     vertex  1.823037e+00 -5.352919e-01  2.500000e+00
     vertex  2.125037e+00 -5.694019e-01  2.200000e+00
     vertex  2.032535e+00 -8.419036e-01  2.200000e+00
   endloop
 endfacet
 facet normal -6.587369e-01  2.456961e-01 -7.111253e-01
   outer loop
     vertex  1.823037e+00 -5.352919e-01  2.500000e+00
     vertex  2.032535e+00 -8.419036e-01  2.200000e+00
     vertex  1.728301e+00 -7.892885e-01  2.500000e+00
   endloop
 endfacet
 facet normal -6.958202e-01  1.384072e-01 -7.047536e-01
   outer loop
     vertex  1.880661e+00 -2.703982e-01  2.500000e+00
     vertex  2.181179e+00 -2.871576e-01  2.200000e+00
     vertex  2.125037e+00 -5.694019e-01  2.200000e+00
   endloop
 endfacet
 facet normal -6.882473e-01  1.497190e-01 -7.098591e-01
   outer loop
     vertex  1.880661e+00 -2.703982e-01  2.500000e+00
     vertex  2.125037e+00 -5.694019e-01  2.200000e+00
     vertex  1.823037e+00 -5.352919e-01  2.500000e+00
   endloop
 endfacet
 facet normal -7.063486e-01  4.629653e-02 -7.063486e-01
   outer loop
     vertex  1.900000e+00 -8.872505e-16  2.500000e+00
     vertex  2.200000e+00 -5.034646e-17  2.200000e+00
     vertex  2.181179e+00 -2.871576e-01  2.200000e+00
   endloop
 endfacet
 facet normal -7.063486e-01 -4.629653e-02 -7.063486e-01
   outer loop
     vertex  1.900000e+00 -8.872505e-16  2.500000e+00
     vertex  2.181179e+00  2.871576e-01  2.200000e+00
     vertex  2.200000e+00 -5.034646e-17  2.200000e+00
   endloop
 endfacet
 facet normal -7.041918e-01  5.036479e-02 -7.082212e-01
   outer loop
     vertex  1.900000e+00 -8.872505e-16  2.500000e+00
     vertex  2.181179e+00 -2.871576e-01  2.200000e+00
     vertex  1.880661e+00 -2.703982e-01  2.500000e+00
   endloop
 endfacet
 facet normal -6.958202e-01 -1.384072e-01 -7.047536e-01
   outer loop
     vertex  1.880661e+00  2.703982e-01  2.500000e+00
     vertex  2.125037e+00  5.694019e-01  2.200000e+00
     vertex  2.181179e+00  2.871576e-01  2.200000e+00
   endloop
 endfacet
 facet normal -7.041918e-01 -5.036479e-02 -7.082212e-01
   outer loop
     vertex  1.880661e+00  2.703982e-01  2.500000e+00
     vertex  2.181179e+00  2.871576e-01  2.200000e+00
     vertex  1.900000e+00 -8.872505e-16  2.500000e+00
   endloop
 endfacet
 facet normal -6.882473e-01 -1.497190e-01 -7.098591e-01
   outer loop
     vertex  1.823037e+00  5.352919e-01  2.500000e+00
     vertex  2.125037e+00  5.694019e-01  2.200000e+00
     vertex  1.880661e+00  2.703982e-01  2.500000e+00
   endloop
 endfacet
 facet normal -6.730072e-01 -2.284552e-01 -7.034697e-01
   outer loop
     vertex  1.823037e+00  5.352919e-01  2.500000e+00
     vertex  2.032535e+00  8.419036e-01  2.200000e+00
     vertex  2.125037e+00  5.694019e-01  2.200000e+00
   endloop
 endfacet
 facet normal -6.587369e-01 -2.456961e-01 -7.111253e-01
   outer loop
     vertex  1.728301e+00  7.892885e-01  2.500000e+00
     vertex  2.032535e+00  8.419036e-01  2.200000e+00
     vertex  1.823037e+00  5.352919e-01  2.500000e+00
   endloop
 endfacet
 facet normal -6.382880e-01 -3.147688e-01 -7.025020e-01
   outer loop
     vertex  1.728301e+00  7.892885e-01  2.500000e+00
     vertex  1.905256e+00  1.100000e+00  2.200000e+00
     vertex  2.032535e+00  8.419036e-01  2.200000e+00
   endloop
 endfacet
 facet normal -6.162654e-01 -3.365064e-01 -7.120256e-01
   outer loop
     vertex  1.598382e+00  1.027218e+00  2.500000e+00
     vertex  1.905256e+00  1.100000e+00  2.200000e+00
     vertex  1.728301e+00  7.892885e-01  2.500000e+00
   endloop
 endfacet
 facet normal -5.922726e-01 -3.957439e-01 -7.018546e-01
   outer loop
     vertex  1.598382e+00  1.027218e+00  2.500000e+00
     vertex  1.745377e+00  1.339275e+00  2.200000e+00
     vertex  1.905256e+00  1.100000e+00  2.200000e+00
   endloop
 endfacet
 facet normal -5.616653e-01 -4.204574e-01 -7.125642e-01
   outer loop
     vertex  1.435924e+00  1.244235e+00  2.500000e+00
     vertex  1.745377e+00  1.339275e+00  2.200000e+00
     vertex  1.598382e+00  1.027218e+00  2.500000e+00
   endloop
 endfacet
 facet normal -5.357909e-01 -4.698760e-01 -7.015302e-01
   outer loop
     vertex  1.435924e+00  1.244235e+00  2.500000e+00
     vertex  1.555635e+00  1.555635e+00  2.200000e+00
     vertex  1.745377e+00  1.339275e+00  2.200000e+00
   endloop
 endfacet
 facet normal -4.959823e-01 -4.959823e-01 -7.127434e-01
   outer loop
     vertex  1.244235e+00  1.435924e+00  2.500000e+00
     vertex  1.555635e+00  1.555635e+00  2.200000e+00
     vertex  1.435924e+00  1.244235e+00  2.500000e+00
   endloop
 endfacet
 facet normal -4.698760e-01 -5.357909e-01 -7.015302e-01
   outer loop
     vertex  1.244235e+00  1.435924e+00  2.500000e+00
     vertex  1.339275e+00  1.745377e+00  2.200000e+00
     vertex  1.555635e+00  1.555635e+00  2.200000e+00
   endloop
 endfacet
 facet normal -4.204574e-01 -5.616653e-01 -7.125642e-01
   outer loop
     vertex  1.027218e+00  1.598382e+00  2.500000e+00
     vertex  1.339275e+00  1.745377e+00  2.200000e+00
     vertex  1.244235e+00  1.435924e+00  2.500000e+00
   endloop
 endfacet
 facet normal -3.957439e-01 -5.922726e-01 -7.018546e-01
   outer loop
     vertex  1.027218e+00  1.598382e+00  2.500000e+00
     vertex  1.100000e+00  1.905256e+00  2.200000e+00
     vertex  1.339275e+00  1.745377e+00  2.200000e+00
   endloop
 endfacet
 facet normal -3.365064e-01 -6.162654e-01 -7.120256e-01
   outer loop
     vertex  7.892885e-01  1.728301e+00  2.500000e+00
     vertex  1.100000e+00  1.905256e+00  2.200000e+00
     vertex  1.027218e+00  1.598382e+00  2.500000e+00
   endloop
 endfacet
 facet normal -3.147688e-01 -6.382880e-01 -7.025020e-01
   outer loop
     vertex  7.892885e-01  1.728301e+00  2.500000e+00
     vertex  8.419036e-01  2.032535e+00  2.200000e+00
     vertex  1.100000e+00  1.905256e+00  2.200000e+00
   endloop
 endfacet
 facet normal -2.456961e-01 -6.587369e-01 -7.111253e-01
   outer loop
     vertex  5.352919e-01  1.823037e+00  2.500000e+00
     vertex  8.419036e-01  2.032535e+00  2.200000e+00
     vertex  7.892885e-01  1.728301e+00  2.500000e+00
   endloop
 endfacet
 facet normal -2.284552e-01 -6.730072e-01 -7.034697e-01
   outer loop
     vertex  5.352919e-01  1.823037e+00  2.500000e+00
     vertex  5.694019e-01  2.125037e+00  2.200000e+00
     vertex  8.419036e-01  2.032535e+00  2.200000e+00
   endloop
 endfacet
 facet normal -1.497190e-01 -6.882473e-01 -7.098591e-01
   outer loop
     vertex  2.703982e-01  1.880661e+00  2.500000e+00
     vertex  5.694019e-01  2.125037e+00  2.200000e+00
     vertex  5.352919e-01  1.823037e+00  2.500000e+00
   endloop
 endfacet
 facet normal -1.384072e-01 -6.958202e-01 -7.047536e-01
   outer loop
     vertex  2.703982e-01  1.880661e+00  2.500000e+00
     vertex  2.871576e-01  2.181179e+00  2.200000e+00
     vertex  5.694019e-01  2.125037e+00  2.200000e+00
   endloop
 endfacet
 facet normal -5.036479e-02 -7.041918e-01 -7.082212e-01
   outer loop
     vertex  1.163414e-16  1.900000e+00  2.500000e+00
     vertex  2.871576e-01  2.181179e+00  2.200000e+00
     vertex  2.703982e-01  1.880661e+00  2.500000e+00
   endloop
 endfacet
 facet normal -4.629653e-02 -7.063486e-01 -7.063486e-01
   outer loop
     vertex  1.163414e-16  1.900000e+00  2.500000e+00
     vertex  1.347111e-16  2.200000e+00  2.200000e+00
     vertex  2.871576e-01  2.181179e+00  2.200000e+00
   endloop
 endfacet
 facet normal  0.000000e+00  0.000000e+00 -1.000000e+00
   outer loop
     vertex  1.435924e+00 -1.244235e+00  2.500000e+00
     vertex  1.244235e+00 -1.435924e+00  2.500000e+00
     vertex  1.027218e+00 -1.598382e+00  2.500000e+00
   endloop
 endfacet
 facet normal  0.000000e+00  0.000000e+00 -1.000000e+00
   outer loop
     vertex  1.598382e+00 -1.027218e+00  2.500000e+00
     vertex  1.435924e+00 -1.244235e+00  2.500000e+00
     vertex  1.027218e+00 -1.598382e+00  2.500000e+00
   endloop
 endfacet
 facet normal  0.000000e+00  0.000000e+00 -1.000000e+00
   outer loop
     vertex  1.900000e+00 -8.872505e-16  2.500000e+00
     vertex  1.880661e+00 -2.703982e-01  2.500000e+00
     vertex  1.823037e+00 -5.352919e-01  2.500000e+00
   endloop
 endfacet
 facet normal  0.000000e+00  0.000000e+00 -1.000000e+00
   outer loop
     vertex  1.880661e+00  2.703982e-01  2.500000e+00
     vertex  1.728301e+00 -7.892885e-01  2.500000e+00
     vertex  1.598382e+00 -1.027218e+00  2.500000e+00
   endloop
 endfacet
 facet normal  0.000000e+00  0.000000e+00 -1.000000e+00
   outer loop
     vertex  1.880661e+00  2.703982e-01  2.500000e+00
     vertex  1.823037e+00 -5.352919e-01  2.500000e+00
     vertex  1.728301e+00 -7.892885e-01  2.500000e+00
   endloop
 endfacet
 facet normal  0.000000e+00 -0.000000e+00 -1.000000e+00
   outer loop
     vertex  1.880661e+00  2.703982e-01  2.500000e+00
     vertex  1.900000e+00 -8.872505e-16  2.500000e+00
     vertex  1.823037e+00 -5.352919e-01  2.500000e+00
   endloop
 endfacet
 facet normal  0.000000e+00  0.000000e+00 -1.000000e+00
   outer loop
     vertex  7.892885e-01  1.728301e+00  2.500000e+00
     vertex  2.703982e-01  1.880661e+00  2.500000e+00
     vertex  5.352919e-01  1.823037e+00  2.500000e+00
   endloop
 endfacet
 facet normal  0.000000e+00  0.000000e+00 -1.000000e+00
   outer loop
     vertex  1.598382e+00  1.027218e+00  2.500000e+00
     vertex  1.823037e+00  5.352919e-01  2.500000e+00
     vertex  1.880661e+00  2.703982e-01  2.500000e+00
   endloop
 endfacet
 facet normal  0.000000e+00  0.000000e+00 -1.000000e+00
   outer loop
     vertex  1.598382e+00  1.027218e+00  2.500000e+00
     vertex  1.728301e+00  7.892885e-01  2.500000e+00
     vertex  1.823037e+00  5.352919e-01  2.500000e+00
   endloop
 endfacet
 facet normal  0.000000e+00  0.000000e+00 -1.000000e+00
   outer loop
     vertex  1.027218e+00  1.598382e+00  2.500000e+00
     vertex  1.163414e-16  1.900000e+00  2.500000e+00
     vertex  2.703982e-01  1.880661e+00  2.500000e+00
   endloop
 endfacet
 facet normal  0.000000e+00  0.000000e+00 -1.000000e+00
   outer loop
     vertex  1.027218e+00  1.598382e+00  2.500000e+00
     vertex  2.703982e-01  1.880661e+00  2.500000e+00
     vertex  7.892885e-01  1.728301e+00  2.500000e+00
   endloop
 endfacet
 facet normal  0.000000e+00  0.000000e+00 -1.000000e+00
   outer loop
     vertex  1.435924e+00  1.244235e+00  2.500000e+00
     vertex  1.598382e+00  1.027218e+00  2.500000e+00
     vertex  1.880661e+00  2.703982e-01  2.500000e+00
   endloop
 endfacet
 facet normal  0.000000e+00  0.000000e+00 -1.000000e+00
   outer loop
     vertex  1.244235e+00  1.435924e+00  2.500000e+00
     vertex  2.703982e-01 -1.880661e+00  2.500000e+00
     vertex -3.490243e-16 -1.900000e+00  2.500000e+00
   endloop
 endfacet
 facet normal  0.000000e+00  0.000000e+00 -1.000000e+00
   outer loop
     vertex  1.244235e+00  1.435924e+00  2.500000e+00
     vertex  5.352919e-01 -1.823037e+00  2.500000e+00
     vertex  2.703982e-01 -1.880661e+00  2.500000e+00
   endloop
 endfacet
 facet normal  0.000000e+00  0.000000e+00 -1.000000e+00
   outer loop
     vertex  1.244235e+00  1.435924e+00  2.500000e+00
     vertex  7.892885e-01 -1.728301e+00  2.500000e+00
     vertex  5.352919e-01 -1.823037e+00  2.500000e+00
   endloop
 endfacet
 facet normal  0.000000e+00  0.000000e+00 -1.000000e+00
   outer loop
     vertex  1.244235e+00  1.435924e+00  2.500000e+00
     vertex  1.027218e+00 -1.598382e+00  2.500000e+00
     vertex  7.892885e-01 -1.728301e+00  2.500000e+00
   endloop
 endfacet
 facet normal -0.000000e+00  0.000000e+00 -1.000000e+00
   outer loop
     vertex  1.244235e+00  1.435924e+00  2.500000e+00
     vertex -3.490243e-16 -1.900000e+00  2.500000e+00
     vertex  1.163414e-16  1.900000e+00  2.500000e+00
   endloop
 endfacet
 facet normal  0.000000e+00 -0.000000e+00 -1.000000e+00
   outer loop
     vertex  1.244235e+00  1.435924e+00  2.500000e+00
     vertex  1.598382e+00 -1.027218e+00  2.500000e+00
     vertex  1.027218e+00 -1.598382e+00  2.500000e+00
   endloop
 endfacet
 facet normal  0.000000e+00  0.000000e+00 -1.000000e+00
   outer loop
     vertex  1.244235e+00  1.435924e+00  2.500000e+00
     vertex  1.435924e+00  1.244235e+00  2.500000e+00
     vertex  1.880661e+00  2.703982e-01  2.500000e+00
   endloop
 endfacet
 facet normal  0.000000e+00  0.000000e+00 -1.000000e+00
   outer loop
     vertex  1.244235e+00  1.435924e+00  2.500000e+00
     vertex  1.880661e+00  2.703982e-01  2.500000e+00
     vertex  1.598382e+00 -1.027218e+00  2.500000e+00
   endloop
 endfacet
 facet normal  0.000000e+00  0.000000e+00 -1.000000e+00
   outer loop
     vertex  1.244235e+00  1.435924e+00  2.500000e+00
     vertex  1.163414e-16  1.900000e+00  2.500000e+00
     vertex  1.027218e+00  1.598382e+00  2.500000e+00
   endloop
 endfacet
 facet normal  2.322720e-02 -9.997302e-01 -4.356288e-17
   outer loop
     vertex  2.252430e-01 -4.844767e+00  8.224757e+00
     vertex  8.909305e-16 -4.850000e+00  8.450000e+00
     vertex -8.909305e-16 -4.850000e+00  7.500000e+00
   endloop
 endfacet
 facet normal  4.486478e-02 -9.989921e-01  1.422344e-03
   outer loop
     vertex  4.500000e-01 -4.829079e+00  8.000000e+00
     vertex -8.909305e-16 -4.850000e+00  7.500000e+00
     vertex  4.347506e-01 -4.830475e+00  7.500000e+00
   endloop
 endfacet
 facet normal  5.865511e-02 -9.982175e-01 -1.102136e-02
   outer loop
     vertex  4.500000e-01 -4.829079e+00  8.000000e+00
     vertex  2.252430e-01 -4.844767e+00  8.224757e+00
     vertex -8.909305e-16 -4.850000e+00  7.500000e+00
   endloop
 endfacet
 facet normal  1.342331e-01 -9.909489e-01 -1.325743e-03
   outer loop
     vertex  8.660009e-01 -4.772059e+00  7.500000e+00
     vertex  4.500000e-01 -4.829079e+00  8.000000e+00
     vertex  4.347506e-01 -4.830475e+00  7.500000e+00
   endloop
 endfacet
 facet normal  1.372665e-01 -9.905334e-01  1.245396e-03
   outer loop
     vertex  8.801511e-01 -4.769469e+00  8.000000e+00
     vertex  4.500000e-01 -4.829079e+00  8.000000e+00
     vertex  8.660009e-01 -4.772059e+00  7.500000e+00
   endloop
 endfacet
 facet normal  2.225208e-01 -9.749272e-01 -1.248146e-03
   outer loop
     vertex  1.290279e+00 -4.675220e+00  7.500000e+00
     vertex  8.801511e-01 -4.769469e+00  8.000000e+00
     vertex  8.660009e-01 -4.772059e+00  7.500000e+00
   endloop
 endfacet
 facet normal  2.253182e-01 -9.742845e-01  1.167620e-03
   outer loop
     vertex  1.303246e+00 -4.671622e+00  8.000000e+00
     vertex  8.801511e-01 -4.769469e+00  8.000000e+00
     vertex  1.290279e+00 -4.675220e+00  7.500000e+00
   endloop
 endfacet
 facet normal  3.090168e-01 -9.510559e-01 -1.170193e-03
   outer loop
     vertex  1.704168e+00 -4.540739e+00  7.500000e+00
     vertex  1.303246e+00 -4.671622e+00  8.000000e+00
     vertex  1.290279e+00 -4.675220e+00  7.500000e+00
   endloop
 endfacet
 facet normal  3.115636e-01 -9.502247e-01  1.089490e-03
   outer loop
     vertex  1.715892e+00 -4.536322e+00  8.000000e+00
     vertex  1.303246e+00 -4.671622e+00  8.000000e+00
     vertex  1.704168e+00 -4.540739e+00  7.500000e+00
   endloop
 endfacet
 facet normal  3.930248e-01 -9.195272e-01 -1.091885e-03
   outer loop
     vertex  2.104336e+00 -4.369699e+00  7.500000e+00
     vertex  1.715892e+00 -4.536322e+00  8.000000e+00
     vertex  1.704168e+00 -4.540739e+00  7.500000e+00
   endloop
 endfacet
 facet normal  3.953110e-01 -9.185468e-01  1.011005e-03
   outer loop
     vertex  2.114782e+00 -4.364653e+00  8.000000e+00
     vertex  1.715892e+00 -4.536322e+00  8.000000e+00
     vertex  2.104336e+00 -4.369699e+00  7.500000e+00
   endloop
 endfacet
 facet normal  4.738684e-01 -8.805951e-01 -1.013223e-03
   outer loop
     vertex  2.487561e+00 -4.163477e+00  7.500000e+00
     vertex  2.114782e+00 -4.364653e+00  8.000000e+00
     vertex  2.104336e+00 -4.369699e+00  7.500000e+00
   endloop
 endfacet
 facet normal  4.758893e-01 -8.795047e-01  9.321651e-04
   outer loop
     vertex  2.496718e+00 -4.157992e+00  8.000000e+00
     vertex  2.114782e+00 -4.364653e+00  8.000000e+00
     vertex  2.487561e+00 -4.163477e+00  7.500000e+00
   endloop
 endfacet
 facet normal  5.508967e-01 -8.345729e-01 -9.342054e-04
   outer loop
     vertex  2.850758e+00 -3.923732e+00  7.500000e+00
     vertex  2.496718e+00 -4.157992e+00  8.000000e+00
     vertex  2.487561e+00 -4.163477e+00  7.500000e+00
   endloop
 endfacet
 facet normal  5.526523e-01 -8.334115e-01  8.529703e-04
   outer loop
     vertex  2.858636e+00 -3.917997e+00  8.000000e+00
     vertex  2.496718e+00 -4.157992e+00  8.000000e+00
     vertex  2.850758e+00 -3.923732e+00  7.500000e+00
   endloop
 endfacet
 facet normal  6.234896e-01 -7.818312e-01 -8.548332e-04
   outer loop
     vertex  3.191003e+00 -3.652397e+00  7.500000e+00
     vertex  2.858636e+00 -3.917997e+00  8.000000e+00
     vertex  2.850758e+00 -3.923732e+00  7.500000e+00
   endloop
 endfacet
 facet normal  6.249845e-01 -7.806367e-01  7.734206e-04
   outer loop
     vertex  3.197637e+00 -3.646590e+00  8.000000e+00
     vertex  2.858636e+00 -3.917997e+00  8.000000e+00
     vertex  3.191003e+00 -3.652397e+00  7.500000e+00
   endloop
 endfacet
 facet normal  6.910624e-01 -7.227946e-01 -7.751061e-04
   outer loop
     vertex  3.505555e+00 -3.351654e+00  7.500000e+00
     vertex  3.197637e+00 -3.646590e+00  8.000000e+00
     vertex  3.191003e+00 -3.652397e+00  7.500000e+00
   endloop
 endfacet
 facet normal  6.923063e-01 -7.216035e-01  6.935160e-04
   outer loop
     vertex  3.511002e+00 -3.345948e+00  8.000000e+00
     vertex  3.197637e+00 -3.646590e+00  8.000000e+00
     vertex  3.505555e+00 -3.351654e+00  7.500000e+00
   endloop
 endfacet
 facet normal  7.530713e-01 -6.579386e-01 -6.950241e-04
   outer loop
     vertex  3.791883e+00 -3.023926e+00  7.500000e+00
     vertex  3.511002e+00 -3.345948e+00  8.000000e+00
     vertex  3.505555e+00 -3.351654e+00  7.500000e+00
   endloop
 endfacet
 facet normal  7.540776e-01 -6.567850e-01  6.132566e-04
   outer loop
     vertex  3.796219e+00 -3.018480e+00  8.000000e+00
     vertex  3.511002e+00 -3.345948e+00  8.000000e+00
     vertex  3.791883e+00 -3.023926e+00  7.500000e+00
   endloop
 endfacet
 facet normal  8.090168e-01 -5.877851e-01 -6.145872e-04
   outer loop
     vertex  4.047680e+00 -2.671850e+00  7.500000e+00
     vertex  3.796219e+00 -3.018480e+00  8.000000e+00
     vertex  3.791883e+00 -3.023926e+00  7.500000e+00
   endloop
 endfacet
 facet normal  8.098035e-01 -5.867010e-01  5.326423e-04
   outer loop
     vertex  4.051000e+00 -2.666814e+00  8.000000e+00
     vertex  3.796219e+00 -3.018480e+00  8.000000e+00
     vertex  4.047680e+00 -2.671850e+00  7.500000e+00
   endloop
 endfacet
 facet normal  8.584487e-01 -5.128992e-01 -5.337955e-04
   outer loop
     vertex  4.270888e+00 -2.298263e+00  7.500000e+00
     vertex  4.051000e+00 -2.666814e+00  8.000000e+00
     vertex  4.047680e+00 -2.671850e+00  7.500000e+00
   endloop
 endfacet
 facet normal  8.590370e-01 -5.119133e-01  4.516731e-04
   outer loop
     vertex  4.273305e+00 -2.293767e+00  8.000000e+00
     vertex  4.051000e+00 -2.666814e+00  8.000000e+00
     vertex  4.270888e+00 -2.298263e+00  7.500000e+00
   endloop
 endfacet
 facet normal  9.009688e-01 -4.338837e-01 -4.526489e-04
   outer loop
     vertex  4.459710e+00 -1.906171e+00  7.500000e+00
     vertex  4.273305e+00 -2.293767e+00  8.000000e+00
     vertex  4.270888e+00 -2.298263e+00  7.500000e+00
   endloop
 endfacet
 facet normal  9.013835e-01 -4.330215e-01  3.703492e-04
   outer loop
     vertex  4.461349e+00 -1.902330e+00  8.000000e+00
     vertex  4.273305e+00 -2.293767e+00  8.000000e+00
     vertex  4.459710e+00 -1.906171e+00  7.500000e+00
   endloop
 endfacet
 facet normal  9.362348e-01 -3.513748e-01 -3.711475e-04
   outer loop
     vertex  4.612624e+00 -1.498732e+00  7.500000e+00
     vertex  4.461349e+00 -1.902330e+00  8.000000e+00
     vertex  4.459710e+00 -1.906171e+00  7.500000e+00
   endloop
 endfacet
 facet normal  9.365035e-01 -3.506581e-01  2.886703e-04
   outer loop
     vertex  4.613627e+00 -1.495643e+00  8.000000e+00
     vertex  4.461349e+00 -1.902330e+00  8.000000e+00
     vertex  4.612624e+00 -1.498732e+00  7.500000e+00
   endloop
 endfacet
 facet normal  9.639628e-01 -2.660368e-01 -2.892913e-04
   outer loop
     vertex  4.728400e+00 -1.079227e+00  7.500000e+00
     vertex  4.613627e+00 -1.495643e+00  8.000000e+00
     vertex  4.612624e+00 -1.498732e+00  7.500000e+00
   endloop
 endfacet
 facet normal  9.641154e-01 -2.654834e-01  2.066366e-04
   outer loop
     vertex  4.728916e+00 -1.076964e+00  8.000000e+00
     vertex  4.613627e+00 -1.495643e+00  8.000000e+00
     vertex  4.728400e+00 -1.079227e+00  7.500000e+00
   endloop
 endfacet
 facet normal  9.839296e-01 -1.785569e-01 -2.070802e-04
   outer loop
     vertex  4.806106e+00 -6.510313e-01  7.500000e+00
     vertex  4.728916e+00 -1.076964e+00  8.000000e+00
     vertex  4.728400e+00 -1.079227e+00  7.500000e+00
   endloop
 endfacet
 facet normal  9.839978e-01 -1.781803e-01  1.242481e-04
   outer loop
     vertex  4.806293e+00 -6.496518e-01  8.000000e+00
     vertex  4.728916e+00 -1.076964e+00  8.000000e+00
     vertex  4.806106e+00 -6.510313e-01  7.500000e+00
   endloop
 endfacet
 facet normal  9.959743e-01 -8.963931e-02 -1.245142e-04
   outer loop
     vertex  4.845116e+00 -2.175944e-01  7.500000e+00
     vertex  4.806293e+00 -6.496518e-01  8.000000e+00
     vertex  4.806106e+00 -6.510313e-01  7.500000e+00
   endloop
 endfacet
 facet normal  9.959914e-01 -8.944872e-02  4.150474e-05
   outer loop
     vertex  4.845137e+00 -2.171309e-01  8.000000e+00
     vertex  4.806293e+00 -6.496518e-01  8.000000e+00
     vertex  4.845116e+00 -2.175944e-01  7.500000e+00
   endloop
 endfacet
 facet normal  1.000000e+00  2.040903e-15 -4.159345e-05
   outer loop
     vertex  4.845116e+00  2.175944e-01  7.500000e+00
     vertex  4.845137e+00 -2.171309e-01  8.000000e+00
     vertex  4.845116e+00 -2.175944e-01  7.500000e+00
   endloop
 endfacet
 facet normal  1.000000e+00 -2.045261e-15 -4.159345e-05
   outer loop
     vertex  4.845137e+00  2.171309e-01  8.000000e+00
     vertex  4.845137e+00 -2.171309e-01  8.000000e+00
     vertex  4.845116e+00  2.175944e-01  7.500000e+00
   endloop
 endfacet
 facet normal  9.959743e-01  8.963931e-02 -1.245142e-04
   outer loop
     vertex  4.806293e+00  6.496518e-01  8.000000e+00
     vertex  4.845116e+00  2.175944e-01  7.500000e+00
     vertex  4.806106e+00  6.510313e-01  7.500000e+00
   endloop
 endfacet
 facet normal  9.959914e-01  8.944872e-02  4.150474e-05
   outer loop
     vertex  4.806293e+00  6.496518e-01  8.000000e+00
     vertex  4.845137e+00  2.171309e-01  8.000000e+00
     vertex  4.845116e+00  2.175944e-01  7.500000e+00
   endloop
 endfacet
 facet normal  9.839296e-01  1.785569e-01 -2.070802e-04
   outer loop
     vertex  4.728916e+00  1.076964e+00  8.000000e+00
     vertex  4.806106e+00  6.510313e-01  7.500000e+00
     vertex  4.728400e+00  1.079227e+00  7.500000e+00
   endloop
 endfacet
 facet normal  9.839978e-01  1.781803e-01  1.242481e-04
   outer loop
     vertex  4.728916e+00  1.076964e+00  8.000000e+00
     vertex  4.806293e+00  6.496518e-01  8.000000e+00
     vertex  4.806106e+00  6.510313e-01  7.500000e+00
   endloop
 endfacet
 facet normal  9.639628e-01  2.660368e-01 -2.892913e-04
   outer loop
     vertex  4.613627e+00  1.495643e+00  8.000000e+00
     vertex  4.728400e+00  1.079227e+00  7.500000e+00
     vertex  4.612624e+00  1.498732e+00  7.500000e+00
   endloop
 endfacet
 facet normal  9.641154e-01  2.654834e-01  2.066366e-04
   outer loop
     vertex  4.613627e+00  1.495643e+00  8.000000e+00
     vertex  4.728916e+00  1.076964e+00  8.000000e+00
     vertex  4.728400e+00  1.079227e+00  7.500000e+00
   endloop
 endfacet
 facet normal  9.362348e-01  3.513748e-01 -3.711475e-04
   outer loop
     vertex  4.461349e+00  1.902330e+00  8.000000e+00
     vertex  4.612624e+00  1.498732e+00  7.500000e+00
     vertex  4.459710e+00  1.906171e+00  7.500000e+00
   endloop
 endfacet
 facet normal  9.365035e-01  3.506581e-01  2.886703e-04
   outer loop
     vertex  4.461349e+00  1.902330e+00  8.000000e+00
     vertex  4.613627e+00  1.495643e+00  8.000000e+00
     vertex  4.612624e+00  1.498732e+00  7.500000e+00
   endloop
 endfacet
 facet normal  9.009688e-01  4.338837e-01 -4.526489e-04
   outer loop
     vertex  4.273305e+00  2.293767e+00  8.000000e+00
     vertex  4.459710e+00  1.906171e+00  7.500000e+00
     vertex  4.270888e+00  2.298263e+00  7.500000e+00
   endloop
 endfacet
 facet normal  9.013835e-01  4.330215e-01  3.703492e-04
   outer loop
     vertex  4.273305e+00  2.293767e+00  8.000000e+00
     vertex  4.461349e+00  1.902330e+00  8.000000e+00
     vertex  4.459710e+00  1.906171e+00  7.500000e+00
   endloop
 endfacet
 facet normal  8.584487e-01  5.128992e-01 -5.337955e-04
   outer loop
     vertex  4.051000e+00  2.666814e+00  8.000000e+00
     vertex  4.270888e+00  2.298263e+00  7.500000e+00
     vertex  4.047680e+00  2.671850e+00  7.500000e+00
   endloop
 endfacet
 facet normal  8.590370e-01  5.119133e-01  4.516731e-04
   outer loop
     vertex  4.051000e+00  2.666814e+00  8.000000e+00
     vertex  4.273305e+00  2.293767e+00  8.000000e+00
     vertex  4.270888e+00  2.298263e+00  7.500000e+00
   endloop
 endfacet
 facet normal  8.090168e-01  5.877851e-01 -6.145872e-04
   outer loop
     vertex  3.796219e+00  3.018480e+00  8.000000e+00
     vertex  4.047680e+00  2.671850e+00  7.500000e+00
     vertex  3.791883e+00  3.023926e+00  7.500000e+00
   endloop
 endfacet
 facet normal  8.098035e-01  5.867010e-01  5.326423e-04
   outer loop
     vertex  3.796219e+00  3.018480e+00  8.000000e+00
     vertex  4.051000e+00  2.666814e+00  8.000000e+00
     vertex  4.047680e+00  2.671850e+00  7.500000e+00
   endloop
 endfacet
 facet normal  7.530713e-01  6.579386e-01 -6.950241e-04
   outer loop
     vertex  3.511002e+00  3.345948e+00  8.000000e+00
     vertex  3.791883e+00  3.023926e+00  7.500000e+00
     vertex  3.505555e+00  3.351654e+00  7.500000e+00
   endloop
 endfacet
 facet normal  7.540776e-01  6.567850e-01  6.132566e-04
   outer loop
     vertex  3.511002e+00  3.345948e+00  8.000000e+00
     vertex  3.796219e+00  3.018480e+00  8.000000e+00
     vertex  3.791883e+00  3.023926e+00  7.500000e+00
   endloop
 endfacet
 facet normal  6.910624e-01  7.227946e-01 -7.751061e-04
   outer loop
     vertex  3.197637e+00  3.646590e+00  8.000000e+00
     vertex  3.505555e+00  3.351654e+00  7.500000e+00
     vertex  3.191003e+00  3.652397e+00  7.500000e+00
   endloop
 endfacet
 facet normal  6.923063e-01  7.216035e-01  6.935160e-04
   outer loop
     vertex  3.197637e+00  3.646590e+00  8.000000e+00
     vertex  3.511002e+00  3.345948e+00  8.000000e+00
     vertex  3.505555e+00  3.351654e+00  7.500000e+00
   endloop
 endfacet
 facet normal  6.234896e-01  7.818312e-01 -8.548332e-04
   outer loop
     vertex  2.858636e+00  3.917997e+00  8.000000e+00
     vertex  3.191003e+00  3.652397e+00  7.500000e+00
     vertex  2.850758e+00  3.923732e+00  7.500000e+00
   endloop
 endfacet
 facet normal  6.249845e-01  7.806367e-01  7.734206e-04
   outer loop
     vertex  2.858636e+00  3.917997e+00  8.000000e+00
     vertex  3.197637e+00  3.646590e+00  8.000000e+00
     vertex  3.191003e+00  3.652397e+00  7.500000e+00
   endloop
 endfacet
 facet normal  5.508967e-01  8.345729e-01 -9.342054e-04
   outer loop
     vertex  2.496718e+00  4.157992e+00  8.000000e+00
     vertex  2.850758e+00  3.923732e+00  7.500000e+00
     vertex  2.487561e+00  4.163477e+00  7.500000e+00
   endloop
 endfacet
 facet normal  5.526523e-01  8.334115e-01  8.529703e-04
   outer loop
     vertex  2.496718e+00  4.157992e+00  8.000000e+00
     vertex  2.858636e+00  3.917997e+00  8.000000e+00
     vertex  2.850758e+00  3.923732e+00  7.500000e+00
   endloop
 endfacet
 facet normal  4.738684e-01  8.805951e-01 -1.013223e-03
   outer loop
     vertex  2.114782e+00  4.364653e+00  8.000000e+00
     vertex  2.487561e+00  4.163477e+00  7.500000e+00
     vertex  2.104336e+00  4.369699e+00  7.500000e+00
   endloop
 endfacet
 facet normal  4.758893e-01  8.795047e-01  9.321651e-04
   outer loop
     vertex  2.114782e+00  4.364653e+00  8.000000e+00
     vertex  2.496718e+00  4.157992e+00  8.000000e+00
     vertex  2.487561e+00  4.163477e+00  7.500000e+00
   endloop
 endfacet
 facet normal  3.953110e-01  9.185468e-01  1.011005e-03
   outer loop
     vertex  1.715892e+00  4.536322e+00  8.000000e+00
     vertex  2.114782e+00  4.364653e+00  8.000000e+00
     vertex  2.104336e+00  4.369699e+00  7.500000e+00
   endloop
 endfacet
 facet normal  3.930248e-01  9.195272e-01 -1.091885e-03
   outer loop
     vertex  1.715892e+00  4.536322e+00  8.000000e+00
     vertex  2.104336e+00  4.369699e+00  7.500000e+00
     vertex  1.704168e+00  4.540739e+00  7.500000e+00
   endloop
 endfacet
 facet normal  3.090168e-01  9.510559e-01 -1.170193e-03
   outer loop
     vertex  1.303246e+00  4.671622e+00  8.000000e+00
     vertex  1.704168e+00  4.540739e+00  7.500000e+00
     vertex  1.290279e+00  4.675220e+00  7.500000e+00
   endloop
 endfacet
 facet normal  3.115636e-01  9.502247e-01  1.089490e-03
   outer loop
     vertex  1.303246e+00  4.671622e+00  8.000000e+00
     vertex  1.715892e+00  4.536322e+00  8.000000e+00
     vertex  1.704168e+00  4.540739e+00  7.500000e+00
   endloop
 endfacet
 facet normal  2.225208e-01  9.749272e-01 -1.248146e-03
   outer loop
     vertex  8.801511e-01  4.769469e+00  8.000000e+00
     vertex  1.290279e+00  4.675220e+00  7.500000e+00
     vertex  8.660009e-01  4.772059e+00  7.500000e+00
   endloop
 endfacet
 facet normal  2.253182e-01  9.742845e-01  1.167620e-03
   outer loop
     vertex  8.801511e-01  4.769469e+00  8.000000e+00
     vertex  1.303246e+00  4.671622e+00  8.000000e+00
     vertex  1.290279e+00  4.675220e+00  7.500000e+00
   endloop
 endfacet
 facet normal  1.342331e-01  9.909489e-01 -1.325743e-03
   outer loop
     vertex  4.500000e-01  4.829079e+00  8.000000e+00
     vertex  8.660009e-01  4.772059e+00  7.500000e+00
     vertex  4.347506e-01  4.830475e+00  7.500000e+00
   endloop
 endfacet
 facet normal  1.372665e-01  9.905334e-01  1.245396e-03
   outer loop
     vertex  4.500000e-01  4.829079e+00  8.000000e+00
     vertex  8.801511e-01  4.769469e+00  8.000000e+00
     vertex  8.660009e-01  4.772059e+00  7.500000e+00
   endloop
 endfacet
 facet normal  4.486478e-02  9.989921e-01  1.422344e-03
   outer loop
     vertex  2.969768e-16  4.850000e+00  7.500000e+00
     vertex  4.500000e-01  4.829079e+00  8.000000e+00
     vertex  4.347506e-01  4.830475e+00  7.500000e+00
   endloop
 endfacet
 facet normal  5.865511e-02  9.982175e-01 -1.102136e-02
   outer loop
     vertex  2.252430e-01  4.844767e+00  8.224757e+00
     vertex  4.500000e-01  4.829079e+00  8.000000e+00
     vertex  2.969768e-16  4.850000e+00  7.500000e+00
   endloop
 endfacet
 facet normal  2.322720e-02  9.997302e-01  1.452198e-17
   outer loop
     vertex -2.969768e-16  4.850000e+00  8.450000e+00
     vertex  2.252430e-01  4.844767e+00  8.224757e+00
     vertex  2.969768e-16  4.850000e+00  7.500000e+00
   endloop
 endfacet
 facet normal -7.071068e-01 -5.224419e-16 -7.071068e-01
   outer loop
     vertex  2.252430e-01 -4.844767e+00  8.224757e+00
     vertex  4.500000e-01 -5.450000e+00  8.000000e+00
     vertex  0.000000e+00 -5.450000e+00  8.450000e+00
   endloop
 endfacet
 facet normal -7.071068e-01 -1.052860e-15 -7.071068e-01
   outer loop
     vertex  2.252430e-01 -4.844767e+00  8.224757e+00
     vertex  0.000000e+00 -5.450000e+00  8.450000e+00
     vertex  8.909305e-16 -4.850000e+00  8.450000e+00
   endloop
 endfacet
 facet normal -7.071068e-01 -1.264325e-16 -7.071068e-01
   outer loop
     vertex  4.500000e-01 -4.829079e+00  8.000000e+00
     vertex  4.500000e-01 -5.450000e+00  8.000000e+00
     vertex  2.252430e-01 -4.844767e+00  8.224757e+00
   endloop
 endfacet
 facet normal -5.773503e-01 -5.773503e-01 -5.773503e-01
   outer loop
     vertex  0.000000e+00 -5.500000e+00  8.500000e+00
     vertex  4.500000e-01 -5.450000e+00  8.000000e+00
     vertex  4.500000e-01 -5.950000e+00  8.500000e+00
   endloop
 endfacet
 facet normal -5.773503e-01 -5.773503e-01 -5.773503e-01
   outer loop
     vertex  0.000000e+00 -5.500000e+00  8.500000e+00
     vertex  0.000000e+00 -5.450000e+00  8.450000e+00
     vertex  4.500000e-01 -5.450000e+00  8.000000e+00
   endloop
 endfacet
 facet normal -7.071068e-01 -7.071068e-01 -0.000000e+00
   outer loop
     vertex  4.500000e-01 -5.950000e+00  1.850000e+01
     vertex  0.000000e+00 -5.500000e+00  8.500000e+00
     vertex  4.500000e-01 -5.950000e+00  8.500000e+00
   endloop
 endfacet
 facet normal -7.071068e-01 -7.071068e-01 -0.000000e+00
   outer loop
     vertex  0.000000e+00 -5.500000e+00  1.850000e+01
     vertex  0.000000e+00 -5.500000e+00  8.500000e+00
     vertex  4.500000e-01 -5.950000e+00  1.850000e+01
   endloop
 endfacet
 facet normal -5.773503e-01 -5.773503e-01  5.773503e-01
   outer loop
     vertex  0.000000e+00 -5.450000e+00  1.855000e+01
     vertex  4.500000e-01 -5.950000e+00  1.850000e+01
     vertex  4.500000e-01 -5.450000e+00  1.900000e+01
   endloop
 endfacet
 facet normal -5.773503e-01 -5.773503e-01  5.773503e-01
   outer loop
     vertex  0.000000e+00 -5.500000e+00  1.850000e+01
     vertex  4.500000e-01 -5.950000e+00  1.850000e+01
     vertex  0.000000e+00 -5.450000e+00  1.855000e+01
   endloop
 endfacet
 facet normal -7.071068e-01 -1.440452e-17  7.071068e-01
   outer loop
     vertex  4.500000e-01  5.450000e+00  1.900000e+01
     vertex  0.000000e+00 -5.450000e+00  1.855000e+01
     vertex  4.500000e-01 -5.450000e+00  1.900000e+01
   endloop
 endfacet
 facet normal -7.071068e-01  2.280715e-16  7.071068e-01
   outer loop
     vertex  4.500000e-01  5.450000e+00  1.900000e+01
     vertex  0.000000e+00  5.450000e+00  1.855000e+01
     vertex  0.000000e+00 -5.450000e+00  1.855000e+01
   endloop
 endfacet
 facet normal -5.773503e-01  5.773503e-01  5.773503e-01
   outer loop
     vertex  0.000000e+00  5.450000e+00  1.855000e+01
     vertex  4.500000e-01  5.450000e+00  1.900000e+01
     vertex  4.500000e-01  5.950000e+00  1.850000e+01
   endloop
 endfacet
 facet normal -5.773503e-01  5.773503e-01  5.773503e-01
   outer loop
     vertex  0.000000e+00  5.500000e+00  1.850000e+01
     vertex  0.000000e+00  5.450000e+00  1.855000e+01
     vertex  4.500000e-01  5.950000e+00  1.850000e+01
   endloop
 endfacet
 facet normal -7.071068e-01  7.071068e-01  0.000000e+00
   outer loop
     vertex  4.500000e-01  5.950000e+00  1.850000e+01
     vertex  4.500000e-01  5.950000e+00  8.500000e+00
     vertex  0.000000e+00  5.500000e+00  8.500000e+00
   endloop
 endfacet
 facet normal -7.071068e-01  7.071068e-01  6.280370e-17
   outer loop
     vertex  0.000000e+00  5.500000e+00  1.850000e+01
     vertex  4.500000e-01  5.950000e+00  1.850000e+01
     vertex  0.000000e+00  5.500000e+00  8.500000e+00
   endloop
 endfacet
 facet normal -5.773503e-01  5.773503e-01 -5.773503e-01
   outer loop
     vertex  0.000000e+00  5.500000e+00  8.500000e+00
     vertex  4.500000e-01  5.950000e+00  8.500000e+00
     vertex  4.500000e-01  5.450000e+00  8.000000e+00
   endloop
 endfacet
 facet normal -5.773503e-01  5.773503e-01 -5.773503e-01
   outer loop
     vertex  0.000000e+00  5.500000e+00  8.500000e+00
     vertex  4.500000e-01  5.450000e+00  8.000000e+00
     vertex  0.000000e+00  5.450000e+00  8.450000e+00
   endloop
 endfacet
 facet normal -7.071068e-01  2.443447e-15 -7.071068e-01
   outer loop
     vertex  0.000000e+00  5.450000e+00  8.450000e+00
     vertex  2.252430e-01  4.844767e+00  8.224757e+00
     vertex -2.969768e-16  4.850000e+00  8.450000e+00
   endloop
 endfacet
 facet normal -7.071068e-01  2.528649e-16 -7.071068e-01
   outer loop
     vertex  4.500000e-01  5.450000e+00  8.000000e+00
     vertex  4.500000e-01  4.829079e+00  8.000000e+00
     vertex  2.252430e-01  4.844767e+00  8.224757e+00
   endloop
 endfacet
 facet normal -7.071068e-01  2.161829e-15 -7.071068e-01
   outer loop
     vertex  4.500000e-01  5.450000e+00  8.000000e+00
     vertex  2.252430e-01  4.844767e+00  8.224757e+00
     vertex  0.000000e+00  5.450000e+00  8.450000e+00
   endloop
 endfacet
 facet normal  0.000000e+00  0.000000e+00 -1.000000e+00
   outer loop
     vertex  3.197637e+00 -3.646590e+00  8.000000e+00
     vertex  3.511002e+00 -3.345948e+00  8.000000e+00
     vertex  5.550000e+00 -5.450000e+00  8.000000e+00
   endloop
 endfacet
 facet normal  0.000000e+00 -0.000000e+00 -1.000000e+00
   outer loop
     vertex  3.796219e+00 -3.018480e+00  8.000000e+00
     vertex  5.550000e+00 -5.450000e+00  8.000000e+00
     vertex  3.511002e+00 -3.345948e+00  8.000000e+00
   endloop
 endfacet
 facet normal  0.000000e+00  0.000000e+00 -1.000000e+00
   outer loop
     vertex  2.858636e+00 -3.917997e+00  8.000000e+00
     vertex  3.197637e+00 -3.646590e+00  8.000000e+00
     vertex  5.550000e+00 -5.450000e+00  8.000000e+00
   endloop
 endfacet
 facet normal  0.000000e+00 -0.000000e+00 -1.000000e+00
   outer loop
     vertex  4.051000e+00 -2.666814e+00  8.000000e+00
     vertex  5.550000e+00 -5.450000e+00  8.000000e+00
     vertex  3.796219e+00 -3.018480e+00  8.000000e+00
   endloop
 endfacet
 facet normal  0.000000e+00  0.000000e+00 -1.000000e+00
   outer loop
     vertex  2.496718e+00 -4.157992e+00  8.000000e+00
     vertex  2.858636e+00 -3.917997e+00  8.000000e+00
     vertex  5.550000e+00 -5.450000e+00  8.000000e+00
   endloop
 endfacet
 facet normal  0.000000e+00 -0.000000e+00 -1.000000e+00
   outer loop
     vertex  4.273305e+00 -2.293767e+00  8.000000e+00
     vertex  5.550000e+00 -5.450000e+00  8.000000e+00
     vertex  4.051000e+00 -2.666814e+00  8.000000e+00
   endloop
 endfacet
 facet normal  0.000000e+00  0.000000e+00 -1.000000e+00
   outer loop
     vertex  2.114782e+00 -4.364653e+00  8.000000e+00
     vertex  2.496718e+00 -4.157992e+00  8.000000e+00
     vertex  5.550000e+00 -5.450000e+00  8.000000e+00
   endloop
 endfacet
 facet normal  0.000000e+00 -0.000000e+00 -1.000000e+00
   outer loop
     vertex  4.461349e+00 -1.902330e+00  8.000000e+00
     vertex  5.550000e+00 -5.450000e+00  8.000000e+00
     vertex  4.273305e+00 -2.293767e+00  8.000000e+00
   endloop
 endfacet
 facet normal  0.000000e+00  0.000000e+00 -1.000000e+00
   outer loop
     vertex  1.715892e+00 -4.536322e+00  8.000000e+00
     vertex  2.114782e+00 -4.364653e+00  8.000000e+00
     vertex  5.550000e+00 -5.450000e+00  8.000000e+00
   endloop
 endfacet
 facet normal  0.000000e+00 -0.000000e+00 -1.000000e+00
   outer loop
     vertex  4.613627e+00 -1.495643e+00  8.000000e+00
     vertex  5.550000e+00 -5.450000e+00  8.000000e+00
     vertex  4.461349e+00 -1.902330e+00  8.000000e+00
   endloop
 endfacet
 facet normal  0.000000e+00  0.000000e+00 -1.000000e+00
   outer loop
     vertex  4.500000e-01 -5.450000e+00  8.000000e+00
     vertex  1.303246e+00 -4.671622e+00  8.000000e+00
     vertex  1.715892e+00 -4.536322e+00  8.000000e+00
   endloop
 endfacet
 facet normal  0.000000e+00  0.000000e+00 -1.000000e+00
   outer loop
     vertex  4.500000e-01 -5.450000e+00  8.000000e+00
     vertex  1.715892e+00 -4.536322e+00  8.000000e+00
     vertex  5.550000e+00 -5.450000e+00  8.000000e+00
   endloop
 endfacet
 facet normal  0.000000e+00 -0.000000e+00 -1.000000e+00
   outer loop
     vertex  4.728916e+00 -1.076964e+00  8.000000e+00
     vertex  5.550000e+00 -5.450000e+00  8.000000e+00
     vertex  4.613627e+00 -1.495643e+00  8.000000e+00
   endloop
 endfacet
 facet normal  0.000000e+00 -0.000000e+00 -1.000000e+00
   outer loop
     vertex  8.801511e-01 -4.769469e+00  8.000000e+00
     vertex  1.303246e+00 -4.671622e+00  8.000000e+00
     vertex  4.500000e-01 -5.450000e+00  8.000000e+00
   endloop
 endfacet
 facet normal  0.000000e+00 -0.000000e+00 -1.000000e+00
   outer loop
     vertex  4.806293e+00 -6.496518e-01  8.000000e+00
     vertex  5.550000e+00 -5.450000e+00  8.000000e+00
     vertex  4.728916e+00 -1.076964e+00  8.000000e+00
   endloop
 endfacet
 facet normal  0.000000e+00  0.000000e+00 -1.000000e+00
   outer loop
     vertex  4.500000e-01 -4.829079e+00  8.000000e+00
     vertex  8.801511e-01 -4.769469e+00  8.000000e+00
     vertex  4.500000e-01 -5.450000e+00  8.000000e+00
   endloop
 endfacet
 facet normal  0.000000e+00  0.000000e+00 -1.000000e+00
   outer loop
     vertex  5.550000e+00  5.450000e+00  8.000000e+00
     vertex  3.796219e+00  3.018480e+00  8.000000e+00
     vertex  3.511002e+00  3.345948e+00  8.000000e+00
   endloop
 endfacet
 facet normal  0.000000e+00  0.000000e+00 -1.000000e+00
   outer loop
     vertex  5.550000e+00  5.450000e+00  8.000000e+00
     vertex  4.051000e+00  2.666814e+00  8.000000e+00
     vertex  3.796219e+00  3.018480e+00  8.000000e+00
   endloop
 endfacet
 facet normal  0.000000e+00  0.000000e+00 -1.000000e+00
   outer loop
     vertex  5.550000e+00  5.450000e+00  8.000000e+00
     vertex  4.273305e+00  2.293767e+00  8.000000e+00
     vertex  4.051000e+00  2.666814e+00  8.000000e+00
   endloop
 endfacet
 facet normal  0.000000e+00  0.000000e+00 -1.000000e+00
   outer loop
     vertex  5.550000e+00  5.450000e+00  8.000000e+00
     vertex  4.461349e+00  1.902330e+00  8.000000e+00
     vertex  4.273305e+00  2.293767e+00  8.000000e+00
   endloop
 endfacet
 facet normal  0.000000e+00  0.000000e+00 -1.000000e+00
   outer loop
     vertex  5.550000e+00  5.450000e+00  8.000000e+00
     vertex  4.613627e+00  1.495643e+00  8.000000e+00
     vertex  4.461349e+00  1.902330e+00  8.000000e+00
   endloop
 endfacet
 facet normal  0.000000e+00  0.000000e+00 -1.000000e+00
   outer loop
     vertex  5.550000e+00  5.450000e+00  8.000000e+00
     vertex  4.728916e+00  1.076964e+00  8.000000e+00
     vertex  4.613627e+00  1.495643e+00  8.000000e+00
   endloop
 endfacet
 facet normal  0.000000e+00  0.000000e+00 -1.000000e+00
   outer loop
     vertex  5.550000e+00  5.450000e+00  8.000000e+00
     vertex  4.806293e+00  6.496518e-01  8.000000e+00
     vertex  4.728916e+00  1.076964e+00  8.000000e+00
   endloop
 endfacet
 facet normal  0.000000e+00  0.000000e+00 -1.000000e+00
   outer loop
     vertex  5.550000e+00  5.450000e+00  8.000000e+00
     vertex  4.845137e+00  2.171309e-01  8.000000e+00
     vertex  4.806293e+00  6.496518e-01  8.000000e+00
   endloop
 endfacet
 facet normal  0.000000e+00  0.000000e+00 -1.000000e+00
   outer loop
     vertex  3.197637e+00  3.646590e+00  8.000000e+00
     vertex  5.550000e+00  5.450000e+00  8.000000e+00
     vertex  3.511002e+00  3.345948e+00  8.000000e+00
   endloop
 endfacet
 facet normal  0.000000e+00  0.000000e+00 -1.000000e+00
   outer loop
     vertex  2.858636e+00  3.917997e+00  8.000000e+00
     vertex  5.550000e+00  5.450000e+00  8.000000e+00
     vertex  3.197637e+00  3.646590e+00  8.000000e+00
   endloop
 endfacet
 facet normal  0.000000e+00  0.000000e+00 -1.000000e+00
   outer loop
     vertex  2.496718e+00  4.157992e+00  8.000000e+00
     vertex  5.550000e+00  5.450000e+00  8.000000e+00
     vertex  2.858636e+00  3.917997e+00  8.000000e+00
   endloop
 endfacet
 facet normal  0.000000e+00  0.000000e+00 -1.000000e+00
   outer loop
     vertex  2.114782e+00  4.364653e+00  8.000000e+00
     vertex  5.550000e+00  5.450000e+00  8.000000e+00
     vertex  2.496718e+00  4.157992e+00  8.000000e+00
   endloop
 endfacet
 facet normal  0.000000e+00  0.000000e+00 -1.000000e+00
   outer loop
     vertex  1.715892e+00  4.536322e+00  8.000000e+00
     vertex  5.550000e+00  5.450000e+00  8.000000e+00
     vertex  2.114782e+00  4.364653e+00  8.000000e+00
   endloop
 endfacet
 facet normal  0.000000e+00  0.000000e+00 -1.000000e+00
   outer loop
     vertex  4.500000e-01  5.450000e+00  8.000000e+00
     vertex  5.550000e+00  5.450000e+00  8.000000e+00
     vertex  1.715892e+00  4.536322e+00  8.000000e+00
   endloop
 endfacet
 facet normal  0.000000e+00 -0.000000e+00 -1.000000e+00
   outer loop
     vertex  4.500000e-01  5.450000e+00  8.000000e+00
     vertex  8.801511e-01  4.769469e+00  8.000000e+00
     vertex  4.500000e-01  4.829079e+00  8.000000e+00
   endloop
 endfacet
 facet normal  0.000000e+00  0.000000e+00 -1.000000e+00
   outer loop
     vertex  4.500000e-01  5.450000e+00  8.000000e+00
     vertex  1.303246e+00  4.671622e+00  8.000000e+00
     vertex  8.801511e-01  4.769469e+00  8.000000e+00
   endloop
 endfacet
 facet normal  0.000000e+00  0.000000e+00 -1.000000e+00
   outer loop
     vertex  4.500000e-01  5.450000e+00  8.000000e+00
     vertex  1.715892e+00  4.536322e+00  8.000000e+00
     vertex  1.303246e+00  4.671622e+00  8.000000e+00
   endloop
 endfacet
 facet normal  0.000000e+00 -0.000000e+00 -1.000000e+00
   outer loop
     vertex  5.550000e+00  5.450000e+00  8.000000e+00
     vertex  5.550000e+00 -5.450000e+00  8.000000e+00
     vertex  4.845137e+00  2.171309e-01  8.000000e+00
   endloop
 endfacet
 facet normal  0.000000e+00 -0.000000e+00 -1.000000e+00
   outer loop
     vertex  4.845137e+00  2.171309e-01  8.000000e+00
     vertex  5.550000e+00 -5.450000e+00  8.000000e+00
     vertex  4.845137e+00 -2.171309e-01  8.000000e+00
   endloop
 endfacet
 facet normal  0.000000e+00 -0.000000e+00 -1.000000e+00
   outer loop
     vertex  4.845137e+00 -2.171309e-01  8.000000e+00
     vertex  5.550000e+00 -5.450000e+00  8.000000e+00
     vertex  4.806293e+00 -6.496518e-01  8.000000e+00
   endloop
 endfacet
 facet normal  0.000000e+00 -7.071068e-01 -7.071068e-01
   outer loop
     vertex  4.500000e-01 -5.950000e+00  8.500000e+00
     vertex  5.550000e+00 -5.450000e+00  8.000000e+00
     vertex  5.550000e+00 -5.950000e+00  8.500000e+00
   endloop
 endfacet
 facet normal  0.000000e+00 -7.071068e-01 -7.071068e-01
   outer loop
     vertex  4.500000e-01 -5.450000e+00  8.000000e+00
     vertex  5.550000e+00 -5.450000e+00  8.000000e+00
     vertex  4.500000e-01 -5.950000e+00  8.500000e+00
   endloop
 endfacet
 facet normal  0.000000e+00 -1.000000e+00  0.000000e+00
   outer loop
     vertex  4.500000e-01 -5.950000e+00  8.500000e+00
     vertex  5.550000e+00 -5.950000e+00  8.500000e+00
     vertex  5.550000e+00 -5.950000e+00  1.850000e+01
   endloop
 endfacet
 facet normal  0.000000e+00 -1.000000e+00  0.000000e+00
   outer loop
     vertex  4.500000e-01 -5.950000e+00  8.500000e+00
     vertex  5.550000e+00 -5.950000e+00  1.850000e+01
     vertex  4.500000e-01 -5.950000e+00  1.850000e+01
   endloop
 endfacet
 facet normal  0.000000e+00 -7.071068e-01  7.071068e-01
   outer loop
     vertex  4.500000e-01 -5.950000e+00  1.850000e+01
     vertex  5.550000e+00 -5.950000e+00  1.850000e+01
     vertex  5.550000e+00 -5.450000e+00  1.900000e+01
   endloop
 endfacet
 facet normal  0.000000e+00 -7.071068e-01  7.071068e-01
   outer loop
     vertex  4.500000e-01 -5.450000e+00  1.900000e+01
     vertex  4.500000e-01 -5.950000e+00  1.850000e+01
     vertex  5.550000e+00 -5.450000e+00  1.900000e+01
   endloop
 endfacet
 facet normal -0.000000e+00  0.000000e+00  1.000000e+00
   outer loop
     vertex  4.500000e-01  5.450000e+00  1.900000e+01
     vertex  5.550000e+00 -5.450000e+00  1.900000e+01
     vertex  5.550000e+00  5.450000e+00  1.900000e+01
   endloop
 endfacet
 facet normal  0.000000e+00  0.000000e+00  1.000000e+00
   outer loop
     vertex  4.500000e-01  5.450000e+00  1.900000e+01
     vertex  4.500000e-01 -5.450000e+00  1.900000e+01
     vertex  5.550000e+00 -5.450000e+00  1.900000e+01
   endloop
 endfacet
 facet normal  0.000000e+00  7.071068e-01  7.071068e-01
   outer loop
     vertex  5.550000e+00  5.950000e+00  1.850000e+01
     vertex  4.500000e-01  5.950000e+00  1.850000e+01
     vertex  4.500000e-01  5.450000e+00  1.900000e+01
   endloop
 endfacet
 facet normal  0.000000e+00  7.071068e-01  7.071068e-01
   outer loop
     vertex  5.550000e+00  5.450000e+00  1.900000e+01
     vertex  5.550000e+00  5.950000e+00  1.850000e+01
     vertex  4.500000e-01  5.450000e+00  1.900000e+01
   endloop
 endfacet
 facet normal  0.000000e+00  1.000000e+00  0.000000e+00
   outer loop
     vertex  5.550000e+00  5.950000e+00  8.500000e+00
     vertex  4.500000e-01  5.950000e+00  8.500000e+00
     vertex  4.500000e-01  5.950000e+00  1.850000e+01
   endloop
 endfacet
 facet normal  0.000000e+00  1.000000e+00 -0.000000e+00
   outer loop
     vertex  5.550000e+00  5.950000e+00  8.500000e+00
     vertex  4.500000e-01  5.950000e+00  1.850000e+01
     vertex  5.550000e+00  5.950000e+00  1.850000e+01
   endloop
 endfacet
 facet normal  0.000000e+00  7.071068e-01 -7.071068e-01
   outer loop
     vertex  5.550000e+00  5.950000e+00  8.500000e+00
     vertex  4.500000e-01  5.450000e+00  8.000000e+00
     vertex  4.500000e-01  5.950000e+00  8.500000e+00
   endloop
 endfacet
 facet normal  0.000000e+00  7.071068e-01 -7.071068e-01
   outer loop
     vertex  5.550000e+00  5.450000e+00  8.000000e+00
     vertex  4.500000e-01  5.450000e+00  8.000000e+00
     vertex  5.550000e+00  5.950000e+00  8.500000e+00
   endloop
 endfacet
 facet normal  7.071068e-01  0.000000e+00 -7.071068e-01
   outer loop
     vertex  6.050000e+00 -5.450000e+00  8.500000e+00
     vertex  5.550000e+00  5.450000e+00  8.000000e+00
     vertex  6.050000e+00  5.450000e+00  8.500000e+00
   endloop
 endfacet
 facet normal  7.071068e-01  0.000000e+00 -7.071068e-01
   outer loop
     vertex  5.550000e+00 -5.450000e+00  8.000000e+00
     vertex  5.550000e+00  5.450000e+00  8.000000e+00
     vertex  6.050000e+00 -5.450000e+00  8.500000e+00
   endloop
 endfacet
 facet normal  5.773503e-01 -5.773503e-01 -5.773503e-01
   outer loop
     vertex  5.550000e+00 -5.950000e+00  8.500000e+00
     vertex  5.550000e+00 -5.450000e+00  8.000000e+00
     vertex  6.050000e+00 -5.450000e+00  8.500000e+00
   endloop
 endfacet
 facet normal  7.071068e-01 -7.071068e-01  0.000000e+00
   outer loop
     vertex  6.050000e+00 -5.450000e+00  1.850000e+01
     vertex  5.550000e+00 -5.950000e+00  8.500000e+00
     vertex  6.050000e+00 -5.450000e+00  8.500000e+00
   endloop
 endfacet
 facet normal  7.071068e-01 -7.071068e-01  0.000000e+00
   outer loop
     vertex  5.550000e+00 -5.950000e+00  1.850000e+01
     vertex  5.550000e+00 -5.950000e+00  8.500000e+00
     vertex  6.050000e+00 -5.450000e+00  1.850000e+01
   endloop
 endfacet
 facet normal  5.773503e-01 -5.773503e-01  5.773503e-01
   outer loop
     vertex  5.550000e+00 -5.950000e+00  1.850000e+01
     vertex  6.050000e+00 -5.450000e+00  1.850000e+01
     vertex  5.550000e+00 -5.450000e+00  1.900000e+01
   endloop
 endfacet
 facet normal  7.071068e-01 -0.000000e+00  7.071068e-01
   outer loop
     vertex  6.050000e+00 -5.450000e+00  1.850000e+01
     vertex  6.050000e+00  5.450000e+00  1.850000e+01
     vertex  5.550000e+00  5.450000e+00  1.900000e+01
   endloop
 endfacet
 facet normal  7.071068e-01 -0.000000e+00  7.071068e-01
   outer loop
     vertex  5.550000e+00 -5.450000e+00  1.900000e+01
     vertex  6.050000e+00 -5.450000e+00  1.850000e+01
     vertex  5.550000e+00  5.450000e+00  1.900000e+01
   endloop
 endfacet
 facet normal  5.773503e-01  5.773503e-01  5.773503e-01
   outer loop
     vertex  6.050000e+00  5.450000e+00  1.850000e+01
     vertex  5.550000e+00  5.950000e+00  1.850000e+01
     vertex  5.550000e+00  5.450000e+00  1.900000e+01
   endloop
 endfacet
 facet normal  7.071068e-01  7.071068e-01  0.000000e+00
   outer loop
     vertex  5.550000e+00  5.950000e+00  1.850000e+01
     vertex  6.050000e+00  5.450000e+00  8.500000e+00
     vertex  5.550000e+00  5.950000e+00  8.500000e+00
   endloop
 endfacet
 facet normal  7.071068e-01  7.071068e-01  0.000000e+00
   outer loop
     vertex  6.050000e+00  5.450000e+00  1.850000e+01
     vertex  6.050000e+00  5.450000e+00  8.500000e+00
     vertex  5.550000e+00  5.950000e+00  1.850000e+01
   endloop
 endfacet
 facet normal  5.773503e-01  5.773503e-01 -5.773503e-01
   outer loop
     vertex  6.050000e+00  5.450000e+00  8.500000e+00
     vertex  5.550000e+00  5.450000e+00  8.000000e+00
     vertex  5.550000e+00  5.950000e+00  8.500000e+00
   endloop
 endfacet
 facet normal  1.000000e+00  0.000000e+00  0.000000e+00
   outer loop
     vertex  6.050000e+00 -5.450000e+00  8.500000e+00
     vertex  6.050000e+00  5.450000e+00  8.500000e+00
     vertex  6.050000e+00  5.450000e+00  1.850000e+01
   endloop
 endfacet
 facet normal  1.000000e+00  0.000000e+00  0.000000e+00
   outer loop
     vertex  6.050000e+00 -5.450000e+00  8.500000e+00
     vertex  6.050000e+00  5.450000e+00  1.850000e+01
     vertex  6.050000e+00 -5.450000e+00  1.850000e+01
   endloop
 endfacet
endsolid
