solid 
 facet normal -8.971112e-01  4.418048e-01  2.882757e-16
   outer loop
     vertex -1.757508e+01  9.119018e+00  9.000000e+00
     vertex -1.757508e+01  9.119018e+00  5.000000e-01
     vertex -1.794268e+01  8.372590e+00  5.000000e-01
   endloop
 endfacet
 facet normal -9.148805e-01  4.037247e-01 -8.980519e-17
   outer loop
     vertex -1.794268e+01  8.372590e+00  9.000000e+00
     vertex -1.794268e+01  8.372590e+00  5.000000e-01
     vertex -1.827859e+01  7.611378e+00  5.000000e-01
   endloop
 endfacet
 facet normal -8.971112e-01  4.418048e-01 -1.128641e-17
   outer loop
     vertex -1.794268e+01  8.372590e+00  9.000000e+00
     vertex -1.757508e+01  9.119018e+00  9.000000e+00
     vertex -1.794268e+01  8.372590e+00  5.000000e-01
   endloop
 endfacet
 facet normal -9.310343e-01  3.649317e-01  2.209756e-16
   outer loop
     vertex -1.827859e+01  7.611378e+00  9.000000e+00
     vertex -1.827859e+01  7.611378e+00  5.000000e-01
     vertex -1.858223e+01  6.836725e+00  5.000000e-01
   endloop
 endfacet
 facet normal -9.148805e-01  4.037247e-01  2.925840e-16
   outer loop
     vertex -1.827859e+01  7.611378e+00  9.000000e+00
     vertex -1.794268e+01  8.372590e+00  9.000000e+00
     vertex -1.827859e+01  7.611378e+00  5.000000e-01
   endloop
 endfacet
 facet normal -9.455440e-01  3.254942e-01 -2.802400e-16
   outer loop
     vertex -1.858223e+01  6.836725e+00  9.000000e+00
     vertex -1.858223e+01  6.836725e+00  5.000000e-01
     vertex -1.885305e+01  6.050000e+00  5.000000e-01
   endloop
 endfacet
 facet normal -9.310343e-01  3.649317e-01 -2.062977e-16
   outer loop
     vertex -1.858223e+01  6.836725e+00  9.000000e+00
     vertex -1.827859e+01  7.611378e+00  9.000000e+00
     vertex -1.858223e+01  6.836725e+00  5.000000e-01
   endloop
 endfacet
 facet normal -9.455440e-01  3.254942e-01 -2.591599e-16
   outer loop
     vertex -1.885305e+01  6.050000e+00  9.000000e+00
     vertex -1.858223e+01  6.836725e+00  9.000000e+00
     vertex -1.885305e+01  6.050000e+00  5.000000e-01
   endloop
 endfacet
 facet normal  9.989891e-01  4.495243e-02 -5.357242e-17
   outer loop
     vertex -1.873713e+01  1.122243e+01  9.340854e+00
     vertex -1.874999e+01  1.150817e+01  9.500000e+00
     vertex -1.874999e+01  1.150817e+01  1.100000e+01
   endloop
 endfacet
 facet normal  9.985191e-01  5.437866e-02 -1.627052e-03
   outer loop
     vertex -1.873136e+01  1.116609e+01  1.100000e+01
     vertex -1.873713e+01  1.122243e+01  9.340854e+00
     vertex -1.874999e+01  1.150817e+01  1.100000e+01
   endloop
 endfacet
 facet normal  9.906669e-01  1.363003e-01  1.181736e-03
   outer loop
     vertex -1.870031e+01  1.095622e+01  9.173492e+00
     vertex -1.873713e+01  1.122243e+01  9.340854e+00
     vertex -1.873136e+01  1.116609e+01  1.100000e+01
   endloop
 endfacet
 facet normal  9.858072e-01  1.678626e-01 -2.527472e-03
   outer loop
     vertex -1.867385e+01  1.082837e+01  1.100000e+01
     vertex -1.870031e+01  1.095622e+01  9.173492e+00
     vertex -1.873136e+01  1.116609e+01  1.100000e+01
   endloop
 endfacet
 facet normal  9.750771e-01  2.218618e-01  1.407720e-03
   outer loop
     vertex -1.864362e+01  1.070819e+01  9.000000e+00
     vertex -1.870031e+01  1.095622e+01  9.173492e+00
     vertex -1.867385e+01  1.082837e+01  1.100000e+01
   endloop
 endfacet
 facet normal  9.602426e-01  2.791579e-01 -2.259398e-03
   outer loop
     vertex -1.857822e+01  1.049941e+01  1.100000e+01
     vertex -1.864362e+01  1.070819e+01  9.000000e+00
     vertex -1.867385e+01  1.082837e+01  1.100000e+01
   endloop
 endfacet
 facet normal  9.488422e-01  3.157448e-01  1.932792e-03
   outer loop
     vertex -1.854110e+01  1.040011e+01  9.000000e+00
     vertex -1.864362e+01  1.070819e+01  9.000000e+00
     vertex -1.857822e+01  1.049941e+01  1.100000e+01
   endloop
 endfacet
 facet normal  9.221559e-01  3.868129e-01 -2.090957e-03
   outer loop
     vertex -1.844570e+01  1.018349e+01  1.100000e+01
     vertex -1.854110e+01  1.040011e+01  9.000000e+00
     vertex -1.857822e+01  1.049941e+01  1.100000e+01
   endloop
 endfacet
 facet normal  9.091619e-01  4.164392e-01  1.737606e-03
   outer loop
     vertex -1.844570e+01  1.018349e+01  1.100000e+01
     vertex -1.840589e+01  1.010491e+01  9.000000e+00
     vertex -1.854110e+01  1.040011e+01  9.000000e+00
   endloop
 endfacet
 facet normal  8.720440e-01  4.894238e-01 -1.869027e-03
   outer loop
     vertex -1.827803e+01  9.884748e+00  1.100000e+01
     vertex -1.840589e+01  1.010491e+01  9.000000e+00
     vertex -1.844570e+01  1.018349e+01  1.100000e+01
   endloop
 endfacet
 facet normal  8.588318e-01  5.122555e-01  1.488933e-03
   outer loop
     vertex -1.827803e+01  9.884748e+00  1.100000e+01
     vertex -1.823956e+01  9.826055e+00  9.000000e+00
     vertex -1.840589e+01  1.010491e+01  9.000000e+00
   endloop
 endfacet
 facet normal  8.105605e-01  5.856527e-01 -1.593614e-03
   outer loop
     vertex -1.807740e+01  9.607064e+00  1.100000e+01
     vertex -1.823956e+01  9.826055e+00  9.000000e+00
     vertex -1.827803e+01  9.884748e+00  1.100000e+01
   endloop
 endfacet
 facet normal  7.984414e-01  6.020714e-01  1.186783e-03
   outer loop
     vertex -1.807740e+01  9.607064e+00  1.100000e+01
     vertex -1.804407e+01  9.566807e+00  9.000000e+00
     vertex -1.823956e+01  9.826055e+00  9.000000e+00
   endloop
 endfacet
 facet normal  7.385070e-01  6.742446e-01 -1.264730e-03
   outer loop
     vertex -1.784642e+01  9.354065e+00  1.100000e+01
     vertex -1.804407e+01  9.566807e+00  9.000000e+00
     vertex -1.807740e+01  9.607064e+00  1.100000e+01
   endloop
 endfacet
 facet normal  7.286979e-01  6.848347e-01  8.311654e-04
   outer loop
     vertex -1.784642e+01  9.354065e+00  1.100000e+01
     vertex -1.782171e+01  9.330204e+00  9.000000e+00
     vertex -1.804407e+01  9.566807e+00  9.000000e+00
   endloop
 endfacet
 facet normal  5.745972e-01  8.184363e-01 -1.335522e-15
   outer loop
     vertex -1.757508e+01  9.119018e+00  9.000000e+00
     vertex -1.736948e+01  8.974670e+00  2.510480e-01
     vertex -1.757508e+01  9.119018e+00  5.000000e-01
   endloop
 endfacet
 facet normal  6.568231e-01  7.540442e-01 -8.823839e-04
   outer loop
     vertex -1.758809e+01  9.129049e+00  1.100000e+01
     vertex -1.782171e+01  9.330204e+00  9.000000e+00
     vertex -1.784642e+01  9.354065e+00  1.100000e+01
   endloop
 endfacet
 facet normal  6.504185e-01  7.595759e-01  4.220941e-04
   outer loop
     vertex -1.758809e+01  9.129049e+00  1.100000e+01
     vertex -1.757508e+01  9.119018e+00  9.000000e+00
     vertex -1.782171e+01  9.330204e+00  9.000000e+00
   endloop
 endfacet
 facet normal  5.658602e-01  8.245011e-01 -3.053849e-04
   outer loop
     vertex -1.730580e+01  8.934951e+00  1.100000e+01
     vertex -1.736948e+01  8.974670e+00  2.510480e-01
     vertex -1.757508e+01  9.119018e+00  9.000000e+00
   endloop
 endfacet
 facet normal  5.665739e-01  8.240108e-01 -4.465911e-04
   outer loop
     vertex -1.730580e+01  8.934951e+00  1.100000e+01
     vertex -1.757508e+01  9.119018e+00  9.000000e+00
     vertex -1.758809e+01  9.129049e+00  1.100000e+01
   endloop
 endfacet
 facet normal  5.042596e-01  8.635521e-01  2.038259e-04
   outer loop
     vertex -1.730580e+01  8.934951e+00  1.100000e+01
     vertex -1.715237e+01  8.847951e+00  0.000000e+00
     vertex -1.736948e+01  8.974670e+00  2.510480e-01
   endloop
 endfacet
 facet normal  4.162799e-01  9.092364e-01  4.435219e-04
   outer loop
     vertex -1.700322e+01  8.774302e+00  1.100000e+01
     vertex -1.684125e+01  8.705509e+00  0.000000e+00
     vertex -1.715237e+01  8.847951e+00  0.000000e+00
   endloop
 endfacet
 facet normal  4.689362e-01  8.832319e-01 -4.445345e-04
   outer loop
     vertex -1.700322e+01  8.774302e+00  1.100000e+01
     vertex -1.715237e+01  8.847951e+00  0.000000e+00
     vertex -1.730580e+01  8.934951e+00  1.100000e+01
   endloop
 endfacet
 facet normal  3.100332e-01  9.507256e-01  4.435782e-04
   outer loop
     vertex -1.668430e+01  8.649197e+00  1.100000e+01
     vertex -1.651593e+01  8.599421e+00  0.000000e+00
     vertex -1.684125e+01  8.705509e+00  0.000000e+00
   endloop
 endfacet
 facet normal  3.651835e-01  9.309355e-01 -4.445933e-04
   outer loop
     vertex -1.668430e+01  8.649197e+00  1.100000e+01
     vertex -1.684125e+01  8.705509e+00  0.000000e+00
     vertex -1.700322e+01  8.774302e+00  1.100000e+01
   endloop
 endfacet
 facet normal  1.997530e-01  9.798462e-01  4.436296e-04
   outer loop
     vertex -1.635320e+01  8.561267e+00  1.100000e+01
     vertex -1.618064e+01  8.531070e+00  0.000000e+00
     vertex -1.651593e+01  8.599421e+00  0.000000e+00
   endloop
 endfacet
 facet normal  2.566687e-01  9.664994e-01 -4.446472e-04
   outer loop
     vertex -1.635320e+01  8.561267e+00  1.100000e+01
     vertex -1.651593e+01  8.599421e+00  0.000000e+00
     vertex -1.668430e+01  8.649197e+00  1.100000e+01
   endloop
 endfacet
 facet normal  8.687414e-02  9.962192e-01  4.436761e-04
   outer loop
     vertex -1.601423e+01  8.511659e+00  1.100000e+01
     vertex -1.583975e+01  8.501343e+00  0.000000e+00
     vertex -1.618064e+01  8.531070e+00  0.000000e+00
   endloop
 endfacet
 facet normal  1.448068e-01  9.894598e-01 -4.446961e-04
   outer loop
     vertex -1.601423e+01  8.511659e+00  1.100000e+01
     vertex -1.618064e+01  8.531070e+00  0.000000e+00
     vertex -1.635320e+01  8.561267e+00  1.100000e+01
   endloop
 endfacet
 facet normal -2.713496e-02  9.996317e-01  4.437178e-04
   outer loop
     vertex -1.567181e+01  8.501019e+00  1.100000e+01
     vertex -1.549770e+01  8.510628e+00  0.000000e+00
     vertex -1.583975e+01  8.501343e+00  0.000000e+00
   endloop
 endfacet
 facet normal  3.105668e-02  9.995175e-01 -4.447402e-04
   outer loop
     vertex -1.567181e+01  8.501019e+00  1.100000e+01
     vertex -1.583975e+01  8.501343e+00  0.000000e+00
     vertex -1.601423e+01  8.511659e+00  1.100000e+01
   endloop
 endfacet
 facet normal -1.407910e-01  9.900392e-01  4.437545e-04
   outer loop
     vertex -1.533041e+01  8.529487e+00  1.100000e+01
     vertex -1.515893e+01  8.558804e+00  0.000000e+00
     vertex -1.549770e+01  8.510628e+00  0.000000e+00
   endloop
 endfacet
 facet normal -8.309846e-02  9.965412e-01 -4.447794e-04
   outer loop
     vertex -1.533041e+01  8.529487e+00  1.100000e+01
     vertex -1.549770e+01  8.510628e+00  0.000000e+00
     vertex -1.567181e+01  8.501019e+00  1.100000e+01
   endloop
 endfacet
 facet normal -2.526155e-01  9.675667e-01  4.437863e-04
   outer loop
     vertex -1.499449e+01  8.596691e+00  1.100000e+01
     vertex -1.482785e+01  8.645244e+00  0.000000e+00
     vertex -1.515893e+01  8.558804e+00  0.000000e+00
   endloop
 endfacet
 facet normal -1.961700e-01  9.805698e-01 -4.448136e-04
   outer loop
     vertex -1.499449e+01  8.596691e+00  1.100000e+01
     vertex -1.515893e+01  8.558804e+00  0.000000e+00
     vertex -1.533041e+01  8.529487e+00  1.100000e+01
   endloop
 endfacet
 facet normal -3.611535e-01  9.325063e-01  4.438132e-04
   outer loop
     vertex -1.466841e+01  8.701756e+00  1.100000e+01
     vertex -1.450876e+01  8.768824e+00  0.000000e+00
     vertex -1.482785e+01  8.645244e+00  0.000000e+00
   endloop
 endfacet
 facet normal -3.066834e-01  9.518115e-01 -4.448430e-04
   outer loop
     vertex -1.466841e+01  8.701756e+00  1.100000e+01
     vertex -1.482785e+01  8.645244e+00  0.000000e+00
     vertex -1.499449e+01  8.596691e+00  1.100000e+01
   endloop
 endfacet
 facet normal -4.649929e-01  8.853143e-01  4.438353e-04
   outer loop
     vertex -1.435644e+01  8.843310e+00  1.100000e+01
     vertex -1.420582e+01  8.927935e+00  0.000000e+00
     vertex -1.450876e+01  8.768824e+00  0.000000e+00
   endloop
 endfacet
 facet normal -4.131976e-01  9.106413e-01 -4.448675e-04
   outer loop
     vertex -1.435644e+01  8.843310e+00  1.100000e+01
     vertex -1.450876e+01  8.768824e+00  0.000000e+00
     vertex -1.466841e+01  8.701756e+00  1.100000e+01
   endloop
 endfacet
 facet normal -5.627830e-01  8.266046e-01  4.438524e-04
   outer loop
     vertex -1.406265e+01  9.019508e+00  1.100000e+01
     vertex -1.392297e+01  9.120509e+00  0.000000e+00
     vertex -1.420582e+01  8.927935e+00  0.000000e+00
   endloop
 endfacet
 facet normal -5.143235e-01  8.575961e-01 -4.448871e-04
   outer loop
     vertex -1.406265e+01  9.019508e+00  1.100000e+01
     vertex -1.420582e+01  8.927935e+00  0.000000e+00
     vertex -1.435644e+01  8.843310e+00  1.100000e+01
   endloop
 endfacet
 facet normal -6.532513e-01  7.571410e-01  4.438647e-04
   outer loop
     vertex -1.379085e+01  9.228052e+00  1.100000e+01
     vertex -1.366390e+01  9.344039e+00  0.000000e+00
     vertex -1.392297e+01  9.120509e+00  0.000000e+00
   endloop
 endfacet
 facet normal -6.087426e-01  7.933677e-01 -4.449018e-04
   outer loop
     vertex -1.379085e+01  9.228052e+00  1.100000e+01
     vertex -1.392297e+01  9.120509e+00  0.000000e+00
     vertex -1.406265e+01  9.019508e+00  1.100000e+01
   endloop
 endfacet
 facet normal -7.352211e-01  6.778272e-01  4.438720e-04
   outer loop
     vertex -1.354461e+01  9.466223e+00  1.100000e+01
     vertex -1.343196e+01  9.595617e+00  0.000000e+00
     vertex -1.366390e+01  9.344039e+00  0.000000e+00
   endloop
 endfacet
 facet normal -6.952235e-01  7.187935e-01 -4.449116e-04
   outer loop
     vertex -1.354461e+01  9.466223e+00  1.100000e+01
     vertex -1.366390e+01  9.344039e+00  0.000000e+00
     vertex -1.379085e+01  9.228052e+00  1.100000e+01
   endloop
 endfacet
 facet normal -8.076259e-01  5.896951e-01  4.438744e-04
   outer loop
     vertex -1.332712e+01  9.730915e+00  1.100000e+01
     vertex -1.323017e+01  9.871971e+00  0.000000e+00
     vertex -1.343196e+01  9.595617e+00  0.000000e+00
   endloop
 endfacet
 facet normal -7.726385e-01  6.348461e-01 -4.449165e-04
   outer loop
     vertex -1.332712e+01  9.730915e+00  1.100000e+01
     vertex -1.343196e+01  9.595617e+00  0.000000e+00
     vertex -1.354461e+01  9.466223e+00  1.100000e+01
   endloop
 endfacet
 facet normal -8.695236e-01  4.938912e-01  4.438720e-04
   outer loop
     vertex -1.314123e+01  1.001868e+01  1.100000e+01
     vertex -1.306117e+01  1.016950e+01  0.000000e+00
     vertex -1.323017e+01  9.871971e+00  0.000000e+00
   endloop
 endfacet
 facet normal -8.399781e-01  5.426201e-01 -4.449165e-04
   outer loop
     vertex -1.314123e+01  1.001868e+01  1.100000e+01
     vertex -1.323017e+01  9.871971e+00  0.000000e+00
     vertex -1.332712e+01  9.730915e+00  1.100000e+01
   endloop
 endfacet
 facet normal -9.201091e-01  3.916619e-01  4.438647e-04
   outer loop
     vertex -1.298936e+01  1.032575e+01  1.100000e+01
     vertex -1.292716e+01  1.048435e+01  0.000000e+00
     vertex -1.306117e+01  1.016950e+01  0.000000e+00
   endloop
 endfacet
 facet normal -8.963642e-01  4.433182e-01 -4.449116e-04
   outer loop
     vertex -1.298936e+01  1.032575e+01  1.100000e+01
     vertex -1.306117e+01  1.016950e+01  0.000000e+00
     vertex -1.314123e+01  1.001868e+01  1.100000e+01
   endloop
 endfacet
 facet normal -9.410615e-01  3.382353e-01 -4.449018e-04
   outer loop
     vertex -1.287348e+01  1.064814e+01  1.100000e+01
     vertex -1.292716e+01  1.048435e+01  0.000000e+00
     vertex -1.298936e+01  1.032575e+01  1.100000e+01
   endloop
 endfacet
 facet normal -9.587242e-01  2.843372e-01  4.438524e-04
   outer loop
     vertex -1.287348e+01  1.064814e+01  1.100000e+01
     vertex -1.282986e+01  1.081241e+01  0.000000e+00
     vertex -1.292716e+01  1.048435e+01  0.000000e+00
   endloop
 endfacet
 facet normal -9.734870e-01  2.287418e-01 -4.448871e-04
   outer loop
     vertex -1.279512e+01  1.098164e+01  1.100000e+01
     vertex -1.282986e+01  1.081241e+01  0.000000e+00
     vertex -1.287348e+01  1.064814e+01  1.100000e+01
   endloop
 endfacet
 facet normal -9.848666e-01  1.733133e-01  4.438353e-04
   outer loop
     vertex -1.279512e+01  1.098164e+01  1.100000e+01
     vertex -1.277056e+01  1.114941e+01  0.000000e+00
     vertex -1.282986e+01  1.081241e+01  0.000000e+00
   endloop
 endfacet
 facet normal -9.981962e-01  6.003472e-02  4.438132e-04
   outer loop
     vertex -1.275529e+01  1.132190e+01  1.100000e+01
     vertex -1.275001e+01  1.149097e+01  0.000000e+00
     vertex -1.277056e+01  1.114941e+01  0.000000e+00
   endloop
 endfacet
 facet normal -9.932181e-01  1.162654e-01 -4.448675e-04
   outer loop
     vertex -1.275529e+01  1.132190e+01  1.100000e+01
     vertex -1.277056e+01  1.114941e+01  0.000000e+00
     vertex -1.279512e+01  1.098164e+01  1.100000e+01
   endloop
 endfacet
 facet normal -9.985395e-01 -5.402493e-02  4.437863e-04
   outer loop
     vertex -1.275451e+01  1.166448e+01  1.100000e+01
     vertex -1.276850e+01  1.183265e+01  0.000000e+00
     vertex -1.275001e+01  1.149097e+01  0.000000e+00
   endloop
 endfacet
 facet normal -9.999973e-01  2.272840e-03 -4.448430e-04
   outer loop
     vertex -1.275451e+01  1.166448e+01  1.100000e+01
     vertex -1.275001e+01  1.149097e+01  0.000000e+00
     vertex -1.275529e+01  1.132190e+01  1.100000e+01
   endloop
 endfacet
 facet normal -9.858921e-01 -1.673817e-01  4.437545e-04
   outer loop
     vertex -1.279280e+01  1.200492e+01  1.100000e+01
     vertex -1.282577e+01  1.217000e+01  0.000000e+00
     vertex -1.276850e+01  1.183265e+01  0.000000e+00
   endloop
 endfacet
 facet normal -9.937363e-01 -1.117493e-01 -4.448136e-04
   outer loop
     vertex -1.279280e+01  1.200492e+01  1.100000e+01
     vertex -1.276850e+01  1.183265e+01  0.000000e+00
     vertex -1.275451e+01  1.166448e+01  1.100000e+01
   endloop
 endfacet
 facet normal -9.604185e-01 -2.785609e-01  4.437178e-04
   outer loop
     vertex -1.286964e+01  1.233877e+01  1.100000e+01
     vertex -1.292109e+01  1.249864e+01  0.000000e+00
     vertex -1.282577e+01  1.217000e+01  0.000000e+00
   endloop
 endfacet
 facet normal -9.745168e-01 -2.243143e-01 -4.447794e-04
   outer loop
     vertex -1.286964e+01  1.233877e+01  1.100000e+01
     vertex -1.282577e+01  1.217000e+01  0.000000e+00
     vertex -1.279280e+01  1.200492e+01  1.100000e+01
   endloop
 endfacet
 facet normal -9.224501e-01 -3.861161e-01  4.436761e-04
   outer loop
     vertex -1.298405e+01  1.266168e+01  1.100000e+01
     vertex -1.305321e+01  1.281429e+01  0.000000e+00
     vertex -1.292109e+01  1.249864e+01  0.000000e+00
   endloop
 endfacet
 facet normal -9.425892e-01 -3.339541e-01 -4.447402e-04
   outer loop
     vertex -1.298405e+01  1.266168e+01  1.100000e+01
     vertex -1.292109e+01  1.249864e+01  0.000000e+00
     vertex -1.286964e+01  1.233877e+01  1.100000e+01
   endloop
 endfacet
 facet normal -8.724809e-01 -4.886481e-01  4.436296e-04
   outer loop
     vertex -1.313452e+01  1.296945e+01  1.100000e+01
     vertex -1.322042e+01  1.311283e+01  0.000000e+00
     vertex -1.305321e+01  1.281429e+01  0.000000e+00
   endloop
 endfacet
 facet normal -8.983701e-01 -4.392390e-01 -4.446961e-04
   outer loop
     vertex -1.313452e+01  1.296945e+01  1.100000e+01
     vertex -1.305321e+01  1.281429e+01  0.000000e+00
     vertex -1.298405e+01  1.266168e+01  1.100000e+01
   endloop
 endfacet
 facet normal -8.111609e-01 -5.848228e-01  4.435782e-04
   outer loop
     vertex -1.331911e+01  1.325805e+01  1.100000e+01
     vertex -1.342054e+01  1.339039e+01  0.000000e+00
     vertex -1.322042e+01  1.311283e+01  0.000000e+00
   endloop
 endfacet
 facet normal -8.424360e-01 -5.387962e-01 -4.446472e-04
   outer loop
     vertex -1.331911e+01  1.325805e+01  1.100000e+01
     vertex -1.322042e+01  1.311283e+01  0.000000e+00
     vertex -1.313452e+01  1.296945e+01  1.100000e+01
   endloop
 endfacet
 facet normal -7.392880e-01 -6.733892e-01  4.435219e-04
   outer loop
     vertex -1.353539e+01  1.352373e+01  1.100000e+01
     vertex -1.365096e+01  1.364336e+01  0.000000e+00
     vertex -1.342054e+01  1.339039e+01  0.000000e+00
   endloop
 endfacet
 facet normal -7.755163e-01 -6.313273e-01 -4.445933e-04
   outer loop
     vertex -1.353539e+01  1.352373e+01  1.100000e+01
     vertex -1.342054e+01  1.339039e+01  0.000000e+00
     vertex -1.331911e+01  1.325805e+01  1.100000e+01
   endloop
 endfacet
 facet normal -6.689818e-01 -7.432788e-01  2.038291e-04
   outer loop
     vertex -1.378055e+01  1.376302e+01  1.100000e+01
     vertex -1.383777e+01  1.381158e+01  2.510492e-01
     vertex -1.365096e+01  1.364336e+01  0.000000e+00
   endloop
 endfacet
 facet normal -6.984837e-01 -7.156258e-01 -4.445345e-04
   outer loop
     vertex -1.378055e+01  1.376302e+01  1.100000e+01
     vertex -1.365096e+01  1.364336e+01  0.000000e+00
     vertex -1.353539e+01  1.352373e+01  1.100000e+01
   endloop
 endfacet
 facet normal -6.045895e-01 -7.965372e-01 -2.549072e-15
   outer loop
     vertex -1.403787e+01  1.396346e+01  9.000000e+00
     vertex -1.403787e+01  1.396346e+01  5.000000e-01
     vertex -1.383777e+01  1.381158e+01  2.510492e-01
   endloop
 endfacet
 facet normal -6.130270e-01 -7.900619e-01 -3.053885e-04
   outer loop
     vertex -1.403787e+01  1.396346e+01  9.000000e+00
     vertex -1.383777e+01  1.381158e+01  2.510492e-01
     vertex -1.378055e+01  1.376302e+01  1.100000e+01
   endloop
 endfacet
 facet normal -6.123427e-01 -7.905923e-01 -4.465911e-04
   outer loop
     vertex -1.405139e+01  1.397280e+01  1.100000e+01
     vertex -1.403787e+01  1.396346e+01  9.000000e+00
     vertex -1.378055e+01  1.376302e+01  1.100000e+01
   endloop
 endfacet
 facet normal -5.254358e-01 -8.508332e-01  4.220941e-04
   outer loop
     vertex -1.431413e+01  1.413406e+01  9.000000e+00
     vertex -1.403787e+01  1.396346e+01  9.000000e+00
     vertex -1.405139e+01  1.397280e+01  1.100000e+01
   endloop
 endfacet
 facet normal -5.182164e-01 -8.552491e-01 -8.823839e-04
   outer loop
     vertex -1.434438e+01  1.415033e+01  1.100000e+01
     vertex -1.431413e+01  1.413406e+01  9.000000e+00
     vertex -1.405139e+01  1.397280e+01  1.100000e+01
   endloop
 endfacet
 facet normal -4.304067e-01 -9.026347e-01  8.311654e-04
   outer loop
     vertex -1.460721e+01  1.427381e+01  9.000000e+00
     vertex -1.431413e+01  1.413406e+01  9.000000e+00
     vertex -1.434438e+01  1.415033e+01  1.100000e+01
   endloop
 endfacet
 facet normal -4.173325e-01 -9.087530e-01 -1.264730e-03
   outer loop
     vertex -1.465571e+01  1.429330e+01  1.100000e+01
     vertex -1.460721e+01  1.427381e+01  9.000000e+00
     vertex -1.434438e+01  1.415033e+01  1.100000e+01
   endloop
 endfacet
 facet normal -3.303359e-01 -9.438627e-01  1.186783e-03
   outer loop
     vertex -1.491368e+01  1.438107e+01  9.000000e+00
     vertex -1.460721e+01  1.427381e+01  9.000000e+00
     vertex -1.465571e+01  1.429330e+01  1.100000e+01
   endloop
 endfacet
 facet normal -3.110065e-01 -9.504065e-01 -1.593614e-03
   outer loop
     vertex -1.498130e+01  1.439984e+01  1.100000e+01
     vertex -1.491368e+01  1.438107e+01  9.000000e+00
     vertex -1.465571e+01  1.429330e+01  1.100000e+01
   endloop
 endfacet
 facet normal -2.263957e-01 -9.740343e-01  1.488933e-03
   outer loop
     vertex -1.522994e+01  1.445458e+01  9.000000e+00
     vertex -1.491368e+01  1.438107e+01  9.000000e+00
     vertex -1.498130e+01  1.439984e+01  1.100000e+01
   endloop
 endfacet
 facet normal -2.006250e-01 -9.796663e-01 -1.869027e-03
   outer loop
     vertex -1.531691e+01  1.446857e+01  1.100000e+01
     vertex -1.522994e+01  1.445458e+01  9.000000e+00
     vertex -1.498130e+01  1.439984e+01  1.100000e+01
   endloop
 endfacet
 facet normal -1.198035e-01 -9.927961e-01  1.737606e-03
   outer loop
     vertex -1.555229e+01  1.449348e+01  9.000000e+00
     vertex -1.522994e+01  1.445458e+01  9.000000e+00
     vertex -1.531691e+01  1.446857e+01  1.100000e+01
   endloop
 endfacet
 facet normal -8.762737e-02 -9.961511e-01 -2.090957e-03
   outer loop
     vertex -1.565818e+01  1.449859e+01  1.100000e+01
     vertex -1.555229e+01  1.449348e+01  9.000000e+00
     vertex -1.531691e+01  1.446857e+01  1.100000e+01
   endloop
 endfacet
 facet normal -1.180811e-02 -9.999284e-01  1.932792e-03
   outer loop
     vertex -1.587696e+01  1.449731e+01  9.000000e+00
     vertex -1.555229e+01  1.449348e+01  9.000000e+00
     vertex -1.565818e+01  1.449859e+01  1.100000e+01
   endloop
 endfacet
 facet normal  2.651282e-02 -9.996459e-01 -2.259398e-03
   outer loop
     vertex -1.600064e+01  1.448951e+01  1.100000e+01
     vertex -1.587696e+01  1.449731e+01  9.000000e+00
     vertex -1.565818e+01  1.449859e+01  1.100000e+01
   endloop
 endfacet
 facet normal  8.560504e-02 -9.963282e-01  1.407720e-03
   outer loop
     vertex -1.613047e+01  1.447578e+01  9.173492e+00
     vertex -1.587696e+01  1.449731e+01  9.000000e+00
     vertex -1.600064e+01  1.448951e+01  1.100000e+01
   endloop
 endfacet
 facet normal  1.718503e-01 -9.851224e-01  1.181736e-03
   outer loop
     vertex -1.633983e+01  1.444144e+01  1.100000e+01
     vertex -1.639525e+01  1.442979e+01  9.340854e+00
     vertex -1.613047e+01  1.447578e+01  9.173492e+00
   endloop
 endfacet
 facet normal  1.403071e-01 -9.901048e-01 -2.527472e-03
   outer loop
     vertex -1.633983e+01  1.444144e+01  1.100000e+01
     vertex -1.613047e+01  1.447578e+01  9.173492e+00
     vertex -1.600064e+01  1.448951e+01  1.100000e+01
   endloop
 endfacet
 facet normal  2.613940e-01 -9.652322e-01 -1.667024e-15
   outer loop
     vertex -1.667133e+01  1.435502e+01  1.100000e+01
     vertex -1.667133e+01  1.435502e+01  9.500000e+00
     vertex -1.639525e+01  1.442979e+01  9.340854e+00
   endloop
 endfacet
 facet normal  2.522723e-01 -9.676549e-01 -1.627052e-03
   outer loop
     vertex -1.667133e+01  1.435502e+01  1.100000e+01
     vertex -1.639525e+01  1.442979e+01  9.340854e+00
     vertex -1.633983e+01  1.444144e+01  1.100000e+01
   endloop
 endfacet
 facet normal -0.000000e+00  0.000000e+00 -1.000000e+00
   outer loop
     vertex -1.854110e+01 -1.040011e+01  9.000000e+00
     vertex -1.864362e+01 -1.070819e+01  9.000000e+00
     vertex -1.907390e+01 -9.921511e+00  9.000000e+00
   endloop
 endfacet
 facet normal -0.000000e+00  0.000000e+00 -1.000000e+00
   outer loop
     vertex -1.840589e+01 -1.010491e+01  9.000000e+00
     vertex -1.854110e+01 -1.040011e+01  9.000000e+00
     vertex -1.907390e+01 -9.921511e+00  9.000000e+00
   endloop
 endfacet
 facet normal  0.000000e+00  0.000000e+00 -1.000000e+00
   outer loop
     vertex -1.823956e+01 -9.826055e+00  9.000000e+00
     vertex -1.840589e+01 -1.010491e+01  9.000000e+00
     vertex -1.907390e+01 -9.921511e+00  9.000000e+00
   endloop
 endfacet
 facet normal -0.000000e+00  0.000000e+00 -1.000000e+00
   outer loop
     vertex -1.804407e+01 -9.566807e+00  9.000000e+00
     vertex -1.907390e+01 -9.921511e+00  9.000000e+00
     vertex -1.947100e+01 -9.117571e+00  9.000000e+00
   endloop
 endfacet
 facet normal  0.000000e+00  0.000000e+00 -1.000000e+00
   outer loop
     vertex -1.804407e+01 -9.566807e+00  9.000000e+00
     vertex -1.823956e+01 -9.826055e+00  9.000000e+00
     vertex -1.907390e+01 -9.921511e+00  9.000000e+00
   endloop
 endfacet
 facet normal  0.000000e+00  0.000000e+00 -1.000000e+00
   outer loop
     vertex -1.792530e+01 -8.409734e+00  9.000000e+00
     vertex -1.757508e+01 -9.119018e+00  9.000000e+00
     vertex -1.782171e+01 -9.330204e+00  9.000000e+00
   endloop
 endfacet
 facet normal  0.000000e+00 -0.000000e+00 -1.000000e+00
   outer loop
     vertex -1.792530e+01 -8.409734e+00  9.000000e+00
     vertex -1.782171e+01 -9.330204e+00  9.000000e+00
     vertex -1.804407e+01 -9.566807e+00  9.000000e+00
   endloop
 endfacet
 facet normal  0.000000e+00  0.000000e+00 -1.000000e+00
   outer loop
     vertex -1.792530e+01 -8.409734e+00  9.000000e+00
     vertex -1.804407e+01 -9.566807e+00  9.000000e+00
     vertex -1.947100e+01 -9.117571e+00  9.000000e+00
   endloop
 endfacet
 facet normal  0.000000e+00  0.000000e+00 -1.000000e+00
   outer loop
     vertex -1.824691e+01 -7.687027e+00  9.000000e+00
     vertex -1.947100e+01 -9.117571e+00  9.000000e+00
     vertex -1.983424e+01 -8.297773e+00  9.000000e+00
   endloop
 endfacet
 facet normal  0.000000e+00 -0.000000e+00 -1.000000e+00
   outer loop
     vertex -1.824691e+01 -7.687027e+00  9.000000e+00
     vertex -1.792530e+01 -8.409734e+00  9.000000e+00
     vertex -1.947100e+01 -9.117571e+00  9.000000e+00
   endloop
 endfacet
 facet normal  0.000000e+00  0.000000e+00 -1.000000e+00
   outer loop
     vertex -1.853939e+01 -6.952050e+00  9.000000e+00
     vertex -1.983424e+01 -8.297773e+00  9.000000e+00
     vertex -2.016297e+01 -7.463542e+00  9.000000e+00
   endloop
 endfacet
 facet normal  0.000000e+00 -0.000000e+00 -1.000000e+00
   outer loop
     vertex -1.853939e+01 -6.952050e+00  9.000000e+00
     vertex -1.824691e+01 -7.687027e+00  9.000000e+00
     vertex -1.983424e+01 -8.297773e+00  9.000000e+00
   endloop
 endfacet
 facet normal  0.000000e+00  0.000000e+00 -1.000000e+00
   outer loop
     vertex -1.880228e+01 -6.205978e+00  9.000000e+00
     vertex -2.016297e+01 -7.463542e+00  9.000000e+00
     vertex -2.045664e+01 -6.616330e+00  9.000000e+00
   endloop
 endfacet
 facet normal  0.000000e+00 -0.000000e+00 -1.000000e+00
   outer loop
     vertex -1.880228e+01 -6.205978e+00  9.000000e+00
     vertex -1.853939e+01 -6.952050e+00  9.000000e+00
     vertex -2.016297e+01 -7.463542e+00  9.000000e+00
   endloop
 endfacet
 facet normal  0.000000e+00  0.000000e+00 -1.000000e+00
   outer loop
     vertex -1.951000e+01 -5.450000e+00  9.000000e+00
     vertex -2.045664e+01 -6.616330e+00  9.000000e+00
     vertex -2.071473e+01 -5.757610e+00  9.000000e+00
   endloop
 endfacet
 facet normal -0.000000e+00  0.000000e+00 -1.000000e+00
   outer loop
     vertex -1.951000e+01 -5.450000e+00  9.000000e+00
     vertex -2.071473e+01 -5.757610e+00  9.000000e+00
     vertex -2.093678e+01 -4.888875e+00  9.000000e+00
   endloop
 endfacet
 facet normal  0.000000e+00 -0.000000e+00 -1.000000e+00
   outer loop
     vertex -1.951000e+01 -5.450000e+00  9.000000e+00
     vertex -1.880228e+01 -6.205978e+00  9.000000e+00
     vertex -2.045664e+01 -6.616330e+00  9.000000e+00
   endloop
 endfacet
 facet normal -0.000000e+00 -0.000000e+00 -1.000000e+00
   outer loop
     vertex -1.903516e+01 -5.450000e+00  9.000000e+00
     vertex -1.880228e+01 -6.205978e+00  9.000000e+00
     vertex -1.951000e+01 -5.450000e+00  9.000000e+00
   endloop
 endfacet
 facet normal  0.000000e+00  0.000000e+00 -1.000000e+00
   outer loop
     vertex -1.951000e+01 -3.376374e+00  9.000000e+00
     vertex -2.093678e+01 -4.888875e+00  9.000000e+00
     vertex -2.112242e+01 -4.011637e+00  9.000000e+00
   endloop
 endfacet
 facet normal -0.000000e+00  0.000000e+00 -1.000000e+00
   outer loop
     vertex -1.951000e+01 -3.376374e+00  9.000000e+00
     vertex -2.112242e+01 -4.011637e+00  9.000000e+00
     vertex -2.127132e+01 -3.127421e+00  9.000000e+00
   endloop
 endfacet
 facet normal  0.000000e+00 -0.000000e+00 -1.000000e+00
   outer loop
     vertex -1.951000e+01 -3.376374e+00  9.000000e+00
     vertex -1.951000e+01 -5.450000e+00  9.000000e+00
     vertex -2.093678e+01 -4.888875e+00  9.000000e+00
   endloop
 endfacet
 facet normal  0.000000e+00 -0.000000e+00 -1.000000e+00
   outer loop
     vertex -1.963670e+01 -2.537717e+00  9.000000e+00
     vertex -1.951000e+01 -3.376374e+00  9.000000e+00
     vertex -2.127132e+01 -3.127421e+00  9.000000e+00
   endloop
 endfacet
 facet normal -0.000000e+00  0.000000e+00 -1.000000e+00
   outer loop
     vertex -1.963670e+01 -2.537717e+00  9.000000e+00
     vertex -2.127132e+01 -3.127421e+00  9.000000e+00
     vertex -2.138323e+01 -2.237766e+00  9.000000e+00
   endloop
 endfacet
 facet normal  0.000000e+00 -0.000000e+00 -1.000000e+00
   outer loop
     vertex -1.972737e+01 -1.694403e+00  9.000000e+00
     vertex -1.963670e+01 -2.537717e+00  9.000000e+00
     vertex -2.138323e+01 -2.237766e+00  9.000000e+00
   endloop
 endfacet
 facet normal -0.000000e+00  0.000000e+00 -1.000000e+00
   outer loop
     vertex -1.972737e+01 -1.694403e+00  9.000000e+00
     vertex -2.138323e+01 -2.237766e+00  9.000000e+00
     vertex -2.145794e+01 -1.344218e+00  9.000000e+00
   endloop
 endfacet
 facet normal  0.000000e+00 -0.000000e+00 -1.000000e+00
   outer loop
     vertex -1.978183e+01 -8.479793e-01  9.000000e+00
     vertex -1.972737e+01 -1.694403e+00  9.000000e+00
     vertex -2.145794e+01 -1.344218e+00  9.000000e+00
   endloop
 endfacet
 facet normal -0.000000e+00  0.000000e+00 -1.000000e+00
   outer loop
     vertex -1.978183e+01 -8.479793e-01  9.000000e+00
     vertex -2.145794e+01 -1.344218e+00  9.000000e+00
     vertex -2.149533e+01 -4.483327e-01  9.000000e+00
   endloop
 endfacet
 facet normal  0.000000e+00 -0.000000e+00 -1.000000e+00
   outer loop
     vertex -1.980000e+01 -1.065814e-14  9.000000e+00
     vertex -1.978183e+01 -8.479793e-01  9.000000e+00
     vertex -2.149533e+01 -4.483327e-01  9.000000e+00
   endloop
 endfacet
 facet normal -0.000000e+00  0.000000e+00 -1.000000e+00
   outer loop
     vertex -1.980000e+01 -1.065814e-14  9.000000e+00
     vertex -2.149533e+01 -4.483327e-01  9.000000e+00
     vertex -2.149533e+01  4.483327e-01  9.000000e+00
   endloop
 endfacet
 facet normal  0.000000e+00  0.000000e+00 -1.000000e+00
   outer loop
     vertex -1.978183e+01  8.479793e-01  9.000000e+00
     vertex -1.980000e+01 -1.065814e-14  9.000000e+00
     vertex -2.149533e+01  4.483327e-01  9.000000e+00
   endloop
 endfacet
 facet normal -0.000000e+00  0.000000e+00 -1.000000e+00
   outer loop
     vertex -1.978183e+01  8.479793e-01  9.000000e+00
     vertex -2.149533e+01  4.483327e-01  9.000000e+00
     vertex -2.145794e+01  1.344218e+00  9.000000e+00
   endloop
 endfacet
 facet normal -0.000000e+00  0.000000e+00 -1.000000e+00
   outer loop
     vertex -1.972737e+01  1.694403e+00  9.000000e+00
     vertex -2.145794e+01  1.344218e+00  9.000000e+00
     vertex -2.138323e+01  2.237766e+00  9.000000e+00
   endloop
 endfacet
 facet normal  0.000000e+00  0.000000e+00 -1.000000e+00
   outer loop
     vertex -1.972737e+01  1.694403e+00  9.000000e+00
     vertex -1.978183e+01  8.479793e-01  9.000000e+00
     vertex -2.145794e+01  1.344218e+00  9.000000e+00
   endloop
 endfacet
 facet normal -0.000000e+00  0.000000e+00 -1.000000e+00
   outer loop
     vertex -1.963670e+01  2.537717e+00  9.000000e+00
     vertex -2.138323e+01  2.237766e+00  9.000000e+00
     vertex -2.127132e+01  3.127421e+00  9.000000e+00
   endloop
 endfacet
 facet normal  0.000000e+00  0.000000e+00 -1.000000e+00
   outer loop
     vertex -1.963670e+01  2.537717e+00  9.000000e+00
     vertex -1.972737e+01  1.694403e+00  9.000000e+00
     vertex -2.138323e+01  2.237766e+00  9.000000e+00
   endloop
 endfacet
 facet normal -0.000000e+00  0.000000e+00 -1.000000e+00
   outer loop
     vertex -1.951000e+01  3.376374e+00  9.000000e+00
     vertex -2.127132e+01  3.127421e+00  9.000000e+00
     vertex -2.112242e+01  4.011637e+00  9.000000e+00
   endloop
 endfacet
 facet normal  0.000000e+00  0.000000e+00 -1.000000e+00
   outer loop
     vertex -1.951000e+01  3.376374e+00  9.000000e+00
     vertex -1.963670e+01  2.537717e+00  9.000000e+00
     vertex -2.127132e+01  3.127421e+00  9.000000e+00
   endloop
 endfacet
 facet normal  0.000000e+00 -0.000000e+00 -1.000000e+00
   outer loop
     vertex -2.093678e+01  4.888875e+00  9.000000e+00
     vertex -1.951000e+01  3.376374e+00  9.000000e+00
     vertex -2.112242e+01  4.011637e+00  9.000000e+00
   endloop
 endfacet
 facet normal  0.000000e+00  0.000000e+00 -1.000000e+00
   outer loop
     vertex -1.951000e+01  6.050000e+00  9.000000e+00
     vertex -2.093678e+01  4.888875e+00  9.000000e+00
     vertex -2.071473e+01  5.757610e+00  9.000000e+00
   endloop
 endfacet
 facet normal -0.000000e+00  0.000000e+00 -1.000000e+00
   outer loop
     vertex -1.951000e+01  6.050000e+00  9.000000e+00
     vertex -2.071473e+01  5.757610e+00  9.000000e+00
     vertex -2.045664e+01  6.616330e+00  9.000000e+00
   endloop
 endfacet
 facet normal  0.000000e+00  0.000000e+00 -1.000000e+00
   outer loop
     vertex -1.951000e+01  6.050000e+00  9.000000e+00
     vertex -1.951000e+01  3.376374e+00  9.000000e+00
     vertex -2.093678e+01  4.888875e+00  9.000000e+00
   endloop
 endfacet
 facet normal  0.000000e+00 -0.000000e+00 -1.000000e+00
   outer loop
     vertex -2.016297e+01  7.463542e+00  9.000000e+00
     vertex -1.951000e+01  6.050000e+00  9.000000e+00
     vertex -2.045664e+01  6.616330e+00  9.000000e+00
   endloop
 endfacet
 facet normal -0.000000e+00  0.000000e+00 -1.000000e+00
   outer loop
     vertex -1.858223e+01  6.836725e+00  9.000000e+00
     vertex -1.951000e+01  6.050000e+00  9.000000e+00
     vertex -2.016297e+01  7.463542e+00  9.000000e+00
   endloop
 endfacet
 facet normal  0.000000e+00  0.000000e+00 -1.000000e+00
   outer loop
     vertex -1.858223e+01  6.836725e+00  9.000000e+00
     vertex -1.885305e+01  6.050000e+00  9.000000e+00
     vertex -1.951000e+01  6.050000e+00  9.000000e+00
   endloop
 endfacet
 facet normal -0.000000e+00  0.000000e+00 -1.000000e+00
   outer loop
     vertex -1.827859e+01  7.611378e+00  9.000000e+00
     vertex -2.016297e+01  7.463542e+00  9.000000e+00
     vertex -1.983424e+01  8.297773e+00  9.000000e+00
   endloop
 endfacet
 facet normal  0.000000e+00  0.000000e+00 -1.000000e+00
   outer loop
     vertex -1.827859e+01  7.611378e+00  9.000000e+00
     vertex -1.858223e+01  6.836725e+00  9.000000e+00
     vertex -2.016297e+01  7.463542e+00  9.000000e+00
   endloop
 endfacet
 facet normal -0.000000e+00  0.000000e+00 -1.000000e+00
   outer loop
     vertex -1.794268e+01  8.372590e+00  9.000000e+00
     vertex -1.983424e+01  8.297773e+00  9.000000e+00
     vertex -1.947100e+01  9.117571e+00  9.000000e+00
   endloop
 endfacet
 facet normal  0.000000e+00  0.000000e+00 -1.000000e+00
   outer loop
     vertex -1.794268e+01  8.372590e+00  9.000000e+00
     vertex -1.827859e+01  7.611378e+00  9.000000e+00
     vertex -1.983424e+01  8.297773e+00  9.000000e+00
   endloop
 endfacet
 facet normal -0.000000e+00  0.000000e+00 -1.000000e+00
   outer loop
     vertex -1.804407e+01  9.566807e+00  9.000000e+00
     vertex -1.947100e+01  9.117571e+00  9.000000e+00
     vertex -1.907390e+01  9.921511e+00  9.000000e+00
   endloop
 endfacet
 facet normal  0.000000e+00 -0.000000e+00 -1.000000e+00
   outer loop
     vertex -1.804407e+01  9.566807e+00  9.000000e+00
     vertex -1.794268e+01  8.372590e+00  9.000000e+00
     vertex -1.947100e+01  9.117571e+00  9.000000e+00
   endloop
 endfacet
 facet normal  0.000000e+00  0.000000e+00 -1.000000e+00
   outer loop
     vertex -1.804407e+01  9.566807e+00  9.000000e+00
     vertex -1.782171e+01  9.330204e+00  9.000000e+00
     vertex -1.794268e+01  8.372590e+00  9.000000e+00
   endloop
 endfacet
 facet normal -0.000000e+00  0.000000e+00 -1.000000e+00
   outer loop
     vertex -1.757508e+01  9.119018e+00  9.000000e+00
     vertex -1.794268e+01  8.372590e+00  9.000000e+00
     vertex -1.782171e+01  9.330204e+00  9.000000e+00
   endloop
 endfacet
 facet normal -0.000000e+00 -0.000000e+00 -1.000000e+00
   outer loop
     vertex -1.823956e+01  9.826055e+00  9.000000e+00
     vertex -1.804407e+01  9.566807e+00  9.000000e+00
     vertex -1.907390e+01  9.921511e+00  9.000000e+00
   endloop
 endfacet
 facet normal  0.000000e+00 -0.000000e+00 -1.000000e+00
   outer loop
     vertex -1.840589e+01  1.010491e+01  9.000000e+00
     vertex -1.823956e+01  9.826055e+00  9.000000e+00
     vertex -1.907390e+01  9.921511e+00  9.000000e+00
   endloop
 endfacet
 facet normal  0.000000e+00 -0.000000e+00 -1.000000e+00
   outer loop
     vertex -1.854110e+01  1.040011e+01  9.000000e+00
     vertex -1.840589e+01  1.010491e+01  9.000000e+00
     vertex -1.907390e+01  9.921511e+00  9.000000e+00
   endloop
 endfacet
 facet normal  0.000000e+00 -0.000000e+00 -1.000000e+00
   outer loop
     vertex -1.864362e+01  1.070819e+01  9.000000e+00
     vertex -1.854110e+01  1.040011e+01  9.000000e+00
     vertex -1.907390e+01  9.921511e+00  9.000000e+00
   endloop
 endfacet
 facet normal -5.407892e-15 -1.000000e+00  0.000000e+00
   outer loop
     vertex -1.885305e+01  6.050000e+00  9.000000e+00
     vertex -1.951000e+01  6.050000e+00  1.200000e+01
     vertex -1.951000e+01  6.050000e+00  9.000000e+00
   endloop
 endfacet
 facet normal  0.000000e+00 -1.000000e+00  1.184238e-15
   outer loop
     vertex -1.351000e+01  6.050000e+00  1.200000e+01
     vertex -1.951000e+01  6.050000e+00  1.200000e+01
     vertex -1.885305e+01  6.050000e+00  9.000000e+00
   endloop
 endfacet
 facet normal  4.406567e-14 -1.000000e+00  4.708902e-13
   outer loop
     vertex -1.351000e+01  6.050000e+00  0.000000e+00
     vertex -1.885305e+01  6.050000e+00  5.000000e-01
     vertex -1.832723e+01  6.050000e+00  0.000000e+00
   endloop
 endfacet
 facet normal -3.911308e-17 -1.000000e+00 -4.179663e-16
   outer loop
     vertex -1.351000e+01  6.050000e+00  0.000000e+00
     vertex -1.885305e+01  6.050000e+00  9.000000e+00
     vertex -1.885305e+01  6.050000e+00  5.000000e-01
   endloop
 endfacet
 facet normal  6.649224e-16 -1.000000e+00  0.000000e+00
   outer loop
     vertex -1.351000e+01  6.050000e+00  0.000000e+00
     vertex -1.351000e+01  6.050000e+00  1.200000e+01
     vertex -1.885305e+01  6.050000e+00  9.000000e+00
   endloop
 endfacet
 facet normal -6.352827e-01  3.128608e-01 -7.060694e-01
   outer loop
     vertex -1.794268e+01  8.372590e+00  5.000000e-01
     vertex -1.757508e+01  9.119018e+00  5.000000e-01
     vertex -1.736948e+01  8.974670e+00  2.510480e-01
   endloop
 endfacet
 facet normal -6.350709e-01  3.119352e-01 -7.066692e-01
   outer loop
     vertex -1.748716e+01  8.166348e+00  0.000000e+00
     vertex -1.736948e+01  8.974670e+00  2.510480e-01
     vertex -1.715237e+01  8.847951e+00  0.000000e+00
   endloop
 endfacet
 facet normal -6.347355e-01  3.119745e-01 -7.069531e-01
   outer loop
     vertex -1.748716e+01  8.166348e+00  0.000000e+00
     vertex -1.794268e+01  8.372590e+00  5.000000e-01
     vertex -1.736948e+01  8.974670e+00  2.510480e-01
   endloop
 endfacet
 facet normal -6.477148e-01  2.858280e-01 -7.062350e-01
   outer loop
     vertex -1.779488e+01  7.472103e+00  0.000000e+00
     vertex -1.827859e+01  7.611378e+00  5.000000e-01
     vertex -1.794268e+01  8.372590e+00  5.000000e-01
   endloop
 endfacet
 facet normal -6.464391e-01  2.865284e-01 -7.071194e-01
   outer loop
     vertex -1.779488e+01  7.472103e+00  0.000000e+00
     vertex -1.794268e+01  8.372590e+00  5.000000e-01
     vertex -1.748716e+01  8.166348e+00  0.000000e+00
   endloop
 endfacet
 facet normal -6.597201e-01  2.585863e-01 -7.056221e-01
   outer loop
     vertex -1.807505e+01  6.766289e+00  0.000000e+00
     vertex -1.858223e+01  6.836725e+00  5.000000e-01
     vertex -1.827859e+01  7.611378e+00  5.000000e-01
   endloop
 endfacet
 facet normal -6.565826e-01  2.606272e-01 -7.077943e-01
   outer loop
     vertex -1.807505e+01  6.766289e+00  0.000000e+00
     vertex -1.827859e+01  7.611378e+00  5.000000e-01
     vertex -1.779488e+01  7.472103e+00  0.000000e+00
   endloop
 endfacet
 facet normal -6.704870e-01  2.308086e-01 -7.051061e-01
   outer loop
     vertex -1.832723e+01  6.050000e+00  0.000000e+00
     vertex -1.885305e+01  6.050000e+00  5.000000e-01
     vertex -1.858223e+01  6.836725e+00  5.000000e-01
   endloop
 endfacet
 facet normal -6.657849e-01  2.344054e-01 -7.083675e-01
   outer loop
     vertex -1.832723e+01  6.050000e+00  0.000000e+00
     vertex -1.858223e+01  6.836725e+00  5.000000e-01
     vertex -1.807505e+01  6.766289e+00  0.000000e+00
   endloop
 endfacet
 facet normal  0.000000e+00 -0.000000e+00 -1.000000e+00
   outer loop
     vertex -1.342054e+01 -1.339039e+01  0.000000e+00
     vertex -1.302488e+01 -1.424228e+01  0.000000e+00
     vertex -1.365096e+01 -1.364336e+01  0.000000e+00
   endloop
 endfacet
 facet normal  0.000000e+00 -0.000000e+00 -1.000000e+00
   outer loop
     vertex -1.322042e+01 -1.311283e+01  0.000000e+00
     vertex -1.302488e+01 -1.424228e+01  0.000000e+00
     vertex -1.342054e+01 -1.339039e+01  0.000000e+00
   endloop
 endfacet
 facet normal -0.000000e+00  0.000000e+00 -1.000000e+00
   outer loop
     vertex -1.200000e+01 -1.400000e+01  0.000000e+00
     vertex -1.302488e+01 -1.424228e+01  0.000000e+00
     vertex -1.322042e+01 -1.311283e+01  0.000000e+00
   endloop
 endfacet
 facet normal  0.000000e+00  0.000000e+00 -1.000000e+00
   outer loop
     vertex -1.200000e+01 -1.400000e+01  0.000000e+00
     vertex -1.237255e+01 -1.481250e+01  0.000000e+00
     vertex -1.302488e+01 -1.424228e+01  0.000000e+00
   endloop
 endfacet
 facet normal  0.000000e+00 -0.000000e+00 -1.000000e+00
   outer loop
     vertex -1.200000e+01 -1.400000e+01  0.000000e+00
     vertex -1.169529e+01 -1.535286e+01  0.000000e+00
     vertex -1.237255e+01 -1.481250e+01  0.000000e+00
   endloop
 endfacet
 facet normal -0.000000e+00  0.000000e+00 -1.000000e+00
   outer loop
     vertex -9.950000e+00 -1.600000e+01  0.000000e+00
     vertex -1.027147e+01 -1.633974e+01  0.000000e+00
     vertex -1.099445e+01 -1.586228e+01  0.000000e+00
   endloop
 endfacet
 facet normal  0.000000e+00 -0.000000e+00 -1.000000e+00
   outer loop
     vertex -9.950000e+00 -1.600000e+01  0.000000e+00
     vertex -9.527776e+00 -1.678426e+01  0.000000e+00
     vertex -1.027147e+01 -1.633974e+01  0.000000e+00
   endloop
 endfacet
 facet normal  0.000000e+00  0.000000e+00 -1.000000e+00
   outer loop
     vertex -9.950000e+00 -1.600000e+01  0.000000e+00
     vertex -8.764886e+00 -1.719496e+01  0.000000e+00
     vertex -9.527776e+00 -1.678426e+01  0.000000e+00
   endloop
 endfacet
 facet normal  0.000000e+00 -0.000000e+00 -1.000000e+00
   outer loop
     vertex -1.305321e+01 -1.281429e+01  0.000000e+00
     vertex -1.200000e+01 -1.400000e+01  0.000000e+00
     vertex -1.322042e+01 -1.311283e+01  0.000000e+00
   endloop
 endfacet
 facet normal -0.000000e+00  0.000000e+00 -1.000000e+00
   outer loop
     vertex -1.684125e+01 -8.705509e+00  0.000000e+00
     vertex -1.715237e+01 -8.847951e+00  0.000000e+00
     vertex -1.747607e+01 -8.190054e+00  0.000000e+00
   endloop
 endfacet
 facet normal  0.000000e+00 -0.000000e+00 -1.000000e+00
   outer loop
     vertex -1.292109e+01 -1.249864e+01  0.000000e+00
     vertex -1.200000e+01 -1.400000e+01  0.000000e+00
     vertex -1.305321e+01 -1.281429e+01  0.000000e+00
   endloop
 endfacet
 facet normal -0.000000e+00  0.000000e+00 -1.000000e+00
   outer loop
     vertex -1.651593e+01 -8.599421e+00  0.000000e+00
     vertex -1.684125e+01 -8.705509e+00  0.000000e+00
     vertex -1.747607e+01 -8.190054e+00  0.000000e+00
   endloop
 endfacet
 facet normal  0.000000e+00 -0.000000e+00 -1.000000e+00
   outer loop
     vertex -1.282577e+01 -1.217000e+01  0.000000e+00
     vertex -1.200000e+01 -1.400000e+01  0.000000e+00
     vertex -1.292109e+01 -1.249864e+01  0.000000e+00
   endloop
 endfacet
 facet normal -0.000000e+00  0.000000e+00 -1.000000e+00
   outer loop
     vertex -1.618064e+01 -8.531070e+00  0.000000e+00
     vertex -1.651593e+01 -8.599421e+00  0.000000e+00
     vertex -1.747607e+01 -8.190054e+00  0.000000e+00
   endloop
 endfacet
 facet normal  0.000000e+00  0.000000e+00 -1.000000e+00
   outer loop
     vertex -1.618064e+01 -8.531070e+00  0.000000e+00
     vertex -1.747607e+01 -8.190054e+00  0.000000e+00
     vertex -1.777455e+01 -7.520336e+00  0.000000e+00
   endloop
 endfacet
 facet normal -0.000000e+00  0.000000e+00 -1.000000e+00
   outer loop
     vertex -1.583975e+01 -8.501343e+00  0.000000e+00
     vertex -1.618064e+01 -8.531070e+00  0.000000e+00
     vertex -1.777455e+01 -7.520336e+00  0.000000e+00
   endloop
 endfacet
 facet normal  0.000000e+00  0.000000e+00 -1.000000e+00
   outer loop
     vertex -1.583975e+01 -8.501343e+00  0.000000e+00
     vertex -1.777455e+01 -7.520336e+00  0.000000e+00
     vertex -1.804737e+01 -6.839763e+00  0.000000e+00
   endloop
 endfacet
 facet normal -0.000000e+00  0.000000e+00 -1.000000e+00
   outer loop
     vertex -9.950000e+00 -1.400000e+01  0.000000e+00
     vertex -1.169529e+01 -1.535286e+01  0.000000e+00
     vertex -1.200000e+01 -1.400000e+01  0.000000e+00
   endloop
 endfacet
 facet normal  0.000000e+00  0.000000e+00 -1.000000e+00
   outer loop
     vertex -9.950000e+00 -1.400000e+01  0.000000e+00
     vertex -1.099445e+01 -1.586228e+01  0.000000e+00
     vertex -1.169529e+01 -1.535286e+01  0.000000e+00
   endloop
 endfacet
 facet normal  0.000000e+00 -0.000000e+00 -1.000000e+00
   outer loop
     vertex -9.950000e+00 -1.400000e+01  0.000000e+00
     vertex -9.950000e+00 -1.600000e+01  0.000000e+00
     vertex -1.099445e+01 -1.586228e+01  0.000000e+00
   endloop
 endfacet
 facet normal  0.000000e+00  0.000000e+00 -1.000000e+00
   outer loop
     vertex -4.450000e+00 -1.600000e+01  0.000000e+00
     vertex -7.187687e+00 -1.791165e+01  0.000000e+00
     vertex -7.984332e+00 -1.757101e+01  0.000000e+00
   endloop
 endfacet
 facet normal  0.000000e+00  0.000000e+00 -1.000000e+00
   outer loop
     vertex -4.450000e+00 -1.600000e+01  0.000000e+00
     vertex -6.376557e+00 -1.821619e+01  0.000000e+00
     vertex -7.187687e+00 -1.791165e+01  0.000000e+00
   endloop
 endfacet
 facet normal  0.000000e+00  0.000000e+00 -1.000000e+00
   outer loop
     vertex -4.450000e+00 -1.600000e+01  0.000000e+00
     vertex -5.552576e+00 -1.848402e+01  0.000000e+00
     vertex -6.376557e+00 -1.821619e+01  0.000000e+00
   endloop
 endfacet
 facet normal  0.000000e+00  0.000000e+00 -1.000000e+00
   outer loop
     vertex -4.450000e+00 -1.600000e+01  0.000000e+00
     vertex -4.717406e+00 -1.871460e+01  0.000000e+00
     vertex -5.552576e+00 -1.848402e+01  0.000000e+00
   endloop
 endfacet
 facet normal  0.000000e+00 -0.000000e+00 -1.000000e+00
   outer loop
     vertex -4.450000e+00 -1.600000e+01  0.000000e+00
     vertex -3.872728e+00 -1.890746e+01  0.000000e+00
     vertex -4.717406e+00 -1.871460e+01  0.000000e+00
   endloop
 endfacet
 facet normal  0.000000e+00  0.000000e+00 -1.000000e+00
   outer loop
     vertex -4.450000e+00 -1.600000e+01  0.000000e+00
     vertex -3.020245e+00 -1.906222e+01  0.000000e+00
     vertex -3.872728e+00 -1.890746e+01  0.000000e+00
   endloop
 endfacet
 facet normal  0.000000e+00  0.000000e+00 -1.000000e+00
   outer loop
     vertex -4.450000e+00 -1.600000e+01  0.000000e+00
     vertex -2.161676e+00 -1.917856e+01  0.000000e+00
     vertex -3.020245e+00 -1.906222e+01  0.000000e+00
   endloop
 endfacet
 facet normal  0.000000e+00  0.000000e+00 -1.000000e+00
   outer loop
     vertex -4.450000e+00 -1.600000e+01  0.000000e+00
     vertex -1.298751e+00 -1.925625e+01  0.000000e+00
     vertex -2.161676e+00 -1.917856e+01  0.000000e+00
   endloop
 endfacet
 facet normal  0.000000e+00  0.000000e+00 -1.000000e+00
   outer loop
     vertex -4.332080e-01 -1.929514e+01  0.000000e+00
     vertex -1.298751e+00 -1.925625e+01  0.000000e+00
     vertex -4.450000e+00 -1.600000e+01  0.000000e+00
   endloop
 endfacet
 facet normal  0.000000e+00  0.000000e+00 -1.000000e+00
   outer loop
     vertex -1.351000e+01 -5.450000e+00  0.000000e+00
     vertex -1.549770e+01 -8.510628e+00  0.000000e+00
     vertex -1.583975e+01 -8.501343e+00  0.000000e+00
   endloop
 endfacet
 facet normal  0.000000e+00  0.000000e+00 -1.000000e+00
   outer loop
     vertex -1.351000e+01 -5.450000e+00  0.000000e+00
     vertex -1.515893e+01 -8.558804e+00  0.000000e+00
     vertex -1.549770e+01 -8.510628e+00  0.000000e+00
   endloop
 endfacet
 facet normal  0.000000e+00  0.000000e+00 -1.000000e+00
   outer loop
     vertex -1.351000e+01 -5.450000e+00  0.000000e+00
     vertex -1.482785e+01 -8.645244e+00  0.000000e+00
     vertex -1.515893e+01 -8.558804e+00  0.000000e+00
   endloop
 endfacet
 facet normal  0.000000e+00  0.000000e+00 -1.000000e+00
   outer loop
     vertex -1.351000e+01 -5.450000e+00  0.000000e+00
     vertex -1.450876e+01 -8.768824e+00  0.000000e+00
     vertex -1.482785e+01 -8.645244e+00  0.000000e+00
   endloop
 endfacet
 facet normal  0.000000e+00  0.000000e+00 -1.000000e+00
   outer loop
     vertex -1.351000e+01 -5.450000e+00  0.000000e+00
     vertex -1.420582e+01 -8.927935e+00  0.000000e+00
     vertex -1.450876e+01 -8.768824e+00  0.000000e+00
   endloop
 endfacet
 facet normal  0.000000e+00  0.000000e+00 -1.000000e+00
   outer loop
     vertex -1.351000e+01 -5.450000e+00  0.000000e+00
     vertex -1.392297e+01 -9.120509e+00  0.000000e+00
     vertex -1.420582e+01 -8.927935e+00  0.000000e+00
   endloop
 endfacet
 facet normal  0.000000e+00  0.000000e+00 -1.000000e+00
   outer loop
     vertex -1.351000e+01 -5.450000e+00  0.000000e+00
     vertex -1.366390e+01 -9.344039e+00  0.000000e+00
     vertex -1.392297e+01 -9.120509e+00  0.000000e+00
   endloop
 endfacet
 facet normal  0.000000e+00 -0.000000e+00 -1.000000e+00
   outer loop
     vertex -1.351000e+01 -5.450000e+00  0.000000e+00
     vertex -1.343196e+01 -9.595617e+00  0.000000e+00
     vertex -1.366390e+01 -9.344039e+00  0.000000e+00
   endloop
 endfacet
 facet normal  0.000000e+00  0.000000e+00 -1.000000e+00
   outer loop
     vertex -1.351000e+01 -5.450000e+00  0.000000e+00
     vertex -1.323017e+01 -9.871971e+00  0.000000e+00
     vertex -1.343196e+01 -9.595617e+00  0.000000e+00
   endloop
 endfacet
 facet normal  0.000000e+00  0.000000e+00 -1.000000e+00
   outer loop
     vertex -1.351000e+01 -5.450000e+00  0.000000e+00
     vertex -1.306117e+01 -1.016950e+01  0.000000e+00
     vertex -1.323017e+01 -9.871971e+00  0.000000e+00
   endloop
 endfacet
 facet normal  0.000000e+00  0.000000e+00 -1.000000e+00
   outer loop
     vertex -1.351000e+01 -5.450000e+00  0.000000e+00
     vertex -1.583975e+01 -8.501343e+00  0.000000e+00
     vertex -1.804737e+01 -6.839763e+00  0.000000e+00
   endloop
 endfacet
 facet normal  0.000000e+00  0.000000e+00 -1.000000e+00
   outer loop
     vertex -1.351000e+01 -5.450000e+00  0.000000e+00
     vertex -1.829415e+01 -6.149319e+00  0.000000e+00
     vertex -1.851452e+01 -5.450000e+00  0.000000e+00
   endloop
 endfacet
 facet normal  0.000000e+00  0.000000e+00 -1.000000e+00
   outer loop
     vertex -1.351000e+01 -5.450000e+00  0.000000e+00
     vertex -1.804737e+01 -6.839763e+00  0.000000e+00
     vertex -1.829415e+01 -6.149319e+00  0.000000e+00
   endloop
 endfacet
 facet normal  0.000000e+00 -0.000000e+00 -1.000000e+00
   outer loop
     vertex -4.450000e+00 -1.400000e+01  0.000000e+00
     vertex -4.332080e-01 -1.929514e+01  0.000000e+00
     vertex -4.450000e+00 -1.600000e+01  0.000000e+00
   endloop
 endfacet
 facet normal  0.000000e+00  0.000000e+00 -1.000000e+00
   outer loop
     vertex  4.450000e+00 -1.600000e+01  0.000000e+00
     vertex  1.298751e+00 -1.925625e+01  0.000000e+00
     vertex  4.332080e-01 -1.929514e+01  0.000000e+00
   endloop
 endfacet
 facet normal  0.000000e+00  0.000000e+00 -1.000000e+00
   outer loop
     vertex  4.450000e+00 -1.600000e+01  0.000000e+00
     vertex  2.161676e+00 -1.917856e+01  0.000000e+00
     vertex  1.298751e+00 -1.925625e+01  0.000000e+00
   endloop
 endfacet
 facet normal  0.000000e+00  0.000000e+00 -1.000000e+00
   outer loop
     vertex  4.450000e+00 -1.600000e+01  0.000000e+00
     vertex  3.020245e+00 -1.906222e+01  0.000000e+00
     vertex  2.161676e+00 -1.917856e+01  0.000000e+00
   endloop
 endfacet
 facet normal  0.000000e+00  0.000000e+00 -1.000000e+00
   outer loop
     vertex  4.450000e+00 -1.600000e+01  0.000000e+00
     vertex  3.872728e+00 -1.890746e+01  0.000000e+00
     vertex  3.020245e+00 -1.906222e+01  0.000000e+00
   endloop
 endfacet
 facet normal  0.000000e+00 -0.000000e+00 -1.000000e+00
   outer loop
     vertex  4.450000e+00 -1.600000e+01  0.000000e+00
     vertex  4.717406e+00 -1.871460e+01  0.000000e+00
     vertex  3.872728e+00 -1.890746e+01  0.000000e+00
   endloop
 endfacet
 facet normal  0.000000e+00  0.000000e+00 -1.000000e+00
   outer loop
     vertex  4.450000e+00 -1.600000e+01  0.000000e+00
     vertex  5.552576e+00 -1.848402e+01  0.000000e+00
     vertex  4.717406e+00 -1.871460e+01  0.000000e+00
   endloop
 endfacet
 facet normal  0.000000e+00  0.000000e+00 -1.000000e+00
   outer loop
     vertex  4.450000e+00 -1.600000e+01  0.000000e+00
     vertex  6.376557e+00 -1.821619e+01  0.000000e+00
     vertex  5.552576e+00 -1.848402e+01  0.000000e+00
   endloop
 endfacet
 facet normal -0.000000e+00  0.000000e+00 -1.000000e+00
   outer loop
     vertex  7.187687e+00 -1.791165e+01  0.000000e+00
     vertex  6.376557e+00 -1.821619e+01  0.000000e+00
     vertex  4.450000e+00 -1.600000e+01  0.000000e+00
   endloop
 endfacet
 facet normal -0.000000e+00  0.000000e+00 -1.000000e+00
   outer loop
     vertex  7.984332e+00 -1.757101e+01  0.000000e+00
     vertex  7.187687e+00 -1.791165e+01  0.000000e+00
     vertex  4.450000e+00 -1.600000e+01  0.000000e+00
   endloop
 endfacet
 facet normal -0.000000e+00  0.000000e+00 -1.000000e+00
   outer loop
     vertex  4.450000e+00 -1.400000e+01  0.000000e+00
     vertex -4.332080e-01 -1.929514e+01  0.000000e+00
     vertex -4.450000e+00 -1.400000e+01  0.000000e+00
   endloop
 endfacet
 facet normal  0.000000e+00 -0.000000e+00 -1.000000e+00
   outer loop
     vertex  4.450000e+00 -1.400000e+01  0.000000e+00
     vertex  4.450000e+00 -1.600000e+01  0.000000e+00
     vertex  4.332080e-01 -1.929514e+01  0.000000e+00
   endloop
 endfacet
 facet normal  0.000000e+00  0.000000e+00 -1.000000e+00
   outer loop
     vertex  4.450000e+00 -1.400000e+01  0.000000e+00
     vertex  4.332080e-01 -1.929514e+01  0.000000e+00
     vertex -4.332080e-01 -1.929514e+01  0.000000e+00
   endloop
 endfacet
 facet normal -0.000000e+00  0.000000e+00 -1.000000e+00
   outer loop
     vertex -1.684125e+01  8.705509e+00  0.000000e+00
     vertex -1.748716e+01  8.166348e+00  0.000000e+00
     vertex -1.715237e+01  8.847951e+00  0.000000e+00
   endloop
 endfacet
 facet normal -0.000000e+00  0.000000e+00 -1.000000e+00
   outer loop
     vertex -1.651593e+01  8.599421e+00  0.000000e+00
     vertex -1.748716e+01  8.166348e+00  0.000000e+00
     vertex -1.684125e+01  8.705509e+00  0.000000e+00
   endloop
 endfacet
 facet normal -0.000000e+00  0.000000e+00 -1.000000e+00
   outer loop
     vertex -1.618064e+01  8.531070e+00  0.000000e+00
     vertex -1.748716e+01  8.166348e+00  0.000000e+00
     vertex -1.651593e+01  8.599421e+00  0.000000e+00
   endloop
 endfacet
 facet normal  0.000000e+00  0.000000e+00 -1.000000e+00
   outer loop
     vertex -1.618064e+01  8.531070e+00  0.000000e+00
     vertex -1.779488e+01  7.472103e+00  0.000000e+00
     vertex -1.748716e+01  8.166348e+00  0.000000e+00
   endloop
 endfacet
 facet normal -0.000000e+00  0.000000e+00 -1.000000e+00
   outer loop
     vertex -1.351000e+01  6.050000e+00  0.000000e+00
     vertex -1.832723e+01  6.050000e+00  0.000000e+00
     vertex -1.807505e+01  6.766289e+00  0.000000e+00
   endloop
 endfacet
 facet normal -0.000000e+00  0.000000e+00 -1.000000e+00
   outer loop
     vertex -1.583975e+01  8.501343e+00  0.000000e+00
     vertex -1.779488e+01  7.472103e+00  0.000000e+00
     vertex -1.618064e+01  8.531070e+00  0.000000e+00
   endloop
 endfacet
 facet normal  0.000000e+00 -0.000000e+00 -1.000000e+00
   outer loop
     vertex -1.583975e+01  8.501343e+00  0.000000e+00
     vertex -1.351000e+01  6.050000e+00  0.000000e+00
     vertex -1.807505e+01  6.766289e+00  0.000000e+00
   endloop
 endfacet
 facet normal  0.000000e+00  0.000000e+00 -1.000000e+00
   outer loop
     vertex -1.583975e+01  8.501343e+00  0.000000e+00
     vertex -1.807505e+01  6.766289e+00  0.000000e+00
     vertex -1.779488e+01  7.472103e+00  0.000000e+00
   endloop
 endfacet
 facet normal  0.000000e+00 -0.000000e+00 -1.000000e+00
   outer loop
     vertex -1.549770e+01  8.510628e+00  0.000000e+00
     vertex -1.351000e+01  6.050000e+00  0.000000e+00
     vertex -1.583975e+01  8.501343e+00  0.000000e+00
   endloop
 endfacet
 facet normal  0.000000e+00 -0.000000e+00 -1.000000e+00
   outer loop
     vertex -1.515893e+01  8.558804e+00  0.000000e+00
     vertex -1.351000e+01  6.050000e+00  0.000000e+00
     vertex -1.549770e+01  8.510628e+00  0.000000e+00
   endloop
 endfacet
 facet normal  0.000000e+00 -0.000000e+00 -1.000000e+00
   outer loop
     vertex -1.482785e+01  8.645244e+00  0.000000e+00
     vertex -1.351000e+01  6.050000e+00  0.000000e+00
     vertex -1.515893e+01  8.558804e+00  0.000000e+00
   endloop
 endfacet
 facet normal  0.000000e+00  0.000000e+00 -1.000000e+00
   outer loop
     vertex  9.950000e+00 -1.600000e+01  0.000000e+00
     vertex  9.527776e+00 -1.678426e+01  0.000000e+00
     vertex  8.764886e+00 -1.719496e+01  0.000000e+00
   endloop
 endfacet
 facet normal  0.000000e+00 -0.000000e+00 -1.000000e+00
   outer loop
     vertex  9.950000e+00 -1.600000e+01  0.000000e+00
     vertex  1.027147e+01 -1.633974e+01  0.000000e+00
     vertex  9.527776e+00 -1.678426e+01  0.000000e+00
   endloop
 endfacet
 facet normal  0.000000e+00 -0.000000e+00 -1.000000e+00
   outer loop
     vertex -1.450876e+01  8.768824e+00  0.000000e+00
     vertex -1.351000e+01  6.050000e+00  0.000000e+00
     vertex -1.482785e+01  8.645244e+00  0.000000e+00
   endloop
 endfacet
 facet normal  0.000000e+00 -0.000000e+00 -1.000000e+00
   outer loop
     vertex -1.420582e+01  8.927935e+00  0.000000e+00
     vertex -1.351000e+01  6.050000e+00  0.000000e+00
     vertex -1.450876e+01  8.768824e+00  0.000000e+00
   endloop
 endfacet
 facet normal  0.000000e+00  0.000000e+00 -1.000000e+00
   outer loop
     vertex  1.099445e+01 -1.586228e+01  0.000000e+00
     vertex  1.027147e+01 -1.633974e+01  0.000000e+00
     vertex  9.950000e+00 -1.600000e+01  0.000000e+00
   endloop
 endfacet
 facet normal  0.000000e+00 -0.000000e+00 -1.000000e+00
   outer loop
     vertex -1.392297e+01  9.120509e+00  0.000000e+00
     vertex -1.351000e+01  6.050000e+00  0.000000e+00
     vertex -1.420582e+01  8.927935e+00  0.000000e+00
   endloop
 endfacet
 facet normal  0.000000e+00 -0.000000e+00 -1.000000e+00
   outer loop
     vertex -1.366390e+01  9.344039e+00  0.000000e+00
     vertex -1.351000e+01  6.050000e+00  0.000000e+00
     vertex -1.392297e+01  9.120509e+00  0.000000e+00
   endloop
 endfacet
 facet normal  0.000000e+00  0.000000e+00 -1.000000e+00
   outer loop
     vertex  9.950000e+00 -1.400000e+01  0.000000e+00
     vertex  1.099445e+01 -1.586228e+01  0.000000e+00
     vertex  9.950000e+00 -1.600000e+01  0.000000e+00
   endloop
 endfacet
 facet normal  0.000000e+00  0.000000e+00 -1.000000e+00
   outer loop
     vertex -1.343196e+01  9.595617e+00  0.000000e+00
     vertex -1.351000e+01  6.050000e+00  0.000000e+00
     vertex -1.366390e+01  9.344039e+00  0.000000e+00
   endloop
 endfacet
 facet normal -0.000000e+00  0.000000e+00 -1.000000e+00
   outer loop
     vertex  1.169529e+01 -1.535286e+01  0.000000e+00
     vertex  1.099445e+01 -1.586228e+01  0.000000e+00
     vertex  9.950000e+00 -1.400000e+01  0.000000e+00
   endloop
 endfacet
 facet normal  0.000000e+00  0.000000e+00 -1.000000e+00
   outer loop
     vertex -1.323017e+01  9.871971e+00  0.000000e+00
     vertex -1.351000e+01  6.050000e+00  0.000000e+00
     vertex -1.343196e+01  9.595617e+00  0.000000e+00
   endloop
 endfacet
 facet normal  0.000000e+00  0.000000e+00 -1.000000e+00
   outer loop
     vertex -1.306117e+01  1.016950e+01  0.000000e+00
     vertex -1.351000e+01  6.050000e+00  0.000000e+00
     vertex -1.323017e+01  9.871971e+00  0.000000e+00
   endloop
 endfacet
 facet normal  0.000000e+00  0.000000e+00 -1.000000e+00
   outer loop
     vertex -1.292716e+01  1.048435e+01  0.000000e+00
     vertex -1.351000e+01  6.050000e+00  0.000000e+00
     vertex -1.306117e+01  1.016950e+01  0.000000e+00
   endloop
 endfacet
 facet normal  0.000000e+00 -0.000000e+00 -1.000000e+00
   outer loop
     vertex  1.200000e+01 -1.400000e+01  0.000000e+00
     vertex  1.237255e+01 -1.481250e+01  0.000000e+00
     vertex  1.169529e+01 -1.535286e+01  0.000000e+00
   endloop
 endfacet
 facet normal -0.000000e+00  0.000000e+00 -1.000000e+00
   outer loop
     vertex  1.200000e+01 -1.400000e+01  0.000000e+00
     vertex  1.169529e+01 -1.535286e+01  0.000000e+00
     vertex  9.950000e+00 -1.400000e+01  0.000000e+00
   endloop
 endfacet
 facet normal -0.000000e+00  0.000000e+00 -1.000000e+00
   outer loop
     vertex  1.302488e+01 -1.424228e+01  0.000000e+00
     vertex  1.237255e+01 -1.481250e+01  0.000000e+00
     vertex  1.200000e+01 -1.400000e+01  0.000000e+00
   endloop
 endfacet
 facet normal  0.000000e+00 -0.000000e+00 -1.000000e+00
   outer loop
     vertex  1.342054e+01 -1.339039e+01  0.000000e+00
     vertex  1.365096e+01 -1.364336e+01  0.000000e+00
     vertex  1.302488e+01 -1.424228e+01  0.000000e+00
   endloop
 endfacet
 facet normal  0.000000e+00 -0.000000e+00 -1.000000e+00
   outer loop
     vertex  1.322042e+01 -1.311283e+01  0.000000e+00
     vertex  1.342054e+01 -1.339039e+01  0.000000e+00
     vertex  1.302488e+01 -1.424228e+01  0.000000e+00
   endloop
 endfacet
 facet normal  0.000000e+00  0.000000e+00 -1.000000e+00
   outer loop
     vertex  1.322042e+01 -1.311283e+01  0.000000e+00
     vertex  1.302488e+01 -1.424228e+01  0.000000e+00
     vertex  1.200000e+01 -1.400000e+01  0.000000e+00
   endloop
 endfacet
 facet normal  0.000000e+00 -0.000000e+00 -1.000000e+00
   outer loop
     vertex  1.305321e+01 -1.281429e+01  0.000000e+00
     vertex  1.322042e+01 -1.311283e+01  0.000000e+00
     vertex  1.200000e+01 -1.400000e+01  0.000000e+00
   endloop
 endfacet
 facet normal  0.000000e+00 -0.000000e+00 -1.000000e+00
   outer loop
     vertex  1.292109e+01 -1.249864e+01  0.000000e+00
     vertex  1.305321e+01 -1.281429e+01  0.000000e+00
     vertex  1.200000e+01 -1.400000e+01  0.000000e+00
   endloop
 endfacet
 facet normal  0.000000e+00 -0.000000e+00 -1.000000e+00
   outer loop
     vertex  1.282577e+01 -1.217000e+01  0.000000e+00
     vertex  1.292109e+01 -1.249864e+01  0.000000e+00
     vertex  1.200000e+01 -1.400000e+01  0.000000e+00
   endloop
 endfacet
 facet normal  0.000000e+00  0.000000e+00 -1.000000e+00
   outer loop
     vertex -1.302488e+01  1.424228e+01  0.000000e+00
     vertex -1.342054e+01  1.339039e+01  0.000000e+00
     vertex -1.365096e+01  1.364336e+01  0.000000e+00
   endloop
 endfacet
 facet normal  0.000000e+00  0.000000e+00 -1.000000e+00
   outer loop
     vertex -1.302488e+01  1.424228e+01  0.000000e+00
     vertex -1.322042e+01  1.311283e+01  0.000000e+00
     vertex -1.342054e+01  1.339039e+01  0.000000e+00
   endloop
 endfacet
 facet normal -0.000000e+00  0.000000e+00 -1.000000e+00
   outer loop
     vertex -1.200000e+01  1.400000e+01  0.000000e+00
     vertex -1.322042e+01  1.311283e+01  0.000000e+00
     vertex -1.302488e+01  1.424228e+01  0.000000e+00
   endloop
 endfacet
 facet normal  0.000000e+00  0.000000e+00 -1.000000e+00
   outer loop
     vertex -1.200000e+01  1.400000e+01  0.000000e+00
     vertex -1.305321e+01  1.281429e+01  0.000000e+00
     vertex -1.322042e+01  1.311283e+01  0.000000e+00
   endloop
 endfacet
 facet normal  0.000000e+00  0.000000e+00 -1.000000e+00
   outer loop
     vertex -1.200000e+01  1.400000e+01  0.000000e+00
     vertex -1.292109e+01  1.249864e+01  0.000000e+00
     vertex -1.305321e+01  1.281429e+01  0.000000e+00
   endloop
 endfacet
 facet normal  0.000000e+00  0.000000e+00 -1.000000e+00
   outer loop
     vertex -1.200000e+01  1.400000e+01  0.000000e+00
     vertex -1.282577e+01  1.217000e+01  0.000000e+00
     vertex -1.292109e+01  1.249864e+01  0.000000e+00
   endloop
 endfacet
 facet normal  0.000000e+00  0.000000e+00 -1.000000e+00
   outer loop
     vertex -1.200000e+01  1.400000e+01  0.000000e+00
     vertex -1.276850e+01  1.183265e+01  0.000000e+00
     vertex -1.282577e+01  1.217000e+01  0.000000e+00
   endloop
 endfacet
 facet normal  0.000000e+00  0.000000e+00 -1.000000e+00
   outer loop
     vertex -1.200000e+01  1.400000e+01  0.000000e+00
     vertex -1.275001e+01  1.149097e+01  0.000000e+00
     vertex -1.276850e+01  1.183265e+01  0.000000e+00
   endloop
 endfacet
 facet normal  0.000000e+00  0.000000e+00 -1.000000e+00
   outer loop
     vertex -1.200000e+01  1.400000e+01  0.000000e+00
     vertex -1.277056e+01  1.114941e+01  0.000000e+00
     vertex -1.275001e+01  1.149097e+01  0.000000e+00
   endloop
 endfacet
 facet normal  0.000000e+00 -0.000000e+00 -1.000000e+00
   outer loop
     vertex -1.237255e+01  1.481250e+01  0.000000e+00
     vertex -1.200000e+01  1.400000e+01  0.000000e+00
     vertex -1.302488e+01  1.424228e+01  0.000000e+00
   endloop
 endfacet
 facet normal  0.000000e+00  0.000000e+00 -1.000000e+00
   outer loop
     vertex -1.169529e+01  1.535286e+01  0.000000e+00
     vertex -1.200000e+01  1.400000e+01  0.000000e+00
     vertex -1.237255e+01  1.481250e+01  0.000000e+00
   endloop
 endfacet
 facet normal  0.000000e+00  0.000000e+00 -1.000000e+00
   outer loop
     vertex -1.099445e+01  1.586228e+01  0.000000e+00
     vertex -1.200000e+01  1.400000e+01  0.000000e+00
     vertex -1.169529e+01  1.535286e+01  0.000000e+00
   endloop
 endfacet
 facet normal  0.000000e+00  0.000000e+00 -1.000000e+00
   outer loop
     vertex -1.027147e+01  1.633974e+01  0.000000e+00
     vertex -1.200000e+01  1.400000e+01  0.000000e+00
     vertex -1.099445e+01  1.586228e+01  0.000000e+00
   endloop
 endfacet
 facet normal  0.000000e+00  0.000000e+00 -1.000000e+00
   outer loop
     vertex -9.527776e+00  1.678426e+01  0.000000e+00
     vertex -1.200000e+01  1.400000e+01  0.000000e+00
     vertex -1.027147e+01  1.633974e+01  0.000000e+00
   endloop
 endfacet
 facet normal  0.000000e+00  0.000000e+00 -1.000000e+00
   outer loop
     vertex  1.351000e+01 -5.450000e+00  0.000000e+00
     vertex  1.583975e+01 -8.501343e+00  0.000000e+00
     vertex  1.549770e+01 -8.510628e+00  0.000000e+00
   endloop
 endfacet
 facet normal  0.000000e+00  0.000000e+00 -1.000000e+00
   outer loop
     vertex  1.351000e+01 -5.450000e+00  0.000000e+00
     vertex  1.549770e+01 -8.510628e+00  0.000000e+00
     vertex  1.515893e+01 -8.558804e+00  0.000000e+00
   endloop
 endfacet
 facet normal  0.000000e+00  0.000000e+00 -1.000000e+00
   outer loop
     vertex  1.351000e+01 -5.450000e+00  0.000000e+00
     vertex  1.515893e+01 -8.558804e+00  0.000000e+00
     vertex  1.482785e+01 -8.645244e+00  0.000000e+00
   endloop
 endfacet
 facet normal  0.000000e+00  0.000000e+00 -1.000000e+00
   outer loop
     vertex  1.351000e+01 -5.450000e+00  0.000000e+00
     vertex  1.482785e+01 -8.645244e+00  0.000000e+00
     vertex  1.450876e+01 -8.768824e+00  0.000000e+00
   endloop
 endfacet
 facet normal  0.000000e+00  0.000000e+00 -1.000000e+00
   outer loop
     vertex  1.351000e+01 -5.450000e+00  0.000000e+00
     vertex  1.450876e+01 -8.768824e+00  0.000000e+00
     vertex  1.420582e+01 -8.927935e+00  0.000000e+00
   endloop
 endfacet
 facet normal  0.000000e+00  0.000000e+00 -1.000000e+00
   outer loop
     vertex  1.351000e+01 -5.450000e+00  0.000000e+00
     vertex  1.420582e+01 -8.927935e+00  0.000000e+00
     vertex  1.392297e+01 -9.120509e+00  0.000000e+00
   endloop
 endfacet
 facet normal  0.000000e+00  0.000000e+00 -1.000000e+00
   outer loop
     vertex  1.351000e+01 -5.450000e+00  0.000000e+00
     vertex  1.392297e+01 -9.120509e+00  0.000000e+00
     vertex  1.366390e+01 -9.344039e+00  0.000000e+00
   endloop
 endfacet
 facet normal  0.000000e+00 -0.000000e+00 -1.000000e+00
   outer loop
     vertex  1.351000e+01 -5.450000e+00  0.000000e+00
     vertex  1.366390e+01 -9.344039e+00  0.000000e+00
     vertex  1.343196e+01 -9.595617e+00  0.000000e+00
   endloop
 endfacet
 facet normal  0.000000e+00  0.000000e+00 -1.000000e+00
   outer loop
     vertex  1.351000e+01 -5.450000e+00  0.000000e+00
     vertex  1.343196e+01 -9.595617e+00  0.000000e+00
     vertex  1.323017e+01 -9.871971e+00  0.000000e+00
   endloop
 endfacet
 facet normal  0.000000e+00  0.000000e+00 -1.000000e+00
   outer loop
     vertex  1.351000e+01 -5.450000e+00  0.000000e+00
     vertex  1.323017e+01 -9.871971e+00  0.000000e+00
     vertex  1.306117e+01 -1.016950e+01  0.000000e+00
   endloop
 endfacet
 facet normal  0.000000e+00  0.000000e+00 -1.000000e+00
   outer loop
     vertex -8.764886e+00  1.719496e+01  0.000000e+00
     vertex -1.200000e+01  1.400000e+01  0.000000e+00
     vertex -9.527776e+00  1.678426e+01  0.000000e+00
   endloop
 endfacet
 facet normal  0.000000e+00  0.000000e+00 -1.000000e+00
   outer loop
     vertex  1.747607e+01 -8.190054e+00  0.000000e+00
     vertex  1.715237e+01 -8.847951e+00  0.000000e+00
     vertex  1.684125e+01 -8.705509e+00  0.000000e+00
   endloop
 endfacet
 facet normal  0.000000e+00  0.000000e+00 -1.000000e+00
   outer loop
     vertex  1.747607e+01 -8.190054e+00  0.000000e+00
     vertex  1.684125e+01 -8.705509e+00  0.000000e+00
     vertex  1.651593e+01 -8.599421e+00  0.000000e+00
   endloop
 endfacet
 facet normal  0.000000e+00  0.000000e+00 -1.000000e+00
   outer loop
     vertex  1.747607e+01 -8.190054e+00  0.000000e+00
     vertex  1.651593e+01 -8.599421e+00  0.000000e+00
     vertex  1.618064e+01 -8.531070e+00  0.000000e+00
   endloop
 endfacet
 facet normal  0.000000e+00  0.000000e+00 -1.000000e+00
   outer loop
     vertex  1.777455e+01 -7.520336e+00  0.000000e+00
     vertex  1.618064e+01 -8.531070e+00  0.000000e+00
     vertex  1.583975e+01 -8.501343e+00  0.000000e+00
   endloop
 endfacet
 facet normal  0.000000e+00  0.000000e+00 -1.000000e+00
   outer loop
     vertex  1.777455e+01 -7.520336e+00  0.000000e+00
     vertex  1.747607e+01 -8.190054e+00  0.000000e+00
     vertex  1.618064e+01 -8.531070e+00  0.000000e+00
   endloop
 endfacet
 facet normal -0.000000e+00  0.000000e+00 -1.000000e+00
   outer loop
     vertex  1.804737e+01 -6.839763e+00  0.000000e+00
     vertex  1.583975e+01 -8.501343e+00  0.000000e+00
     vertex  1.351000e+01 -5.450000e+00  0.000000e+00
   endloop
 endfacet
 facet normal  0.000000e+00  0.000000e+00 -1.000000e+00
   outer loop
     vertex  1.804737e+01 -6.839763e+00  0.000000e+00
     vertex  1.777455e+01 -7.520336e+00  0.000000e+00
     vertex  1.583975e+01 -8.501343e+00  0.000000e+00
   endloop
 endfacet
 facet normal -0.000000e+00  0.000000e+00 -1.000000e+00
   outer loop
     vertex  1.829415e+01 -6.149319e+00  0.000000e+00
     vertex  1.804737e+01 -6.839763e+00  0.000000e+00
     vertex  1.351000e+01 -5.450000e+00  0.000000e+00
   endloop
 endfacet
 facet normal -0.000000e+00  0.000000e+00 -1.000000e+00
   outer loop
     vertex  1.851452e+01 -5.450000e+00  0.000000e+00
     vertex  1.829415e+01 -6.149319e+00  0.000000e+00
     vertex  1.351000e+01 -5.450000e+00  0.000000e+00
   endloop
 endfacet
 facet normal  0.000000e+00  0.000000e+00 -1.000000e+00
   outer loop
     vertex  1.343196e+01  9.595617e+00  0.000000e+00
     vertex  1.366390e+01  9.344039e+00  0.000000e+00
     vertex  1.351000e+01  6.050000e+00  0.000000e+00
   endloop
 endfacet
 facet normal -0.000000e+00  0.000000e+00 -1.000000e+00
   outer loop
     vertex  1.392297e+01  9.120509e+00  0.000000e+00
     vertex  1.351000e+01  6.050000e+00  0.000000e+00
     vertex  1.366390e+01  9.344039e+00  0.000000e+00
   endloop
 endfacet
 facet normal  0.000000e+00  0.000000e+00 -1.000000e+00
   outer loop
     vertex  1.323017e+01  9.871971e+00  0.000000e+00
     vertex  1.343196e+01  9.595617e+00  0.000000e+00
     vertex  1.351000e+01  6.050000e+00  0.000000e+00
   endloop
 endfacet
 facet normal -0.000000e+00  0.000000e+00 -1.000000e+00
   outer loop
     vertex  1.420582e+01  8.927935e+00  0.000000e+00
     vertex  1.351000e+01  6.050000e+00  0.000000e+00
     vertex  1.392297e+01  9.120509e+00  0.000000e+00
   endloop
 endfacet
 facet normal  0.000000e+00  0.000000e+00 -1.000000e+00
   outer loop
     vertex  1.306117e+01  1.016950e+01  0.000000e+00
     vertex  1.323017e+01  9.871971e+00  0.000000e+00
     vertex  1.351000e+01  6.050000e+00  0.000000e+00
   endloop
 endfacet
 facet normal -0.000000e+00  0.000000e+00 -1.000000e+00
   outer loop
     vertex  1.450876e+01  8.768824e+00  0.000000e+00
     vertex  1.351000e+01  6.050000e+00  0.000000e+00
     vertex  1.420582e+01  8.927935e+00  0.000000e+00
   endloop
 endfacet
 facet normal  0.000000e+00  0.000000e+00 -1.000000e+00
   outer loop
     vertex  1.292716e+01  1.048435e+01  0.000000e+00
     vertex  1.306117e+01  1.016950e+01  0.000000e+00
     vertex  1.351000e+01  6.050000e+00  0.000000e+00
   endloop
 endfacet
 facet normal -0.000000e+00  0.000000e+00 -1.000000e+00
   outer loop
     vertex  1.482785e+01  8.645244e+00  0.000000e+00
     vertex  1.351000e+01  6.050000e+00  0.000000e+00
     vertex  1.450876e+01  8.768824e+00  0.000000e+00
   endloop
 endfacet
 facet normal -0.000000e+00  0.000000e+00 -1.000000e+00
   outer loop
     vertex  1.515893e+01  8.558804e+00  0.000000e+00
     vertex  1.351000e+01  6.050000e+00  0.000000e+00
     vertex  1.482785e+01  8.645244e+00  0.000000e+00
   endloop
 endfacet
 facet normal -0.000000e+00  0.000000e+00 -1.000000e+00
   outer loop
     vertex  1.549770e+01  8.510628e+00  0.000000e+00
     vertex  1.351000e+01  6.050000e+00  0.000000e+00
     vertex  1.515893e+01  8.558804e+00  0.000000e+00
   endloop
 endfacet
 facet normal -0.000000e+00  0.000000e+00 -1.000000e+00
   outer loop
     vertex  1.583975e+01  8.501343e+00  0.000000e+00
     vertex  1.351000e+01  6.050000e+00  0.000000e+00
     vertex  1.549770e+01  8.510628e+00  0.000000e+00
   endloop
 endfacet
 facet normal -0.000000e+00  0.000000e+00 -1.000000e+00
   outer loop
     vertex  1.807505e+01  6.766289e+00  0.000000e+00
     vertex  1.351000e+01  6.050000e+00  0.000000e+00
     vertex  1.583975e+01  8.501343e+00  0.000000e+00
   endloop
 endfacet
 facet normal  0.000000e+00 -0.000000e+00 -1.000000e+00
   outer loop
     vertex  1.807505e+01  6.766289e+00  0.000000e+00
     vertex  1.832723e+01  6.050000e+00  0.000000e+00
     vertex  1.351000e+01  6.050000e+00  0.000000e+00
   endloop
 endfacet
 facet normal  0.000000e+00  0.000000e+00 -1.000000e+00
   outer loop
     vertex  1.779488e+01  7.472103e+00  0.000000e+00
     vertex  1.583975e+01  8.501343e+00  0.000000e+00
     vertex  1.618064e+01  8.531070e+00  0.000000e+00
   endloop
 endfacet
 facet normal -0.000000e+00 -0.000000e+00 -1.000000e+00
   outer loop
     vertex  1.779488e+01  7.472103e+00  0.000000e+00
     vertex  1.807505e+01  6.766289e+00  0.000000e+00
     vertex  1.583975e+01  8.501343e+00  0.000000e+00
   endloop
 endfacet
 facet normal  0.000000e+00  0.000000e+00 -1.000000e+00
   outer loop
     vertex  1.748716e+01  8.166348e+00  0.000000e+00
     vertex  1.618064e+01  8.531070e+00  0.000000e+00
     vertex  1.651593e+01  8.599421e+00  0.000000e+00
   endloop
 endfacet
 facet normal  0.000000e+00  0.000000e+00 -1.000000e+00
   outer loop
     vertex  1.748716e+01  8.166348e+00  0.000000e+00
     vertex  1.651593e+01  8.599421e+00  0.000000e+00
     vertex  1.684125e+01  8.705509e+00  0.000000e+00
   endloop
 endfacet
 facet normal -0.000000e+00 -0.000000e+00 -1.000000e+00
   outer loop
     vertex  1.748716e+01  8.166348e+00  0.000000e+00
     vertex  1.779488e+01  7.472103e+00  0.000000e+00
     vertex  1.618064e+01  8.531070e+00  0.000000e+00
   endloop
 endfacet
 facet normal  0.000000e+00  0.000000e+00 -1.000000e+00
   outer loop
     vertex  1.200000e+01  1.400000e+01  0.000000e+00
     vertex  1.305321e+01  1.281429e+01  0.000000e+00
     vertex  1.292109e+01  1.249864e+01  0.000000e+00
   endloop
 endfacet
 facet normal  0.000000e+00  0.000000e+00 -1.000000e+00
   outer loop
     vertex  1.200000e+01  1.400000e+01  0.000000e+00
     vertex  1.292109e+01  1.249864e+01  0.000000e+00
     vertex  1.282577e+01  1.217000e+01  0.000000e+00
   endloop
 endfacet
 facet normal  0.000000e+00  0.000000e+00 -1.000000e+00
   outer loop
     vertex  1.200000e+01  1.400000e+01  0.000000e+00
     vertex  1.282577e+01  1.217000e+01  0.000000e+00
     vertex  1.276850e+01  1.183265e+01  0.000000e+00
   endloop
 endfacet
 facet normal  0.000000e+00  0.000000e+00 -1.000000e+00
   outer loop
     vertex  1.200000e+01  1.400000e+01  0.000000e+00
     vertex  1.276850e+01  1.183265e+01  0.000000e+00
     vertex  1.275001e+01  1.149097e+01  0.000000e+00
   endloop
 endfacet
 facet normal  0.000000e+00  0.000000e+00 -1.000000e+00
   outer loop
     vertex  1.200000e+01  1.400000e+01  0.000000e+00
     vertex  1.275001e+01  1.149097e+01  0.000000e+00
     vertex  1.277056e+01  1.114941e+01  0.000000e+00
   endloop
 endfacet
 facet normal  0.000000e+00 -0.000000e+00 -1.000000e+00
   outer loop
     vertex  1.715237e+01  8.847951e+00  0.000000e+00
     vertex  1.748716e+01  8.166348e+00  0.000000e+00
     vertex  1.684125e+01  8.705509e+00  0.000000e+00
   endloop
 endfacet
 facet normal -0.000000e+00 -0.000000e+00 -1.000000e+00
   outer loop
     vertex  9.527776e+00  1.678426e+01  0.000000e+00
     vertex  1.200000e+01  1.400000e+01  0.000000e+00
     vertex  8.764886e+00  1.719496e+01  0.000000e+00
   endloop
 endfacet
 facet normal -0.000000e+00  0.000000e+00 -1.000000e+00
   outer loop
     vertex  1.322042e+01  1.311283e+01  0.000000e+00
     vertex  1.305321e+01  1.281429e+01  0.000000e+00
     vertex  1.200000e+01  1.400000e+01  0.000000e+00
   endloop
 endfacet
 facet normal -0.000000e+00 -0.000000e+00 -1.000000e+00
   outer loop
     vertex  1.027147e+01  1.633974e+01  0.000000e+00
     vertex  1.200000e+01  1.400000e+01  0.000000e+00
     vertex  9.527776e+00  1.678426e+01  0.000000e+00
   endloop
 endfacet
 facet normal -0.000000e+00 -0.000000e+00 -1.000000e+00
   outer loop
     vertex  1.099445e+01  1.586228e+01  0.000000e+00
     vertex  1.200000e+01  1.400000e+01  0.000000e+00
     vertex  1.027147e+01  1.633974e+01  0.000000e+00
   endloop
 endfacet
 facet normal -0.000000e+00 -0.000000e+00 -1.000000e+00
   outer loop
     vertex  1.169529e+01  1.535286e+01  0.000000e+00
     vertex  1.200000e+01  1.400000e+01  0.000000e+00
     vertex  1.099445e+01  1.586228e+01  0.000000e+00
   endloop
 endfacet
 facet normal -0.000000e+00  0.000000e+00 -1.000000e+00
   outer loop
     vertex  1.237255e+01  1.481250e+01  0.000000e+00
     vertex  1.200000e+01  1.400000e+01  0.000000e+00
     vertex  1.169529e+01  1.535286e+01  0.000000e+00
   endloop
 endfacet
 facet normal  0.000000e+00  0.000000e+00 -1.000000e+00
   outer loop
     vertex  1.302488e+01  1.424228e+01  0.000000e+00
     vertex  1.342054e+01  1.339039e+01  0.000000e+00
     vertex  1.322042e+01  1.311283e+01  0.000000e+00
   endloop
 endfacet
 facet normal -0.000000e+00  0.000000e+00 -1.000000e+00
   outer loop
     vertex  1.302488e+01  1.424228e+01  0.000000e+00
     vertex  1.200000e+01  1.400000e+01  0.000000e+00
     vertex  1.237255e+01  1.481250e+01  0.000000e+00
   endloop
 endfacet
 facet normal  0.000000e+00 -0.000000e+00 -1.000000e+00
   outer loop
     vertex  1.302488e+01  1.424228e+01  0.000000e+00
     vertex  1.322042e+01  1.311283e+01  0.000000e+00
     vertex  1.200000e+01  1.400000e+01  0.000000e+00
   endloop
 endfacet
 facet normal -0.000000e+00  0.000000e+00 -1.000000e+00
   outer loop
     vertex  1.365096e+01  1.364336e+01  0.000000e+00
     vertex  1.342054e+01  1.339039e+01  0.000000e+00
     vertex  1.302488e+01  1.424228e+01  0.000000e+00
   endloop
 endfacet
 facet normal  0.000000e+00  0.000000e+00 -1.000000e+00
   outer loop
     vertex -1.200000e+01 -1.400000e+01  0.000000e+00
     vertex -1.275001e+01 -1.149097e+01  0.000000e+00
     vertex -1.200000e+01  1.400000e+01  0.000000e+00
   endloop
 endfacet
 facet normal  0.000000e+00  0.000000e+00 -1.000000e+00
   outer loop
     vertex -1.275001e+01 -1.149097e+01  0.000000e+00
     vertex -1.277056e+01 -1.114941e+01  0.000000e+00
     vertex -1.200000e+01  1.400000e+01  0.000000e+00
   endloop
 endfacet
 facet normal  0.000000e+00  0.000000e+00 -1.000000e+00
   outer loop
     vertex -1.277056e+01 -1.114941e+01  0.000000e+00
     vertex -1.282986e+01 -1.081241e+01  0.000000e+00
     vertex -1.200000e+01  1.400000e+01  0.000000e+00
   endloop
 endfacet
 facet normal  0.000000e+00  0.000000e+00 -1.000000e+00
   outer loop
     vertex -1.282986e+01 -1.081241e+01  0.000000e+00
     vertex -1.292716e+01 -1.048435e+01  0.000000e+00
     vertex -1.200000e+01  1.400000e+01  0.000000e+00
   endloop
 endfacet
 facet normal  0.000000e+00  0.000000e+00 -1.000000e+00
   outer loop
     vertex -1.292716e+01 -1.048435e+01  0.000000e+00
     vertex -1.306117e+01 -1.016950e+01  0.000000e+00
     vertex -1.200000e+01  1.400000e+01  0.000000e+00
   endloop
 endfacet
 facet normal  0.000000e+00  0.000000e+00 -1.000000e+00
   outer loop
     vertex -1.306117e+01 -1.016950e+01  0.000000e+00
     vertex -1.277056e+01  1.114941e+01  0.000000e+00
     vertex -1.200000e+01  1.400000e+01  0.000000e+00
   endloop
 endfacet
 facet normal  0.000000e+00  0.000000e+00 -1.000000e+00
   outer loop
     vertex -1.306117e+01 -1.016950e+01  0.000000e+00
     vertex -1.282986e+01  1.081241e+01  0.000000e+00
     vertex -1.277056e+01  1.114941e+01  0.000000e+00
   endloop
 endfacet
 facet normal  0.000000e+00  0.000000e+00 -1.000000e+00
   outer loop
     vertex -1.306117e+01 -1.016950e+01  0.000000e+00
     vertex -1.292716e+01  1.048435e+01  0.000000e+00
     vertex -1.282986e+01  1.081241e+01  0.000000e+00
   endloop
 endfacet
 facet normal  0.000000e+00  0.000000e+00 -1.000000e+00
   outer loop
     vertex -1.306117e+01 -1.016950e+01  0.000000e+00
     vertex -1.351000e+01 -5.450000e+00  0.000000e+00
     vertex -1.292716e+01  1.048435e+01  0.000000e+00
   endloop
 endfacet
 facet normal  0.000000e+00  0.000000e+00 -1.000000e+00
   outer loop
     vertex -1.351000e+01 -5.450000e+00  0.000000e+00
     vertex -1.351000e+01  6.050000e+00  0.000000e+00
     vertex -1.292716e+01  1.048435e+01  0.000000e+00
   endloop
 endfacet
 facet normal  0.000000e+00  0.000000e+00 -1.000000e+00
   outer loop
     vertex -1.200000e+01 -1.400000e+01  0.000000e+00
     vertex -1.276850e+01 -1.183265e+01  0.000000e+00
     vertex -1.275001e+01 -1.149097e+01  0.000000e+00
   endloop
 endfacet
 facet normal  0.000000e+00  0.000000e+00 -1.000000e+00
   outer loop
     vertex -1.200000e+01 -1.400000e+01  0.000000e+00
     vertex -1.282577e+01 -1.217000e+01  0.000000e+00
     vertex -1.276850e+01 -1.183265e+01  0.000000e+00
   endloop
 endfacet
 facet normal  0.000000e+00  0.000000e+00 -1.000000e+00
   outer loop
     vertex -1.200000e+01  1.400000e+01  0.000000e+00
     vertex -8.764886e+00  1.719496e+01  0.000000e+00
     vertex  1.200000e+01  1.400000e+01  0.000000e+00
   endloop
 endfacet
 facet normal  0.000000e+00  0.000000e+00 -1.000000e+00
   outer loop
     vertex -8.764886e+00  1.719496e+01  0.000000e+00
     vertex -7.984332e+00  1.757101e+01  0.000000e+00
     vertex  1.200000e+01  1.400000e+01  0.000000e+00
   endloop
 endfacet
 facet normal  0.000000e+00  0.000000e+00 -1.000000e+00
   outer loop
     vertex -7.984332e+00  1.757101e+01  0.000000e+00
     vertex -7.187687e+00  1.791165e+01  0.000000e+00
     vertex  1.200000e+01  1.400000e+01  0.000000e+00
   endloop
 endfacet
 facet normal  0.000000e+00  0.000000e+00 -1.000000e+00
   outer loop
     vertex -7.187687e+00  1.791165e+01  0.000000e+00
     vertex -6.376557e+00  1.821619e+01  0.000000e+00
     vertex  1.200000e+01  1.400000e+01  0.000000e+00
   endloop
 endfacet
 facet normal  0.000000e+00  0.000000e+00 -1.000000e+00
   outer loop
     vertex -6.376557e+00  1.821619e+01  0.000000e+00
     vertex -5.552576e+00  1.848402e+01  0.000000e+00
     vertex  1.200000e+01  1.400000e+01  0.000000e+00
   endloop
 endfacet
 facet normal  0.000000e+00  0.000000e+00 -1.000000e+00
   outer loop
     vertex -5.552576e+00  1.848402e+01  0.000000e+00
     vertex -4.717406e+00  1.871460e+01  0.000000e+00
     vertex  1.200000e+01  1.400000e+01  0.000000e+00
   endloop
 endfacet
 facet normal  0.000000e+00  0.000000e+00 -1.000000e+00
   outer loop
     vertex -4.717406e+00  1.871460e+01  0.000000e+00
     vertex -3.872728e+00  1.890746e+01  0.000000e+00
     vertex  1.200000e+01  1.400000e+01  0.000000e+00
   endloop
 endfacet
 facet normal  0.000000e+00  0.000000e+00 -1.000000e+00
   outer loop
     vertex -3.872728e+00  1.890746e+01  0.000000e+00
     vertex -3.020245e+00  1.906222e+01  0.000000e+00
     vertex  1.200000e+01  1.400000e+01  0.000000e+00
   endloop
 endfacet
 facet normal  0.000000e+00  0.000000e+00 -1.000000e+00
   outer loop
     vertex -3.020245e+00  1.906222e+01  0.000000e+00
     vertex -2.161676e+00  1.917856e+01  0.000000e+00
     vertex  1.200000e+01  1.400000e+01  0.000000e+00
   endloop
 endfacet
 facet normal  0.000000e+00  0.000000e+00 -1.000000e+00
   outer loop
     vertex -2.161676e+00  1.917856e+01  0.000000e+00
     vertex -1.298751e+00  1.925625e+01  0.000000e+00
     vertex  1.200000e+01  1.400000e+01  0.000000e+00
   endloop
 endfacet
 facet normal  0.000000e+00  0.000000e+00 -1.000000e+00
   outer loop
     vertex -1.298751e+00  1.925625e+01  0.000000e+00
     vertex -4.332080e-01  1.929514e+01  0.000000e+00
     vertex  1.200000e+01  1.400000e+01  0.000000e+00
   endloop
 endfacet
 facet normal  0.000000e+00  0.000000e+00 -1.000000e+00
   outer loop
     vertex -4.332080e-01  1.929514e+01  0.000000e+00
     vertex  4.332080e-01  1.929514e+01  0.000000e+00
     vertex  1.200000e+01  1.400000e+01  0.000000e+00
   endloop
 endfacet
 facet normal  0.000000e+00  0.000000e+00 -1.000000e+00
   outer loop
     vertex  4.332080e-01  1.929514e+01  0.000000e+00
     vertex  1.298751e+00  1.925625e+01  0.000000e+00
     vertex  1.200000e+01  1.400000e+01  0.000000e+00
   endloop
 endfacet
 facet normal  0.000000e+00  0.000000e+00 -1.000000e+00
   outer loop
     vertex  1.298751e+00  1.925625e+01  0.000000e+00
     vertex  2.161676e+00  1.917856e+01  0.000000e+00
     vertex  1.200000e+01  1.400000e+01  0.000000e+00
   endloop
 endfacet
 facet normal  0.000000e+00  0.000000e+00 -1.000000e+00
   outer loop
     vertex  2.161676e+00  1.917856e+01  0.000000e+00
     vertex  3.020245e+00  1.906222e+01  0.000000e+00
     vertex  1.200000e+01  1.400000e+01  0.000000e+00
   endloop
 endfacet
 facet normal  0.000000e+00  0.000000e+00 -1.000000e+00
   outer loop
     vertex  3.020245e+00  1.906222e+01  0.000000e+00
     vertex  3.872728e+00  1.890746e+01  0.000000e+00
     vertex  1.200000e+01  1.400000e+01  0.000000e+00
   endloop
 endfacet
 facet normal  0.000000e+00  0.000000e+00 -1.000000e+00
   outer loop
     vertex  3.872728e+00  1.890746e+01  0.000000e+00
     vertex  4.717406e+00  1.871460e+01  0.000000e+00
     vertex  1.200000e+01  1.400000e+01  0.000000e+00
   endloop
 endfacet
 facet normal  0.000000e+00  0.000000e+00 -1.000000e+00
   outer loop
     vertex  4.717406e+00  1.871460e+01  0.000000e+00
     vertex  5.552576e+00  1.848402e+01  0.000000e+00
     vertex  1.200000e+01  1.400000e+01  0.000000e+00
   endloop
 endfacet
 facet normal  0.000000e+00  0.000000e+00 -1.000000e+00
   outer loop
     vertex  5.552576e+00  1.848402e+01  0.000000e+00
     vertex  6.376557e+00  1.821619e+01  0.000000e+00
     vertex  1.200000e+01  1.400000e+01  0.000000e+00
   endloop
 endfacet
 facet normal  0.000000e+00  0.000000e+00 -1.000000e+00
   outer loop
     vertex  6.376557e+00  1.821619e+01  0.000000e+00
     vertex  7.187687e+00  1.791165e+01  0.000000e+00
     vertex  1.200000e+01  1.400000e+01  0.000000e+00
   endloop
 endfacet
 facet normal  0.000000e+00  0.000000e+00 -1.000000e+00
   outer loop
     vertex  7.187687e+00  1.791165e+01  0.000000e+00
     vertex  7.984332e+00  1.757101e+01  0.000000e+00
     vertex  1.200000e+01  1.400000e+01  0.000000e+00
   endloop
 endfacet
 facet normal  0.000000e+00  0.000000e+00 -1.000000e+00
   outer loop
     vertex  7.984332e+00  1.757101e+01  0.000000e+00
     vertex  8.764886e+00  1.719496e+01  0.000000e+00
     vertex  1.200000e+01  1.400000e+01  0.000000e+00
   endloop
 endfacet
 facet normal  0.000000e+00  0.000000e+00 -1.000000e+00
   outer loop
     vertex  1.200000e+01  1.400000e+01  0.000000e+00
     vertex  1.275001e+01 -1.149097e+01  0.000000e+00
     vertex  1.200000e+01 -1.400000e+01  0.000000e+00
   endloop
 endfacet
 facet normal  0.000000e+00 -0.000000e+00 -1.000000e+00
   outer loop
     vertex  1.275001e+01 -1.149097e+01  0.000000e+00
     vertex  1.276850e+01 -1.183265e+01  0.000000e+00
     vertex  1.200000e+01 -1.400000e+01  0.000000e+00
   endloop
 endfacet
 facet normal  0.000000e+00 -0.000000e+00 -1.000000e+00
   outer loop
     vertex  1.276850e+01 -1.183265e+01  0.000000e+00
     vertex  1.282577e+01 -1.217000e+01  0.000000e+00
     vertex  1.200000e+01 -1.400000e+01  0.000000e+00
   endloop
 endfacet
 facet normal  0.000000e+00  0.000000e+00 -1.000000e+00
   outer loop
     vertex  1.200000e+01  1.400000e+01  0.000000e+00
     vertex  1.277056e+01 -1.114941e+01  0.000000e+00
     vertex  1.275001e+01 -1.149097e+01  0.000000e+00
   endloop
 endfacet
 facet normal  0.000000e+00  0.000000e+00 -1.000000e+00
   outer loop
     vertex  1.200000e+01  1.400000e+01  0.000000e+00
     vertex  1.282986e+01 -1.081241e+01  0.000000e+00
     vertex  1.277056e+01 -1.114941e+01  0.000000e+00
   endloop
 endfacet
 facet normal  0.000000e+00  0.000000e+00 -1.000000e+00
   outer loop
     vertex  1.200000e+01  1.400000e+01  0.000000e+00
     vertex  1.292716e+01 -1.048435e+01  0.000000e+00
     vertex  1.282986e+01 -1.081241e+01  0.000000e+00
   endloop
 endfacet
 facet normal  0.000000e+00  0.000000e+00 -1.000000e+00
   outer loop
     vertex  1.200000e+01  1.400000e+01  0.000000e+00
     vertex  1.306117e+01 -1.016950e+01  0.000000e+00
     vertex  1.292716e+01 -1.048435e+01  0.000000e+00
   endloop
 endfacet
 facet normal  0.000000e+00  0.000000e+00 -1.000000e+00
   outer loop
     vertex  1.200000e+01  1.400000e+01  0.000000e+00
     vertex  1.277056e+01  1.114941e+01  0.000000e+00
     vertex  1.306117e+01 -1.016950e+01  0.000000e+00
   endloop
 endfacet
 facet normal  0.000000e+00  0.000000e+00 -1.000000e+00
   outer loop
     vertex  1.277056e+01  1.114941e+01  0.000000e+00
     vertex  1.282986e+01  1.081241e+01  0.000000e+00
     vertex  1.306117e+01 -1.016950e+01  0.000000e+00
   endloop
 endfacet
 facet normal  0.000000e+00  0.000000e+00 -1.000000e+00
   outer loop
     vertex  1.282986e+01  1.081241e+01  0.000000e+00
     vertex  1.292716e+01  1.048435e+01  0.000000e+00
     vertex  1.306117e+01 -1.016950e+01  0.000000e+00
   endloop
 endfacet
 facet normal  0.000000e+00  0.000000e+00 -1.000000e+00
   outer loop
     vertex  1.292716e+01  1.048435e+01  0.000000e+00
     vertex  1.351000e+01 -5.450000e+00  0.000000e+00
     vertex  1.306117e+01 -1.016950e+01  0.000000e+00
   endloop
 endfacet
 facet normal  0.000000e+00  0.000000e+00 -1.000000e+00
   outer loop
     vertex  1.292716e+01  1.048435e+01  0.000000e+00
     vertex  1.351000e+01  6.050000e+00  0.000000e+00
     vertex  1.351000e+01 -5.450000e+00  0.000000e+00
   endloop
 endfacet
 facet normal -0.000000e+00  0.000000e+00 -1.000000e+00
   outer loop
     vertex  9.950000e+00 -1.600000e+01  0.000000e+00
     vertex  8.764886e+00 -1.719496e+01  0.000000e+00
     vertex  4.450000e+00 -1.600000e+01  0.000000e+00
   endloop
 endfacet
 facet normal -0.000000e+00  0.000000e+00 -1.000000e+00
   outer loop
     vertex  8.764886e+00 -1.719496e+01  0.000000e+00
     vertex  7.984332e+00 -1.757101e+01  0.000000e+00
     vertex  4.450000e+00 -1.600000e+01  0.000000e+00
   endloop
 endfacet
 facet normal -0.000000e+00  0.000000e+00 -1.000000e+00
   outer loop
     vertex -4.450000e+00 -1.600000e+01  0.000000e+00
     vertex -8.764886e+00 -1.719496e+01  0.000000e+00
     vertex -9.950000e+00 -1.600000e+01  0.000000e+00
   endloop
 endfacet
 facet normal  0.000000e+00  0.000000e+00 -1.000000e+00
   outer loop
     vertex -4.450000e+00 -1.600000e+01  0.000000e+00
     vertex -7.984332e+00 -1.757101e+01  0.000000e+00
     vertex -8.764886e+00 -1.719496e+01  0.000000e+00
   endloop
 endfacet
 facet normal  4.910435e-01  5.103047e-01 -7.060208e-01
   outer loop
     vertex  1.341328e+01  1.456447e+01  5.000000e-01
     vertex  1.403787e+01  1.396346e+01  5.000000e-01
     vertex  1.383777e+01  1.381157e+01  2.510480e-01
   endloop
 endfacet
 facet normal  4.891451e-01  5.113290e-01 -7.065973e-01
   outer loop
     vertex  1.302488e+01  1.424228e+01  0.000000e+00
     vertex  1.383777e+01  1.381157e+01  2.510480e-01
     vertex  1.365096e+01  1.364336e+01  0.000000e+00
   endloop
 endfacet
 facet normal  4.887276e-01  5.096788e-01 -7.080768e-01
   outer loop
     vertex  1.302488e+01  1.424228e+01  0.000000e+00
     vertex  1.341328e+01  1.456447e+01  5.000000e-01
     vertex  1.383777e+01  1.381157e+01  2.510480e-01
   endloop
 endfacet
 facet normal  4.682132e-01  5.312784e-01 -7.060592e-01
   outer loop
     vertex  1.276299e+01  1.513757e+01  5.000000e-01
     vertex  1.341328e+01  1.456447e+01  5.000000e-01
     vertex  1.302488e+01  1.424228e+01  0.000000e+00
   endloop
 endfacet
 facet normal  4.645722e-01  5.314728e-01 -7.083144e-01
   outer loop
     vertex  1.237255e+01  1.481250e+01  0.000000e+00
     vertex  1.276299e+01  1.513757e+01  5.000000e-01
     vertex  1.302488e+01  1.424228e+01  0.000000e+00
   endloop
 endfacet
 facet normal  4.446828e-01  5.514732e-01 -7.057865e-01
   outer loop
     vertex  1.208824e+01  1.568166e+01  5.000000e-01
     vertex  1.276299e+01  1.513757e+01  5.000000e-01
     vertex  1.237255e+01  1.481250e+01  0.000000e+00
   endloop
 endfacet
 facet normal  4.400833e-01  5.515772e-01 -7.085826e-01
   outer loop
     vertex  1.169529e+01  1.535286e+01  0.000000e+00
     vertex  1.208824e+01  1.568166e+01  5.000000e-01
     vertex  1.237255e+01  1.481250e+01  0.000000e+00
   endloop
 endfacet
 facet normal  4.202716e-01  5.706124e-01 -7.055304e-01
   outer loop
     vertex  1.139031e+01  1.619570e+01  5.000000e-01
     vertex  1.208824e+01  1.568166e+01  5.000000e-01
     vertex  1.169529e+01  1.535286e+01  0.000000e+00
   endloop
 endfacet
 facet normal  4.147366e-01  5.705690e-01 -7.088332e-01
   outer loop
     vertex  1.099445e+01  1.586228e+01  0.000000e+00
     vertex  1.139031e+01  1.619570e+01  5.000000e-01
     vertex  1.169529e+01  1.535286e+01  0.000000e+00
   endloop
 endfacet
 facet normal  3.950276e-01  5.886573e-01 -7.052912e-01
   outer loop
     vertex  1.067056e+01  1.667870e+01  5.000000e-01
     vertex  1.139031e+01  1.619570e+01  5.000000e-01
     vertex  1.099445e+01  1.586228e+01  0.000000e+00
   endloop
 endfacet
 facet normal  3.690005e-01  6.055712e-01 -7.050689e-01
   outer loop
     vertex  1.027147e+01  1.633974e+01  0.000000e+00
     vertex  9.930365e+00  1.712974e+01  5.000000e-01
     vertex  1.067056e+01  1.667870e+01  5.000000e-01
   endloop
 endfacet
 facet normal  3.885820e-01  5.884122e-01 -7.090663e-01
   outer loop
     vertex  1.027147e+01  1.633974e+01  0.000000e+00
     vertex  1.067056e+01  1.667870e+01  5.000000e-01
     vertex  1.099445e+01  1.586228e+01  0.000000e+00
   endloop
 endfacet
 facet normal  3.616709e-01  6.050729e-01 -7.092820e-01
   outer loop
     vertex  9.527776e+00  1.678426e+01  0.000000e+00
     vertex  9.930365e+00  1.712974e+01  5.000000e-01
     vertex  1.027147e+01  1.633974e+01  0.000000e+00
   endloop
 endfacet
 facet normal  3.422414e-01  6.213198e-01 -7.048635e-01
   outer loop
     vertex  9.527776e+00  1.678426e+01  0.000000e+00
     vertex  9.171134e+00  1.754794e+01  5.000000e-01
     vertex  9.930365e+00  1.712974e+01  5.000000e-01
   endloop
 endfacet
 facet normal  3.340558e-01  6.205196e-01 -7.094802e-01
   outer loop
     vertex  8.764886e+00  1.719496e+01  0.000000e+00
     vertex  9.171134e+00  1.754794e+01  5.000000e-01
     vertex  9.527776e+00  1.678426e+01  0.000000e+00
   endloop
 endfacet
 facet normal  3.148033e-01  6.358710e-01 -7.046751e-01
   outer loop
     vertex  8.764886e+00  1.719496e+01  0.000000e+00
     vertex  8.394327e+00  1.793252e+01  5.000000e-01
     vertex  9.171134e+00  1.754794e+01  5.000000e-01
   endloop
 endfacet
 facet normal  3.057908e-01  6.347230e-01 -7.096610e-01
   outer loop
     vertex  7.984332e+00  1.757101e+01  0.000000e+00
     vertex  8.394327e+00  1.793252e+01  5.000000e-01
     vertex  8.764886e+00  1.719496e+01  0.000000e+00
   endloop
 endfacet
 facet normal  2.867403e-01  6.491954e-01 -7.045036e-01
   outer loop
     vertex  7.984332e+00  1.757101e+01  0.000000e+00
     vertex  7.601433e+00  1.828273e+01  5.000000e-01
     vertex  8.394327e+00  1.793252e+01  5.000000e-01
   endloop
 endfacet
 facet normal  2.769311e-01  6.476561e-01 -7.098245e-01
   outer loop
     vertex  7.187687e+00  1.791165e+01  0.000000e+00
     vertex  7.601433e+00  1.828273e+01  5.000000e-01
     vertex  7.984332e+00  1.757101e+01  0.000000e+00
   endloop
 endfacet
 facet normal  2.581080e-01  6.612658e-01 -7.043492e-01
   outer loop
     vertex  7.187687e+00  1.791165e+01  0.000000e+00
     vertex  6.793970e+00  1.859790e+01  5.000000e-01
     vertex  7.601433e+00  1.828273e+01  5.000000e-01
   endloop
 endfacet
 facet normal  2.475330e-01  6.592944e-01 -7.099707e-01
   outer loop
     vertex  6.376557e+00  1.821619e+01  0.000000e+00
     vertex  6.793970e+00  1.859790e+01  5.000000e-01
     vertex  7.187687e+00  1.791165e+01  0.000000e+00
   endloop
 endfacet
 facet normal  2.289631e-01  6.720577e-01 -7.042119e-01
   outer loop
     vertex  6.376557e+00  1.821619e+01  0.000000e+00
     vertex  5.973488e+00  1.887743e+01  5.000000e-01
     vertex  6.793970e+00  1.859790e+01  5.000000e-01
   endloop
 endfacet
 facet normal  2.176538e-01  6.696159e-01 -7.100996e-01
   outer loop
     vertex  5.552576e+00  1.848402e+01  0.000000e+00
     vertex  5.973488e+00  1.887743e+01  5.000000e-01
     vertex  6.376557e+00  1.821619e+01  0.000000e+00
   endloop
 endfacet
 facet normal  1.993633e-01  6.815491e-01 -7.040916e-01
   outer loop
     vertex  5.552576e+00  1.848402e+01  0.000000e+00
     vertex  5.141557e+00  1.912078e+01  5.000000e-01
     vertex  5.973488e+00  1.887743e+01  5.000000e-01
   endloop
 endfacet
 facet normal  1.873516e-01  6.786011e-01 -7.102112e-01
   outer loop
     vertex  4.717406e+00  1.871460e+01  0.000000e+00
     vertex  5.141557e+00  1.912078e+01  5.000000e-01
     vertex  5.552576e+00  1.848402e+01  0.000000e+00
   endloop
 endfacet
 facet normal  1.693673e-01  6.897208e-01 -7.039885e-01
   outer loop
     vertex  4.717406e+00  1.871460e+01  0.000000e+00
     vertex  4.299773e+00  1.932749e+01  5.000000e-01
     vertex  5.141557e+00  1.912078e+01  5.000000e-01
   endloop
 endfacet
 facet normal  1.566855e-01  6.862329e-01 -7.103056e-01
   outer loop
     vertex  3.872728e+00  1.890746e+01  0.000000e+00
     vertex  4.299773e+00  1.932749e+01  5.000000e-01
     vertex  4.717406e+00  1.871460e+01  0.000000e+00
   endloop
 endfacet
 facet normal  1.390348e-01  6.965562e-01 -7.039026e-01
   outer loop
     vertex  3.872728e+00  1.890746e+01  0.000000e+00
     vertex  3.449749e+00  1.949716e+01  5.000000e-01
     vertex  4.299773e+00  1.932749e+01  5.000000e-01
   endloop
 endfacet
 facet normal  1.257151e-01  6.924968e-01 -7.103829e-01
   outer loop
     vertex  3.020245e+00  1.906222e+01  0.000000e+00
     vertex  3.449749e+00  1.949716e+01  5.000000e-01
     vertex  3.872728e+00  1.890746e+01  0.000000e+00
   endloop
 endfacet
 facet normal  1.084259e-01  7.020412e-01 -7.038338e-01
   outer loop
     vertex  3.020245e+00  1.906222e+01  0.000000e+00
     vertex  2.593113e+00  1.962946e+01  5.000000e-01
     vertex  3.449749e+00  1.949716e+01  5.000000e-01
   endloop
 endfacet
 facet normal  9.450055e-02  6.973812e-01 -7.104429e-01
   outer loop
     vertex  2.161676e+00  1.917856e+01  0.000000e+00
     vertex  2.593113e+00  1.962946e+01  5.000000e-01
     vertex  3.020245e+00  1.906222e+01  0.000000e+00
   endloop
 endfacet
 facet normal  7.760141e-02  7.061647e-01 -7.037822e-01
   outer loop
     vertex  2.161676e+00  1.917856e+01  0.000000e+00
     vertex  1.731508e+00  1.972414e+01  5.000000e-01
     vertex  2.593113e+00  1.962946e+01  5.000000e-01
   endloop
 endfacet
 facet normal  6.310249e-02  7.008766e-01 -7.104858e-01
   outer loop
     vertex  1.298751e+00  1.925625e+01  0.000000e+00
     vertex  1.731508e+00  1.972414e+01  5.000000e-01
     vertex  2.161676e+00  1.917856e+01  0.000000e+00
   endloop
 endfacet
 facet normal  4.662265e-02  7.089185e-01 -7.037478e-01
   outer loop
     vertex  1.298751e+00  1.925625e+01  0.000000e+00
     vertex  8.665844e-01  1.978103e+01  5.000000e-01
     vertex  1.731508e+00  1.972414e+01  5.000000e-01
   endloop
 endfacet
 facet normal  3.158190e-02  7.029765e-01 -7.105116e-01
   outer loop
     vertex  4.332080e-01  1.929514e+01  0.000000e+00
     vertex  8.665844e-01  1.978103e+01  5.000000e-01
     vertex  1.298751e+00  1.925625e+01  0.000000e+00
   endloop
 endfacet
 facet normal  1.555119e-02  7.102967e-01 -7.037306e-01
   outer loop
     vertex  4.332080e-01  1.929514e+01  0.000000e+00
     vertex  1.776357e-15  1.980000e+01  5.000000e-01
     vertex  8.665844e-01  1.978103e+01  5.000000e-01
   endloop
 endfacet
 facet normal  0.000000e+00  7.036769e-01 -7.105201e-01
   outer loop
     vertex -4.332080e-01  1.929514e+01  0.000000e+00
     vertex  1.776357e-15  1.980000e+01  5.000000e-01
     vertex  4.332080e-01  1.929514e+01  0.000000e+00
   endloop
 endfacet
 facet normal -1.555119e-02  7.102967e-01 -7.037306e-01
   outer loop
     vertex -4.332080e-01  1.929514e+01  0.000000e+00
     vertex -8.665844e-01  1.978103e+01  5.000000e-01
     vertex  1.776357e-15  1.980000e+01  5.000000e-01
   endloop
 endfacet
 facet normal -4.662265e-02  7.089185e-01 -7.037478e-01
   outer loop
     vertex -1.298751e+00  1.925625e+01  0.000000e+00
     vertex -1.731508e+00  1.972414e+01  5.000000e-01
     vertex -8.665844e-01  1.978103e+01  5.000000e-01
   endloop
 endfacet
 facet normal -3.158190e-02  7.029765e-01 -7.105116e-01
   outer loop
     vertex -1.298751e+00  1.925625e+01  0.000000e+00
     vertex -8.665844e-01  1.978103e+01  5.000000e-01
     vertex -4.332080e-01  1.929514e+01  0.000000e+00
   endloop
 endfacet
 facet normal -7.760141e-02  7.061647e-01 -7.037822e-01
   outer loop
     vertex -2.161676e+00  1.917856e+01  0.000000e+00
     vertex -2.593113e+00  1.962946e+01  5.000000e-01
     vertex -1.731508e+00  1.972414e+01  5.000000e-01
   endloop
 endfacet
 facet normal -6.310249e-02  7.008766e-01 -7.104858e-01
   outer loop
     vertex -2.161676e+00  1.917856e+01  0.000000e+00
     vertex -1.731508e+00  1.972414e+01  5.000000e-01
     vertex -1.298751e+00  1.925625e+01  0.000000e+00
   endloop
 endfacet
 facet normal -1.084259e-01  7.020412e-01 -7.038338e-01
   outer loop
     vertex -3.020245e+00  1.906222e+01  0.000000e+00
     vertex -3.449749e+00  1.949716e+01  5.000000e-01
     vertex -2.593113e+00  1.962946e+01  5.000000e-01
   endloop
 endfacet
 facet normal -9.450055e-02  6.973812e-01 -7.104429e-01
   outer loop
     vertex -3.020245e+00  1.906222e+01  0.000000e+00
     vertex -2.593113e+00  1.962946e+01  5.000000e-01
     vertex -2.161676e+00  1.917856e+01  0.000000e+00
   endloop
 endfacet
 facet normal -1.390348e-01  6.965562e-01 -7.039026e-01
   outer loop
     vertex -3.872728e+00  1.890746e+01  0.000000e+00
     vertex -4.299773e+00  1.932749e+01  5.000000e-01
     vertex -3.449749e+00  1.949716e+01  5.000000e-01
   endloop
 endfacet
 facet normal -1.257151e-01  6.924968e-01 -7.103829e-01
   outer loop
     vertex -3.872728e+00  1.890746e+01  0.000000e+00
     vertex -3.449749e+00  1.949716e+01  5.000000e-01
     vertex -3.020245e+00  1.906222e+01  0.000000e+00
   endloop
 endfacet
 facet normal -1.693673e-01  6.897208e-01 -7.039885e-01
   outer loop
     vertex -4.717406e+00  1.871460e+01  0.000000e+00
     vertex -5.141557e+00  1.912078e+01  5.000000e-01
     vertex -4.299773e+00  1.932749e+01  5.000000e-01
   endloop
 endfacet
 facet normal -1.566855e-01  6.862329e-01 -7.103056e-01
   outer loop
     vertex -4.717406e+00  1.871460e+01  0.000000e+00
     vertex -4.299773e+00  1.932749e+01  5.000000e-01
     vertex -3.872728e+00  1.890746e+01  0.000000e+00
   endloop
 endfacet
 facet normal -1.993633e-01  6.815491e-01 -7.040916e-01
   outer loop
     vertex -5.552576e+00  1.848402e+01  0.000000e+00
     vertex -5.973488e+00  1.887743e+01  5.000000e-01
     vertex -5.141557e+00  1.912078e+01  5.000000e-01
   endloop
 endfacet
 facet normal -1.873516e-01  6.786011e-01 -7.102112e-01
   outer loop
     vertex -5.552576e+00  1.848402e+01  0.000000e+00
     vertex -5.141557e+00  1.912078e+01  5.000000e-01
     vertex -4.717406e+00  1.871460e+01  0.000000e+00
   endloop
 endfacet
 facet normal -2.289631e-01  6.720577e-01 -7.042119e-01
   outer loop
     vertex -6.376557e+00  1.821619e+01  0.000000e+00
     vertex -6.793970e+00  1.859790e+01  5.000000e-01
     vertex -5.973488e+00  1.887743e+01  5.000000e-01
   endloop
 endfacet
 facet normal -2.176538e-01  6.696159e-01 -7.100996e-01
   outer loop
     vertex -6.376557e+00  1.821619e+01  0.000000e+00
     vertex -5.973488e+00  1.887743e+01  5.000000e-01
     vertex -5.552576e+00  1.848402e+01  0.000000e+00
   endloop
 endfacet
 facet normal -2.581080e-01  6.612658e-01 -7.043492e-01
   outer loop
     vertex -7.187687e+00  1.791165e+01  0.000000e+00
     vertex -7.601433e+00  1.828273e+01  5.000000e-01
     vertex -6.793970e+00  1.859790e+01  5.000000e-01
   endloop
 endfacet
 facet normal -2.475330e-01  6.592944e-01 -7.099707e-01
   outer loop
     vertex -7.187687e+00  1.791165e+01  0.000000e+00
     vertex -6.793970e+00  1.859790e+01  5.000000e-01
     vertex -6.376557e+00  1.821619e+01  0.000000e+00
   endloop
 endfacet
 facet normal -2.867403e-01  6.491954e-01 -7.045036e-01
   outer loop
     vertex -7.984332e+00  1.757101e+01  0.000000e+00
     vertex -8.394327e+00  1.793252e+01  5.000000e-01
     vertex -7.601433e+00  1.828273e+01  5.000000e-01
   endloop
 endfacet
 facet normal -2.769311e-01  6.476561e-01 -7.098245e-01
   outer loop
     vertex -7.984332e+00  1.757101e+01  0.000000e+00
     vertex -7.601433e+00  1.828273e+01  5.000000e-01
     vertex -7.187687e+00  1.791165e+01  0.000000e+00
   endloop
 endfacet
 facet normal -3.148033e-01  6.358710e-01 -7.046751e-01
   outer loop
     vertex -8.764886e+00  1.719496e+01  0.000000e+00
     vertex -9.171134e+00  1.754794e+01  5.000000e-01
     vertex -8.394327e+00  1.793252e+01  5.000000e-01
   endloop
 endfacet
 facet normal -3.057908e-01  6.347230e-01 -7.096610e-01
   outer loop
     vertex -8.764886e+00  1.719496e+01  0.000000e+00
     vertex -8.394327e+00  1.793252e+01  5.000000e-01
     vertex -7.984332e+00  1.757101e+01  0.000000e+00
   endloop
 endfacet
 facet normal -3.422414e-01  6.213198e-01 -7.048635e-01
   outer loop
     vertex -9.527776e+00  1.678426e+01  0.000000e+00
     vertex -9.930365e+00  1.712974e+01  5.000000e-01
     vertex -9.171134e+00  1.754794e+01  5.000000e-01
   endloop
 endfacet
 facet normal -3.340558e-01  6.205196e-01 -7.094802e-01
   outer loop
     vertex -9.527776e+00  1.678426e+01  0.000000e+00
     vertex -9.171134e+00  1.754794e+01  5.000000e-01
     vertex -8.764886e+00  1.719496e+01  0.000000e+00
   endloop
 endfacet
 facet normal -3.690005e-01  6.055712e-01 -7.050689e-01
   outer loop
     vertex -1.027147e+01  1.633974e+01  0.000000e+00
     vertex -1.067056e+01  1.667870e+01  5.000000e-01
     vertex -9.930365e+00  1.712974e+01  5.000000e-01
   endloop
 endfacet
 facet normal -3.616709e-01  6.050729e-01 -7.092820e-01
   outer loop
     vertex -1.027147e+01  1.633974e+01  0.000000e+00
     vertex -9.930365e+00  1.712974e+01  5.000000e-01
     vertex -9.527776e+00  1.678426e+01  0.000000e+00
   endloop
 endfacet
 facet normal -3.885820e-01  5.884122e-01 -7.090663e-01
   outer loop
     vertex -1.099445e+01  1.586228e+01  0.000000e+00
     vertex -1.067056e+01  1.667870e+01  5.000000e-01
     vertex -1.027147e+01  1.633974e+01  0.000000e+00
   endloop
 endfacet
 facet normal -3.950276e-01  5.886573e-01 -7.052912e-01
   outer loop
     vertex -1.099445e+01  1.586228e+01  0.000000e+00
     vertex -1.139031e+01  1.619570e+01  5.000000e-01
     vertex -1.067056e+01  1.667870e+01  5.000000e-01
   endloop
 endfacet
 facet normal -4.147366e-01  5.705690e-01 -7.088332e-01
   outer loop
     vertex -1.169529e+01  1.535286e+01  0.000000e+00
     vertex -1.139031e+01  1.619570e+01  5.000000e-01
     vertex -1.099445e+01  1.586228e+01  0.000000e+00
   endloop
 endfacet
 facet normal -4.202716e-01  5.706124e-01 -7.055304e-01
   outer loop
     vertex -1.169529e+01  1.535286e+01  0.000000e+00
     vertex -1.208824e+01  1.568166e+01  5.000000e-01
     vertex -1.139031e+01  1.619570e+01  5.000000e-01
   endloop
 endfacet
 facet normal -4.400833e-01  5.515772e-01 -7.085826e-01
   outer loop
     vertex -1.237255e+01  1.481250e+01  0.000000e+00
     vertex -1.208824e+01  1.568166e+01  5.000000e-01
     vertex -1.169529e+01  1.535286e+01  0.000000e+00
   endloop
 endfacet
 facet normal -4.446828e-01  5.514732e-01 -7.057865e-01
   outer loop
     vertex -1.237255e+01  1.481250e+01  0.000000e+00
     vertex -1.276299e+01  1.513757e+01  5.000000e-01
     vertex -1.208824e+01  1.568166e+01  5.000000e-01
   endloop
 endfacet
 facet normal -4.645722e-01  5.314728e-01 -7.083144e-01
   outer loop
     vertex -1.302488e+01  1.424228e+01  0.000000e+00
     vertex -1.276299e+01  1.513757e+01  5.000000e-01
     vertex -1.237255e+01  1.481250e+01  0.000000e+00
   endloop
 endfacet
 facet normal -4.682132e-01  5.312784e-01 -7.060592e-01
   outer loop
     vertex -1.302488e+01  1.424228e+01  0.000000e+00
     vertex -1.341328e+01  1.456447e+01  5.000000e-01
     vertex -1.276299e+01  1.513757e+01  5.000000e-01
   endloop
 endfacet
 facet normal -4.887276e-01  5.096788e-01 -7.080768e-01
   outer loop
     vertex -1.383777e+01  1.381158e+01  2.510492e-01
     vertex -1.341328e+01  1.456447e+01  5.000000e-01
     vertex -1.302488e+01  1.424228e+01  0.000000e+00
   endloop
 endfacet
 facet normal -4.910435e-01  5.103047e-01 -7.060208e-01
   outer loop
     vertex -1.383777e+01  1.381158e+01  2.510492e-01
     vertex -1.403787e+01  1.396346e+01  5.000000e-01
     vertex -1.341328e+01  1.456447e+01  5.000000e-01
   endloop
 endfacet
 facet normal -4.891451e-01  5.113290e-01 -7.065973e-01
   outer loop
     vertex -1.365096e+01  1.364336e+01  0.000000e+00
     vertex -1.383777e+01  1.381158e+01  2.510492e-01
     vertex -1.302488e+01  1.424228e+01  0.000000e+00
   endloop
 endfacet
 facet normal  6.933772e-01  7.205749e-01  4.688156e-16
   outer loop
     vertex  1.403787e+01  1.396346e+01  9.000000e+00
     vertex  1.403787e+01  1.396346e+01  5.000000e-01
     vertex  1.341328e+01  1.456447e+01  5.000000e-01
   endloop
 endfacet
 facet normal  6.611754e-01  7.502313e-01 -7.292151e-16
   outer loop
     vertex  1.341328e+01  1.456447e+01  9.000000e+00
     vertex  1.341328e+01  1.456447e+01  5.000000e-01
     vertex  1.276299e+01  1.513757e+01  5.000000e-01
   endloop
 endfacet
 facet normal  6.933772e-01  7.205749e-01  7.016480e-16
   outer loop
     vertex  1.341328e+01  1.456447e+01  9.000000e+00
     vertex  1.403787e+01  1.396346e+01  9.000000e+00
     vertex  1.341328e+01  1.456447e+01  5.000000e-01
   endloop
 endfacet
 facet normal  6.277066e-01  7.784500e-01 -7.260371e-16
   outer loop
     vertex  1.276299e+01  1.513757e+01  9.000000e+00
     vertex  1.276299e+01  1.513757e+01  5.000000e-01
     vertex  1.208824e+01  1.568166e+01  5.000000e-01
   endloop
 endfacet
 facet normal  6.611754e-01  7.502313e-01  6.632451e-16
   outer loop
     vertex  1.276299e+01  1.513757e+01  9.000000e+00
     vertex  1.341328e+01  1.456447e+01  9.000000e+00
     vertex  1.276299e+01  1.513757e+01  5.000000e-01
   endloop
 endfacet
 facet normal  5.930347e-01  8.051769e-01 -1.015649e-15
   outer loop
     vertex  1.208824e+01  1.568166e+01  9.000000e+00
     vertex  1.208824e+01  1.568166e+01  5.000000e-01
     vertex  1.139031e+01  1.619570e+01  5.000000e-01
   endloop
 endfacet
 facet normal  6.277066e-01  7.784500e-01  3.130663e-16
   outer loop
     vertex  1.208824e+01  1.568166e+01  9.000000e+00
     vertex  1.276299e+01  1.513757e+01  9.000000e+00
     vertex  1.208824e+01  1.568166e+01  5.000000e-01
   endloop
 endfacet
 facet normal  5.572264e-01  8.303606e-01 -1.184779e-15
   outer loop
     vertex  1.139031e+01  1.619570e+01  9.000000e+00
     vertex  1.139031e+01  1.619570e+01  5.000000e-01
     vertex  1.067056e+01  1.667870e+01  5.000000e-01
   endloop
 endfacet
 facet normal  5.930347e-01  8.051769e-01  1.178955e-16
   outer loop
     vertex  1.139031e+01  1.619570e+01  9.000000e+00
     vertex  1.208824e+01  1.568166e+01  9.000000e+00
     vertex  1.139031e+01  1.619570e+01  5.000000e-01
   endloop
 endfacet
 facet normal  5.203501e-01  8.539530e-01 -3.743316e-16
   outer loop
     vertex  1.067056e+01  1.667870e+01  9.000000e+00
     vertex  1.067056e+01  1.667870e+01  5.000000e-01
     vertex  9.930365e+00  1.712974e+01  5.000000e-01
   endloop
 endfacet
 facet normal  5.572264e-01  8.303606e-01  8.998877e-16
   outer loop
     vertex  1.067056e+01  1.667870e+01  9.000000e+00
     vertex  1.139031e+01  1.619570e+01  9.000000e+00
     vertex  1.067056e+01  1.667870e+01  5.000000e-01
   endloop
 endfacet
 facet normal  5.203501e-01  8.539530e-01  4.789503e-16
   outer loop
     vertex  9.930365e+00  1.712974e+01  9.000000e+00
     vertex  1.067056e+01  1.667870e+01  9.000000e+00
     vertex  9.930365e+00  1.712974e+01  5.000000e-01
   endloop
 endfacet
 facet normal  4.824767e-01  8.759088e-01 -7.511914e-16
   outer loop
     vertex  9.930365e+00  1.712974e+01  9.000000e+00
     vertex  9.930365e+00  1.712974e+01  5.000000e-01
     vertex  9.171134e+00  1.754794e+01  5.000000e-01
   endloop
 endfacet
 facet normal  4.824767e-01  8.759088e-01  1.079310e-15
   outer loop
     vertex  9.171134e+00  1.754794e+01  9.000000e+00
     vertex  9.930365e+00  1.712974e+01  9.000000e+00
     vertex  9.171134e+00  1.754794e+01  5.000000e-01
   endloop
 endfacet
 facet normal  4.436785e-01  8.961860e-01 -1.070157e-16
   outer loop
     vertex  9.171134e+00  1.754794e+01  9.000000e+00
     vertex  9.171134e+00  1.754794e+01  5.000000e-01
     vertex  8.394327e+00  1.793252e+01  5.000000e-01
   endloop
 endfacet
 facet normal  4.436785e-01  8.961860e-01  8.312683e-16
   outer loop
     vertex  8.394327e+00  1.793252e+01  9.000000e+00
     vertex  9.171134e+00  1.754794e+01  9.000000e+00
     vertex  8.394327e+00  1.793252e+01  5.000000e-01
   endloop
 endfacet
 facet normal  4.040301e-01  9.147457e-01 -3.150091e-16
   outer loop
     vertex  8.394327e+00  1.793252e+01  9.000000e+00
     vertex  8.394327e+00  1.793252e+01  5.000000e-01
     vertex  7.601433e+00  1.828273e+01  5.000000e-01
   endloop
 endfacet
 facet normal  3.636074e-01  9.315523e-01 -9.099314e-16
   outer loop
     vertex  7.601433e+00  1.828273e+01  9.000000e+00
     vertex  7.601433e+00  1.828273e+01  5.000000e-01
     vertex  6.793970e+00  1.859790e+01  5.000000e-01
   endloop
 endfacet
 facet normal  4.040301e-01  9.147457e-01  1.963502e-16
   outer loop
     vertex  7.601433e+00  1.828273e+01  9.000000e+00
     vertex  8.394327e+00  1.793252e+01  9.000000e+00
     vertex  7.601433e+00  1.828273e+01  5.000000e-01
   endloop
 endfacet
 facet normal  3.224878e-01  9.465736e-01 -8.275614e-16
   outer loop
     vertex  6.793970e+00  1.859790e+01  9.000000e+00
     vertex  6.793970e+00  1.859790e+01  5.000000e-01
     vertex  5.973488e+00  1.887743e+01  5.000000e-01
   endloop
 endfacet
 facet normal  3.636074e-01  9.315523e-01  2.581410e-16
   outer loop
     vertex  6.793970e+00  1.859790e+01  9.000000e+00
     vertex  7.601433e+00  1.828273e+01  9.000000e+00
     vertex  6.793970e+00  1.859790e+01  5.000000e-01
   endloop
 endfacet
 facet normal  2.807502e-01  9.597809e-01 -9.428980e-16
   outer loop
     vertex  5.973488e+00  1.887743e+01  9.000000e+00
     vertex  5.973488e+00  1.887743e+01  5.000000e-01
     vertex  5.141557e+00  1.912078e+01  5.000000e-01
   endloop
 endfacet
 facet normal  3.224878e-01  9.465736e-01  8.976813e-17
   outer loop
     vertex  5.973488e+00  1.887743e+01  9.000000e+00
     vertex  6.793970e+00  1.859790e+01  9.000000e+00
     vertex  5.973488e+00  1.887743e+01  5.000000e-01
   endloop
 endfacet
 facet normal  2.384746e-01  9.711487e-01 -4.498015e-16
   outer loop
     vertex  5.141557e+00  1.912078e+01  9.000000e+00
     vertex  5.141557e+00  1.912078e+01  5.000000e-01
     vertex  4.299773e+00  1.932749e+01  5.000000e-01
   endloop
 endfacet
 facet normal  2.807502e-01  9.597809e-01  5.443822e-16
   outer loop
     vertex  5.141557e+00  1.912078e+01  9.000000e+00
     vertex  5.973488e+00  1.887743e+01  9.000000e+00
     vertex  5.141557e+00  1.912078e+01  5.000000e-01
   endloop
 endfacet
 facet normal  1.957419e-01  9.806554e-01 -6.233614e-16
   outer loop
     vertex  4.299773e+00  1.932749e+01  9.000000e+00
     vertex  4.299773e+00  1.932749e+01  5.000000e-01
     vertex  3.449749e+00  1.949716e+01  5.000000e-01
   endloop
 endfacet
 facet normal  2.384746e-01  9.711487e-01  3.620134e-16
   outer loop
     vertex  4.299773e+00  1.932749e+01  9.000000e+00
     vertex  5.141557e+00  1.912078e+01  9.000000e+00
     vertex  4.299773e+00  1.932749e+01  5.000000e-01
   endloop
 endfacet
 facet normal  1.526341e-01  9.882828e-01 -8.930465e-16
   outer loop
     vertex  3.449749e+00  1.949716e+01  9.000000e+00
     vertex  3.449749e+00  1.949716e+01  5.000000e-01
     vertex  2.593113e+00  1.962946e+01  5.000000e-01
   endloop
 endfacet
 facet normal  1.957419e-01  9.806554e-01  5.322687e-17
   outer loop
     vertex  3.449749e+00  1.949716e+01  9.000000e+00
     vertex  4.299773e+00  1.932749e+01  9.000000e+00
     vertex  3.449749e+00  1.949716e+01  5.000000e-01
   endloop
 endfacet
 facet normal  1.092338e-01  9.940161e-01 -1.040920e-15
   outer loop
     vertex  2.593113e+00  1.962946e+01  9.000000e+00
     vertex  2.593113e+00  1.962946e+01  5.000000e-01
     vertex  1.731508e+00  1.972414e+01  5.000000e-01
   endloop
 endfacet
 facet normal  1.526341e-01  9.882828e-01 -1.147556e-16
   outer loop
     vertex  2.593113e+00  1.962946e+01  9.000000e+00
     vertex  3.449749e+00  1.949716e+01  9.000000e+00
     vertex  2.593113e+00  1.962946e+01  5.000000e-01
   endloop
 endfacet
 facet normal  6.562412e-02  9.978444e-01 -3.653996e-16
   outer loop
     vertex  1.731508e+00  1.972414e+01  9.000000e+00
     vertex  1.731508e+00  1.972414e+01  5.000000e-01
     vertex  8.665844e-01  1.978103e+01  5.000000e-01
   endloop
 endfacet
 facet normal  1.092338e-01  9.940161e-01  5.068010e-16
   outer loop
     vertex  1.731508e+00  1.972414e+01  9.000000e+00
     vertex  2.593113e+00  1.962946e+01  9.000000e+00
     vertex  1.731508e+00  1.972414e+01  5.000000e-01
   endloop
 endfacet
 facet normal  2.188869e-02  9.997604e-01 -8.281824e-16
   outer loop
     vertex  8.665844e-01  1.978103e+01  9.000000e+00
     vertex  8.665844e-01  1.978103e+01  5.000000e-01
     vertex  1.776357e-15  1.980000e+01  5.000000e-01
   endloop
 endfacet
 facet normal  6.562412e-02  9.978444e-01  2.423713e-17
   outer loop
     vertex  8.665844e-01  1.978103e+01  9.000000e+00
     vertex  1.731508e+00  1.972414e+01  9.000000e+00
     vertex  8.665844e-01  1.978103e+01  5.000000e-01
   endloop
 endfacet
 facet normal -2.188869e-02  9.997604e-01 -8.204105e-16
   outer loop
     vertex -1.545430e-13  1.980000e+01  9.000000e+00
     vertex  1.776357e-15  1.980000e+01  5.000000e-01
     vertex -8.665844e-01  1.978103e+01  5.000000e-01
   endloop
 endfacet
 facet normal  2.188869e-02  9.997604e-01 -1.532185e-17
   outer loop
     vertex -1.545430e-13  1.980000e+01  9.000000e+00
     vertex  8.665844e-01  1.978103e+01  9.000000e+00
     vertex  1.776357e-15  1.980000e+01  5.000000e-01
   endloop
 endfacet
 facet normal -6.562412e-02  9.978444e-01 -7.486532e-16
   outer loop
     vertex -8.665844e-01  1.978103e+01  9.000000e+00
     vertex -8.665844e-01  1.978103e+01  5.000000e-01
     vertex -1.731508e+00  1.972414e+01  5.000000e-01
   endloop
 endfacet
 facet normal -2.188869e-02  9.997604e-01  2.904495e-17
   outer loop
     vertex -8.665844e-01  1.978103e+01  9.000000e+00
     vertex -1.545430e-13  1.980000e+01  9.000000e+00
     vertex -8.665844e-01  1.978103e+01  5.000000e-01
   endloop
 endfacet
 facet normal -1.092338e-01  9.940161e-01 -5.798459e-16
   outer loop
     vertex -1.731508e+00  1.972414e+01  9.000000e+00
     vertex -1.731508e+00  1.972414e+01  5.000000e-01
     vertex -2.593113e+00  1.962946e+01  5.000000e-01
   endloop
 endfacet
 facet normal -6.562412e-02  9.978444e-01  1.540492e-16
   outer loop
     vertex -1.731508e+00  1.972414e+01  9.000000e+00
     vertex -8.665844e-01  1.978103e+01  9.000000e+00
     vertex -1.731508e+00  1.972414e+01  5.000000e-01
   endloop
 endfacet
 facet normal -1.526341e-01  9.882828e-01 -7.719691e-16
   outer loop
     vertex -2.593113e+00  1.962946e+01  9.000000e+00
     vertex -2.593113e+00  1.962946e+01  5.000000e-01
     vertex -3.449749e+00  1.949716e+01  5.000000e-01
   endloop
 endfacet
 facet normal -1.092338e-01  9.940161e-01 -7.306859e-17
   outer loop
     vertex -2.593113e+00  1.962946e+01  9.000000e+00
     vertex -1.731508e+00  1.972414e+01  9.000000e+00
     vertex -2.593113e+00  1.962946e+01  5.000000e-01
   endloop
 endfacet
 facet normal -1.957419e-01  9.806554e-01 -3.428275e-16
   outer loop
     vertex -3.449749e+00  1.949716e+01  9.000000e+00
     vertex -3.449749e+00  1.949716e+01  5.000000e-01
     vertex -4.299773e+00  1.932749e+01  5.000000e-01
   endloop
 endfacet
 facet normal -1.526341e-01  9.882828e-01  2.934034e-16
   outer loop
     vertex -3.449749e+00  1.949716e+01  9.000000e+00
     vertex -2.593113e+00  1.962946e+01  9.000000e+00
     vertex -3.449749e+00  1.949716e+01  5.000000e-01
   endloop
 endfacet
 facet normal -2.384746e-01  9.711487e-01 -3.980639e-16
   outer loop
     vertex -4.299773e+00  1.932749e+01  9.000000e+00
     vertex -4.299773e+00  1.932749e+01  5.000000e-01
     vertex -5.141557e+00  1.912078e+01  5.000000e-01
   endloop
 endfacet
 facet normal -1.957419e-01  9.806554e-01  2.102271e-16
   outer loop
     vertex -4.299773e+00  1.932749e+01  9.000000e+00
     vertex -3.449749e+00  1.949716e+01  9.000000e+00
     vertex -4.299773e+00  1.932749e+01  5.000000e-01
   endloop
 endfacet
 facet normal -2.807502e-01  9.597809e-01 -6.828956e-16
   outer loop
     vertex -5.141557e+00  1.912078e+01  9.000000e+00
     vertex -5.141557e+00  1.912078e+01  5.000000e-01
     vertex -5.973488e+00  1.887743e+01  5.000000e-01
   endloop
 endfacet
 facet normal -2.384746e-01  9.711487e-01 -1.239594e-16
   outer loop
     vertex -5.141557e+00  1.912078e+01  9.000000e+00
     vertex -4.299773e+00  1.932749e+01  9.000000e+00
     vertex -5.141557e+00  1.912078e+01  5.000000e-01
   endloop
 endfacet
 facet normal -3.224878e-01  9.465736e-01 -4.405200e-16
   outer loop
     vertex -5.973488e+00  1.887743e+01  9.000000e+00
     vertex -5.973488e+00  1.887743e+01  5.000000e-01
     vertex -6.793970e+00  1.859790e+01  5.000000e-01
   endloop
 endfacet
 facet normal -2.807502e-01  9.597809e-01  7.029291e-17
   outer loop
     vertex -5.973488e+00  1.887743e+01  9.000000e+00
     vertex -5.141557e+00  1.912078e+01  9.000000e+00
     vertex -5.973488e+00  1.887743e+01  5.000000e-01
   endloop
 endfacet
 facet normal -3.636074e-01  9.315523e-01 -1.052042e-16
   outer loop
     vertex -6.793970e+00  1.859790e+01  9.000000e+00
     vertex -6.793970e+00  1.859790e+01  5.000000e-01
     vertex -7.601433e+00  1.828273e+01  5.000000e-01
   endloop
 endfacet
 facet normal -3.224878e-01  9.465736e-01  3.594831e-16
   outer loop
     vertex -6.793970e+00  1.859790e+01  9.000000e+00
     vertex -5.973488e+00  1.887743e+01  9.000000e+00
     vertex -6.793970e+00  1.859790e+01  5.000000e-01
   endloop
 endfacet
 facet normal -4.040301e-01  9.147457e-01 -6.987162e-16
   outer loop
     vertex -7.601433e+00  1.828273e+01  9.000000e+00
     vertex -7.601433e+00  1.828273e+01  5.000000e-01
     vertex -8.394327e+00  1.793252e+01  5.000000e-01
   endloop
 endfacet
 facet normal -3.636074e-01  9.315523e-01 -2.665982e-16
   outer loop
     vertex -7.601433e+00  1.828273e+01  9.000000e+00
     vertex -6.793970e+00  1.859790e+01  9.000000e+00
     vertex -7.601433e+00  1.828273e+01  5.000000e-01
   endloop
 endfacet
 facet normal -4.436785e-01  8.961860e-01 -5.950957e-17
   outer loop
     vertex -8.394327e+00  1.793252e+01  9.000000e+00
     vertex -8.394327e+00  1.793252e+01  5.000000e-01
     vertex -9.171134e+00  1.754794e+01  5.000000e-01
   endloop
 endfacet
 facet normal -4.040301e-01  9.147457e-01  3.168828e-16
   outer loop
     vertex -8.394327e+00  1.793252e+01  9.000000e+00
     vertex -7.601433e+00  1.828273e+01  9.000000e+00
     vertex -8.394327e+00  1.793252e+01  5.000000e-01
   endloop
 endfacet
 facet normal -4.824767e-01  8.759088e-01  1.691891e-16
   outer loop
     vertex -9.171134e+00  1.754794e+01  9.000000e+00
     vertex -9.171134e+00  1.754794e+01  5.000000e-01
     vertex -9.930365e+00  1.712974e+01  5.000000e-01
   endloop
 endfacet
 facet normal -4.436785e-01  8.961860e-01  4.968185e-16
   outer loop
     vertex -9.171134e+00  1.754794e+01  9.000000e+00
     vertex -8.394327e+00  1.793252e+01  9.000000e+00
     vertex -9.171134e+00  1.754794e+01  5.000000e-01
   endloop
 endfacet
 facet normal -5.203501e-01  8.539530e-01 -8.071053e-17
   outer loop
     vertex -9.930365e+00  1.712974e+01  9.000000e+00
     vertex -9.930365e+00  1.712974e+01  5.000000e-01
     vertex -1.067056e+01  1.667870e+01  5.000000e-01
   endloop
 endfacet
 facet normal -4.824767e-01  8.759088e-01  2.064067e-16
   outer loop
     vertex -9.930365e+00  1.712974e+01  9.000000e+00
     vertex -9.171134e+00  1.754794e+01  9.000000e+00
     vertex -9.930365e+00  1.712974e+01  5.000000e-01
   endloop
 endfacet
 facet normal -5.203501e-01  8.539530e-01 -2.508356e-16
   outer loop
     vertex -1.067056e+01  1.667870e+01  9.000000e+00
     vertex -9.930365e+00  1.712974e+01  9.000000e+00
     vertex -1.067056e+01  1.667870e+01  5.000000e-01
   endloop
 endfacet
 facet normal -5.572264e-01  8.303606e-01 -4.821990e-16
   outer loop
     vertex -1.139031e+01  1.619570e+01  9.000000e+00
     vertex -1.067056e+01  1.667870e+01  9.000000e+00
     vertex -1.067056e+01  1.667870e+01  5.000000e-01
   endloop
 endfacet
 facet normal -5.572264e-01  8.303606e-01 -1.374019e-17
   outer loop
     vertex -1.139031e+01  1.619570e+01  9.000000e+00
     vertex -1.067056e+01  1.667870e+01  5.000000e-01
     vertex -1.139031e+01  1.619570e+01  5.000000e-01
   endloop
 endfacet
 facet normal -5.930347e-01  8.051769e-01 -2.109621e-16
   outer loop
     vertex -1.208824e+01  1.568166e+01  9.000000e+00
     vertex -1.139031e+01  1.619570e+01  9.000000e+00
     vertex -1.139031e+01  1.619570e+01  5.000000e-01
   endloop
 endfacet
 facet normal -5.930347e-01  8.051769e-01 -5.239579e-17
   outer loop
     vertex -1.208824e+01  1.568166e+01  9.000000e+00
     vertex -1.139031e+01  1.619570e+01  5.000000e-01
     vertex -1.208824e+01  1.568166e+01  5.000000e-01
   endloop
 endfacet
 facet normal -6.277066e-01  7.784500e-01 -2.096919e-16
   outer loop
     vertex -1.208824e+01  1.568166e+01  9.000000e+00
     vertex -1.208824e+01  1.568166e+01  5.000000e-01
     vertex -1.276299e+01  1.513757e+01  5.000000e-01
   endloop
 endfacet
 facet normal -6.277066e-01  7.784500e-01  2.520228e-16
   outer loop
     vertex -1.276299e+01  1.513757e+01  9.000000e+00
     vertex -1.208824e+01  1.568166e+01  9.000000e+00
     vertex -1.276299e+01  1.513757e+01  5.000000e-01
   endloop
 endfacet
 facet normal -6.611754e-01  7.502313e-01  1.506872e-16
   outer loop
     vertex -1.341328e+01  1.456447e+01  9.000000e+00
     vertex -1.276299e+01  1.513757e+01  9.000000e+00
     vertex -1.276299e+01  1.513757e+01  5.000000e-01
   endloop
 endfacet
 facet normal -6.611754e-01  7.502313e-01 -5.154757e-16
   outer loop
     vertex -1.341328e+01  1.456447e+01  9.000000e+00
     vertex -1.276299e+01  1.513757e+01  5.000000e-01
     vertex -1.341328e+01  1.456447e+01  5.000000e-01
   endloop
 endfacet
 facet normal -6.933772e-01  7.205749e-01 -5.682489e-16
   outer loop
     vertex -1.341328e+01  1.456447e+01  9.000000e+00
     vertex -1.341328e+01  1.456447e+01  5.000000e-01
     vertex -1.403787e+01  1.396346e+01  5.000000e-01
   endloop
 endfacet
 facet normal -6.933772e-01  7.205749e-01  4.915511e-16
   outer loop
     vertex -1.403787e+01  1.396346e+01  9.000000e+00
     vertex -1.341328e+01  1.456447e+01  9.000000e+00
     vertex -1.403787e+01  1.396346e+01  5.000000e-01
   endloop
 endfacet
 facet normal  0.000000e+00  0.000000e+00 -1.000000e+00
   outer loop
     vertex -1.524509e+01  1.516038e+01  9.000000e+00
     vertex -1.460721e+01  1.427381e+01  9.000000e+00
     vertex -1.491368e+01  1.438107e+01  9.000000e+00
   endloop
 endfacet
 facet normal  0.000000e+00  0.000000e+00 -1.000000e+00
   outer loop
     vertex -1.524509e+01  1.516038e+01  9.000000e+00
     vertex -1.491368e+01  1.438107e+01  9.000000e+00
     vertex -1.522994e+01  1.445458e+01  9.000000e+00
   endloop
 endfacet
 facet normal  0.000000e+00 -0.000000e+00 -1.000000e+00
   outer loop
     vertex -1.524509e+01  1.516038e+01  9.000000e+00
     vertex -1.522994e+01  1.445458e+01  9.000000e+00
     vertex -1.555229e+01  1.449348e+01  9.000000e+00
   endloop
 endfacet
 facet normal  0.000000e+00  0.000000e+00 -1.000000e+00
   outer loop
     vertex -1.524509e+01  1.516038e+01  9.000000e+00
     vertex -1.555229e+01  1.449348e+01  9.000000e+00
     vertex -1.587696e+01  1.449731e+01  9.000000e+00
   endloop
 endfacet
 facet normal  0.000000e+00  0.000000e+00 -1.000000e+00
   outer loop
     vertex -1.341328e+01  1.456447e+01  9.000000e+00
     vertex -1.403787e+01  1.396346e+01  9.000000e+00
     vertex -1.431413e+01  1.413406e+01  9.000000e+00
   endloop
 endfacet
 facet normal  0.000000e+00  0.000000e+00 -1.000000e+00
   outer loop
     vertex -1.341328e+01  1.456447e+01  9.000000e+00
     vertex -1.431413e+01  1.413406e+01  9.000000e+00
     vertex -1.460721e+01  1.427381e+01  9.000000e+00
   endloop
 endfacet
 facet normal  0.000000e+00 -0.000000e+00 -1.000000e+00
   outer loop
     vertex -1.458555e+01  1.579594e+01  9.000000e+00
     vertex -1.341328e+01  1.456447e+01  9.000000e+00
     vertex -1.460721e+01  1.427381e+01  9.000000e+00
   endloop
 endfacet
 facet normal  0.000000e+00  0.000000e+00 -1.000000e+00
   outer loop
     vertex -1.458555e+01  1.579594e+01  9.000000e+00
     vertex -1.460721e+01  1.427381e+01  9.000000e+00
     vertex -1.524509e+01  1.516038e+01  9.000000e+00
   endloop
 endfacet
 facet normal  0.000000e+00 -0.000000e+00 -1.000000e+00
   outer loop
     vertex -1.389954e+01  1.640283e+01  9.000000e+00
     vertex -1.341328e+01  1.456447e+01  9.000000e+00
     vertex -1.458555e+01  1.579594e+01  9.000000e+00
   endloop
 endfacet
 facet normal  0.000000e+00  0.000000e+00 -1.000000e+00
   outer loop
     vertex -1.389954e+01  1.640283e+01  9.000000e+00
     vertex -1.276299e+01  1.513757e+01  9.000000e+00
     vertex -1.341328e+01  1.456447e+01  9.000000e+00
   endloop
 endfacet
 facet normal  0.000000e+00  0.000000e+00 -1.000000e+00
   outer loop
     vertex -1.318830e+01  1.697995e+01  9.000000e+00
     vertex -1.208824e+01  1.568166e+01  9.000000e+00
     vertex -1.276299e+01  1.513757e+01  9.000000e+00
   endloop
 endfacet
 facet normal  0.000000e+00 -0.000000e+00 -1.000000e+00
   outer loop
     vertex -1.318830e+01  1.697995e+01  9.000000e+00
     vertex -1.276299e+01  1.513757e+01  9.000000e+00
     vertex -1.389954e+01  1.640283e+01  9.000000e+00
   endloop
 endfacet
 facet normal  0.000000e+00 -0.000000e+00 -1.000000e+00
   outer loop
     vertex -1.245313e+01  1.752625e+01  9.000000e+00
     vertex -1.208824e+01  1.568166e+01  9.000000e+00
     vertex -1.318830e+01  1.697995e+01  9.000000e+00
   endloop
 endfacet
 facet normal  0.000000e+00  0.000000e+00 -1.000000e+00
   outer loop
     vertex -1.245313e+01  1.752625e+01  9.000000e+00
     vertex -1.139031e+01  1.619570e+01  9.000000e+00
     vertex -1.208824e+01  1.568166e+01  9.000000e+00
   endloop
 endfacet
 facet normal  0.000000e+00 -0.000000e+00 -1.000000e+00
   outer loop
     vertex -1.169536e+01  1.804075e+01  9.000000e+00
     vertex -1.139031e+01  1.619570e+01  9.000000e+00
     vertex -1.245313e+01  1.752625e+01  9.000000e+00
   endloop
 endfacet
 facet normal  0.000000e+00  0.000000e+00 -1.000000e+00
   outer loop
     vertex -1.169536e+01  1.804075e+01  9.000000e+00
     vertex -1.067056e+01  1.667870e+01  9.000000e+00
     vertex -1.139031e+01  1.619570e+01  9.000000e+00
   endloop
 endfacet
 facet normal  0.000000e+00 -0.000000e+00 -1.000000e+00
   outer loop
     vertex -1.091636e+01  1.852250e+01  9.000000e+00
     vertex -1.067056e+01  1.667870e+01  9.000000e+00
     vertex -1.169536e+01  1.804075e+01  9.000000e+00
   endloop
 endfacet
 facet normal  0.000000e+00  0.000000e+00 -1.000000e+00
   outer loop
     vertex -1.091636e+01  1.852250e+01  9.000000e+00
     vertex -9.930365e+00  1.712974e+01  9.000000e+00
     vertex -1.067056e+01  1.667870e+01  9.000000e+00
   endloop
 endfacet
 facet normal  0.000000e+00 -0.000000e+00 -1.000000e+00
   outer loop
     vertex -1.011755e+01  1.897064e+01  9.000000e+00
     vertex -9.930365e+00  1.712974e+01  9.000000e+00
     vertex -1.091636e+01  1.852250e+01  9.000000e+00
   endloop
 endfacet
 facet normal  0.000000e+00  0.000000e+00 -1.000000e+00
   outer loop
     vertex -1.011755e+01  1.897064e+01  9.000000e+00
     vertex -9.171134e+00  1.754794e+01  9.000000e+00
     vertex -9.930365e+00  1.712974e+01  9.000000e+00
   endloop
 endfacet
 facet normal  0.000000e+00 -0.000000e+00 -1.000000e+00
   outer loop
     vertex -9.300379e+00  1.938435e+01  9.000000e+00
     vertex -9.171134e+00  1.754794e+01  9.000000e+00
     vertex -1.011755e+01  1.897064e+01  9.000000e+00
   endloop
 endfacet
 facet normal  0.000000e+00  0.000000e+00 -1.000000e+00
   outer loop
     vertex -9.300379e+00  1.938435e+01  9.000000e+00
     vertex -8.394327e+00  1.793252e+01  9.000000e+00
     vertex -9.171134e+00  1.754794e+01  9.000000e+00
   endloop
 endfacet
 facet normal  0.000000e+00 -0.000000e+00 -1.000000e+00
   outer loop
     vertex -8.466328e+00  1.976288e+01  9.000000e+00
     vertex -8.394327e+00  1.793252e+01  9.000000e+00
     vertex -9.300379e+00  1.938435e+01  9.000000e+00
   endloop
 endfacet
 facet normal  0.000000e+00  0.000000e+00 -1.000000e+00
   outer loop
     vertex -8.466328e+00  1.976288e+01  9.000000e+00
     vertex -7.601433e+00  1.828273e+01  9.000000e+00
     vertex -8.394327e+00  1.793252e+01  9.000000e+00
   endloop
 endfacet
 facet normal  0.000000e+00 -0.000000e+00 -1.000000e+00
   outer loop
     vertex -7.616912e+00  2.010554e+01  9.000000e+00
     vertex -7.601433e+00  1.828273e+01  9.000000e+00
     vertex -8.466328e+00  1.976288e+01  9.000000e+00
   endloop
 endfacet
 facet normal  0.000000e+00  0.000000e+00 -1.000000e+00
   outer loop
     vertex -7.616912e+00  2.010554e+01  9.000000e+00
     vertex -6.793970e+00  1.859790e+01  9.000000e+00
     vertex -7.601433e+00  1.828273e+01  9.000000e+00
   endloop
 endfacet
 facet normal  0.000000e+00  0.000000e+00 -1.000000e+00
   outer loop
     vertex -6.753672e+00  2.041171e+01  9.000000e+00
     vertex -6.793970e+00  1.859790e+01  9.000000e+00
     vertex -7.616912e+00  2.010554e+01  9.000000e+00
   endloop
 endfacet
 facet normal  0.000000e+00 -0.000000e+00 -1.000000e+00
   outer loop
     vertex -6.753672e+00  2.041171e+01  9.000000e+00
     vertex -5.973488e+00  1.887743e+01  9.000000e+00
     vertex -6.793970e+00  1.859790e+01  9.000000e+00
   endloop
 endfacet
 facet normal  0.000000e+00  0.000000e+00 -1.000000e+00
   outer loop
     vertex -5.878175e+00  2.068084e+01  9.000000e+00
     vertex -5.973488e+00  1.887743e+01  9.000000e+00
     vertex -6.753672e+00  2.041171e+01  9.000000e+00
   endloop
 endfacet
 facet normal  0.000000e+00 -0.000000e+00 -1.000000e+00
   outer loop
     vertex -5.878175e+00  2.068084e+01  9.000000e+00
     vertex -5.141557e+00  1.912078e+01  9.000000e+00
     vertex -5.973488e+00  1.887743e+01  9.000000e+00
   endloop
 endfacet
 facet normal  0.000000e+00  0.000000e+00 -1.000000e+00
   outer loop
     vertex -4.992009e+00  2.091243e+01  9.000000e+00
     vertex -5.141557e+00  1.912078e+01  9.000000e+00
     vertex -5.878175e+00  2.068084e+01  9.000000e+00
   endloop
 endfacet
 facet normal  0.000000e+00 -0.000000e+00 -1.000000e+00
   outer loop
     vertex -4.992009e+00  2.091243e+01  9.000000e+00
     vertex -4.299773e+00  1.932749e+01  9.000000e+00
     vertex -5.141557e+00  1.912078e+01  9.000000e+00
   endloop
 endfacet
 facet normal  0.000000e+00  0.000000e+00 -1.000000e+00
   outer loop
     vertex -4.096784e+00  2.110607e+01  9.000000e+00
     vertex -4.299773e+00  1.932749e+01  9.000000e+00
     vertex -4.992009e+00  2.091243e+01  9.000000e+00
   endloop
 endfacet
 facet normal  0.000000e+00 -0.000000e+00 -1.000000e+00
   outer loop
     vertex -4.096784e+00  2.110607e+01  9.000000e+00
     vertex -3.449749e+00  1.949716e+01  9.000000e+00
     vertex -4.299773e+00  1.932749e+01  9.000000e+00
   endloop
 endfacet
 facet normal  0.000000e+00  0.000000e+00 -1.000000e+00
   outer loop
     vertex -3.194124e+00  2.126141e+01  9.000000e+00
     vertex -3.449749e+00  1.949716e+01  9.000000e+00
     vertex -4.096784e+00  2.110607e+01  9.000000e+00
   endloop
 endfacet
 facet normal  0.000000e+00 -0.000000e+00 -1.000000e+00
   outer loop
     vertex -3.194124e+00  2.126141e+01  9.000000e+00
     vertex -2.593113e+00  1.962946e+01  9.000000e+00
     vertex -3.449749e+00  1.949716e+01  9.000000e+00
   endloop
 endfacet
 facet normal  0.000000e+00 -0.000000e+00 -1.000000e+00
   outer loop
     vertex -2.285667e+00  2.137816e+01  9.000000e+00
     vertex -1.731508e+00  1.972414e+01  9.000000e+00
     vertex -2.593113e+00  1.962946e+01  9.000000e+00
   endloop
 endfacet
 facet normal  0.000000e+00  0.000000e+00 -1.000000e+00
   outer loop
     vertex -2.285667e+00  2.137816e+01  9.000000e+00
     vertex -2.593113e+00  1.962946e+01  9.000000e+00
     vertex -3.194124e+00  2.126141e+01  9.000000e+00
   endloop
 endfacet
 facet normal  0.000000e+00 -0.000000e+00 -1.000000e+00
   outer loop
     vertex -1.373062e+00  2.145611e+01  9.000000e+00
     vertex -8.665844e-01  1.978103e+01  9.000000e+00
     vertex -1.731508e+00  1.972414e+01  9.000000e+00
   endloop
 endfacet
 facet normal  0.000000e+00  0.000000e+00 -1.000000e+00
   outer loop
     vertex -1.373062e+00  2.145611e+01  9.000000e+00
     vertex -1.731508e+00  1.972414e+01  9.000000e+00
     vertex -2.285667e+00  2.137816e+01  9.000000e+00
   endloop
 endfacet
 facet normal  0.000000e+00 -0.000000e+00 -1.000000e+00
   outer loop
     vertex -4.579642e-01  2.149512e+01  9.000000e+00
     vertex -1.545430e-13  1.980000e+01  9.000000e+00
     vertex -8.665844e-01  1.978103e+01  9.000000e+00
   endloop
 endfacet
 facet normal  0.000000e+00  0.000000e+00 -1.000000e+00
   outer loop
     vertex -4.579642e-01  2.149512e+01  9.000000e+00
     vertex -8.665844e-01  1.978103e+01  9.000000e+00
     vertex -1.373062e+00  2.145611e+01  9.000000e+00
   endloop
 endfacet
 facet normal -0.000000e+00  0.000000e+00 -1.000000e+00
   outer loop
     vertex  4.579642e-01  2.149512e+01  9.000000e+00
     vertex -1.545430e-13  1.980000e+01  9.000000e+00
     vertex -4.579642e-01  2.149512e+01  9.000000e+00
   endloop
 endfacet
 facet normal  0.000000e+00 -0.000000e+00 -1.000000e+00
   outer loop
     vertex  4.579642e-01  2.149512e+01  9.000000e+00
     vertex  8.665844e-01  1.978103e+01  9.000000e+00
     vertex -1.545430e-13  1.980000e+01  9.000000e+00
   endloop
 endfacet
 facet normal  0.000000e+00 -0.000000e+00 -1.000000e+00
   outer loop
     vertex  1.373062e+00  2.145611e+01  9.000000e+00
     vertex  1.731508e+00  1.972414e+01  9.000000e+00
     vertex  8.665844e-01  1.978103e+01  9.000000e+00
   endloop
 endfacet
 facet normal -0.000000e+00  0.000000e+00 -1.000000e+00
   outer loop
     vertex  1.373062e+00  2.145611e+01  9.000000e+00
     vertex  8.665844e-01  1.978103e+01  9.000000e+00
     vertex  4.579642e-01  2.149512e+01  9.000000e+00
   endloop
 endfacet
 facet normal  0.000000e+00 -0.000000e+00 -1.000000e+00
   outer loop
     vertex  2.285667e+00  2.137816e+01  9.000000e+00
     vertex  2.593113e+00  1.962946e+01  9.000000e+00
     vertex  1.731508e+00  1.972414e+01  9.000000e+00
   endloop
 endfacet
 facet normal -0.000000e+00  0.000000e+00 -1.000000e+00
   outer loop
     vertex  2.285667e+00  2.137816e+01  9.000000e+00
     vertex  1.731508e+00  1.972414e+01  9.000000e+00
     vertex  1.373062e+00  2.145611e+01  9.000000e+00
   endloop
 endfacet
 facet normal -0.000000e+00  0.000000e+00 -1.000000e+00
   outer loop
     vertex  3.194124e+00  2.126141e+01  9.000000e+00
     vertex  2.593113e+00  1.962946e+01  9.000000e+00
     vertex  2.285667e+00  2.137816e+01  9.000000e+00
   endloop
 endfacet
 facet normal  0.000000e+00 -0.000000e+00 -1.000000e+00
   outer loop
     vertex  3.194124e+00  2.126141e+01  9.000000e+00
     vertex  3.449749e+00  1.949716e+01  9.000000e+00
     vertex  2.593113e+00  1.962946e+01  9.000000e+00
   endloop
 endfacet
 facet normal  0.000000e+00 -0.000000e+00 -1.000000e+00
   outer loop
     vertex  4.096784e+00  2.110607e+01  9.000000e+00
     vertex  4.299773e+00  1.932749e+01  9.000000e+00
     vertex  3.449749e+00  1.949716e+01  9.000000e+00
   endloop
 endfacet
 facet normal -0.000000e+00  0.000000e+00 -1.000000e+00
   outer loop
     vertex  4.096784e+00  2.110607e+01  9.000000e+00
     vertex  3.449749e+00  1.949716e+01  9.000000e+00
     vertex  3.194124e+00  2.126141e+01  9.000000e+00
   endloop
 endfacet
 facet normal  0.000000e+00 -0.000000e+00 -1.000000e+00
   outer loop
     vertex  4.992009e+00  2.091243e+01  9.000000e+00
     vertex  5.141557e+00  1.912078e+01  9.000000e+00
     vertex  4.299773e+00  1.932749e+01  9.000000e+00
   endloop
 endfacet
 facet normal -0.000000e+00  0.000000e+00 -1.000000e+00
   outer loop
     vertex  4.992009e+00  2.091243e+01  9.000000e+00
     vertex  4.299773e+00  1.932749e+01  9.000000e+00
     vertex  4.096784e+00  2.110607e+01  9.000000e+00
   endloop
 endfacet
 facet normal  0.000000e+00 -0.000000e+00 -1.000000e+00
   outer loop
     vertex  5.878175e+00  2.068084e+01  9.000000e+00
     vertex  5.973488e+00  1.887743e+01  9.000000e+00
     vertex  5.141557e+00  1.912078e+01  9.000000e+00
   endloop
 endfacet
 facet normal -0.000000e+00  0.000000e+00 -1.000000e+00
   outer loop
     vertex  5.878175e+00  2.068084e+01  9.000000e+00
     vertex  5.141557e+00  1.912078e+01  9.000000e+00
     vertex  4.992009e+00  2.091243e+01  9.000000e+00
   endloop
 endfacet
 facet normal -0.000000e+00  0.000000e+00 -1.000000e+00
   outer loop
     vertex  6.753672e+00  2.041171e+01  9.000000e+00
     vertex  5.973488e+00  1.887743e+01  9.000000e+00
     vertex  5.878175e+00  2.068084e+01  9.000000e+00
   endloop
 endfacet
 facet normal  0.000000e+00 -0.000000e+00 -1.000000e+00
   outer loop
     vertex  6.753672e+00  2.041171e+01  9.000000e+00
     vertex  6.793970e+00  1.859790e+01  9.000000e+00
     vertex  5.973488e+00  1.887743e+01  9.000000e+00
   endloop
 endfacet
 facet normal  0.000000e+00  0.000000e+00 -1.000000e+00
   outer loop
     vertex  7.616912e+00  2.010554e+01  9.000000e+00
     vertex  7.601433e+00  1.828273e+01  9.000000e+00
     vertex  6.793970e+00  1.859790e+01  9.000000e+00
   endloop
 endfacet
 facet normal -0.000000e+00  0.000000e+00 -1.000000e+00
   outer loop
     vertex  7.616912e+00  2.010554e+01  9.000000e+00
     vertex  6.793970e+00  1.859790e+01  9.000000e+00
     vertex  6.753672e+00  2.041171e+01  9.000000e+00
   endloop
 endfacet
 facet normal -0.000000e+00  0.000000e+00 -1.000000e+00
   outer loop
     vertex  8.466328e+00  1.976288e+01  9.000000e+00
     vertex  7.601433e+00  1.828273e+01  9.000000e+00
     vertex  7.616912e+00  2.010554e+01  9.000000e+00
   endloop
 endfacet
 facet normal  0.000000e+00  0.000000e+00 -1.000000e+00
   outer loop
     vertex  8.466328e+00  1.976288e+01  9.000000e+00
     vertex  8.394327e+00  1.793252e+01  9.000000e+00
     vertex  7.601433e+00  1.828273e+01  9.000000e+00
   endloop
 endfacet
 facet normal -0.000000e+00  0.000000e+00 -1.000000e+00
   outer loop
     vertex  1.431413e+01  1.413406e+01  9.000000e+00
     vertex  1.403787e+01  1.396346e+01  9.000000e+00
     vertex  1.341328e+01  1.456447e+01  9.000000e+00
   endloop
 endfacet
 facet normal -0.000000e+00  0.000000e+00 -1.000000e+00
   outer loop
     vertex  9.300379e+00  1.938435e+01  9.000000e+00
     vertex  8.394327e+00  1.793252e+01  9.000000e+00
     vertex  8.466328e+00  1.976288e+01  9.000000e+00
   endloop
 endfacet
 facet normal  0.000000e+00  0.000000e+00 -1.000000e+00
   outer loop
     vertex  9.300379e+00  1.938435e+01  9.000000e+00
     vertex  9.171134e+00  1.754794e+01  9.000000e+00
     vertex  8.394327e+00  1.793252e+01  9.000000e+00
   endloop
 endfacet
 facet normal -0.000000e+00  0.000000e+00 -1.000000e+00
   outer loop
     vertex  1.460721e+01  1.427381e+01  9.000000e+00
     vertex  1.431413e+01  1.413406e+01  9.000000e+00
     vertex  1.341328e+01  1.456447e+01  9.000000e+00
   endloop
 endfacet
 facet normal -0.000000e+00  0.000000e+00 -1.000000e+00
   outer loop
     vertex  1.011755e+01  1.897064e+01  9.000000e+00
     vertex  9.171134e+00  1.754794e+01  9.000000e+00
     vertex  9.300379e+00  1.938435e+01  9.000000e+00
   endloop
 endfacet
 facet normal  0.000000e+00  0.000000e+00 -1.000000e+00
   outer loop
     vertex  1.011755e+01  1.897064e+01  9.000000e+00
     vertex  9.930365e+00  1.712974e+01  9.000000e+00
     vertex  9.171134e+00  1.754794e+01  9.000000e+00
   endloop
 endfacet
 facet normal -0.000000e+00  0.000000e+00 -1.000000e+00
   outer loop
     vertex  1.091636e+01  1.852250e+01  9.000000e+00
     vertex  9.930365e+00  1.712974e+01  9.000000e+00
     vertex  1.011755e+01  1.897064e+01  9.000000e+00
   endloop
 endfacet
 facet normal  0.000000e+00  0.000000e+00 -1.000000e+00
   outer loop
     vertex  1.091636e+01  1.852250e+01  9.000000e+00
     vertex  1.067056e+01  1.667870e+01  9.000000e+00
     vertex  9.930365e+00  1.712974e+01  9.000000e+00
   endloop
 endfacet
 facet normal -0.000000e+00  0.000000e+00 -1.000000e+00
   outer loop
     vertex  1.169536e+01  1.804075e+01  9.000000e+00
     vertex  1.067056e+01  1.667870e+01  9.000000e+00
     vertex  1.091636e+01  1.852250e+01  9.000000e+00
   endloop
 endfacet
 facet normal  0.000000e+00  0.000000e+00 -1.000000e+00
   outer loop
     vertex  1.169536e+01  1.804075e+01  9.000000e+00
     vertex  1.139031e+01  1.619570e+01  9.000000e+00
     vertex  1.067056e+01  1.667870e+01  9.000000e+00
   endloop
 endfacet
 facet normal -0.000000e+00  0.000000e+00 -1.000000e+00
   outer loop
     vertex  1.245313e+01  1.752625e+01  9.000000e+00
     vertex  1.139031e+01  1.619570e+01  9.000000e+00
     vertex  1.169536e+01  1.804075e+01  9.000000e+00
   endloop
 endfacet
 facet normal  0.000000e+00  0.000000e+00 -1.000000e+00
   outer loop
     vertex  1.245313e+01  1.752625e+01  9.000000e+00
     vertex  1.208824e+01  1.568166e+01  9.000000e+00
     vertex  1.139031e+01  1.619570e+01  9.000000e+00
   endloop
 endfacet
 facet normal -0.000000e+00  0.000000e+00 -1.000000e+00
   outer loop
     vertex  1.318830e+01  1.697995e+01  9.000000e+00
     vertex  1.208824e+01  1.568166e+01  9.000000e+00
     vertex  1.245313e+01  1.752625e+01  9.000000e+00
   endloop
 endfacet
 facet normal  0.000000e+00  0.000000e+00 -1.000000e+00
   outer loop
     vertex  1.318830e+01  1.697995e+01  9.000000e+00
     vertex  1.276299e+01  1.513757e+01  9.000000e+00
     vertex  1.208824e+01  1.568166e+01  9.000000e+00
   endloop
 endfacet
 facet normal -0.000000e+00  0.000000e+00 -1.000000e+00
   outer loop
     vertex  1.389954e+01  1.640283e+01  9.000000e+00
     vertex  1.276299e+01  1.513757e+01  9.000000e+00
     vertex  1.318830e+01  1.697995e+01  9.000000e+00
   endloop
 endfacet
 facet normal  0.000000e+00  0.000000e+00 -1.000000e+00
   outer loop
     vertex  1.389954e+01  1.640283e+01  9.000000e+00
     vertex  1.341328e+01  1.456447e+01  9.000000e+00
     vertex  1.276299e+01  1.513757e+01  9.000000e+00
   endloop
 endfacet
 facet normal  0.000000e+00 -0.000000e+00 -1.000000e+00
   outer loop
     vertex  1.458555e+01  1.579594e+01  9.000000e+00
     vertex  1.460721e+01  1.427381e+01  9.000000e+00
     vertex  1.341328e+01  1.456447e+01  9.000000e+00
   endloop
 endfacet
 facet normal -0.000000e+00  0.000000e+00 -1.000000e+00
   outer loop
     vertex  1.458555e+01  1.579594e+01  9.000000e+00
     vertex  1.341328e+01  1.456447e+01  9.000000e+00
     vertex  1.389954e+01  1.640283e+01  9.000000e+00
   endloop
 endfacet
 facet normal  0.000000e+00  0.000000e+00 -1.000000e+00
   outer loop
     vertex  1.524509e+01  1.516038e+01  9.000000e+00
     vertex  1.587696e+01  1.449731e+01  9.000000e+00
     vertex  1.555229e+01  1.449348e+01  9.000000e+00
   endloop
 endfacet
 facet normal  0.000000e+00 -0.000000e+00 -1.000000e+00
   outer loop
     vertex  1.524509e+01  1.516038e+01  9.000000e+00
     vertex  1.555229e+01  1.449348e+01  9.000000e+00
     vertex  1.522994e+01  1.445458e+01  9.000000e+00
   endloop
 endfacet
 facet normal  0.000000e+00  0.000000e+00 -1.000000e+00
   outer loop
     vertex  1.524509e+01  1.516038e+01  9.000000e+00
     vertex  1.522994e+01  1.445458e+01  9.000000e+00
     vertex  1.491368e+01  1.438107e+01  9.000000e+00
   endloop
 endfacet
 facet normal  0.000000e+00  0.000000e+00 -1.000000e+00
   outer loop
     vertex  1.524509e+01  1.516038e+01  9.000000e+00
     vertex  1.491368e+01  1.438107e+01  9.000000e+00
     vertex  1.460721e+01  1.427381e+01  9.000000e+00
   endloop
 endfacet
 facet normal -0.000000e+00  0.000000e+00 -1.000000e+00
   outer loop
     vertex  1.524509e+01  1.516038e+01  9.000000e+00
     vertex  1.460721e+01  1.427381e+01  9.000000e+00
     vertex  1.458555e+01  1.579594e+01  9.000000e+00
   endloop
 endfacet
 facet normal  5.322227e-01  4.780750e-01 -6.987011e-01
   outer loop
     vertex  1.605469e+01  1.504150e+01  9.500000e+00
     vertex  1.667133e+01  1.435502e+01  9.500000e+00
     vertex  1.639525e+01  1.442979e+01  9.340854e+00
   endloop
 endfacet
 facet normal  5.273765e-01  4.765925e-01 -7.033730e-01
   outer loop
     vertex  1.605469e+01  1.504150e+01  9.500000e+00
     vertex  1.639525e+01  1.442979e+01  9.340854e+00
     vertex  1.613047e+01  1.447578e+01  9.173492e+00
   endloop
 endfacet
 facet normal  5.235085e-01  4.774171e-01 -7.056995e-01
   outer loop
     vertex  1.587696e+01  1.449731e+01  9.000000e+00
     vertex  1.605469e+01  1.504150e+01  9.500000e+00
     vertex  1.613047e+01  1.447578e+01  9.173492e+00
   endloop
 endfacet
 facet normal  5.077940e-01  4.961504e-01 -7.042585e-01
   outer loop
     vertex  1.524509e+01  1.516038e+01  9.000000e+00
     vertex  1.540981e+01  1.570152e+01  9.500000e+00
     vertex  1.605469e+01  1.504150e+01  9.500000e+00
   endloop
 endfacet
 facet normal  5.098103e-01  4.858227e-01 -7.099787e-01
   outer loop
     vertex  1.524509e+01  1.516038e+01  9.000000e+00
     vertex  1.605469e+01  1.504150e+01  9.500000e+00
     vertex  1.587696e+01  1.449731e+01  9.000000e+00
   endloop
 endfacet
 facet normal  4.887180e-01  5.071601e-01 -7.098897e-01
   outer loop
     vertex  1.458555e+01  1.579594e+01  9.000000e+00
     vertex  1.540981e+01  1.570152e+01  9.500000e+00
     vertex  1.524509e+01  1.516038e+01  9.000000e+00
   endloop
 endfacet
 facet normal  4.864785e-01  5.169414e-01 -7.043509e-01
   outer loop
     vertex  1.458555e+01  1.579594e+01  9.000000e+00
     vertex  1.473781e+01  1.633392e+01  9.500000e+00
     vertex  1.540981e+01  1.570152e+01  9.500000e+00
   endloop
 endfacet
 facet normal  4.667376e-01  5.275874e-01 -7.097940e-01
   outer loop
     vertex  1.389954e+01  1.640283e+01  9.000000e+00
     vertex  1.473781e+01  1.633392e+01  9.500000e+00
     vertex  1.458555e+01  1.579594e+01  9.000000e+00
   endloop
 endfacet
 facet normal  4.643084e-01  5.368128e-01 -7.044500e-01
   outer loop
     vertex  1.389954e+01  1.640283e+01  9.000000e+00
     vertex  1.403989e+01  1.693758e+01  9.500000e+00
     vertex  1.473781e+01  1.633392e+01  9.500000e+00
   endloop
 endfacet
 facet normal  4.439083e-01  5.470679e-01 -7.096916e-01
   outer loop
     vertex  1.318830e+01  1.697995e+01  9.000000e+00
     vertex  1.403989e+01  1.693758e+01  9.500000e+00
     vertex  1.389954e+01  1.640283e+01  9.000000e+00
   endloop
 endfacet
 facet normal  4.413236e-01  5.557291e-01 -7.045556e-01
   outer loop
     vertex  1.318830e+01  1.697995e+01  9.000000e+00
     vertex  1.331726e+01  1.751144e+01  9.500000e+00
     vertex  1.403989e+01  1.693758e+01  9.500000e+00
   endloop
 endfacet
 facet normal  4.202704e-01  5.655665e-01 -7.095825e-01
   outer loop
     vertex  1.245313e+01  1.752625e+01  9.000000e+00
     vertex  1.331726e+01  1.751144e+01  9.500000e+00
     vertex  1.318830e+01  1.697995e+01  9.000000e+00
   endloop
 endfacet
 facet normal  4.175654e-01  5.736570e-01 -7.046678e-01
   outer loop
     vertex  1.245313e+01  1.752625e+01  9.000000e+00
     vertex  1.257121e+01  1.805449e+01  9.500000e+00
     vertex  1.331726e+01  1.751144e+01  9.500000e+00
   endloop
 endfacet
 facet normal  3.958662e-01  5.830497e-01 -7.094667e-01
   outer loop
     vertex  1.169536e+01  1.804075e+01  9.000000e+00
     vertex  1.257121e+01  1.805449e+01  9.500000e+00
     vertex  1.245313e+01  1.752625e+01  9.000000e+00
   endloop
 endfacet
 facet normal  3.930765e-01  5.905647e-01 -7.047866e-01
   outer loop
     vertex  1.169536e+01  1.804075e+01  9.000000e+00
     vertex  1.180304e+01  1.856578e+01  9.500000e+00
     vertex  1.257121e+01  1.805449e+01  9.500000e+00
   endloop
 endfacet
 facet normal  3.707387e-01  5.994861e-01 -7.093442e-01
   outer loop
     vertex  1.091636e+01  1.852250e+01  9.000000e+00
     vertex  1.180304e+01  1.856578e+01  9.500000e+00
     vertex  1.169536e+01  1.804075e+01  9.000000e+00
   endloop
 endfacet
 facet normal  3.679009e-01  6.064223e-01 -7.049120e-01
   outer loop
     vertex  1.091636e+01  1.852250e+01  9.000000e+00
     vertex  1.101410e+01  1.904441e+01  9.500000e+00
     vertex  1.180304e+01  1.856578e+01  9.500000e+00
   endloop
 endfacet
 facet normal  3.449328e-01  6.148459e-01 -7.092149e-01
   outer loop
     vertex  1.011755e+01  1.897064e+01  9.000000e+00
     vertex  1.101410e+01  1.904441e+01  9.500000e+00
     vertex  1.091636e+01  1.852250e+01  9.000000e+00
   endloop
 endfacet
 facet normal  3.420838e-01  6.212018e-01 -7.050440e-01
   outer loop
     vertex  1.011755e+01  1.897064e+01  9.000000e+00
     vertex  1.020579e+01  1.948953e+01  9.500000e+00
     vertex  1.101410e+01  1.904441e+01  9.500000e+00
   endloop
 endfacet
 facet normal  3.184943e-01  6.291013e-01 -7.090789e-01
   outer loop
     vertex  9.300379e+00  1.938435e+01  9.000000e+00
     vertex  1.020579e+01  1.948953e+01  9.500000e+00
     vertex  1.011755e+01  1.897064e+01  9.000000e+00
   endloop
 endfacet
 facet normal  3.156716e-01  6.348772e-01 -7.051825e-01
   outer loop
     vertex  9.300379e+00  1.938435e+01  9.000000e+00
     vertex  9.379523e+00  1.990037e+01  9.500000e+00
     vertex  1.020579e+01  1.948953e+01  9.500000e+00
   endloop
 endfacet
 facet normal  2.914701e-01  6.422263e-01 -7.089362e-01
   outer loop
     vertex  8.466328e+00  1.976288e+01  9.000000e+00
     vertex  9.379523e+00  1.990037e+01  9.500000e+00
     vertex  9.300379e+00  1.938435e+01  9.000000e+00
   endloop
 endfacet
 facet normal  2.887116e-01  6.474246e-01 -7.053275e-01
   outer loop
     vertex  8.466328e+00  1.976288e+01  9.000000e+00
     vertex  8.536754e+00  2.027619e+01  9.500000e+00
     vertex  9.379523e+00  1.990037e+01  9.500000e+00
   endloop
 endfacet
 facet normal  2.639084e-01  6.541971e-01 -7.087867e-01
   outer loop
     vertex  7.616912e+00  2.010554e+01  9.000000e+00
     vertex  8.536754e+00  2.027619e+01  9.500000e+00
     vertex  8.466328e+00  1.976288e+01  9.000000e+00
   endloop
 endfacet
 facet normal  2.612524e-01  6.588220e-01 -7.054791e-01
   outer loop
     vertex  7.616912e+00  2.010554e+01  9.000000e+00
     vertex  7.678966e+00  2.061634e+01  9.500000e+00
     vertex  8.536754e+00  2.027619e+01  9.500000e+00
   endloop
 endfacet
 facet normal  2.358580e-01  6.649917e-01 -7.086304e-01
   outer loop
     vertex  6.753672e+00  2.041171e+01  9.000000e+00
     vertex  7.678966e+00  2.061634e+01  9.500000e+00
     vertex  7.616912e+00  2.010554e+01  9.000000e+00
   endloop
 endfacet
 facet normal  2.333432e-01  6.690494e-01 -7.056372e-01
   outer loop
     vertex  6.753672e+00  2.041171e+01  9.000000e+00
     vertex  6.807668e+00  2.092022e+01  9.500000e+00
     vertex  7.678966e+00  2.061634e+01  9.500000e+00
   endloop
 endfacet
 facet normal  2.073690e-01  6.745903e-01 -7.084674e-01
   outer loop
     vertex  5.878175e+00  2.068084e+01  9.000000e+00
     vertex  6.807668e+00  2.092022e+01  9.500000e+00
     vertex  6.753672e+00  2.041171e+01  9.000000e+00
   endloop
 endfacet
 facet normal  2.050340e-01  6.780892e-01 -7.058018e-01
   outer loop
     vertex  5.878175e+00  2.068084e+01  9.000000e+00
     vertex  5.924394e+00  2.118730e+01  9.500000e+00
     vertex  6.807668e+00  2.092022e+01  9.500000e+00
   endloop
 endfacet
 facet normal  1.784920e-01  6.829753e-01 -7.082975e-01
   outer loop
     vertex  4.992009e+00  2.091243e+01  9.000000e+00
     vertex  5.924394e+00  2.118730e+01  9.500000e+00
     vertex  5.878175e+00  2.068084e+01  9.000000e+00
   endloop
 endfacet
 facet normal  1.763756e-01  6.859256e-01 -7.059728e-01
   outer loop
     vertex  4.992009e+00  2.091243e+01  9.000000e+00
     vertex  5.030697e+00  2.141710e+01  9.500000e+00
     vertex  5.924394e+00  2.118730e+01  9.500000e+00
   endloop
 endfacet
 facet normal  1.492785e-01  6.901310e-01 -7.081208e-01
   outer loop
     vertex  4.096784e+00  2.110607e+01  9.000000e+00
     vertex  5.030697e+00  2.141710e+01  9.500000e+00
     vertex  4.992009e+00  2.091243e+01  9.000000e+00
   endloop
 endfacet
 facet normal  1.474195e-01  6.925454e-01 -7.061504e-01
   outer loop
     vertex  4.096784e+00  2.110607e+01  9.000000e+00
     vertex  4.128149e+00  2.160922e+01  9.500000e+00
     vertex  5.030697e+00  2.141710e+01  9.500000e+00
   endloop
 endfacet
 facet normal  1.197804e-01  6.960441e-01 -7.079373e-01
   outer loop
     vertex  3.194124e+00  2.126141e+01  9.000000e+00
     vertex  4.128149e+00  2.160922e+01  9.500000e+00
     vertex  4.096784e+00  2.110607e+01  9.000000e+00
   endloop
 endfacet
 facet normal  1.182173e-01  6.979373e-01 -7.063344e-01
   outer loop
     vertex  3.194124e+00  2.126141e+01  9.000000e+00
     vertex  3.218338e+00  2.176332e+01  9.500000e+00
     vertex  4.128149e+00  2.160922e+01  9.500000e+00
   endloop
 endfacet
 facet normal  9.005034e-02  7.007033e-01 -7.077470e-01
   outer loop
     vertex  2.285667e+00  2.137816e+01  9.000000e+00
     vertex  3.218338e+00  2.176332e+01  9.500000e+00
     vertex  3.194124e+00  2.126141e+01  9.000000e+00
   endloop
 endfacet
 facet normal  8.882162e-02  7.020922e-01 -7.065248e-01
   outer loop
     vertex  2.285667e+00  2.137816e+01  9.000000e+00
     vertex  2.302866e+00  2.187914e+01  9.500000e+00
     vertex  3.218338e+00  2.176332e+01  9.500000e+00
   endloop
 endfacet
 facet normal  5.928489e-02  7.050034e-01 -7.067217e-01
   outer loop
     vertex  1.373062e+00  2.145611e+01  9.000000e+00
     vertex  1.383342e+00  2.195647e+01  9.500000e+00
     vertex  2.302866e+00  2.187914e+01  9.500000e+00
   endloop
 endfacet
 facet normal  6.014132e-02  7.040997e-01 -7.075497e-01
   outer loop
     vertex  1.373062e+00  2.145611e+01  9.000000e+00
     vertex  2.302866e+00  2.187914e+01  9.500000e+00
     vertex  2.285667e+00  2.137816e+01  9.000000e+00
   endloop
 endfacet
 facet normal  2.966003e-02  7.066664e-01 -7.069250e-01
   outer loop
     vertex  4.579642e-01  2.149512e+01  9.000000e+00
     vertex  4.613846e-01  2.199516e+01  9.500000e+00
     vertex  1.383342e+00  2.195647e+01  9.500000e+00
   endloop
 endfacet
 facet normal  3.010667e-02  7.062264e-01 -7.073456e-01
   outer loop
     vertex  4.579642e-01  2.149512e+01  9.000000e+00
     vertex  1.383342e+00  2.195647e+01  9.500000e+00
     vertex  1.373062e+00  2.145611e+01  9.000000e+00
   endloop
 endfacet
 facet normal  0.000000e+00  7.070789e-01 -7.071346e-01
   outer loop
     vertex -4.579642e-01  2.149512e+01  9.000000e+00
     vertex -4.613846e-01  2.199516e+01  9.500000e+00
     vertex  4.613846e-01  2.199516e+01  9.500000e+00
   endloop
 endfacet
 facet normal  0.000000e+00  7.070789e-01 -7.071346e-01
   outer loop
     vertex -4.579642e-01  2.149512e+01  9.000000e+00
     vertex  4.613846e-01  2.199516e+01  9.500000e+00
     vertex  4.579642e-01  2.149512e+01  9.000000e+00
   endloop
 endfacet
 facet normal -2.966003e-02  7.066664e-01 -7.069250e-01
   outer loop
     vertex -1.383342e+00  2.195647e+01  9.500000e+00
     vertex -4.613846e-01  2.199516e+01  9.500000e+00
     vertex -4.579642e-01  2.149512e+01  9.000000e+00
   endloop
 endfacet
 facet normal -3.010667e-02  7.062264e-01 -7.073456e-01
   outer loop
     vertex -1.373062e+00  2.145611e+01  9.000000e+00
     vertex -1.383342e+00  2.195647e+01  9.500000e+00
     vertex -4.579642e-01  2.149512e+01  9.000000e+00
   endloop
 endfacet
 facet normal -5.928489e-02  7.050034e-01 -7.067217e-01
   outer loop
     vertex -2.302866e+00  2.187914e+01  9.500000e+00
     vertex -1.383342e+00  2.195647e+01  9.500000e+00
     vertex -1.373062e+00  2.145611e+01  9.000000e+00
   endloop
 endfacet
 facet normal -6.014132e-02  7.040997e-01 -7.075497e-01
   outer loop
     vertex -2.285667e+00  2.137816e+01  9.000000e+00
     vertex -2.302866e+00  2.187914e+01  9.500000e+00
     vertex -1.373062e+00  2.145611e+01  9.000000e+00
   endloop
 endfacet
 facet normal -8.882162e-02  7.020922e-01 -7.065248e-01
   outer loop
     vertex -3.218338e+00  2.176332e+01  9.500000e+00
     vertex -2.302866e+00  2.187914e+01  9.500000e+00
     vertex -2.285667e+00  2.137816e+01  9.000000e+00
   endloop
 endfacet
 facet normal -9.005034e-02  7.007033e-01 -7.077470e-01
   outer loop
     vertex -3.194124e+00  2.126141e+01  9.000000e+00
     vertex -3.218338e+00  2.176332e+01  9.500000e+00
     vertex -2.285667e+00  2.137816e+01  9.000000e+00
   endloop
 endfacet
 facet normal -1.182173e-01  6.979373e-01 -7.063344e-01
   outer loop
     vertex -4.128149e+00  2.160922e+01  9.500000e+00
     vertex -3.218338e+00  2.176332e+01  9.500000e+00
     vertex -3.194124e+00  2.126141e+01  9.000000e+00
   endloop
 endfacet
 facet normal -1.197804e-01  6.960441e-01 -7.079373e-01
   outer loop
     vertex -4.096784e+00  2.110607e+01  9.000000e+00
     vertex -4.128149e+00  2.160922e+01  9.500000e+00
     vertex -3.194124e+00  2.126141e+01  9.000000e+00
   endloop
 endfacet
 facet normal -1.474195e-01  6.925454e-01 -7.061504e-01
   outer loop
     vertex -5.030697e+00  2.141710e+01  9.500000e+00
     vertex -4.128149e+00  2.160922e+01  9.500000e+00
     vertex -4.096784e+00  2.110607e+01  9.000000e+00
   endloop
 endfacet
 facet normal -1.492785e-01  6.901310e-01 -7.081208e-01
   outer loop
     vertex -4.992009e+00  2.091243e+01  9.000000e+00
     vertex -5.030697e+00  2.141710e+01  9.500000e+00
     vertex -4.096784e+00  2.110607e+01  9.000000e+00
   endloop
 endfacet
 facet normal -1.763756e-01  6.859256e-01 -7.059728e-01
   outer loop
     vertex -5.924394e+00  2.118730e+01  9.500000e+00
     vertex -5.030697e+00  2.141710e+01  9.500000e+00
     vertex -4.992009e+00  2.091243e+01  9.000000e+00
   endloop
 endfacet
 facet normal -1.784920e-01  6.829753e-01 -7.082975e-01
   outer loop
     vertex -5.878175e+00  2.068084e+01  9.000000e+00
     vertex -5.924394e+00  2.118730e+01  9.500000e+00
     vertex -4.992009e+00  2.091243e+01  9.000000e+00
   endloop
 endfacet
 facet normal -2.050340e-01  6.780892e-01 -7.058018e-01
   outer loop
     vertex -6.807668e+00  2.092022e+01  9.500000e+00
     vertex -5.924394e+00  2.118730e+01  9.500000e+00
     vertex -5.878175e+00  2.068084e+01  9.000000e+00
   endloop
 endfacet
 facet normal -2.073690e-01  6.745903e-01 -7.084674e-01
   outer loop
     vertex -6.753672e+00  2.041171e+01  9.000000e+00
     vertex -6.807668e+00  2.092022e+01  9.500000e+00
     vertex -5.878175e+00  2.068084e+01  9.000000e+00
   endloop
 endfacet
 facet normal -2.333432e-01  6.690494e-01 -7.056372e-01
   outer loop
     vertex -7.678966e+00  2.061634e+01  9.500000e+00
     vertex -6.807668e+00  2.092022e+01  9.500000e+00
     vertex -6.753672e+00  2.041171e+01  9.000000e+00
   endloop
 endfacet
 facet normal -2.358580e-01  6.649917e-01 -7.086304e-01
   outer loop
     vertex -7.616912e+00  2.010554e+01  9.000000e+00
     vertex -7.678966e+00  2.061634e+01  9.500000e+00
     vertex -6.753672e+00  2.041171e+01  9.000000e+00
   endloop
 endfacet
 facet normal -2.612524e-01  6.588220e-01 -7.054791e-01
   outer loop
     vertex -8.536754e+00  2.027619e+01  9.500000e+00
     vertex -7.678966e+00  2.061634e+01  9.500000e+00
     vertex -7.616912e+00  2.010554e+01  9.000000e+00
   endloop
 endfacet
 facet normal -2.639084e-01  6.541971e-01 -7.087867e-01
   outer loop
     vertex -8.466328e+00  1.976288e+01  9.000000e+00
     vertex -8.536754e+00  2.027619e+01  9.500000e+00
     vertex -7.616912e+00  2.010554e+01  9.000000e+00
   endloop
 endfacet
 facet normal -2.887116e-01  6.474246e-01 -7.053275e-01
   outer loop
     vertex -9.379523e+00  1.990037e+01  9.500000e+00
     vertex -8.536754e+00  2.027619e+01  9.500000e+00
     vertex -8.466328e+00  1.976288e+01  9.000000e+00
   endloop
 endfacet
 facet normal -2.914701e-01  6.422263e-01 -7.089362e-01
   outer loop
     vertex -9.300379e+00  1.938435e+01  9.000000e+00
     vertex -9.379523e+00  1.990037e+01  9.500000e+00
     vertex -8.466328e+00  1.976288e+01  9.000000e+00
   endloop
 endfacet
 facet normal -3.156716e-01  6.348772e-01 -7.051825e-01
   outer loop
     vertex -1.020579e+01  1.948953e+01  9.500000e+00
     vertex -9.379523e+00  1.990037e+01  9.500000e+00
     vertex -9.300379e+00  1.938435e+01  9.000000e+00
   endloop
 endfacet
 facet normal -3.184943e-01  6.291013e-01 -7.090789e-01
   outer loop
     vertex -1.011755e+01  1.897064e+01  9.000000e+00
     vertex -1.020579e+01  1.948953e+01  9.500000e+00
     vertex -9.300379e+00  1.938435e+01  9.000000e+00
   endloop
 endfacet
 facet normal -3.420838e-01  6.212018e-01 -7.050440e-01
   outer loop
     vertex -1.101410e+01  1.904441e+01  9.500000e+00
     vertex -1.020579e+01  1.948953e+01  9.500000e+00
     vertex -1.011755e+01  1.897064e+01  9.000000e+00
   endloop
 endfacet
 facet normal -3.449328e-01  6.148459e-01 -7.092149e-01
   outer loop
     vertex -1.091636e+01  1.852250e+01  9.000000e+00
     vertex -1.101410e+01  1.904441e+01  9.500000e+00
     vertex -1.011755e+01  1.897064e+01  9.000000e+00
   endloop
 endfacet
 facet normal -3.679009e-01  6.064223e-01 -7.049120e-01
   outer loop
     vertex -1.180304e+01  1.856578e+01  9.500000e+00
     vertex -1.101410e+01  1.904441e+01  9.500000e+00
     vertex -1.091636e+01  1.852250e+01  9.000000e+00
   endloop
 endfacet
 facet normal -3.707387e-01  5.994861e-01 -7.093442e-01
   outer loop
     vertex -1.169536e+01  1.804075e+01  9.000000e+00
     vertex -1.180304e+01  1.856578e+01  9.500000e+00
     vertex -1.091636e+01  1.852250e+01  9.000000e+00
   endloop
 endfacet
 facet normal -3.930765e-01  5.905647e-01 -7.047866e-01
   outer loop
     vertex -1.257121e+01  1.805449e+01  9.500000e+00
     vertex -1.180304e+01  1.856578e+01  9.500000e+00
     vertex -1.169536e+01  1.804075e+01  9.000000e+00
   endloop
 endfacet
 facet normal -3.958662e-01  5.830497e-01 -7.094667e-01
   outer loop
     vertex -1.245313e+01  1.752625e+01  9.000000e+00
     vertex -1.257121e+01  1.805449e+01  9.500000e+00
     vertex -1.169536e+01  1.804075e+01  9.000000e+00
   endloop
 endfacet
 facet normal -4.175654e-01  5.736570e-01 -7.046678e-01
   outer loop
     vertex -1.245313e+01  1.752625e+01  9.000000e+00
     vertex -1.331726e+01  1.751144e+01  9.500000e+00
     vertex -1.257121e+01  1.805449e+01  9.500000e+00
   endloop
 endfacet
 facet normal -4.202704e-01  5.655665e-01 -7.095825e-01
   outer loop
     vertex -1.318830e+01  1.697995e+01  9.000000e+00
     vertex -1.331726e+01  1.751144e+01  9.500000e+00
     vertex -1.245313e+01  1.752625e+01  9.000000e+00
   endloop
 endfacet
 facet normal -4.413236e-01  5.557291e-01 -7.045556e-01
   outer loop
     vertex -1.318830e+01  1.697995e+01  9.000000e+00
     vertex -1.403989e+01  1.693758e+01  9.500000e+00
     vertex -1.331726e+01  1.751144e+01  9.500000e+00
   endloop
 endfacet
 facet normal -4.439083e-01  5.470679e-01 -7.096916e-01
   outer loop
     vertex -1.389954e+01  1.640283e+01  9.000000e+00
     vertex -1.403989e+01  1.693758e+01  9.500000e+00
     vertex -1.318830e+01  1.697995e+01  9.000000e+00
   endloop
 endfacet
 facet normal -4.643084e-01  5.368128e-01 -7.044500e-01
   outer loop
     vertex -1.389954e+01  1.640283e+01  9.000000e+00
     vertex -1.473781e+01  1.633392e+01  9.500000e+00
     vertex -1.403989e+01  1.693758e+01  9.500000e+00
   endloop
 endfacet
 facet normal -4.667376e-01  5.275874e-01 -7.097940e-01
   outer loop
     vertex -1.458555e+01  1.579594e+01  9.000000e+00
     vertex -1.473781e+01  1.633392e+01  9.500000e+00
     vertex -1.389954e+01  1.640283e+01  9.000000e+00
   endloop
 endfacet
 facet normal -4.864785e-01  5.169414e-01 -7.043509e-01
   outer loop
     vertex -1.458555e+01  1.579594e+01  9.000000e+00
     vertex -1.540981e+01  1.570152e+01  9.500000e+00
     vertex -1.473781e+01  1.633392e+01  9.500000e+00
   endloop
 endfacet
 facet normal -4.887180e-01  5.071601e-01 -7.098897e-01
   outer loop
     vertex -1.524509e+01  1.516038e+01  9.000000e+00
     vertex -1.540981e+01  1.570152e+01  9.500000e+00
     vertex -1.458555e+01  1.579594e+01  9.000000e+00
   endloop
 endfacet
 facet normal -5.077940e-01  4.961504e-01 -7.042585e-01
   outer loop
     vertex -1.524509e+01  1.516038e+01  9.000000e+00
     vertex -1.605469e+01  1.504150e+01  9.500000e+00
     vertex -1.540981e+01  1.570152e+01  9.500000e+00
   endloop
 endfacet
 facet normal -5.322227e-01  4.780750e-01 -6.987011e-01
   outer loop
     vertex -1.667133e+01  1.435502e+01  9.500000e+00
     vertex -1.605469e+01  1.504150e+01  9.500000e+00
     vertex -1.639525e+01  1.442979e+01  9.340854e+00
   endloop
 endfacet
 facet normal -5.273765e-01  4.765925e-01 -7.033730e-01
   outer loop
     vertex -1.613047e+01  1.447578e+01  9.173492e+00
     vertex -1.639525e+01  1.442979e+01  9.340854e+00
     vertex -1.605469e+01  1.504150e+01  9.500000e+00
   endloop
 endfacet
 facet normal -5.098103e-01  4.858227e-01 -7.099787e-01
   outer loop
     vertex -1.587696e+01  1.449731e+01  9.000000e+00
     vertex -1.605469e+01  1.504150e+01  9.500000e+00
     vertex -1.524509e+01  1.516038e+01  9.000000e+00
   endloop
 endfacet
 facet normal -5.235085e-01  4.774171e-01 -7.056995e-01
   outer loop
     vertex -1.587696e+01  1.449731e+01  9.000000e+00
     vertex -1.613047e+01  1.447578e+01  9.173492e+00
     vertex -1.605469e+01  1.504150e+01  9.500000e+00
   endloop
 endfacet
 facet normal  9.997759e-01  2.117082e-02  0.000000e+00
   outer loop
     vertex  2.200000e+01  0.000000e+00  1.150000e+01
     vertex  2.200000e+01  0.000000e+00  9.500000e+00
     vertex  2.198028e+01  9.313074e-01  9.500000e+00
   endloop
 endfacet
 facet normal  9.997747e-01  2.122538e-02  2.541792e-05
   outer loop
     vertex  2.198018e+01  9.337065e-01  1.150000e+01
     vertex  2.200000e+01  0.000000e+00  1.150000e+01
     vertex  2.198028e+01  9.313074e-01  9.500000e+00
   endloop
 endfacet
 facet normal  9.979835e-01  6.347451e-02 -2.535241e-05
   outer loop
     vertex  2.198018e+01  9.337065e-01  1.150000e+01
     vertex  2.198028e+01  9.313074e-01  9.500000e+00
     vertex  2.192115e+01  1.860945e+00  9.500000e+00
   endloop
 endfacet
 facet normal  9.979731e-01  6.363790e-02  5.070483e-05
   outer loop
     vertex  2.192074e+01  1.865730e+00  1.150000e+01
     vertex  2.198018e+01  9.337065e-01  1.150000e+01
     vertex  2.192115e+01  1.860945e+00  9.500000e+00
   endloop
 endfacet
 facet normal  9.944018e-01  1.056644e-01 -5.057382e-05
   outer loop
     vertex  2.192074e+01  1.865730e+00  1.150000e+01
     vertex  2.192115e+01  1.860945e+00  9.500000e+00
     vertex  2.182272e+01  2.787247e+00  9.500000e+00
   endloop
 endfacet
 facet normal  9.943730e-01  1.059357e-01  7.586072e-05
   outer loop
     vertex  2.182181e+01  2.794392e+00  1.150000e+01
     vertex  2.192074e+01  1.865730e+00  1.150000e+01
     vertex  2.182272e+01  2.787247e+00  9.500000e+00
   endloop
 endfacet
 facet normal  9.890375e-01  1.476649e-01 -7.566420e-05
   outer loop
     vertex  2.182181e+01  2.794392e+00  1.150000e+01
     vertex  2.182272e+01  2.787247e+00  9.500000e+00
     vertex  2.168517e+01  3.708551e+00  9.500000e+00
   endloop
 endfacet
 facet normal  9.889810e-01  1.480427e-01  1.008856e-04
   outer loop
     vertex  2.168355e+01  3.718018e+00  1.150000e+01
     vertex  2.182181e+01  2.794392e+00  1.150000e+01
     vertex  2.168517e+01  3.708551e+00  9.500000e+00
   endloop
 endfacet
 facet normal  9.818999e-01  1.894006e-01 -1.006236e-04
   outer loop
     vertex  2.168355e+01  3.718018e+00  1.150000e+01
     vertex  2.168517e+01  3.708551e+00  9.500000e+00
     vertex  2.150874e+01  4.623207e+00  9.500000e+00
   endloop
 endfacet
 facet normal  9.818068e-01  1.898828e-01  1.257795e-04
   outer loop
     vertex  2.150622e+01  4.634944e+00  1.150000e+01
     vertex  2.168355e+01  3.718018e+00  1.150000e+01
     vertex  2.150874e+01  4.623207e+00  9.500000e+00
   endloop
 endfacet
 facet normal  9.730020e-01  2.307967e-01 -1.254519e-04
   outer loop
     vertex  2.150622e+01  4.634944e+00  1.150000e+01
     vertex  2.150874e+01  4.623207e+00  9.500000e+00
     vertex  2.129375e+01  5.529574e+00  9.500000e+00
   endloop
 endfacet
 facet normal  9.728633e-01  2.313808e-01  1.505423e-04
   outer loop
     vertex  2.129012e+01  5.543517e+00  1.150000e+01
     vertex  2.150622e+01  4.634944e+00  1.150000e+01
     vertex  2.129375e+01  5.529574e+00  9.500000e+00
   endloop
 endfacet
 facet normal  9.623596e-01  2.717791e-01 -1.501493e-04
   outer loop
     vertex  2.129012e+01  5.543517e+00  1.150000e+01
     vertex  2.129375e+01  5.529574e+00  9.500000e+00
     vertex  2.104058e+01  6.426027e+00  9.500000e+00
   endloop
 endfacet
 facet normal  9.499920e-01  3.122742e-01 -1.747156e-04
   outer loop
     vertex  2.103567e+01  6.442101e+00  1.150000e+01
     vertex  2.104058e+01  6.426027e+00  9.500000e+00
     vertex  2.074970e+01  7.310960e+00  9.500000e+00
   endloop
 endfacet
 facet normal  9.621666e-01  2.724618e-01  1.751742e-04
   outer loop
     vertex  2.103567e+01  6.442101e+00  1.150000e+01
     vertex  2.129012e+01  5.543517e+00  1.150000e+01
     vertex  2.104058e+01  6.426027e+00  9.500000e+00
   endloop
 endfacet
 facet normal  9.359212e-01  3.522095e-01 -1.991509e-04
   outer loop
     vertex  2.074330e+01  7.329075e+00  1.150000e+01
     vertex  2.074970e+01  7.310960e+00  9.500000e+00
     vertex  2.042161e+01  8.182786e+00  9.500000e+00
   endloop
 endfacet
 facet normal  9.497360e-01  3.130518e-01  1.996750e-04
   outer loop
     vertex  2.074330e+01  7.329075e+00  1.150000e+01
     vertex  2.103567e+01  6.442101e+00  1.150000e+01
     vertex  2.074970e+01  7.310960e+00  9.500000e+00
   endloop
 endfacet
 facet normal  9.201724e-01  3.915134e-01 -2.234552e-04
   outer loop
     vertex  2.041356e+01  8.202843e+00  1.150000e+01
     vertex  2.042161e+01  8.182786e+00  9.500000e+00
     vertex  2.005691e+01  9.039941e+00  9.500000e+00
   endloop
 endfacet
 facet normal  9.355940e-01  3.530777e-01  2.240448e-04
   outer loop
     vertex  2.041356e+01  8.202843e+00  1.150000e+01
     vertex  2.074330e+01  7.329075e+00  1.150000e+01
     vertex  2.042161e+01  8.182786e+00  9.500000e+00
   endloop
 endfacet
 facet normal  9.027739e-01  4.301153e-01 -2.476285e-04
   outer loop
     vertex  2.004703e+01  9.061827e+00  1.150000e+01
     vertex  2.005691e+01  9.039941e+00  9.500000e+00
     vertex  1.965625e+01  9.880890e+00  9.500000e+00
   endloop
 endfacet
 facet normal  9.197659e-01  3.924673e-01  2.482836e-04
   outer loop
     vertex  2.004703e+01  9.061827e+00  1.150000e+01
     vertex  2.041356e+01  8.202843e+00  1.150000e+01
     vertex  2.005691e+01  9.039941e+00  9.500000e+00
   endloop
 endfacet
 facet normal  8.837570e-01  4.679461e-01 -2.716708e-04
   outer loop
     vertex  1.964437e+01  9.904482e+00  1.150000e+01
     vertex  1.965625e+01  9.880890e+00  9.500000e+00
     vertex  1.922035e+01  1.070412e+01  9.500000e+00
   endloop
 endfacet
 facet normal  9.022804e-01  4.311496e-01  2.723913e-04
   outer loop
     vertex  1.964437e+01  9.904482e+00  1.150000e+01
     vertex  2.004703e+01  9.061827e+00  1.150000e+01
     vertex  1.965625e+01  9.880890e+00  9.500000e+00
   endloop
 endfacet
 facet normal  8.831689e-01  4.690550e-01  2.963681e-04
   outer loop
     vertex  1.920631e+01  1.072929e+01  1.150000e+01
     vertex  1.964437e+01  9.904482e+00  1.150000e+01
     vertex  1.922035e+01  1.070412e+01  9.500000e+00
   endloop
 endfacet
 facet normal  8.631556e-01  5.049380e-01 -5.979667e-16
   outer loop
     vertex  1.874999e+01  1.150817e+01  1.100000e+01
     vertex  1.922035e+01  1.070412e+01  9.500000e+00
     vertex  1.874999e+01  1.150817e+01  9.500000e+00
   endloop
 endfacet
 facet normal  8.629094e-01  5.053585e-01 -3.026008e-04
   outer loop
     vertex  1.874999e+01  1.150817e+01  1.100000e+01
     vertex  1.920631e+01  1.072929e+01  1.150000e+01
     vertex  1.922035e+01  1.070412e+01  9.500000e+00
   endloop
 endfacet
 facet normal  8.624652e-01  5.061147e-01  1.280854e-03
   outer loop
     vertex  1.873364e+01  1.153476e+01  1.150000e+01
     vertex  1.920631e+01  1.072929e+01  1.150000e+01
     vertex  1.874999e+01  1.150817e+01  1.100000e+01
   endloop
 endfacet
 facet normal  8.416130e-01  5.400796e-01 -1.207369e-03
   outer loop
     vertex  1.827357e+01  1.225058e+01  1.100000e+01
     vertex  1.873364e+01  1.153476e+01  1.150000e+01
     vertex  1.874999e+01  1.150817e+01  1.100000e+01
   endloop
 endfacet
 facet normal  8.402043e-01  5.422604e-01  3.210889e-03
   outer loop
     vertex  1.822721e+01  1.231945e+01  1.150000e+01
     vertex  1.873364e+01  1.153476e+01  1.150000e+01
     vertex  1.827357e+01  1.225058e+01  1.100000e+01
   endloop
 endfacet
 facet normal  8.192823e-01  5.733824e-01 -3.015459e-03
   outer loop
     vertex  1.776777e+01  1.297329e+01  1.100000e+01
     vertex  1.822721e+01  1.231945e+01  1.150000e+01
     vertex  1.827357e+01  1.225058e+01  1.100000e+01
   endloop
 endfacet
 facet normal  8.164275e-01  5.774271e-01  4.897000e-03
   outer loop
     vertex  1.768794e+01  1.308193e+01  1.150000e+01
     vertex  1.822721e+01  1.231945e+01  1.150000e+01
     vertex  1.776777e+01  1.297329e+01  1.100000e+01
   endloop
 endfacet
 facet normal  7.956329e-01  6.057618e-01 -4.579626e-03
   outer loop
     vertex  1.723341e+01  1.367515e+01  1.100000e+01
     vertex  1.768794e+01  1.308193e+01  1.150000e+01
     vertex  1.776777e+01  1.297329e+01  1.100000e+01
   endloop
 endfacet
 facet normal  7.911788e-01  6.115521e-01  6.339178e-03
   outer loop
     vertex  1.711679e+01  1.382084e+01  1.150000e+01
     vertex  1.768794e+01  1.308193e+01  1.150000e+01
     vertex  1.723341e+01  1.367515e+01  1.100000e+01
   endloop
 endfacet
 facet normal  7.439370e-01  6.682498e-01  9.706300e-16
   outer loop
     vertex  1.667133e+01  1.435502e+01  1.100000e+01
     vertex  1.667133e+01  1.435502e+01  9.500000e+00
     vertex  1.605469e+01  1.504150e+01  9.500000e+00
   endloop
 endfacet
 facet normal  7.707038e-01  6.371663e-01 -5.899863e-03
   outer loop
     vertex  1.667133e+01  1.435502e+01  1.100000e+01
     vertex  1.711679e+01  1.382084e+01  1.150000e+01
     vertex  1.723341e+01  1.367515e+01  1.100000e+01
   endloop
 endfacet
 facet normal  7.645045e-01  6.445743e-01  7.537425e-03
   outer loop
     vertex  1.651479e+01  1.453484e+01  1.150000e+01
     vertex  1.711679e+01  1.382084e+01  1.150000e+01
     vertex  1.667133e+01  1.435502e+01  1.100000e+01
   endloop
 endfacet
 facet normal  7.152583e-01  6.988576e-01 -1.909299e-03
   outer loop
     vertex  1.588303e+01  1.522266e+01  1.150000e+01
     vertex  1.605469e+01  1.504150e+01  9.500000e+00
     vertex  1.540981e+01  1.570152e+01  9.500000e+00
   endloop
 endfacet
 facet normal  7.409242e-01  6.715830e-01  2.764016e-03
   outer loop
     vertex  1.588303e+01  1.522266e+01  1.150000e+01
     vertex  1.667133e+01  1.435502e+01  1.100000e+01
     vertex  1.605469e+01  1.504150e+01  9.500000e+00
   endloop
 endfacet
 facet normal  7.364207e-01  6.764046e-01 -1.270292e-02
   outer loop
     vertex  1.588303e+01  1.522266e+01  1.150000e+01
     vertex  1.651479e+01  1.453484e+01  1.150000e+01
     vertex  1.667133e+01  1.435502e+01  1.100000e+01
   endloop
 endfacet
 facet normal  6.853226e-01  7.282370e-01 -1.961570e-03
   outer loop
     vertex  1.522266e+01  1.588303e+01  1.150000e+01
     vertex  1.540981e+01  1.570152e+01  9.500000e+00
     vertex  1.473781e+01  1.633392e+01  9.500000e+00
   endloop
 endfacet
 facet normal  7.071054e-01  7.071054e-01  1.994600e-03
   outer loop
     vertex  1.522266e+01  1.588303e+01  1.150000e+01
     vertex  1.588303e+01  1.522266e+01  1.150000e+01
     vertex  1.540981e+01  1.570152e+01  9.500000e+00
   endloop
 endfacet
 facet normal  6.541812e-01  7.563352e-01 -2.011016e-03
   outer loop
     vertex  1.453484e+01  1.651479e+01  1.150000e+01
     vertex  1.473781e+01  1.633392e+01  9.500000e+00
     vertex  1.403989e+01  1.693758e+01  9.500000e+00
   endloop
 endfacet
 facet normal  6.764578e-01  7.364786e-01  2.045459e-03
   outer loop
     vertex  1.453484e+01  1.651479e+01  1.150000e+01
     vertex  1.522266e+01  1.588303e+01  1.150000e+01
     vertex  1.473781e+01  1.633392e+01  9.500000e+00
   endloop
 endfacet
 facet normal  6.218889e-01  7.831028e-01 -2.057637e-03
   outer loop
     vertex  1.382084e+01  1.711679e+01  1.150000e+01
     vertex  1.403989e+01  1.693758e+01  9.500000e+00
     vertex  1.331726e+01  1.751144e+01  9.500000e+00
   endloop
 endfacet
 facet normal  6.445912e-01  7.645246e-01  2.093492e-03
   outer loop
     vertex  1.382084e+01  1.711679e+01  1.150000e+01
     vertex  1.453484e+01  1.651479e+01  1.150000e+01
     vertex  1.403989e+01  1.693758e+01  9.500000e+00
   endloop
 endfacet
 facet normal  6.115630e-01  7.911929e-01  2.138700e-03
   outer loop
     vertex  1.308193e+01  1.768794e+01  1.150000e+01
     vertex  1.382084e+01  1.711679e+01  1.150000e+01
     vertex  1.331726e+01  1.751144e+01  9.500000e+00
   endloop
 endfacet
 facet normal  5.885025e-01  8.084927e-01 -2.101432e-03
   outer loop
     vertex  1.308193e+01  1.768794e+01  1.150000e+01
     vertex  1.331726e+01  1.751144e+01  9.500000e+00
     vertex  1.257121e+01  1.805449e+01  9.500000e+00
   endloop
 endfacet
 facet normal  5.774327e-01  8.164354e-01  2.181083e-03
   outer loop
     vertex  1.231945e+01  1.822721e+01  1.150000e+01
     vertex  1.308193e+01  1.768794e+01  1.150000e+01
     vertex  1.257121e+01  1.805449e+01  9.500000e+00
   endloop
 endfacet
 facet normal  5.540808e-01  8.324601e-01 -2.142402e-03
   outer loop
     vertex  1.231945e+01  1.822721e+01  1.150000e+01
     vertex  1.257121e+01  1.805449e+01  9.500000e+00
     vertex  1.180304e+01  1.856578e+01  9.500000e+00
   endloop
 endfacet
 facet normal  5.422619e-01  8.402066e-01  2.220640e-03
   outer loop
     vertex  1.153476e+01  1.873364e+01  1.150000e+01
     vertex  1.231945e+01  1.822721e+01  1.150000e+01
     vertex  1.180304e+01  1.856578e+01  9.500000e+00
   endloop
 endfacet
 facet normal  5.186843e-01  8.549631e-01 -2.180546e-03
   outer loop
     vertex  1.153476e+01  1.873364e+01  1.150000e+01
     vertex  1.180304e+01  1.856578e+01  9.500000e+00
     vertex  1.101410e+01  1.904441e+01  9.500000e+00
   endloop
 endfacet
 facet normal  5.061138e-01  8.624637e-01  2.257371e-03
   outer loop
     vertex  1.072929e+01  1.920631e+01  1.150000e+01
     vertex  1.153476e+01  1.873364e+01  1.150000e+01
     vertex  1.101410e+01  1.904441e+01  9.500000e+00
   endloop
 endfacet
 facet normal  4.823752e-01  8.759619e-01 -2.215865e-03
   outer loop
     vertex  1.072929e+01  1.920631e+01  1.150000e+01
     vertex  1.101410e+01  1.904441e+01  9.500000e+00
     vertex  1.020579e+01  1.948953e+01  9.500000e+00
   endloop
 endfacet
 facet normal  4.452176e-01  8.954196e-01 -2.248358e-03
   outer loop
     vertex  9.904482e+00  1.964437e+01  1.150000e+01
     vertex  1.020579e+01  1.948953e+01  9.500000e+00
     vertex  9.379523e+00  1.990037e+01  9.500000e+00
   endloop
 endfacet
 facet normal  4.690538e-01  8.831666e-01  2.291277e-03
   outer loop
     vertex  9.904482e+00  1.964437e+01  1.150000e+01
     vertex  1.072929e+01  1.920631e+01  1.150000e+01
     vertex  1.020579e+01  1.948953e+01  9.500000e+00
   endloop
 endfacet
 facet normal  4.072766e-01  9.133020e-01 -2.278026e-03
   outer loop
     vertex  9.061827e+00  2.004703e+01  1.150000e+01
     vertex  9.379523e+00  1.990037e+01  9.500000e+00
     vertex  8.536754e+00  2.027619e+01  9.500000e+00
   endloop
 endfacet
 facet normal  4.311485e-01  9.022780e-01  2.322358e-03
   outer loop
     vertex  9.061827e+00  2.004703e+01  1.150000e+01
     vertex  9.904482e+00  1.964437e+01  1.150000e+01
     vertex  9.379523e+00  1.990037e+01  9.500000e+00
   endloop
 endfacet
 facet normal  3.686192e-01  9.295776e-01 -2.304869e-03
   outer loop
     vertex  8.202843e+00  2.041356e+01  1.150000e+01
     vertex  8.536754e+00  2.027619e+01  9.500000e+00
     vertex  7.678966e+00  2.061634e+01  9.500000e+00
   endloop
 endfacet
 facet normal  3.924662e-01  9.197634e-01  2.350613e-03
   outer loop
     vertex  8.202843e+00  2.041356e+01  1.150000e+01
     vertex  9.061827e+00  2.004703e+01  1.150000e+01
     vertex  8.536754e+00  2.027619e+01  9.500000e+00
   endloop
 endfacet
 facet normal  3.293132e-01  9.442179e-01 -2.328885e-03
   outer loop
     vertex  7.329075e+00  2.074330e+01  1.150000e+01
     vertex  7.678966e+00  2.061634e+01  9.500000e+00
     vertex  6.807668e+00  2.092022e+01  9.500000e+00
   endloop
 endfacet
 facet normal  3.530767e-01  9.355914e-01  2.376043e-03
   outer loop
     vertex  7.329075e+00  2.074330e+01  1.150000e+01
     vertex  8.202843e+00  2.041356e+01  1.150000e+01
     vertex  7.678966e+00  2.061634e+01  9.500000e+00
   endloop
 endfacet
 facet normal  2.894279e-01  9.571969e-01 -2.350077e-03
   outer loop
     vertex  6.442101e+00  2.103567e+01  1.150000e+01
     vertex  6.807668e+00  2.092022e+01  9.500000e+00
     vertex  5.924394e+00  2.118730e+01  9.500000e+00
   endloop
 endfacet
 facet normal  3.130509e-01  9.497333e-01  2.398647e-03
   outer loop
     vertex  6.442101e+00  2.103567e+01  1.150000e+01
     vertex  7.329075e+00  2.074330e+01  1.150000e+01
     vertex  6.807668e+00  2.092022e+01  9.500000e+00
   endloop
 endfacet
 facet normal  2.490334e-01  9.684920e-01 -2.368443e-03
   outer loop
     vertex  5.543517e+00  2.129012e+01  1.150000e+01
     vertex  5.924394e+00  2.118730e+01  9.500000e+00
     vertex  5.030697e+00  2.141710e+01  9.500000e+00
   endloop
 endfacet
 facet normal  2.724610e-01  9.621638e-01  2.418425e-03
   outer loop
     vertex  5.543517e+00  2.129012e+01  1.150000e+01
     vertex  6.442101e+00  2.103567e+01  1.150000e+01
     vertex  5.924394e+00  2.118730e+01  9.500000e+00
   endloop
 endfacet
 facet normal  2.082008e-01  9.780832e-01 -2.383983e-03
   outer loop
     vertex  4.634944e+00  2.150622e+01  1.150000e+01
     vertex  5.030697e+00  2.141710e+01  9.500000e+00
     vertex  4.128149e+00  2.160922e+01  9.500000e+00
   endloop
 endfacet
 facet normal  2.313801e-01  9.728604e-01  2.435379e-03
   outer loop
     vertex  4.634944e+00  2.150622e+01  1.150000e+01
     vertex  5.543517e+00  2.129012e+01  1.150000e+01
     vertex  5.030697e+00  2.141710e+01  9.500000e+00
   endloop
 endfacet
 facet normal  1.670019e-01  9.859537e-01 -2.396698e-03
   outer loop
     vertex  3.718018e+00  2.168355e+01  1.150000e+01
     vertex  4.128149e+00  2.160922e+01  9.500000e+00
     vertex  3.218338e+00  2.176332e+01  9.500000e+00
   endloop
 endfacet
 facet normal  1.898823e-01  9.818038e-01  2.449506e-03
   outer loop
     vertex  3.718018e+00  2.168355e+01  1.150000e+01
     vertex  4.634944e+00  2.150622e+01  1.150000e+01
     vertex  4.128149e+00  2.160922e+01  9.500000e+00
   endloop
 endfacet
 facet normal  1.255092e-01  9.920895e-01 -2.406587e-03
   outer loop
     vertex  2.794392e+00  2.182181e+01  1.150000e+01
     vertex  3.218338e+00  2.176332e+01  9.500000e+00
     vertex  2.302866e+00  2.187914e+01  9.500000e+00
   endloop
 endfacet
 facet normal  1.480422e-01  9.889780e-01  2.460808e-03
   outer loop
     vertex  2.794392e+00  2.182181e+01  1.150000e+01
     vertex  3.718018e+00  2.168355e+01  1.150000e+01
     vertex  3.218338e+00  2.176332e+01  9.500000e+00
   endloop
 endfacet
 facet normal  8.379565e-02  9.964800e-01 -2.413651e-03
   outer loop
     vertex  1.865730e+00  2.192074e+01  1.150000e+01
     vertex  2.302866e+00  2.187914e+01  9.500000e+00
     vertex  1.383342e+00  2.195647e+01  9.500000e+00
   endloop
 endfacet
 facet normal  1.059354e-01  9.943699e-01  2.469285e-03
   outer loop
     vertex  1.865730e+00  2.192074e+01  1.150000e+01
     vertex  2.794392e+00  2.182181e+01  1.150000e+01
     vertex  2.302866e+00  2.187914e+01  9.500000e+00
   endloop
 endfacet
 facet normal  4.193471e-02  9.991174e-01 -2.417889e-03
   outer loop
     vertex  9.337065e-01  2.198018e+01  1.150000e+01
     vertex  1.383342e+00  2.195647e+01  9.500000e+00
     vertex  4.613846e-01  2.199516e+01  9.500000e+00
   endloop
 endfacet
 facet normal  6.363771e-02  9.979700e-01  2.474936e-03
   outer loop
     vertex  9.337065e-01  2.198018e+01  1.150000e+01
     vertex  1.865730e+00  2.192074e+01  1.150000e+01
     vertex  1.383342e+00  2.195647e+01  9.500000e+00
   endloop
 endfacet
 facet normal  0.000000e+00  9.999971e-01 -2.419302e-03
   outer loop
     vertex -2.307780e-14  2.200000e+01  1.150000e+01
     vertex  4.613846e-01  2.199516e+01  9.500000e+00
     vertex -4.613846e-01  2.199516e+01  9.500000e+00
   endloop
 endfacet
 facet normal  2.122532e-02  9.997716e-01  2.477761e-03
   outer loop
     vertex -2.307780e-14  2.200000e+01  1.150000e+01
     vertex  9.337065e-01  2.198018e+01  1.150000e+01
     vertex  4.613846e-01  2.199516e+01  9.500000e+00
   endloop
 endfacet
 facet normal -4.193471e-02  9.991174e-01 -2.417889e-03
   outer loop
     vertex -9.337065e-01  2.198018e+01  1.150000e+01
     vertex -4.613846e-01  2.199516e+01  9.500000e+00
     vertex -1.383342e+00  2.195647e+01  9.500000e+00
   endloop
 endfacet
 facet normal -2.122532e-02  9.997716e-01  2.477761e-03
   outer loop
     vertex -9.337065e-01  2.198018e+01  1.150000e+01
     vertex -2.307780e-14  2.200000e+01  1.150000e+01
     vertex -4.613846e-01  2.199516e+01  9.500000e+00
   endloop
 endfacet
 facet normal -8.379565e-02  9.964800e-01 -2.413651e-03
   outer loop
     vertex -1.865730e+00  2.192074e+01  1.150000e+01
     vertex -1.383342e+00  2.195647e+01  9.500000e+00
     vertex -2.302866e+00  2.187914e+01  9.500000e+00
   endloop
 endfacet
 facet normal -6.363771e-02  9.979700e-01  2.474936e-03
   outer loop
     vertex -1.865730e+00  2.192074e+01  1.150000e+01
     vertex -9.337065e-01  2.198018e+01  1.150000e+01
     vertex -1.383342e+00  2.195647e+01  9.500000e+00
   endloop
 endfacet
 facet normal -1.255092e-01  9.920895e-01 -2.406587e-03
   outer loop
     vertex -2.794392e+00  2.182181e+01  1.150000e+01
     vertex -2.302866e+00  2.187914e+01  9.500000e+00
     vertex -3.218338e+00  2.176332e+01  9.500000e+00
   endloop
 endfacet
 facet normal -1.059354e-01  9.943699e-01  2.469285e-03
   outer loop
     vertex -2.794392e+00  2.182181e+01  1.150000e+01
     vertex -1.865730e+00  2.192074e+01  1.150000e+01
     vertex -2.302866e+00  2.187914e+01  9.500000e+00
   endloop
 endfacet
 facet normal -1.670019e-01  9.859537e-01 -2.396698e-03
   outer loop
     vertex -3.718018e+00  2.168355e+01  1.150000e+01
     vertex -3.218338e+00  2.176332e+01  9.500000e+00
     vertex -4.128149e+00  2.160922e+01  9.500000e+00
   endloop
 endfacet
 facet normal -1.480422e-01  9.889780e-01  2.460808e-03
   outer loop
     vertex -3.718018e+00  2.168355e+01  1.150000e+01
     vertex -2.794392e+00  2.182181e+01  1.150000e+01
     vertex -3.218338e+00  2.176332e+01  9.500000e+00
   endloop
 endfacet
 facet normal -2.082008e-01  9.780832e-01 -2.383983e-03
   outer loop
     vertex -4.634944e+00  2.150622e+01  1.150000e+01
     vertex -4.128149e+00  2.160922e+01  9.500000e+00
     vertex -5.030697e+00  2.141710e+01  9.500000e+00
   endloop
 endfacet
 facet normal -1.898823e-01  9.818038e-01  2.449506e-03
   outer loop
     vertex -4.634944e+00  2.150622e+01  1.150000e+01
     vertex -3.718018e+00  2.168355e+01  1.150000e+01
     vertex -4.128149e+00  2.160922e+01  9.500000e+00
   endloop
 endfacet
 facet normal -2.490334e-01  9.684920e-01 -2.368443e-03
   outer loop
     vertex -5.543517e+00  2.129012e+01  1.150000e+01
     vertex -5.030697e+00  2.141710e+01  9.500000e+00
     vertex -5.924394e+00  2.118730e+01  9.500000e+00
   endloop
 endfacet
 facet normal -2.313801e-01  9.728604e-01  2.435379e-03
   outer loop
     vertex -5.543517e+00  2.129012e+01  1.150000e+01
     vertex -4.634944e+00  2.150622e+01  1.150000e+01
     vertex -5.030697e+00  2.141710e+01  9.500000e+00
   endloop
 endfacet
 facet normal -2.894279e-01  9.571969e-01 -2.350077e-03
   outer loop
     vertex -6.442101e+00  2.103567e+01  1.150000e+01
     vertex -5.924394e+00  2.118730e+01  9.500000e+00
     vertex -6.807668e+00  2.092022e+01  9.500000e+00
   endloop
 endfacet
 facet normal -2.724610e-01  9.621638e-01  2.418425e-03
   outer loop
     vertex -6.442101e+00  2.103567e+01  1.150000e+01
     vertex -5.543517e+00  2.129012e+01  1.150000e+01
     vertex -5.924394e+00  2.118730e+01  9.500000e+00
   endloop
 endfacet
 facet normal -3.293132e-01  9.442179e-01 -2.328885e-03
   outer loop
     vertex -7.329075e+00  2.074330e+01  1.150000e+01
     vertex -6.807668e+00  2.092022e+01  9.500000e+00
     vertex -7.678966e+00  2.061634e+01  9.500000e+00
   endloop
 endfacet
 facet normal -3.130509e-01  9.497333e-01  2.398647e-03
   outer loop
     vertex -7.329075e+00  2.074330e+01  1.150000e+01
     vertex -6.442101e+00  2.103567e+01  1.150000e+01
     vertex -6.807668e+00  2.092022e+01  9.500000e+00
   endloop
 endfacet
 facet normal -3.686192e-01  9.295776e-01 -2.304869e-03
   outer loop
     vertex -8.202843e+00  2.041356e+01  1.150000e+01
     vertex -7.678966e+00  2.061634e+01  9.500000e+00
     vertex -8.536754e+00  2.027619e+01  9.500000e+00
   endloop
 endfacet
 facet normal -3.530767e-01  9.355914e-01  2.376043e-03
   outer loop
     vertex -8.202843e+00  2.041356e+01  1.150000e+01
     vertex -7.329075e+00  2.074330e+01  1.150000e+01
     vertex -7.678966e+00  2.061634e+01  9.500000e+00
   endloop
 endfacet
 facet normal -3.924662e-01  9.197634e-01  2.350613e-03
   outer loop
     vertex -9.061827e+00  2.004703e+01  1.150000e+01
     vertex -8.202843e+00  2.041356e+01  1.150000e+01
     vertex -8.536754e+00  2.027619e+01  9.500000e+00
   endloop
 endfacet
 facet normal -4.072766e-01  9.133020e-01 -2.278026e-03
   outer loop
     vertex -9.061827e+00  2.004703e+01  1.150000e+01
     vertex -8.536754e+00  2.027619e+01  9.500000e+00
     vertex -9.379523e+00  1.990037e+01  9.500000e+00
   endloop
 endfacet
 facet normal -4.311485e-01  9.022780e-01  2.322358e-03
   outer loop
     vertex -9.904482e+00  1.964437e+01  1.150000e+01
     vertex -9.061827e+00  2.004703e+01  1.150000e+01
     vertex -9.379523e+00  1.990037e+01  9.500000e+00
   endloop
 endfacet
 facet normal -4.452176e-01  8.954196e-01 -2.248358e-03
   outer loop
     vertex -9.904482e+00  1.964437e+01  1.150000e+01
     vertex -9.379523e+00  1.990037e+01  9.500000e+00
     vertex -1.020579e+01  1.948953e+01  9.500000e+00
   endloop
 endfacet
 facet normal -4.690538e-01  8.831666e-01  2.291277e-03
   outer loop
     vertex -1.072929e+01  1.920631e+01  1.150000e+01
     vertex -9.904482e+00  1.964437e+01  1.150000e+01
     vertex -1.020579e+01  1.948953e+01  9.500000e+00
   endloop
 endfacet
 facet normal -4.823752e-01  8.759619e-01 -2.215865e-03
   outer loop
     vertex -1.072929e+01  1.920631e+01  1.150000e+01
     vertex -1.020579e+01  1.948953e+01  9.500000e+00
     vertex -1.101410e+01  1.904441e+01  9.500000e+00
   endloop
 endfacet
 facet normal -5.061138e-01  8.624637e-01  2.257371e-03
   outer loop
     vertex -1.153476e+01  1.873364e+01  1.150000e+01
     vertex -1.072929e+01  1.920631e+01  1.150000e+01
     vertex -1.101410e+01  1.904441e+01  9.500000e+00
   endloop
 endfacet
 facet normal -5.186843e-01  8.549631e-01 -2.180546e-03
   outer loop
     vertex -1.153476e+01  1.873364e+01  1.150000e+01
     vertex -1.101410e+01  1.904441e+01  9.500000e+00
     vertex -1.180304e+01  1.856578e+01  9.500000e+00
   endloop
 endfacet
 facet normal -5.422619e-01  8.402066e-01  2.220640e-03
   outer loop
     vertex -1.231945e+01  1.822721e+01  1.150000e+01
     vertex -1.153476e+01  1.873364e+01  1.150000e+01
     vertex -1.180304e+01  1.856578e+01  9.500000e+00
   endloop
 endfacet
 facet normal -5.540808e-01  8.324601e-01 -2.142402e-03
   outer loop
     vertex -1.231945e+01  1.822721e+01  1.150000e+01
     vertex -1.180304e+01  1.856578e+01  9.500000e+00
     vertex -1.257121e+01  1.805449e+01  9.500000e+00
   endloop
 endfacet
 facet normal -5.774327e-01  8.164354e-01  2.181083e-03
   outer loop
     vertex -1.308193e+01  1.768794e+01  1.150000e+01
     vertex -1.231945e+01  1.822721e+01  1.150000e+01
     vertex -1.257121e+01  1.805449e+01  9.500000e+00
   endloop
 endfacet
 facet normal -5.885025e-01  8.084927e-01 -2.101432e-03
   outer loop
     vertex -1.308193e+01  1.768794e+01  1.150000e+01
     vertex -1.257121e+01  1.805449e+01  9.500000e+00
     vertex -1.331726e+01  1.751144e+01  9.500000e+00
   endloop
 endfacet
 facet normal -6.115630e-01  7.911929e-01  2.138700e-03
   outer loop
     vertex -1.382084e+01  1.711679e+01  1.150000e+01
     vertex -1.308193e+01  1.768794e+01  1.150000e+01
     vertex -1.331726e+01  1.751144e+01  9.500000e+00
   endloop
 endfacet
 facet normal -6.218889e-01  7.831028e-01 -2.057637e-03
   outer loop
     vertex -1.382084e+01  1.711679e+01  1.150000e+01
     vertex -1.331726e+01  1.751144e+01  9.500000e+00
     vertex -1.403989e+01  1.693758e+01  9.500000e+00
   endloop
 endfacet
 facet normal -6.445912e-01  7.645246e-01  2.093492e-03
   outer loop
     vertex -1.453484e+01  1.651479e+01  1.150000e+01
     vertex -1.382084e+01  1.711679e+01  1.150000e+01
     vertex -1.403989e+01  1.693758e+01  9.500000e+00
   endloop
 endfacet
 facet normal -6.541812e-01  7.563352e-01 -2.011016e-03
   outer loop
     vertex -1.453484e+01  1.651479e+01  1.150000e+01
     vertex -1.403989e+01  1.693758e+01  9.500000e+00
     vertex -1.473781e+01  1.633392e+01  9.500000e+00
   endloop
 endfacet
 facet normal -6.764578e-01  7.364786e-01  2.045459e-03
   outer loop
     vertex -1.522266e+01  1.588303e+01  1.150000e+01
     vertex -1.453484e+01  1.651479e+01  1.150000e+01
     vertex -1.473781e+01  1.633392e+01  9.500000e+00
   endloop
 endfacet
 facet normal -6.853226e-01  7.282370e-01 -1.961570e-03
   outer loop
     vertex -1.522266e+01  1.588303e+01  1.150000e+01
     vertex -1.473781e+01  1.633392e+01  9.500000e+00
     vertex -1.540981e+01  1.570152e+01  9.500000e+00
   endloop
 endfacet
 facet normal -7.071054e-01  7.071054e-01  1.994600e-03
   outer loop
     vertex -1.588303e+01  1.522266e+01  1.150000e+01
     vertex -1.522266e+01  1.588303e+01  1.150000e+01
     vertex -1.540981e+01  1.570152e+01  9.500000e+00
   endloop
 endfacet
 facet normal -7.152583e-01  6.988576e-01 -1.909299e-03
   outer loop
     vertex -1.588303e+01  1.522266e+01  1.150000e+01
     vertex -1.540981e+01  1.570152e+01  9.500000e+00
     vertex -1.605469e+01  1.504150e+01  9.500000e+00
   endloop
 endfacet
 facet normal -7.409242e-01  6.715830e-01  2.764016e-03
   outer loop
     vertex -1.667133e+01  1.435502e+01  1.100000e+01
     vertex -1.588303e+01  1.522266e+01  1.150000e+01
     vertex -1.605469e+01  1.504150e+01  9.500000e+00
   endloop
 endfacet
 facet normal -7.439370e-01  6.682498e-01 -1.792633e-16
   outer loop
     vertex -1.667133e+01  1.435502e+01  1.100000e+01
     vertex -1.605469e+01  1.504150e+01  9.500000e+00
     vertex -1.667133e+01  1.435502e+01  9.500000e+00
   endloop
 endfacet
 facet normal -7.364207e-01  6.764046e-01 -1.270292e-02
   outer loop
     vertex -1.651479e+01  1.453484e+01  1.150000e+01
     vertex -1.588303e+01  1.522266e+01  1.150000e+01
     vertex -1.667133e+01  1.435502e+01  1.100000e+01
   endloop
 endfacet
 facet normal -7.645045e-01  6.445743e-01  7.537425e-03
   outer loop
     vertex -1.711679e+01  1.382084e+01  1.150000e+01
     vertex -1.651479e+01  1.453484e+01  1.150000e+01
     vertex -1.667133e+01  1.435502e+01  1.100000e+01
   endloop
 endfacet
 facet normal -7.707038e-01  6.371663e-01 -5.899863e-03
   outer loop
     vertex -1.711679e+01  1.382084e+01  1.150000e+01
     vertex -1.667133e+01  1.435502e+01  1.100000e+01
     vertex -1.723341e+01  1.367515e+01  1.100000e+01
   endloop
 endfacet
 facet normal -7.911788e-01  6.115521e-01  6.339178e-03
   outer loop
     vertex -1.768794e+01  1.308193e+01  1.150000e+01
     vertex -1.711679e+01  1.382084e+01  1.150000e+01
     vertex -1.723341e+01  1.367515e+01  1.100000e+01
   endloop
 endfacet
 facet normal -7.956329e-01  6.057618e-01 -4.579626e-03
   outer loop
     vertex -1.768794e+01  1.308193e+01  1.150000e+01
     vertex -1.723341e+01  1.367515e+01  1.100000e+01
     vertex -1.776777e+01  1.297329e+01  1.100000e+01
   endloop
 endfacet
 facet normal -8.192823e-01  5.733824e-01 -3.015459e-03
   outer loop
     vertex -1.822721e+01  1.231945e+01  1.150000e+01
     vertex -1.776777e+01  1.297329e+01  1.100000e+01
     vertex -1.827357e+01  1.225058e+01  1.100000e+01
   endloop
 endfacet
 facet normal -8.164275e-01  5.774271e-01  4.897000e-03
   outer loop
     vertex -1.822721e+01  1.231945e+01  1.150000e+01
     vertex -1.768794e+01  1.308193e+01  1.150000e+01
     vertex -1.776777e+01  1.297329e+01  1.100000e+01
   endloop
 endfacet
 facet normal -8.631556e-01  5.049380e-01 -5.979667e-16
   outer loop
     vertex -1.874999e+01  1.150817e+01  1.100000e+01
     vertex -1.874999e+01  1.150817e+01  9.500000e+00
     vertex -1.922035e+01  1.070412e+01  9.500000e+00
   endloop
 endfacet
 facet normal -8.416130e-01  5.400796e-01 -1.207369e-03
   outer loop
     vertex -1.873364e+01  1.153476e+01  1.150000e+01
     vertex -1.827357e+01  1.225058e+01  1.100000e+01
     vertex -1.874999e+01  1.150817e+01  1.100000e+01
   endloop
 endfacet
 facet normal -8.402043e-01  5.422604e-01  3.210889e-03
   outer loop
     vertex -1.873364e+01  1.153476e+01  1.150000e+01
     vertex -1.822721e+01  1.231945e+01  1.150000e+01
     vertex -1.827357e+01  1.225058e+01  1.100000e+01
   endloop
 endfacet
 facet normal -8.624652e-01  5.061147e-01  1.280854e-03
   outer loop
     vertex -1.920631e+01  1.072929e+01  1.150000e+01
     vertex -1.873364e+01  1.153476e+01  1.150000e+01
     vertex -1.874999e+01  1.150817e+01  1.100000e+01
   endloop
 endfacet
 facet normal -8.629094e-01  5.053585e-01 -3.026008e-04
   outer loop
     vertex -1.920631e+01  1.072929e+01  1.150000e+01
     vertex -1.874999e+01  1.150817e+01  1.100000e+01
     vertex -1.922035e+01  1.070412e+01  9.500000e+00
   endloop
 endfacet
 facet normal -8.837570e-01  4.679461e-01 -2.716708e-04
   outer loop
     vertex -1.964437e+01  9.904482e+00  1.150000e+01
     vertex -1.922035e+01  1.070412e+01  9.500000e+00
     vertex -1.965625e+01  9.880890e+00  9.500000e+00
   endloop
 endfacet
 facet normal -8.831689e-01  4.690550e-01  2.963681e-04
   outer loop
     vertex -1.964437e+01  9.904482e+00  1.150000e+01
     vertex -1.920631e+01  1.072929e+01  1.150000e+01
     vertex -1.922035e+01  1.070412e+01  9.500000e+00
   endloop
 endfacet
 facet normal -9.027739e-01  4.301153e-01 -2.476285e-04
   outer loop
     vertex -2.004703e+01  9.061827e+00  1.150000e+01
     vertex -1.965625e+01  9.880890e+00  9.500000e+00
     vertex -2.005691e+01  9.039941e+00  9.500000e+00
   endloop
 endfacet
 facet normal -9.022804e-01  4.311496e-01  2.723913e-04
   outer loop
     vertex -2.004703e+01  9.061827e+00  1.150000e+01
     vertex -1.964437e+01  9.904482e+00  1.150000e+01
     vertex -1.965625e+01  9.880890e+00  9.500000e+00
   endloop
 endfacet
 facet normal -9.201724e-01  3.915134e-01 -2.234552e-04
   outer loop
     vertex -2.041356e+01  8.202843e+00  1.150000e+01
     vertex -2.005691e+01  9.039941e+00  9.500000e+00
     vertex -2.042161e+01  8.182786e+00  9.500000e+00
   endloop
 endfacet
 facet normal -9.197659e-01  3.924673e-01  2.482836e-04
   outer loop
     vertex -2.041356e+01  8.202843e+00  1.150000e+01
     vertex -2.004703e+01  9.061827e+00  1.150000e+01
     vertex -2.005691e+01  9.039941e+00  9.500000e+00
   endloop
 endfacet
 facet normal -9.359212e-01  3.522095e-01 -1.991509e-04
   outer loop
     vertex -2.074330e+01  7.329075e+00  1.150000e+01
     vertex -2.042161e+01  8.182786e+00  9.500000e+00
     vertex -2.074970e+01  7.310960e+00  9.500000e+00
   endloop
 endfacet
 facet normal -9.355940e-01  3.530777e-01  2.240448e-04
   outer loop
     vertex -2.074330e+01  7.329075e+00  1.150000e+01
     vertex -2.041356e+01  8.202843e+00  1.150000e+01
     vertex -2.042161e+01  8.182786e+00  9.500000e+00
   endloop
 endfacet
 facet normal -9.499920e-01  3.122742e-01 -1.747156e-04
   outer loop
     vertex -2.103567e+01  6.442101e+00  1.150000e+01
     vertex -2.074970e+01  7.310960e+00  9.500000e+00
     vertex -2.104058e+01  6.426027e+00  9.500000e+00
   endloop
 endfacet
 facet normal -9.497360e-01  3.130518e-01  1.996750e-04
   outer loop
     vertex -2.103567e+01  6.442101e+00  1.150000e+01
     vertex -2.074330e+01  7.329075e+00  1.150000e+01
     vertex -2.074970e+01  7.310960e+00  9.500000e+00
   endloop
 endfacet
 facet normal -9.623596e-01  2.717791e-01 -1.501493e-04
   outer loop
     vertex -2.129012e+01  5.543517e+00  1.150000e+01
     vertex -2.104058e+01  6.426027e+00  9.500000e+00
     vertex -2.129375e+01  5.529574e+00  9.500000e+00
   endloop
 endfacet
 facet normal -9.621666e-01  2.724618e-01  1.751742e-04
   outer loop
     vertex -2.129012e+01  5.543517e+00  1.150000e+01
     vertex -2.103567e+01  6.442101e+00  1.150000e+01
     vertex -2.104058e+01  6.426027e+00  9.500000e+00
   endloop
 endfacet
 facet normal -9.730020e-01  2.307967e-01 -1.254519e-04
   outer loop
     vertex -2.150622e+01  4.634944e+00  1.150000e+01
     vertex -2.129375e+01  5.529574e+00  9.500000e+00
     vertex -2.150874e+01  4.623207e+00  9.500000e+00
   endloop
 endfacet
 facet normal -9.728633e-01  2.313808e-01  1.505423e-04
   outer loop
     vertex -2.150622e+01  4.634944e+00  1.150000e+01
     vertex -2.129012e+01  5.543517e+00  1.150000e+01
     vertex -2.129375e+01  5.529574e+00  9.500000e+00
   endloop
 endfacet
 facet normal -9.818999e-01  1.894006e-01 -1.006236e-04
   outer loop
     vertex -2.168355e+01  3.718018e+00  1.150000e+01
     vertex -2.150874e+01  4.623207e+00  9.500000e+00
     vertex -2.168517e+01  3.708551e+00  9.500000e+00
   endloop
 endfacet
 facet normal -9.818068e-01  1.898828e-01  1.257795e-04
   outer loop
     vertex -2.168355e+01  3.718018e+00  1.150000e+01
     vertex -2.150622e+01  4.634944e+00  1.150000e+01
     vertex -2.150874e+01  4.623207e+00  9.500000e+00
   endloop
 endfacet
 facet normal -9.890375e-01  1.476649e-01 -7.566420e-05
   outer loop
     vertex -2.182181e+01  2.794392e+00  1.150000e+01
     vertex -2.168517e+01  3.708551e+00  9.500000e+00
     vertex -2.182272e+01  2.787247e+00  9.500000e+00
   endloop
 endfacet
 facet normal -9.889810e-01  1.480427e-01  1.008856e-04
   outer loop
     vertex -2.182181e+01  2.794392e+00  1.150000e+01
     vertex -2.168355e+01  3.718018e+00  1.150000e+01
     vertex -2.168517e+01  3.708551e+00  9.500000e+00
   endloop
 endfacet
 facet normal -9.943730e-01  1.059357e-01  7.586072e-05
   outer loop
     vertex -2.192074e+01  1.865730e+00  1.150000e+01
     vertex -2.182181e+01  2.794392e+00  1.150000e+01
     vertex -2.182272e+01  2.787247e+00  9.500000e+00
   endloop
 endfacet
 facet normal -9.944018e-01  1.056644e-01 -5.057382e-05
   outer loop
     vertex -2.192074e+01  1.865730e+00  1.150000e+01
     vertex -2.182272e+01  2.787247e+00  9.500000e+00
     vertex -2.192115e+01  1.860945e+00  9.500000e+00
   endloop
 endfacet
 facet normal -9.979731e-01  6.363790e-02  5.070483e-05
   outer loop
     vertex -2.198018e+01  9.337065e-01  1.150000e+01
     vertex -2.192074e+01  1.865730e+00  1.150000e+01
     vertex -2.192115e+01  1.860945e+00  9.500000e+00
   endloop
 endfacet
 facet normal -9.979835e-01  6.347451e-02 -2.535241e-05
   outer loop
     vertex -2.198018e+01  9.337065e-01  1.150000e+01
     vertex -2.192115e+01  1.860945e+00  9.500000e+00
     vertex -2.198028e+01  9.313074e-01  9.500000e+00
   endloop
 endfacet
 facet normal -9.997747e-01  2.122538e-02  2.541792e-05
   outer loop
     vertex -2.200000e+01 -9.500540e-14  1.150000e+01
     vertex -2.198018e+01  9.337065e-01  1.150000e+01
     vertex -2.198028e+01  9.313074e-01  9.500000e+00
   endloop
 endfacet
 facet normal -9.997759e-01  2.117082e-02  1.551286e-15
   outer loop
     vertex -2.200000e+01 -9.500540e-14  1.150000e+01
     vertex -2.198028e+01  9.313074e-01  9.500000e+00
     vertex -2.200000e+01  5.154404e-14  9.500000e+00
   endloop
 endfacet
 facet normal -9.997759e-01 -2.117082e-02 -1.551286e-15
   outer loop
     vertex -2.200000e+01 -9.500540e-14  1.150000e+01
     vertex -2.200000e+01  5.154404e-14  9.500000e+00
     vertex -2.198028e+01 -9.313074e-01  9.500000e+00
   endloop
 endfacet
 facet normal -9.997747e-01 -2.122538e-02  2.541792e-05
   outer loop
     vertex -2.198018e+01 -9.337065e-01  1.150000e+01
     vertex -2.200000e+01 -9.500540e-14  1.150000e+01
     vertex -2.198028e+01 -9.313074e-01  9.500000e+00
   endloop
 endfacet
 facet normal -9.979835e-01 -6.347451e-02 -2.535241e-05
   outer loop
     vertex -2.198018e+01 -9.337065e-01  1.150000e+01
     vertex -2.198028e+01 -9.313074e-01  9.500000e+00
     vertex -2.192115e+01 -1.860945e+00  9.500000e+00
   endloop
 endfacet
 facet normal -9.979731e-01 -6.363790e-02  5.070483e-05
   outer loop
     vertex -2.192074e+01 -1.865730e+00  1.150000e+01
     vertex -2.198018e+01 -9.337065e-01  1.150000e+01
     vertex -2.192115e+01 -1.860945e+00  9.500000e+00
   endloop
 endfacet
 facet normal -9.944018e-01 -1.056644e-01 -5.057382e-05
   outer loop
     vertex -2.192074e+01 -1.865730e+00  1.150000e+01
     vertex -2.192115e+01 -1.860945e+00  9.500000e+00
     vertex -2.182272e+01 -2.787247e+00  9.500000e+00
   endloop
 endfacet
 facet normal -9.943730e-01 -1.059357e-01  7.586072e-05
   outer loop
     vertex -2.182181e+01 -2.794392e+00  1.150000e+01
     vertex -2.192074e+01 -1.865730e+00  1.150000e+01
     vertex -2.182272e+01 -2.787247e+00  9.500000e+00
   endloop
 endfacet
 facet normal -9.890375e-01 -1.476649e-01 -7.566420e-05
   outer loop
     vertex -2.182181e+01 -2.794392e+00  1.150000e+01
     vertex -2.182272e+01 -2.787247e+00  9.500000e+00
     vertex -2.168517e+01 -3.708551e+00  9.500000e+00
   endloop
 endfacet
 facet normal -9.889810e-01 -1.480427e-01  1.008856e-04
   outer loop
     vertex -2.168355e+01 -3.718018e+00  1.150000e+01
     vertex -2.182181e+01 -2.794392e+00  1.150000e+01
     vertex -2.168517e+01 -3.708551e+00  9.500000e+00
   endloop
 endfacet
 facet normal -9.818999e-01 -1.894006e-01 -1.006236e-04
   outer loop
     vertex -2.168355e+01 -3.718018e+00  1.150000e+01
     vertex -2.168517e+01 -3.708551e+00  9.500000e+00
     vertex -2.150874e+01 -4.623207e+00  9.500000e+00
   endloop
 endfacet
 facet normal -9.818068e-01 -1.898828e-01  1.257795e-04
   outer loop
     vertex -2.150622e+01 -4.634944e+00  1.150000e+01
     vertex -2.168355e+01 -3.718018e+00  1.150000e+01
     vertex -2.150874e+01 -4.623207e+00  9.500000e+00
   endloop
 endfacet
 facet normal -9.730020e-01 -2.307967e-01 -1.254519e-04
   outer loop
     vertex -2.150622e+01 -4.634944e+00  1.150000e+01
     vertex -2.150874e+01 -4.623207e+00  9.500000e+00
     vertex -2.129375e+01 -5.529574e+00  9.500000e+00
   endloop
 endfacet
 facet normal -9.728633e-01 -2.313808e-01  1.505423e-04
   outer loop
     vertex -2.129012e+01 -5.543517e+00  1.150000e+01
     vertex -2.150622e+01 -4.634944e+00  1.150000e+01
     vertex -2.129375e+01 -5.529574e+00  9.500000e+00
   endloop
 endfacet
 facet normal -9.623596e-01 -2.717791e-01 -1.501493e-04
   outer loop
     vertex -2.129012e+01 -5.543517e+00  1.150000e+01
     vertex -2.129375e+01 -5.529574e+00  9.500000e+00
     vertex -2.104058e+01 -6.426027e+00  9.500000e+00
   endloop
 endfacet
 facet normal -9.621666e-01 -2.724618e-01  1.751742e-04
   outer loop
     vertex -2.103567e+01 -6.442101e+00  1.150000e+01
     vertex -2.129012e+01 -5.543517e+00  1.150000e+01
     vertex -2.104058e+01 -6.426027e+00  9.500000e+00
   endloop
 endfacet
 facet normal -9.499920e-01 -3.122742e-01 -1.747156e-04
   outer loop
     vertex -2.103567e+01 -6.442101e+00  1.150000e+01
     vertex -2.104058e+01 -6.426027e+00  9.500000e+00
     vertex -2.074970e+01 -7.310960e+00  9.500000e+00
   endloop
 endfacet
 facet normal -9.497360e-01 -3.130518e-01  1.996750e-04
   outer loop
     vertex -2.074330e+01 -7.329075e+00  1.150000e+01
     vertex -2.103567e+01 -6.442101e+00  1.150000e+01
     vertex -2.074970e+01 -7.310960e+00  9.500000e+00
   endloop
 endfacet
 facet normal -9.359212e-01 -3.522095e-01 -1.991509e-04
   outer loop
     vertex -2.074330e+01 -7.329075e+00  1.150000e+01
     vertex -2.074970e+01 -7.310960e+00  9.500000e+00
     vertex -2.042161e+01 -8.182786e+00  9.500000e+00
   endloop
 endfacet
 facet normal -9.355940e-01 -3.530777e-01  2.240448e-04
   outer loop
     vertex -2.041356e+01 -8.202843e+00  1.150000e+01
     vertex -2.074330e+01 -7.329075e+00  1.150000e+01
     vertex -2.042161e+01 -8.182786e+00  9.500000e+00
   endloop
 endfacet
 facet normal -9.201724e-01 -3.915134e-01 -2.234552e-04
   outer loop
     vertex -2.041356e+01 -8.202843e+00  1.150000e+01
     vertex -2.042161e+01 -8.182786e+00  9.500000e+00
     vertex -2.005691e+01 -9.039941e+00  9.500000e+00
   endloop
 endfacet
 facet normal -9.197659e-01 -3.924673e-01  2.482836e-04
   outer loop
     vertex -2.004703e+01 -9.061827e+00  1.150000e+01
     vertex -2.041356e+01 -8.202843e+00  1.150000e+01
     vertex -2.005691e+01 -9.039941e+00  9.500000e+00
   endloop
 endfacet
 facet normal -9.027739e-01 -4.301153e-01 -2.476285e-04
   outer loop
     vertex -2.004703e+01 -9.061827e+00  1.150000e+01
     vertex -2.005691e+01 -9.039941e+00  9.500000e+00
     vertex -1.965625e+01 -9.880890e+00  9.500000e+00
   endloop
 endfacet
 facet normal -9.022804e-01 -4.311496e-01  2.723913e-04
   outer loop
     vertex -1.964437e+01 -9.904482e+00  1.150000e+01
     vertex -2.004703e+01 -9.061827e+00  1.150000e+01
     vertex -1.965625e+01 -9.880890e+00  9.500000e+00
   endloop
 endfacet
 facet normal -8.837570e-01 -4.679461e-01 -2.716708e-04
   outer loop
     vertex -1.964437e+01 -9.904482e+00  1.150000e+01
     vertex -1.965625e+01 -9.880890e+00  9.500000e+00
     vertex -1.922035e+01 -1.070412e+01  9.500000e+00
   endloop
 endfacet
 facet normal -8.831689e-01 -4.690550e-01  2.963681e-04
   outer loop
     vertex -1.920631e+01 -1.072929e+01  1.150000e+01
     vertex -1.964437e+01 -9.904482e+00  1.150000e+01
     vertex -1.922035e+01 -1.070412e+01  9.500000e+00
   endloop
 endfacet
 facet normal -8.629094e-01 -5.053585e-01 -3.026008e-04
   outer loop
     vertex -1.874999e+01 -1.150817e+01  1.100000e+01
     vertex -1.920631e+01 -1.072929e+01  1.150000e+01
     vertex -1.922035e+01 -1.070412e+01  9.500000e+00
   endloop
 endfacet
 facet normal -8.631556e-01 -5.049380e-01  2.044363e-15
   outer loop
     vertex -1.874999e+01 -1.150817e+01  1.100000e+01
     vertex -1.922035e+01 -1.070412e+01  9.500000e+00
     vertex -1.874999e+01 -1.150817e+01  9.500000e+00
   endloop
 endfacet
 facet normal -8.624652e-01 -5.061147e-01  1.280854e-03
   outer loop
     vertex -1.873364e+01 -1.153476e+01  1.150000e+01
     vertex -1.920631e+01 -1.072929e+01  1.150000e+01
     vertex -1.874999e+01 -1.150817e+01  1.100000e+01
   endloop
 endfacet
 facet normal -8.416130e-01 -5.400796e-01 -1.207369e-03
   outer loop
     vertex -1.827357e+01 -1.225058e+01  1.100000e+01
     vertex -1.873364e+01 -1.153476e+01  1.150000e+01
     vertex -1.874999e+01 -1.150817e+01  1.100000e+01
   endloop
 endfacet
 facet normal -8.402043e-01 -5.422604e-01  3.210889e-03
   outer loop
     vertex -1.822721e+01 -1.231945e+01  1.150000e+01
     vertex -1.873364e+01 -1.153476e+01  1.150000e+01
     vertex -1.827357e+01 -1.225058e+01  1.100000e+01
   endloop
 endfacet
 facet normal -8.192823e-01 -5.733824e-01 -3.015459e-03
   outer loop
     vertex -1.776777e+01 -1.297329e+01  1.100000e+01
     vertex -1.822721e+01 -1.231945e+01  1.150000e+01
     vertex -1.827357e+01 -1.225058e+01  1.100000e+01
   endloop
 endfacet
 facet normal -8.164275e-01 -5.774271e-01  4.897000e-03
   outer loop
     vertex -1.768794e+01 -1.308193e+01  1.150000e+01
     vertex -1.822721e+01 -1.231945e+01  1.150000e+01
     vertex -1.776777e+01 -1.297329e+01  1.100000e+01
   endloop
 endfacet
 facet normal -7.956329e-01 -6.057618e-01 -4.579626e-03
   outer loop
     vertex -1.723341e+01 -1.367515e+01  1.100000e+01
     vertex -1.768794e+01 -1.308193e+01  1.150000e+01
     vertex -1.776777e+01 -1.297329e+01  1.100000e+01
   endloop
 endfacet
 facet normal -7.911788e-01 -6.115521e-01  6.339178e-03
   outer loop
     vertex -1.711679e+01 -1.382084e+01  1.150000e+01
     vertex -1.768794e+01 -1.308193e+01  1.150000e+01
     vertex -1.723341e+01 -1.367515e+01  1.100000e+01
   endloop
 endfacet
 facet normal -7.707038e-01 -6.371663e-01 -5.899863e-03
   outer loop
     vertex -1.667133e+01 -1.435502e+01  1.100000e+01
     vertex -1.711679e+01 -1.382084e+01  1.150000e+01
     vertex -1.723341e+01 -1.367515e+01  1.100000e+01
   endloop
 endfacet
 facet normal -7.439370e-01 -6.682498e-01 -4.328402e-16
   outer loop
     vertex -1.667133e+01 -1.435502e+01  1.100000e+01
     vertex -1.667133e+01 -1.435502e+01  9.500000e+00
     vertex -1.605469e+01 -1.504150e+01  9.500000e+00
   endloop
 endfacet
 facet normal -7.645045e-01 -6.445743e-01  7.537425e-03
   outer loop
     vertex -1.651479e+01 -1.453484e+01  1.150000e+01
     vertex -1.711679e+01 -1.382084e+01  1.150000e+01
     vertex -1.667133e+01 -1.435502e+01  1.100000e+01
   endloop
 endfacet
 facet normal -7.152583e-01 -6.988576e-01 -1.909299e-03
   outer loop
     vertex -1.588303e+01 -1.522266e+01  1.150000e+01
     vertex -1.605469e+01 -1.504150e+01  9.500000e+00
     vertex -1.540981e+01 -1.570152e+01  9.500000e+00
   endloop
 endfacet
 facet normal -7.409242e-01 -6.715830e-01  2.764016e-03
   outer loop
     vertex -1.588303e+01 -1.522266e+01  1.150000e+01
     vertex -1.667133e+01 -1.435502e+01  1.100000e+01
     vertex -1.605469e+01 -1.504150e+01  9.500000e+00
   endloop
 endfacet
 facet normal -7.364207e-01 -6.764046e-01 -1.270292e-02
   outer loop
     vertex -1.588303e+01 -1.522266e+01  1.150000e+01
     vertex -1.651479e+01 -1.453484e+01  1.150000e+01
     vertex -1.667133e+01 -1.435502e+01  1.100000e+01
   endloop
 endfacet
 facet normal -6.853226e-01 -7.282370e-01 -1.961570e-03
   outer loop
     vertex -1.522266e+01 -1.588303e+01  1.150000e+01
     vertex -1.540981e+01 -1.570152e+01  9.500000e+00
     vertex -1.473781e+01 -1.633392e+01  9.500000e+00
   endloop
 endfacet
 facet normal -7.071054e-01 -7.071054e-01  1.994600e-03
   outer loop
     vertex -1.522266e+01 -1.588303e+01  1.150000e+01
     vertex -1.588303e+01 -1.522266e+01  1.150000e+01
     vertex -1.540981e+01 -1.570152e+01  9.500000e+00
   endloop
 endfacet
 facet normal -6.541812e-01 -7.563352e-01 -2.011016e-03
   outer loop
     vertex -1.453484e+01 -1.651479e+01  1.150000e+01
     vertex -1.473781e+01 -1.633392e+01  9.500000e+00
     vertex -1.403989e+01 -1.693758e+01  9.500000e+00
   endloop
 endfacet
 facet normal -6.764578e-01 -7.364786e-01  2.045459e-03
   outer loop
     vertex -1.453484e+01 -1.651479e+01  1.150000e+01
     vertex -1.522266e+01 -1.588303e+01  1.150000e+01
     vertex -1.473781e+01 -1.633392e+01  9.500000e+00
   endloop
 endfacet
 facet normal -6.445912e-01 -7.645246e-01  2.093492e-03
   outer loop
     vertex -1.382084e+01 -1.711679e+01  1.150000e+01
     vertex -1.453484e+01 -1.651479e+01  1.150000e+01
     vertex -1.403989e+01 -1.693758e+01  9.500000e+00
   endloop
 endfacet
 facet normal -6.218889e-01 -7.831028e-01 -2.057637e-03
   outer loop
     vertex -1.382084e+01 -1.711679e+01  1.150000e+01
     vertex -1.403989e+01 -1.693758e+01  9.500000e+00
     vertex -1.331726e+01 -1.751144e+01  9.500000e+00
   endloop
 endfacet
 facet normal -5.885025e-01 -8.084927e-01 -2.101432e-03
   outer loop
     vertex -1.308193e+01 -1.768794e+01  1.150000e+01
     vertex -1.331726e+01 -1.751144e+01  9.500000e+00
     vertex -1.257121e+01 -1.805449e+01  9.500000e+00
   endloop
 endfacet
 facet normal -6.115630e-01 -7.911929e-01  2.138700e-03
   outer loop
     vertex -1.308193e+01 -1.768794e+01  1.150000e+01
     vertex -1.382084e+01 -1.711679e+01  1.150000e+01
     vertex -1.331726e+01 -1.751144e+01  9.500000e+00
   endloop
 endfacet
 facet normal -5.774327e-01 -8.164354e-01  2.181083e-03
   outer loop
     vertex -1.231945e+01 -1.822721e+01  1.150000e+01
     vertex -1.308193e+01 -1.768794e+01  1.150000e+01
     vertex -1.257121e+01 -1.805449e+01  9.500000e+00
   endloop
 endfacet
 facet normal -5.540808e-01 -8.324601e-01 -2.142402e-03
   outer loop
     vertex -1.231945e+01 -1.822721e+01  1.150000e+01
     vertex -1.257121e+01 -1.805449e+01  9.500000e+00
     vertex -1.180304e+01 -1.856578e+01  9.500000e+00
   endloop
 endfacet
 facet normal -5.422619e-01 -8.402066e-01  2.220640e-03
   outer loop
     vertex -1.153476e+01 -1.873364e+01  1.150000e+01
     vertex -1.231945e+01 -1.822721e+01  1.150000e+01
     vertex -1.180304e+01 -1.856578e+01  9.500000e+00
   endloop
 endfacet
 facet normal -5.186843e-01 -8.549631e-01 -2.180546e-03
   outer loop
     vertex -1.153476e+01 -1.873364e+01  1.150000e+01
     vertex -1.180304e+01 -1.856578e+01  9.500000e+00
     vertex -1.101410e+01 -1.904441e+01  9.500000e+00
   endloop
 endfacet
 facet normal -5.061138e-01 -8.624637e-01  2.257371e-03
   outer loop
     vertex -1.072929e+01 -1.920631e+01  1.150000e+01
     vertex -1.153476e+01 -1.873364e+01  1.150000e+01
     vertex -1.101410e+01 -1.904441e+01  9.500000e+00
   endloop
 endfacet
 facet normal -4.823752e-01 -8.759619e-01 -2.215865e-03
   outer loop
     vertex -1.072929e+01 -1.920631e+01  1.150000e+01
     vertex -1.101410e+01 -1.904441e+01  9.500000e+00
     vertex -1.020579e+01 -1.948953e+01  9.500000e+00
   endloop
 endfacet
 facet normal -4.690538e-01 -8.831666e-01  2.291277e-03
   outer loop
     vertex -9.904482e+00 -1.964437e+01  1.150000e+01
     vertex -1.072929e+01 -1.920631e+01  1.150000e+01
     vertex -1.020579e+01 -1.948953e+01  9.500000e+00
   endloop
 endfacet
 facet normal -4.452176e-01 -8.954196e-01 -2.248358e-03
   outer loop
     vertex -9.904482e+00 -1.964437e+01  1.150000e+01
     vertex -1.020579e+01 -1.948953e+01  9.500000e+00
     vertex -9.379523e+00 -1.990037e+01  9.500000e+00
   endloop
 endfacet
 facet normal -4.311485e-01 -9.022780e-01  2.322358e-03
   outer loop
     vertex -9.061827e+00 -2.004703e+01  1.150000e+01
     vertex -9.904482e+00 -1.964437e+01  1.150000e+01
     vertex -9.379523e+00 -1.990037e+01  9.500000e+00
   endloop
 endfacet
 facet normal -4.072766e-01 -9.133020e-01 -2.278026e-03
   outer loop
     vertex -9.061827e+00 -2.004703e+01  1.150000e+01
     vertex -9.379523e+00 -1.990037e+01  9.500000e+00
     vertex -8.536754e+00 -2.027619e+01  9.500000e+00
   endloop
 endfacet
 facet normal -3.924662e-01 -9.197634e-01  2.350613e-03
   outer loop
     vertex -8.202843e+00 -2.041356e+01  1.150000e+01
     vertex -9.061827e+00 -2.004703e+01  1.150000e+01
     vertex -8.536754e+00 -2.027619e+01  9.500000e+00
   endloop
 endfacet
 facet normal -3.686192e-01 -9.295776e-01 -2.304869e-03
   outer loop
     vertex -8.202843e+00 -2.041356e+01  1.150000e+01
     vertex -8.536754e+00 -2.027619e+01  9.500000e+00
     vertex -7.678966e+00 -2.061634e+01  9.500000e+00
   endloop
 endfacet
 facet normal -3.530767e-01 -9.355914e-01  2.376043e-03
   outer loop
     vertex -7.329075e+00 -2.074330e+01  1.150000e+01
     vertex -8.202843e+00 -2.041356e+01  1.150000e+01
     vertex -7.678966e+00 -2.061634e+01  9.500000e+00
   endloop
 endfacet
 facet normal -3.293132e-01 -9.442179e-01 -2.328885e-03
   outer loop
     vertex -7.329075e+00 -2.074330e+01  1.150000e+01
     vertex -7.678966e+00 -2.061634e+01  9.500000e+00
     vertex -6.807668e+00 -2.092022e+01  9.500000e+00
   endloop
 endfacet
 facet normal -3.130509e-01 -9.497333e-01  2.398647e-03
   outer loop
     vertex -6.442101e+00 -2.103567e+01  1.150000e+01
     vertex -7.329075e+00 -2.074330e+01  1.150000e+01
     vertex -6.807668e+00 -2.092022e+01  9.500000e+00
   endloop
 endfacet
 facet normal -2.894279e-01 -9.571969e-01 -2.350077e-03
   outer loop
     vertex -6.442101e+00 -2.103567e+01  1.150000e+01
     vertex -6.807668e+00 -2.092022e+01  9.500000e+00
     vertex -5.924394e+00 -2.118730e+01  9.500000e+00
   endloop
 endfacet
 facet normal -2.724610e-01 -9.621638e-01  2.418425e-03
   outer loop
     vertex -5.543517e+00 -2.129012e+01  1.150000e+01
     vertex -6.442101e+00 -2.103567e+01  1.150000e+01
     vertex -5.924394e+00 -2.118730e+01  9.500000e+00
   endloop
 endfacet
 facet normal -2.490334e-01 -9.684920e-01 -2.368443e-03
   outer loop
     vertex -5.543517e+00 -2.129012e+01  1.150000e+01
     vertex -5.924394e+00 -2.118730e+01  9.500000e+00
     vertex -5.030697e+00 -2.141710e+01  9.500000e+00
   endloop
 endfacet
 facet normal -2.082008e-01 -9.780832e-01 -2.383983e-03
   outer loop
     vertex -4.634944e+00 -2.150622e+01  1.150000e+01
     vertex -5.030697e+00 -2.141710e+01  9.500000e+00
     vertex -4.128149e+00 -2.160922e+01  9.500000e+00
   endloop
 endfacet
 facet normal -2.313801e-01 -9.728604e-01  2.435379e-03
   outer loop
     vertex -4.634944e+00 -2.150622e+01  1.150000e+01
     vertex -5.543517e+00 -2.129012e+01  1.150000e+01
     vertex -5.030697e+00 -2.141710e+01  9.500000e+00
   endloop
 endfacet
 facet normal -1.670019e-01 -9.859537e-01 -2.396698e-03
   outer loop
     vertex -3.718018e+00 -2.168355e+01  1.150000e+01
     vertex -4.128149e+00 -2.160922e+01  9.500000e+00
     vertex -3.218338e+00 -2.176332e+01  9.500000e+00
   endloop
 endfacet
 facet normal -1.898823e-01 -9.818038e-01  2.449506e-03
   outer loop
     vertex -3.718018e+00 -2.168355e+01  1.150000e+01
     vertex -4.634944e+00 -2.150622e+01  1.150000e+01
     vertex -4.128149e+00 -2.160922e+01  9.500000e+00
   endloop
 endfacet
 facet normal -1.255092e-01 -9.920895e-01 -2.406587e-03
   outer loop
     vertex -2.794392e+00 -2.182181e+01  1.150000e+01
     vertex -3.218338e+00 -2.176332e+01  9.500000e+00
     vertex -2.302866e+00 -2.187914e+01  9.500000e+00
   endloop
 endfacet
 facet normal -1.480422e-01 -9.889780e-01  2.460808e-03
   outer loop
     vertex -2.794392e+00 -2.182181e+01  1.150000e+01
     vertex -3.718018e+00 -2.168355e+01  1.150000e+01
     vertex -3.218338e+00 -2.176332e+01  9.500000e+00
   endloop
 endfacet
 facet normal -8.379565e-02 -9.964800e-01 -2.413651e-03
   outer loop
     vertex -1.865730e+00 -2.192074e+01  1.150000e+01
     vertex -2.302866e+00 -2.187914e+01  9.500000e+00
     vertex -1.383342e+00 -2.195647e+01  9.500000e+00
   endloop
 endfacet
 facet normal -1.059354e-01 -9.943699e-01  2.469285e-03
   outer loop
     vertex -1.865730e+00 -2.192074e+01  1.150000e+01
     vertex -2.794392e+00 -2.182181e+01  1.150000e+01
     vertex -2.302866e+00 -2.187914e+01  9.500000e+00
   endloop
 endfacet
 facet normal -4.193471e-02 -9.991174e-01 -2.417889e-03
   outer loop
     vertex -9.337065e-01 -2.198018e+01  1.150000e+01
     vertex -1.383342e+00 -2.195647e+01  9.500000e+00
     vertex -4.613846e-01 -2.199516e+01  9.500000e+00
   endloop
 endfacet
 facet normal -6.363771e-02 -9.979700e-01  2.474936e-03
   outer loop
     vertex -9.337065e-01 -2.198018e+01  1.150000e+01
     vertex -1.865730e+00 -2.192074e+01  1.150000e+01
     vertex -1.383342e+00 -2.195647e+01  9.500000e+00
   endloop
 endfacet
 facet normal  0.000000e+00 -9.999971e-01 -2.419302e-03
   outer loop
     vertex  1.718180e-13 -2.200000e+01  1.150000e+01
     vertex -4.613846e-01 -2.199516e+01  9.500000e+00
     vertex  4.613846e-01 -2.199516e+01  9.500000e+00
   endloop
 endfacet
 facet normal -2.122532e-02 -9.997716e-01  2.477761e-03
   outer loop
     vertex  1.718180e-13 -2.200000e+01  1.150000e+01
     vertex -9.337065e-01 -2.198018e+01  1.150000e+01
     vertex -4.613846e-01 -2.199516e+01  9.500000e+00
   endloop
 endfacet
 facet normal  4.193471e-02 -9.991174e-01 -2.417889e-03
   outer loop
     vertex  9.337065e-01 -2.198018e+01  1.150000e+01
     vertex  4.613846e-01 -2.199516e+01  9.500000e+00
     vertex  1.383342e+00 -2.195647e+01  9.500000e+00
   endloop
 endfacet
 facet normal  2.122532e-02 -9.997716e-01  2.477761e-03
   outer loop
     vertex  9.337065e-01 -2.198018e+01  1.150000e+01
     vertex  1.718180e-13 -2.200000e+01  1.150000e+01
     vertex  4.613846e-01 -2.199516e+01  9.500000e+00
   endloop
 endfacet
 facet normal  8.379565e-02 -9.964800e-01 -2.413651e-03
   outer loop
     vertex  1.865730e+00 -2.192074e+01  1.150000e+01
     vertex  1.383342e+00 -2.195647e+01  9.500000e+00
     vertex  2.302866e+00 -2.187914e+01  9.500000e+00
   endloop
 endfacet
 facet normal  6.363771e-02 -9.979700e-01  2.474936e-03
   outer loop
     vertex  1.865730e+00 -2.192074e+01  1.150000e+01
     vertex  9.337065e-01 -2.198018e+01  1.150000e+01
     vertex  1.383342e+00 -2.195647e+01  9.500000e+00
   endloop
 endfacet
 facet normal  1.255092e-01 -9.920895e-01 -2.406587e-03
   outer loop
     vertex  2.794392e+00 -2.182181e+01  1.150000e+01
     vertex  2.302866e+00 -2.187914e+01  9.500000e+00
     vertex  3.218338e+00 -2.176332e+01  9.500000e+00
   endloop
 endfacet
 facet normal  1.059354e-01 -9.943699e-01  2.469285e-03
   outer loop
     vertex  2.794392e+00 -2.182181e+01  1.150000e+01
     vertex  1.865730e+00 -2.192074e+01  1.150000e+01
     vertex  2.302866e+00 -2.187914e+01  9.500000e+00
   endloop
 endfacet
 facet normal  1.670019e-01 -9.859537e-01 -2.396698e-03
   outer loop
     vertex  3.718018e+00 -2.168355e+01  1.150000e+01
     vertex  3.218338e+00 -2.176332e+01  9.500000e+00
     vertex  4.128149e+00 -2.160922e+01  9.500000e+00
   endloop
 endfacet
 facet normal  1.480422e-01 -9.889780e-01  2.460808e-03
   outer loop
     vertex  3.718018e+00 -2.168355e+01  1.150000e+01
     vertex  2.794392e+00 -2.182181e+01  1.150000e+01
     vertex  3.218338e+00 -2.176332e+01  9.500000e+00
   endloop
 endfacet
 facet normal  2.082008e-01 -9.780832e-01 -2.383983e-03
   outer loop
     vertex  4.634944e+00 -2.150622e+01  1.150000e+01
     vertex  4.128149e+00 -2.160922e+01  9.500000e+00
     vertex  5.030697e+00 -2.141710e+01  9.500000e+00
   endloop
 endfacet
 facet normal  1.898823e-01 -9.818038e-01  2.449506e-03
   outer loop
     vertex  4.634944e+00 -2.150622e+01  1.150000e+01
     vertex  3.718018e+00 -2.168355e+01  1.150000e+01
     vertex  4.128149e+00 -2.160922e+01  9.500000e+00
   endloop
 endfacet
 facet normal  2.490334e-01 -9.684920e-01 -2.368443e-03
   outer loop
     vertex  5.543517e+00 -2.129012e+01  1.150000e+01
     vertex  5.030697e+00 -2.141710e+01  9.500000e+00
     vertex  5.924394e+00 -2.118730e+01  9.500000e+00
   endloop
 endfacet
 facet normal  2.313801e-01 -9.728604e-01  2.435379e-03
   outer loop
     vertex  5.543517e+00 -2.129012e+01  1.150000e+01
     vertex  4.634944e+00 -2.150622e+01  1.150000e+01
     vertex  5.030697e+00 -2.141710e+01  9.500000e+00
   endloop
 endfacet
 facet normal  2.894279e-01 -9.571969e-01 -2.350077e-03
   outer loop
     vertex  6.442101e+00 -2.103567e+01  1.150000e+01
     vertex  5.924394e+00 -2.118730e+01  9.500000e+00
     vertex  6.807668e+00 -2.092022e+01  9.500000e+00
   endloop
 endfacet
 facet normal  2.724610e-01 -9.621638e-01  2.418425e-03
   outer loop
     vertex  6.442101e+00 -2.103567e+01  1.150000e+01
     vertex  5.543517e+00 -2.129012e+01  1.150000e+01
     vertex  5.924394e+00 -2.118730e+01  9.500000e+00
   endloop
 endfacet
 facet normal  3.293132e-01 -9.442179e-01 -2.328885e-03
   outer loop
     vertex  7.329075e+00 -2.074330e+01  1.150000e+01
     vertex  6.807668e+00 -2.092022e+01  9.500000e+00
     vertex  7.678966e+00 -2.061634e+01  9.500000e+00
   endloop
 endfacet
 facet normal  3.130509e-01 -9.497333e-01  2.398647e-03
   outer loop
     vertex  7.329075e+00 -2.074330e+01  1.150000e+01
     vertex  6.442101e+00 -2.103567e+01  1.150000e+01
     vertex  6.807668e+00 -2.092022e+01  9.500000e+00
   endloop
 endfacet
 facet normal  3.530767e-01 -9.355914e-01  2.376043e-03
   outer loop
     vertex  8.202843e+00 -2.041356e+01  1.150000e+01
     vertex  7.329075e+00 -2.074330e+01  1.150000e+01
     vertex  7.678966e+00 -2.061634e+01  9.500000e+00
   endloop
 endfacet
 facet normal  3.686192e-01 -9.295776e-01 -2.304869e-03
   outer loop
     vertex  8.202843e+00 -2.041356e+01  1.150000e+01
     vertex  7.678966e+00 -2.061634e+01  9.500000e+00
     vertex  8.536754e+00 -2.027619e+01  9.500000e+00
   endloop
 endfacet
 facet normal  3.924662e-01 -9.197634e-01  2.350613e-03
   outer loop
     vertex  9.061827e+00 -2.004703e+01  1.150000e+01
     vertex  8.202843e+00 -2.041356e+01  1.150000e+01
     vertex  8.536754e+00 -2.027619e+01  9.500000e+00
   endloop
 endfacet
 facet normal  4.072766e-01 -9.133020e-01 -2.278026e-03
   outer loop
     vertex  9.061827e+00 -2.004703e+01  1.150000e+01
     vertex  8.536754e+00 -2.027619e+01  9.500000e+00
     vertex  9.379523e+00 -1.990037e+01  9.500000e+00
   endloop
 endfacet
 facet normal  4.311485e-01 -9.022780e-01  2.322358e-03
   outer loop
     vertex  9.904482e+00 -1.964437e+01  1.150000e+01
     vertex  9.061827e+00 -2.004703e+01  1.150000e+01
     vertex  9.379523e+00 -1.990037e+01  9.500000e+00
   endloop
 endfacet
 facet normal  4.452176e-01 -8.954196e-01 -2.248358e-03
   outer loop
     vertex  9.904482e+00 -1.964437e+01  1.150000e+01
     vertex  9.379523e+00 -1.990037e+01  9.500000e+00
     vertex  1.020579e+01 -1.948953e+01  9.500000e+00
   endloop
 endfacet
 facet normal  4.690538e-01 -8.831666e-01  2.291277e-03
   outer loop
     vertex  1.072929e+01 -1.920631e+01  1.150000e+01
     vertex  9.904482e+00 -1.964437e+01  1.150000e+01
     vertex  1.020579e+01 -1.948953e+01  9.500000e+00
   endloop
 endfacet
 facet normal  4.823752e-01 -8.759619e-01 -2.215865e-03
   outer loop
     vertex  1.072929e+01 -1.920631e+01  1.150000e+01
     vertex  1.020579e+01 -1.948953e+01  9.500000e+00
     vertex  1.101410e+01 -1.904441e+01  9.500000e+00
   endloop
 endfacet
 facet normal  5.186843e-01 -8.549631e-01 -2.180546e-03
   outer loop
     vertex  1.153476e+01 -1.873364e+01  1.150000e+01
     vertex  1.101410e+01 -1.904441e+01  9.500000e+00
     vertex  1.180304e+01 -1.856578e+01  9.500000e+00
   endloop
 endfacet
 facet normal  5.061138e-01 -8.624637e-01  2.257371e-03
   outer loop
     vertex  1.153476e+01 -1.873364e+01  1.150000e+01
     vertex  1.072929e+01 -1.920631e+01  1.150000e+01
     vertex  1.101410e+01 -1.904441e+01  9.500000e+00
   endloop
 endfacet
 facet normal  5.540808e-01 -8.324601e-01 -2.142402e-03
   outer loop
     vertex  1.231945e+01 -1.822721e+01  1.150000e+01
     vertex  1.180304e+01 -1.856578e+01  9.500000e+00
     vertex  1.257121e+01 -1.805449e+01  9.500000e+00
   endloop
 endfacet
 facet normal  5.422619e-01 -8.402066e-01  2.220640e-03
   outer loop
     vertex  1.231945e+01 -1.822721e+01  1.150000e+01
     vertex  1.153476e+01 -1.873364e+01  1.150000e+01
     vertex  1.180304e+01 -1.856578e+01  9.500000e+00
   endloop
 endfacet
 facet normal  5.885025e-01 -8.084927e-01 -2.101432e-03
   outer loop
     vertex  1.308193e+01 -1.768794e+01  1.150000e+01
     vertex  1.257121e+01 -1.805449e+01  9.500000e+00
     vertex  1.331726e+01 -1.751144e+01  9.500000e+00
   endloop
 endfacet
 facet normal  5.774327e-01 -8.164354e-01  2.181083e-03
   outer loop
     vertex  1.308193e+01 -1.768794e+01  1.150000e+01
     vertex  1.231945e+01 -1.822721e+01  1.150000e+01
     vertex  1.257121e+01 -1.805449e+01  9.500000e+00
   endloop
 endfacet
 facet normal  6.218889e-01 -7.831028e-01 -2.057637e-03
   outer loop
     vertex  1.382084e+01 -1.711679e+01  1.150000e+01
     vertex  1.331726e+01 -1.751144e+01  9.500000e+00
     vertex  1.403989e+01 -1.693758e+01  9.500000e+00
   endloop
 endfacet
 facet normal  6.115630e-01 -7.911929e-01  2.138700e-03
   outer loop
     vertex  1.382084e+01 -1.711679e+01  1.150000e+01
     vertex  1.308193e+01 -1.768794e+01  1.150000e+01
     vertex  1.331726e+01 -1.751144e+01  9.500000e+00
   endloop
 endfacet
 facet normal  6.541812e-01 -7.563352e-01 -2.011016e-03
   outer loop
     vertex  1.453484e+01 -1.651479e+01  1.150000e+01
     vertex  1.403989e+01 -1.693758e+01  9.500000e+00
     vertex  1.473781e+01 -1.633392e+01  9.500000e+00
   endloop
 endfacet
 facet normal  6.445912e-01 -7.645246e-01  2.093492e-03
   outer loop
     vertex  1.453484e+01 -1.651479e+01  1.150000e+01
     vertex  1.382084e+01 -1.711679e+01  1.150000e+01
     vertex  1.403989e+01 -1.693758e+01  9.500000e+00
   endloop
 endfacet
 facet normal  6.853226e-01 -7.282370e-01 -1.961570e-03
   outer loop
     vertex  1.522266e+01 -1.588303e+01  1.150000e+01
     vertex  1.473781e+01 -1.633392e+01  9.500000e+00
     vertex  1.540981e+01 -1.570152e+01  9.500000e+00
   endloop
 endfacet
 facet normal  6.764578e-01 -7.364786e-01  2.045459e-03
   outer loop
     vertex  1.522266e+01 -1.588303e+01  1.150000e+01
     vertex  1.453484e+01 -1.651479e+01  1.150000e+01
     vertex  1.473781e+01 -1.633392e+01  9.500000e+00
   endloop
 endfacet
 facet normal  7.152583e-01 -6.988576e-01 -1.909299e-03
   outer loop
     vertex  1.588303e+01 -1.522266e+01  1.150000e+01
     vertex  1.540981e+01 -1.570152e+01  9.500000e+00
     vertex  1.605469e+01 -1.504150e+01  9.500000e+00
   endloop
 endfacet
 facet normal  7.071054e-01 -7.071054e-01  1.994600e-03
   outer loop
     vertex  1.588303e+01 -1.522266e+01  1.150000e+01
     vertex  1.522266e+01 -1.588303e+01  1.150000e+01
     vertex  1.540981e+01 -1.570152e+01  9.500000e+00
   endloop
 endfacet
 facet normal  7.439370e-01 -6.682498e-01  1.792633e-16
   outer loop
     vertex  1.667133e+01 -1.435502e+01  1.100000e+01
     vertex  1.605469e+01 -1.504150e+01  9.500000e+00
     vertex  1.667133e+01 -1.435502e+01  9.500000e+00
   endloop
 endfacet
 facet normal  7.409242e-01 -6.715830e-01  2.764016e-03
   outer loop
     vertex  1.667133e+01 -1.435502e+01  1.100000e+01
     vertex  1.588303e+01 -1.522266e+01  1.150000e+01
     vertex  1.605469e+01 -1.504150e+01  9.500000e+00
   endloop
 endfacet
 facet normal  7.364207e-01 -6.764046e-01 -1.270292e-02
   outer loop
     vertex  1.651479e+01 -1.453484e+01  1.150000e+01
     vertex  1.588303e+01 -1.522266e+01  1.150000e+01
     vertex  1.667133e+01 -1.435502e+01  1.100000e+01
   endloop
 endfacet
 facet normal  7.707038e-01 -6.371663e-01 -5.899863e-03
   outer loop
     vertex  1.711679e+01 -1.382084e+01  1.150000e+01
     vertex  1.667133e+01 -1.435502e+01  1.100000e+01
     vertex  1.723341e+01 -1.367515e+01  1.100000e+01
   endloop
 endfacet
 facet normal  7.645045e-01 -6.445743e-01  7.537425e-03
   outer loop
     vertex  1.711679e+01 -1.382084e+01  1.150000e+01
     vertex  1.651479e+01 -1.453484e+01  1.150000e+01
     vertex  1.667133e+01 -1.435502e+01  1.100000e+01
   endloop
 endfacet
 facet normal  7.956329e-01 -6.057618e-01 -4.579626e-03
   outer loop
     vertex  1.768794e+01 -1.308193e+01  1.150000e+01
     vertex  1.723341e+01 -1.367515e+01  1.100000e+01
     vertex  1.776777e+01 -1.297329e+01  1.100000e+01
   endloop
 endfacet
 facet normal  7.911788e-01 -6.115521e-01  6.339178e-03
   outer loop
     vertex  1.768794e+01 -1.308193e+01  1.150000e+01
     vertex  1.711679e+01 -1.382084e+01  1.150000e+01
     vertex  1.723341e+01 -1.367515e+01  1.100000e+01
   endloop
 endfacet
 facet normal  8.192823e-01 -5.733824e-01 -3.015459e-03
   outer loop
     vertex  1.822721e+01 -1.231945e+01  1.150000e+01
     vertex  1.776777e+01 -1.297329e+01  1.100000e+01
     vertex  1.827357e+01 -1.225058e+01  1.100000e+01
   endloop
 endfacet
 facet normal  8.164275e-01 -5.774271e-01  4.897000e-03
   outer loop
     vertex  1.822721e+01 -1.231945e+01  1.150000e+01
     vertex  1.768794e+01 -1.308193e+01  1.150000e+01
     vertex  1.776777e+01 -1.297329e+01  1.100000e+01
   endloop
 endfacet
 facet normal  8.631556e-01 -5.049380e-01 -1.195933e-15
   outer loop
     vertex  1.874999e+01 -1.150817e+01  1.100000e+01
     vertex  1.874999e+01 -1.150817e+01  9.500000e+00
     vertex  1.922035e+01 -1.070412e+01  9.500000e+00
   endloop
 endfacet
 facet normal  8.416130e-01 -5.400796e-01 -1.207369e-03
   outer loop
     vertex  1.873364e+01 -1.153476e+01  1.150000e+01
     vertex  1.827357e+01 -1.225058e+01  1.100000e+01
     vertex  1.874999e+01 -1.150817e+01  1.100000e+01
   endloop
 endfacet
 facet normal  8.402043e-01 -5.422604e-01  3.210889e-03
   outer loop
     vertex  1.873364e+01 -1.153476e+01  1.150000e+01
     vertex  1.822721e+01 -1.231945e+01  1.150000e+01
     vertex  1.827357e+01 -1.225058e+01  1.100000e+01
   endloop
 endfacet
 facet normal  8.629094e-01 -5.053585e-01 -3.026008e-04
   outer loop
     vertex  1.920631e+01 -1.072929e+01  1.150000e+01
     vertex  1.874999e+01 -1.150817e+01  1.100000e+01
     vertex  1.922035e+01 -1.070412e+01  9.500000e+00
   endloop
 endfacet
 facet normal  8.624652e-01 -5.061147e-01  1.280854e-03
   outer loop
     vertex  1.920631e+01 -1.072929e+01  1.150000e+01
     vertex  1.873364e+01 -1.153476e+01  1.150000e+01
     vertex  1.874999e+01 -1.150817e+01  1.100000e+01
   endloop
 endfacet
 facet normal  8.837570e-01 -4.679461e-01 -2.716708e-04
   outer loop
     vertex  1.964437e+01 -9.904482e+00  1.150000e+01
     vertex  1.922035e+01 -1.070412e+01  9.500000e+00
     vertex  1.965625e+01 -9.880890e+00  9.500000e+00
   endloop
 endfacet
 facet normal  8.831689e-01 -4.690550e-01  2.963681e-04
   outer loop
     vertex  1.964437e+01 -9.904482e+00  1.150000e+01
     vertex  1.920631e+01 -1.072929e+01  1.150000e+01
     vertex  1.922035e+01 -1.070412e+01  9.500000e+00
   endloop
 endfacet
 facet normal  9.027739e-01 -4.301153e-01 -2.476285e-04
   outer loop
     vertex  2.004703e+01 -9.061827e+00  1.150000e+01
     vertex  1.965625e+01 -9.880890e+00  9.500000e+00
     vertex  2.005691e+01 -9.039941e+00  9.500000e+00
   endloop
 endfacet
 facet normal  9.022804e-01 -4.311496e-01  2.723913e-04
   outer loop
     vertex  2.004703e+01 -9.061827e+00  1.150000e+01
     vertex  1.964437e+01 -9.904482e+00  1.150000e+01
     vertex  1.965625e+01 -9.880890e+00  9.500000e+00
   endloop
 endfacet
 facet normal  9.201724e-01 -3.915134e-01 -2.234552e-04
   outer loop
     vertex  2.041356e+01 -8.202843e+00  1.150000e+01
     vertex  2.005691e+01 -9.039941e+00  9.500000e+00
     vertex  2.042161e+01 -8.182786e+00  9.500000e+00
   endloop
 endfacet
 facet normal  9.197659e-01 -3.924673e-01  2.482836e-04
   outer loop
     vertex  2.041356e+01 -8.202843e+00  1.150000e+01
     vertex  2.004703e+01 -9.061827e+00  1.150000e+01
     vertex  2.005691e+01 -9.039941e+00  9.500000e+00
   endloop
 endfacet
 facet normal  9.359212e-01 -3.522095e-01 -1.991509e-04
   outer loop
     vertex  2.074330e+01 -7.329075e+00  1.150000e+01
     vertex  2.042161e+01 -8.182786e+00  9.500000e+00
     vertex  2.074970e+01 -7.310960e+00  9.500000e+00
   endloop
 endfacet
 facet normal  9.355940e-01 -3.530777e-01  2.240448e-04
   outer loop
     vertex  2.074330e+01 -7.329075e+00  1.150000e+01
     vertex  2.041356e+01 -8.202843e+00  1.150000e+01
     vertex  2.042161e+01 -8.182786e+00  9.500000e+00
   endloop
 endfacet
 facet normal  9.499920e-01 -3.122742e-01 -1.747156e-04
   outer loop
     vertex  2.103567e+01 -6.442101e+00  1.150000e+01
     vertex  2.074970e+01 -7.310960e+00  9.500000e+00
     vertex  2.104058e+01 -6.426027e+00  9.500000e+00
   endloop
 endfacet
 facet normal  9.497360e-01 -3.130518e-01  1.996750e-04
   outer loop
     vertex  2.103567e+01 -6.442101e+00  1.150000e+01
     vertex  2.074330e+01 -7.329075e+00  1.150000e+01
     vertex  2.074970e+01 -7.310960e+00  9.500000e+00
   endloop
 endfacet
 facet normal  9.623596e-01 -2.717791e-01 -1.501493e-04
   outer loop
     vertex  2.129012e+01 -5.543517e+00  1.150000e+01
     vertex  2.104058e+01 -6.426027e+00  9.500000e+00
     vertex  2.129375e+01 -5.529574e+00  9.500000e+00
   endloop
 endfacet
 facet normal  9.621666e-01 -2.724618e-01  1.751742e-04
   outer loop
     vertex  2.129012e+01 -5.543517e+00  1.150000e+01
     vertex  2.103567e+01 -6.442101e+00  1.150000e+01
     vertex  2.104058e+01 -6.426027e+00  9.500000e+00
   endloop
 endfacet
 facet normal  9.730020e-01 -2.307967e-01 -1.254519e-04
   outer loop
     vertex  2.150622e+01 -4.634944e+00  1.150000e+01
     vertex  2.129375e+01 -5.529574e+00  9.500000e+00
     vertex  2.150874e+01 -4.623207e+00  9.500000e+00
   endloop
 endfacet
 facet normal  9.728633e-01 -2.313808e-01  1.505423e-04
   outer loop
     vertex  2.150622e+01 -4.634944e+00  1.150000e+01
     vertex  2.129012e+01 -5.543517e+00  1.150000e+01
     vertex  2.129375e+01 -5.529574e+00  9.500000e+00
   endloop
 endfacet
 facet normal  9.818068e-01 -1.898828e-01  1.257795e-04
   outer loop
     vertex  2.168355e+01 -3.718018e+00  1.150000e+01
     vertex  2.150622e+01 -4.634944e+00  1.150000e+01
     vertex  2.150874e+01 -4.623207e+00  9.500000e+00
   endloop
 endfacet
 facet normal  9.818999e-01 -1.894006e-01 -1.006236e-04
   outer loop
     vertex  2.168355e+01 -3.718018e+00  1.150000e+01
     vertex  2.150874e+01 -4.623207e+00  9.500000e+00
     vertex  2.168517e+01 -3.708551e+00  9.500000e+00
   endloop
 endfacet
 facet normal  9.889810e-01 -1.480427e-01  1.008856e-04
   outer loop
     vertex  2.182181e+01 -2.794392e+00  1.150000e+01
     vertex  2.168355e+01 -3.718018e+00  1.150000e+01
     vertex  2.168517e+01 -3.708551e+00  9.500000e+00
   endloop
 endfacet
 facet normal  9.890375e-01 -1.476649e-01 -7.566420e-05
   outer loop
     vertex  2.182181e+01 -2.794392e+00  1.150000e+01
     vertex  2.168517e+01 -3.708551e+00  9.500000e+00
     vertex  2.182272e+01 -2.787247e+00  9.500000e+00
   endloop
 endfacet
 facet normal  9.943730e-01 -1.059357e-01  7.586072e-05
   outer loop
     vertex  2.192074e+01 -1.865730e+00  1.150000e+01
     vertex  2.182181e+01 -2.794392e+00  1.150000e+01
     vertex  2.182272e+01 -2.787247e+00  9.500000e+00
   endloop
 endfacet
 facet normal  9.944018e-01 -1.056644e-01 -5.057382e-05
   outer loop
     vertex  2.192074e+01 -1.865730e+00  1.150000e+01
     vertex  2.182272e+01 -2.787247e+00  9.500000e+00
     vertex  2.192115e+01 -1.860945e+00  9.500000e+00
   endloop
 endfacet
 facet normal  9.979731e-01 -6.363790e-02  5.070483e-05
   outer loop
     vertex  2.198018e+01 -9.337065e-01  1.150000e+01
     vertex  2.192074e+01 -1.865730e+00  1.150000e+01
     vertex  2.192115e+01 -1.860945e+00  9.500000e+00
   endloop
 endfacet
 facet normal  9.979835e-01 -6.347451e-02 -2.535241e-05
   outer loop
     vertex  2.198018e+01 -9.337065e-01  1.150000e+01
     vertex  2.192115e+01 -1.860945e+00  9.500000e+00
     vertex  2.198028e+01 -9.313074e-01  9.500000e+00
   endloop
 endfacet
 facet normal  9.997747e-01 -2.122538e-02  2.541792e-05
   outer loop
     vertex  2.200000e+01  0.000000e+00  1.150000e+01
     vertex  2.198018e+01 -9.337065e-01  1.150000e+01
     vertex  2.198028e+01 -9.313074e-01  9.500000e+00
   endloop
 endfacet
 facet normal  9.997759e-01 -2.117082e-02  0.000000e+00
   outer loop
     vertex  2.200000e+01  0.000000e+00  1.150000e+01
     vertex  2.198028e+01 -9.313074e-01  9.500000e+00
     vertex  2.200000e+01  0.000000e+00  9.500000e+00
   endloop
 endfacet
 facet normal  0.000000e+00  0.000000e+00 -1.000000e+00
   outer loop
     vertex -1.827357e+01  1.225058e+01  1.100000e+01
     vertex -1.873136e+01  1.116609e+01  1.100000e+01
     vertex -1.874999e+01  1.150817e+01  1.100000e+01
   endloop
 endfacet
 facet normal  0.000000e+00  0.000000e+00 -1.000000e+00
   outer loop
     vertex -1.645711e+01  1.079289e+01  1.100000e+01
     vertex -1.784642e+01  9.354065e+00  1.100000e+01
     vertex -1.807740e+01  9.607064e+00  1.100000e+01
   endloop
 endfacet
 facet normal  0.000000e+00  0.000000e+00 -1.000000e+00
   outer loop
     vertex -1.645711e+01  1.079289e+01  1.100000e+01
     vertex -1.758809e+01  9.129049e+00  1.100000e+01
     vertex -1.784642e+01  9.354065e+00  1.100000e+01
   endloop
 endfacet
 facet normal  0.000000e+00 -0.000000e+00 -1.000000e+00
   outer loop
     vertex -1.658147e+01  1.094443e+01  1.100000e+01
     vertex -1.645711e+01  1.079289e+01  1.100000e+01
     vertex -1.807740e+01  9.607064e+00  1.100000e+01
   endloop
 endfacet
 facet normal  0.000000e+00  0.000000e+00 -1.000000e+00
   outer loop
     vertex -1.658147e+01  1.094443e+01  1.100000e+01
     vertex -1.827803e+01  9.884748e+00  1.100000e+01
     vertex -1.844570e+01  1.018349e+01  1.100000e+01
   endloop
 endfacet
 facet normal  0.000000e+00  0.000000e+00 -1.000000e+00
   outer loop
     vertex -1.658147e+01  1.094443e+01  1.100000e+01
     vertex -1.807740e+01  9.607064e+00  1.100000e+01
     vertex -1.827803e+01  9.884748e+00  1.100000e+01
   endloop
 endfacet
 facet normal -0.000000e+00  0.000000e+00 -1.000000e+00
   outer loop
     vertex -1.630557e+01  1.066853e+01  1.100000e+01
     vertex -1.758809e+01  9.129049e+00  1.100000e+01
     vertex -1.645711e+01  1.079289e+01  1.100000e+01
   endloop
 endfacet
 facet normal  0.000000e+00  0.000000e+00 -1.000000e+00
   outer loop
     vertex -1.630557e+01  1.066853e+01  1.100000e+01
     vertex -1.730580e+01  8.934951e+00  1.100000e+01
     vertex -1.758809e+01  9.129049e+00  1.100000e+01
   endloop
 endfacet
 facet normal  0.000000e+00  0.000000e+00 -1.000000e+00
   outer loop
     vertex -1.667388e+01  1.111732e+01  1.100000e+01
     vertex -1.844570e+01  1.018349e+01  1.100000e+01
     vertex -1.857822e+01  1.049941e+01  1.100000e+01
   endloop
 endfacet
 facet normal  0.000000e+00 -0.000000e+00 -1.000000e+00
   outer loop
     vertex -1.667388e+01  1.111732e+01  1.100000e+01
     vertex -1.658147e+01  1.094443e+01  1.100000e+01
     vertex -1.844570e+01  1.018349e+01  1.100000e+01
   endloop
 endfacet
 facet normal  0.000000e+00  0.000000e+00 -1.000000e+00
   outer loop
     vertex -1.613268e+01  1.057612e+01  1.100000e+01
     vertex -1.700322e+01  8.774302e+00  1.100000e+01
     vertex -1.730580e+01  8.934951e+00  1.100000e+01
   endloop
 endfacet
 facet normal  0.000000e+00  0.000000e+00 -1.000000e+00
   outer loop
     vertex -1.613268e+01  1.057612e+01  1.100000e+01
     vertex -1.668430e+01  8.649197e+00  1.100000e+01
     vertex -1.700322e+01  8.774302e+00  1.100000e+01
   endloop
 endfacet
 facet normal -0.000000e+00  0.000000e+00 -1.000000e+00
   outer loop
     vertex -1.613268e+01  1.057612e+01  1.100000e+01
     vertex -1.730580e+01  8.934951e+00  1.100000e+01
     vertex -1.630557e+01  1.066853e+01  1.100000e+01
   endloop
 endfacet
 facet normal  0.000000e+00  0.000000e+00 -1.000000e+00
   outer loop
     vertex -1.673079e+01  1.130491e+01  1.100000e+01
     vertex -1.867385e+01  1.082837e+01  1.100000e+01
     vertex -1.873136e+01  1.116609e+01  1.100000e+01
   endloop
 endfacet
 facet normal  0.000000e+00  0.000000e+00 -1.000000e+00
   outer loop
     vertex -1.673079e+01  1.130491e+01  1.100000e+01
     vertex -1.857822e+01  1.049941e+01  1.100000e+01
     vertex -1.867385e+01  1.082837e+01  1.100000e+01
   endloop
 endfacet
 facet normal  0.000000e+00 -0.000000e+00 -1.000000e+00
   outer loop
     vertex -1.673079e+01  1.130491e+01  1.100000e+01
     vertex -1.667388e+01  1.111732e+01  1.100000e+01
     vertex -1.857822e+01  1.049941e+01  1.100000e+01
   endloop
 endfacet
 facet normal  0.000000e+00  0.000000e+00 -1.000000e+00
   outer loop
     vertex -1.594509e+01  1.051921e+01  1.100000e+01
     vertex -1.635320e+01  8.561267e+00  1.100000e+01
     vertex -1.668430e+01  8.649197e+00  1.100000e+01
   endloop
 endfacet
 facet normal  0.000000e+00  0.000000e+00 -1.000000e+00
   outer loop
     vertex -1.594509e+01  1.051921e+01  1.100000e+01
     vertex -1.601423e+01  8.511659e+00  1.100000e+01
     vertex -1.635320e+01  8.561267e+00  1.100000e+01
   endloop
 endfacet
 facet normal -0.000000e+00  0.000000e+00 -1.000000e+00
   outer loop
     vertex -1.594509e+01  1.051921e+01  1.100000e+01
     vertex -1.668430e+01  8.649197e+00  1.100000e+01
     vertex -1.613268e+01  1.057612e+01  1.100000e+01
   endloop
 endfacet
 facet normal -0.000000e+00  0.000000e+00 -1.000000e+00
   outer loop
     vertex -1.675000e+01  1.150000e+01  1.100000e+01
     vertex -1.873136e+01  1.116609e+01  1.100000e+01
     vertex -1.827357e+01  1.225058e+01  1.100000e+01
   endloop
 endfacet
 facet normal  0.000000e+00 -0.000000e+00 -1.000000e+00
   outer loop
     vertex -1.675000e+01  1.150000e+01  1.100000e+01
     vertex -1.673079e+01  1.130491e+01  1.100000e+01
     vertex -1.873136e+01  1.116609e+01  1.100000e+01
   endloop
 endfacet
 facet normal  0.000000e+00 -0.000000e+00 -1.000000e+00
   outer loop
     vertex -1.575000e+01  1.050000e+01  1.100000e+01
     vertex -1.567181e+01  8.501019e+00  1.100000e+01
     vertex -1.601423e+01  8.511659e+00  1.100000e+01
   endloop
 endfacet
 facet normal  0.000000e+00  0.000000e+00 -1.000000e+00
   outer loop
     vertex -1.575000e+01  1.050000e+01  1.100000e+01
     vertex -1.533041e+01  8.529487e+00  1.100000e+01
     vertex -1.567181e+01  8.501019e+00  1.100000e+01
   endloop
 endfacet
 facet normal -0.000000e+00  0.000000e+00 -1.000000e+00
   outer loop
     vertex -1.575000e+01  1.050000e+01  1.100000e+01
     vertex -1.601423e+01  8.511659e+00  1.100000e+01
     vertex -1.594509e+01  1.051921e+01  1.100000e+01
   endloop
 endfacet
 facet normal -0.000000e+00  0.000000e+00 -1.000000e+00
   outer loop
     vertex -1.673079e+01  1.169509e+01  1.100000e+01
     vertex -1.675000e+01  1.150000e+01  1.100000e+01
     vertex -1.827357e+01  1.225058e+01  1.100000e+01
   endloop
 endfacet
 facet normal  0.000000e+00  0.000000e+00 -1.000000e+00
   outer loop
     vertex -1.555491e+01  1.051921e+01  1.100000e+01
     vertex -1.499449e+01  8.596691e+00  1.100000e+01
     vertex -1.533041e+01  8.529487e+00  1.100000e+01
   endloop
 endfacet
 facet normal  0.000000e+00 -0.000000e+00 -1.000000e+00
   outer loop
     vertex -1.555491e+01  1.051921e+01  1.100000e+01
     vertex -1.533041e+01  8.529487e+00  1.100000e+01
     vertex -1.575000e+01  1.050000e+01  1.100000e+01
   endloop
 endfacet
 facet normal -0.000000e+00  0.000000e+00 -1.000000e+00
   outer loop
     vertex -1.667388e+01  1.188268e+01  1.100000e+01
     vertex -1.673079e+01  1.169509e+01  1.100000e+01
     vertex -1.827357e+01  1.225058e+01  1.100000e+01
   endloop
 endfacet
 facet normal  0.000000e+00  0.000000e+00 -1.000000e+00
   outer loop
     vertex -1.667388e+01  1.188268e+01  1.100000e+01
     vertex -1.827357e+01  1.225058e+01  1.100000e+01
     vertex -1.776777e+01  1.297329e+01  1.100000e+01
   endloop
 endfacet
 facet normal  0.000000e+00  0.000000e+00 -1.000000e+00
   outer loop
     vertex -1.536732e+01  1.057612e+01  1.100000e+01
     vertex -1.466841e+01  8.701756e+00  1.100000e+01
     vertex -1.499449e+01  8.596691e+00  1.100000e+01
   endloop
 endfacet
 facet normal  0.000000e+00  0.000000e+00 -1.000000e+00
   outer loop
     vertex -1.536732e+01  1.057612e+01  1.100000e+01
     vertex -1.435644e+01  8.843310e+00  1.100000e+01
     vertex -1.466841e+01  8.701756e+00  1.100000e+01
   endloop
 endfacet
 facet normal  0.000000e+00 -0.000000e+00 -1.000000e+00
   outer loop
     vertex -1.536732e+01  1.057612e+01  1.100000e+01
     vertex -1.499449e+01  8.596691e+00  1.100000e+01
     vertex -1.555491e+01  1.051921e+01  1.100000e+01
   endloop
 endfacet
 facet normal -0.000000e+00  0.000000e+00 -1.000000e+00
   outer loop
     vertex -1.658147e+01  1.205557e+01  1.100000e+01
     vertex -1.667388e+01  1.188268e+01  1.100000e+01
     vertex -1.776777e+01  1.297329e+01  1.100000e+01
   endloop
 endfacet
 facet normal  0.000000e+00  0.000000e+00 -1.000000e+00
   outer loop
     vertex -1.519443e+01  1.066853e+01  1.100000e+01
     vertex -1.406265e+01  9.019508e+00  1.100000e+01
     vertex -1.435644e+01  8.843310e+00  1.100000e+01
   endloop
 endfacet
 facet normal  0.000000e+00  0.000000e+00 -1.000000e+00
   outer loop
     vertex -1.519443e+01  1.066853e+01  1.100000e+01
     vertex -1.379085e+01  9.228052e+00  1.100000e+01
     vertex -1.406265e+01  9.019508e+00  1.100000e+01
   endloop
 endfacet
 facet normal  0.000000e+00 -0.000000e+00 -1.000000e+00
   outer loop
     vertex -1.519443e+01  1.066853e+01  1.100000e+01
     vertex -1.435644e+01  8.843310e+00  1.100000e+01
     vertex -1.536732e+01  1.057612e+01  1.100000e+01
   endloop
 endfacet
 facet normal -0.000000e+00  0.000000e+00 -1.000000e+00
   outer loop
     vertex -1.645711e+01  1.220711e+01  1.100000e+01
     vertex -1.658147e+01  1.205557e+01  1.100000e+01
     vertex -1.776777e+01  1.297329e+01  1.100000e+01
   endloop
 endfacet
 facet normal  0.000000e+00 -0.000000e+00 -1.000000e+00
   outer loop
     vertex -1.504289e+01  1.079289e+01  1.100000e+01
     vertex -1.379085e+01  9.228052e+00  1.100000e+01
     vertex -1.519443e+01  1.066853e+01  1.100000e+01
   endloop
 endfacet
 facet normal -0.000000e+00  0.000000e+00 -1.000000e+00
   outer loop
     vertex -1.354461e+01  9.466223e+00  1.100000e+01
     vertex -1.379085e+01  9.228052e+00  1.100000e+01
     vertex -1.504289e+01  1.079289e+01  1.100000e+01
   endloop
 endfacet
 facet normal -0.000000e+00  0.000000e+00 -1.000000e+00
   outer loop
     vertex -1.332712e+01  9.730915e+00  1.100000e+01
     vertex -1.354461e+01  9.466223e+00  1.100000e+01
     vertex -1.504289e+01  1.079289e+01  1.100000e+01
   endloop
 endfacet
 facet normal  0.000000e+00  0.000000e+00 -1.000000e+00
   outer loop
     vertex -1.332712e+01  9.730915e+00  1.100000e+01
     vertex -1.504289e+01  1.079289e+01  1.100000e+01
     vertex -1.491853e+01  1.094443e+01  1.100000e+01
   endloop
 endfacet
 facet normal  0.000000e+00 -0.000000e+00 -1.000000e+00
   outer loop
     vertex -1.723341e+01  1.367515e+01  1.100000e+01
     vertex -1.645711e+01  1.220711e+01  1.100000e+01
     vertex -1.776777e+01  1.297329e+01  1.100000e+01
   endloop
 endfacet
 facet normal  0.000000e+00  0.000000e+00 -1.000000e+00
   outer loop
     vertex -1.723341e+01  1.367515e+01  1.100000e+01
     vertex -1.613268e+01  1.242388e+01  1.100000e+01
     vertex -1.630557e+01  1.233147e+01  1.100000e+01
   endloop
 endfacet
 facet normal  0.000000e+00  0.000000e+00 -1.000000e+00
   outer loop
     vertex -1.723341e+01  1.367515e+01  1.100000e+01
     vertex -1.630557e+01  1.233147e+01  1.100000e+01
     vertex -1.645711e+01  1.220711e+01  1.100000e+01
   endloop
 endfacet
 facet normal -0.000000e+00  0.000000e+00 -1.000000e+00
   outer loop
     vertex -1.594509e+01  1.248079e+01  1.100000e+01
     vertex -1.613268e+01  1.242388e+01  1.100000e+01
     vertex -1.723341e+01  1.367515e+01  1.100000e+01
   endloop
 endfacet
 facet normal -0.000000e+00  0.000000e+00 -1.000000e+00
   outer loop
     vertex -1.314123e+01  1.001868e+01  1.100000e+01
     vertex -1.332712e+01  9.730915e+00  1.100000e+01
     vertex -1.491853e+01  1.094443e+01  1.100000e+01
   endloop
 endfacet
 facet normal  0.000000e+00  0.000000e+00 -1.000000e+00
   outer loop
     vertex -1.314123e+01  1.001868e+01  1.100000e+01
     vertex -1.491853e+01  1.094443e+01  1.100000e+01
     vertex -1.482612e+01  1.111732e+01  1.100000e+01
   endloop
 endfacet
 facet normal -0.000000e+00  0.000000e+00 -1.000000e+00
   outer loop
     vertex -1.298936e+01  1.032575e+01  1.100000e+01
     vertex -1.314123e+01  1.001868e+01  1.100000e+01
     vertex -1.482612e+01  1.111732e+01  1.100000e+01
   endloop
 endfacet
 facet normal -0.000000e+00  0.000000e+00 -1.000000e+00
   outer loop
     vertex -1.287348e+01  1.064814e+01  1.100000e+01
     vertex -1.298936e+01  1.032575e+01  1.100000e+01
     vertex -1.482612e+01  1.111732e+01  1.100000e+01
   endloop
 endfacet
 facet normal  0.000000e+00  0.000000e+00 -1.000000e+00
   outer loop
     vertex -1.287348e+01  1.064814e+01  1.100000e+01
     vertex -1.482612e+01  1.111732e+01  1.100000e+01
     vertex -1.476921e+01  1.130491e+01  1.100000e+01
   endloop
 endfacet
 facet normal  0.000000e+00  0.000000e+00 -1.000000e+00
   outer loop
     vertex -1.633983e+01  1.444144e+01  1.100000e+01
     vertex -1.723341e+01  1.367515e+01  1.100000e+01
     vertex -1.667133e+01  1.435502e+01  1.100000e+01
   endloop
 endfacet
 facet normal  0.000000e+00 -0.000000e+00 -1.000000e+00
   outer loop
     vertex -1.633983e+01  1.444144e+01  1.100000e+01
     vertex -1.594509e+01  1.248079e+01  1.100000e+01
     vertex -1.723341e+01  1.367515e+01  1.100000e+01
   endloop
 endfacet
 facet normal -0.000000e+00  0.000000e+00 -1.000000e+00
   outer loop
     vertex -1.279512e+01  1.098164e+01  1.100000e+01
     vertex -1.287348e+01  1.064814e+01  1.100000e+01
     vertex -1.476921e+01  1.130491e+01  1.100000e+01
   endloop
 endfacet
 facet normal  0.000000e+00 -0.000000e+00 -1.000000e+00
   outer loop
     vertex -1.600064e+01  1.448951e+01  1.100000e+01
     vertex -1.594509e+01  1.248079e+01  1.100000e+01
     vertex -1.633983e+01  1.444144e+01  1.100000e+01
   endloop
 endfacet
 facet normal  0.000000e+00  0.000000e+00 -1.000000e+00
   outer loop
     vertex -1.600064e+01  1.448951e+01  1.100000e+01
     vertex -1.575000e+01  1.250000e+01  1.100000e+01
     vertex -1.594509e+01  1.248079e+01  1.100000e+01
   endloop
 endfacet
 facet normal  0.000000e+00  0.000000e+00 -1.000000e+00
   outer loop
     vertex -1.275529e+01  1.132190e+01  1.100000e+01
     vertex -1.279512e+01  1.098164e+01  1.100000e+01
     vertex -1.476921e+01  1.130491e+01  1.100000e+01
   endloop
 endfacet
 facet normal -0.000000e+00  0.000000e+00 -1.000000e+00
   outer loop
     vertex -1.275529e+01  1.132190e+01  1.100000e+01
     vertex -1.476921e+01  1.130491e+01  1.100000e+01
     vertex -1.475000e+01  1.150000e+01  1.100000e+01
   endloop
 endfacet
 facet normal  0.000000e+00  0.000000e+00 -1.000000e+00
   outer loop
     vertex -1.565818e+01  1.449859e+01  1.100000e+01
     vertex -1.575000e+01  1.250000e+01  1.100000e+01
     vertex -1.600064e+01  1.448951e+01  1.100000e+01
   endloop
 endfacet
 facet normal -0.000000e+00  0.000000e+00 -1.000000e+00
   outer loop
     vertex -1.275451e+01  1.166448e+01  1.100000e+01
     vertex -1.475000e+01  1.150000e+01  1.100000e+01
     vertex -1.476921e+01  1.169509e+01  1.100000e+01
   endloop
 endfacet
 facet normal  0.000000e+00  0.000000e+00 -1.000000e+00
   outer loop
     vertex -1.275451e+01  1.166448e+01  1.100000e+01
     vertex -1.275529e+01  1.132190e+01  1.100000e+01
     vertex -1.475000e+01  1.150000e+01  1.100000e+01
   endloop
 endfacet
 facet normal  0.000000e+00  0.000000e+00 -1.000000e+00
   outer loop
     vertex -1.531691e+01  1.446857e+01  1.100000e+01
     vertex -1.555491e+01  1.248079e+01  1.100000e+01
     vertex -1.575000e+01  1.250000e+01  1.100000e+01
   endloop
 endfacet
 facet normal -0.000000e+00  0.000000e+00 -1.000000e+00
   outer loop
     vertex -1.531691e+01  1.446857e+01  1.100000e+01
     vertex -1.575000e+01  1.250000e+01  1.100000e+01
     vertex -1.565818e+01  1.449859e+01  1.100000e+01
   endloop
 endfacet
 facet normal  0.000000e+00 -0.000000e+00 -1.000000e+00
   outer loop
     vertex -1.279280e+01  1.200492e+01  1.100000e+01
     vertex -1.275451e+01  1.166448e+01  1.100000e+01
     vertex -1.476921e+01  1.169509e+01  1.100000e+01
   endloop
 endfacet
 facet normal -0.000000e+00  0.000000e+00 -1.000000e+00
   outer loop
     vertex -1.498130e+01  1.439984e+01  1.100000e+01
     vertex -1.555491e+01  1.248079e+01  1.100000e+01
     vertex -1.531691e+01  1.446857e+01  1.100000e+01
   endloop
 endfacet
 facet normal  0.000000e+00  0.000000e+00 -1.000000e+00
   outer loop
     vertex -1.498130e+01  1.439984e+01  1.100000e+01
     vertex -1.536732e+01  1.242388e+01  1.100000e+01
     vertex -1.555491e+01  1.248079e+01  1.100000e+01
   endloop
 endfacet
 facet normal  0.000000e+00  0.000000e+00 -1.000000e+00
   outer loop
     vertex -1.286964e+01  1.233877e+01  1.100000e+01
     vertex -1.476921e+01  1.169509e+01  1.100000e+01
     vertex -1.482612e+01  1.188268e+01  1.100000e+01
   endloop
 endfacet
 facet normal  0.000000e+00 -0.000000e+00 -1.000000e+00
   outer loop
     vertex -1.286964e+01  1.233877e+01  1.100000e+01
     vertex -1.279280e+01  1.200492e+01  1.100000e+01
     vertex -1.476921e+01  1.169509e+01  1.100000e+01
   endloop
 endfacet
 facet normal -0.000000e+00  0.000000e+00 -1.000000e+00
   outer loop
     vertex -1.465571e+01  1.429330e+01  1.100000e+01
     vertex -1.536732e+01  1.242388e+01  1.100000e+01
     vertex -1.498130e+01  1.439984e+01  1.100000e+01
   endloop
 endfacet
 facet normal  0.000000e+00 -0.000000e+00 -1.000000e+00
   outer loop
     vertex -1.298405e+01  1.266168e+01  1.100000e+01
     vertex -1.286964e+01  1.233877e+01  1.100000e+01
     vertex -1.482612e+01  1.188268e+01  1.100000e+01
   endloop
 endfacet
 facet normal -0.000000e+00  0.000000e+00 -1.000000e+00
   outer loop
     vertex -1.434438e+01  1.415033e+01  1.100000e+01
     vertex -1.536732e+01  1.242388e+01  1.100000e+01
     vertex -1.465571e+01  1.429330e+01  1.100000e+01
   endloop
 endfacet
 facet normal  0.000000e+00  0.000000e+00 -1.000000e+00
   outer loop
     vertex -1.434438e+01  1.415033e+01  1.100000e+01
     vertex -1.519443e+01  1.233147e+01  1.100000e+01
     vertex -1.536732e+01  1.242388e+01  1.100000e+01
   endloop
 endfacet
 facet normal  0.000000e+00 -0.000000e+00 -1.000000e+00
   outer loop
     vertex -1.313452e+01  1.296945e+01  1.100000e+01
     vertex -1.298405e+01  1.266168e+01  1.100000e+01
     vertex -1.482612e+01  1.188268e+01  1.100000e+01
   endloop
 endfacet
 facet normal  0.000000e+00  0.000000e+00 -1.000000e+00
   outer loop
     vertex -1.313452e+01  1.296945e+01  1.100000e+01
     vertex -1.482612e+01  1.188268e+01  1.100000e+01
     vertex -1.491853e+01  1.205557e+01  1.100000e+01
   endloop
 endfacet
 facet normal -0.000000e+00  0.000000e+00 -1.000000e+00
   outer loop
     vertex -1.405139e+01  1.397280e+01  1.100000e+01
     vertex -1.519443e+01  1.233147e+01  1.100000e+01
     vertex -1.434438e+01  1.415033e+01  1.100000e+01
   endloop
 endfacet
 facet normal  0.000000e+00 -0.000000e+00 -1.000000e+00
   outer loop
     vertex -1.331911e+01  1.325805e+01  1.100000e+01
     vertex -1.313452e+01  1.296945e+01  1.100000e+01
     vertex -1.491853e+01  1.205557e+01  1.100000e+01
   endloop
 endfacet
 facet normal -0.000000e+00  0.000000e+00 -1.000000e+00
   outer loop
     vertex -1.378055e+01  1.376302e+01  1.100000e+01
     vertex -1.519443e+01  1.233147e+01  1.100000e+01
     vertex -1.405139e+01  1.397280e+01  1.100000e+01
   endloop
 endfacet
 facet normal  0.000000e+00  0.000000e+00 -1.000000e+00
   outer loop
     vertex -1.378055e+01  1.376302e+01  1.100000e+01
     vertex -1.504289e+01  1.220711e+01  1.100000e+01
     vertex -1.519443e+01  1.233147e+01  1.100000e+01
   endloop
 endfacet
 facet normal  0.000000e+00 -0.000000e+00 -1.000000e+00
   outer loop
     vertex -1.353539e+01  1.352373e+01  1.100000e+01
     vertex -1.331911e+01  1.325805e+01  1.100000e+01
     vertex -1.491853e+01  1.205557e+01  1.100000e+01
   endloop
 endfacet
 facet normal -0.000000e+00  0.000000e+00 -1.000000e+00
   outer loop
     vertex -1.353539e+01  1.352373e+01  1.100000e+01
     vertex -1.504289e+01  1.220711e+01  1.100000e+01
     vertex -1.378055e+01  1.376302e+01  1.100000e+01
   endloop
 endfacet
 facet normal  0.000000e+00  0.000000e+00 -1.000000e+00
   outer loop
     vertex -1.353539e+01  1.352373e+01  1.100000e+01
     vertex -1.491853e+01  1.205557e+01  1.100000e+01
     vertex -1.504289e+01  1.220711e+01  1.100000e+01
   endloop
 endfacet
 facet normal -6.176060e-01  3.612937e-01 -6.985912e-01
   outer loop
     vertex -1.922035e+01  1.070412e+01  9.500000e+00
     vertex -1.874999e+01  1.150817e+01  9.500000e+00
     vertex -1.873713e+01  1.122243e+01  9.340854e+00
   endloop
 endfacet
 facet normal -6.146865e-01  3.571285e-01 -7.032921e-01
   outer loop
     vertex -1.922035e+01  1.070412e+01  9.500000e+00
     vertex -1.873713e+01  1.122243e+01  9.340854e+00
     vertex -1.870031e+01  1.095622e+01  9.173492e+00
   endloop
 endfacet
 facet normal -6.142596e-01  3.532013e-01 -7.056444e-01
   outer loop
     vertex -1.864362e+01  1.070819e+01  9.000000e+00
     vertex -1.922035e+01  1.070412e+01  9.500000e+00
     vertex -1.870031e+01  1.095622e+01  9.173492e+00
   endloop
 endfacet
 facet normal -6.276379e-01  3.323320e-01 -7.040071e-01
   outer loop
     vertex -1.907390e+01  9.921511e+00  9.000000e+00
     vertex -1.965625e+01  9.880890e+00  9.500000e+00
     vertex -1.922035e+01  1.070412e+01  9.500000e+00
   endloop
 endfacet
 facet normal -6.178776e-01  3.379499e-01 -7.099417e-01
   outer loop
     vertex -1.907390e+01  9.921511e+00  9.000000e+00
     vertex -1.922035e+01  1.070412e+01  9.500000e+00
     vertex -1.864362e+01  1.070819e+01  9.000000e+00
   endloop
 endfacet
 facet normal -6.412051e-01  3.054941e-01 -7.039385e-01
   outer loop
     vertex -1.947100e+01  9.117571e+00  9.000000e+00
     vertex -2.005691e+01  9.039941e+00  9.500000e+00
     vertex -1.965625e+01  9.880890e+00  9.500000e+00
   endloop
 endfacet
 facet normal -6.313668e-01  3.118608e-01 -7.100132e-01
   outer loop
     vertex -1.947100e+01  9.117571e+00  9.000000e+00
     vertex -1.965625e+01  9.880890e+00  9.500000e+00
     vertex -1.907390e+01  9.921511e+00  9.000000e+00
   endloop
 endfacet
 facet normal -6.536194e-01  2.781009e-01 -7.038761e-01
   outer loop
     vertex -1.983424e+01  8.297773e+00  9.000000e+00
     vertex -2.042161e+01  8.182786e+00  9.500000e+00
     vertex -2.005691e+01  9.039941e+00  9.500000e+00
   endloop
 endfacet
 facet normal -6.437609e-01  2.852373e-01 -7.100786e-01
   outer loop
     vertex -1.983424e+01  8.297773e+00  9.000000e+00
     vertex -2.005691e+01  9.039941e+00  9.500000e+00
     vertex -1.947100e+01  9.117571e+00  9.000000e+00
   endloop
 endfacet
 facet normal -6.648582e-01  2.502021e-01 -7.038199e-01
   outer loop
     vertex -2.016297e+01  7.463542e+00  9.000000e+00
     vertex -2.074970e+01  7.310960e+00  9.500000e+00
     vertex -2.042161e+01  8.182786e+00  9.500000e+00
   endloop
 endfacet
 facet normal -6.550390e-01  2.581249e-01 -7.101377e-01
   outer loop
     vertex -2.016297e+01  7.463542e+00  9.000000e+00
     vertex -2.042161e+01  8.182786e+00  9.500000e+00
     vertex -1.983424e+01  8.297773e+00  9.000000e+00
   endloop
 endfacet
 facet normal -6.749008e-01  2.218483e-01 -7.037700e-01
   outer loop
     vertex -2.045664e+01  6.616330e+00  9.000000e+00
     vertex -2.104058e+01  6.426027e+00  9.500000e+00
     vertex -2.074970e+01  7.310960e+00  9.500000e+00
   endloop
 endfacet
 facet normal -6.651818e-01  2.305702e-01 -7.101905e-01
   outer loop
     vertex -2.045664e+01  6.616330e+00  9.000000e+00
     vertex -2.074970e+01  7.310960e+00  9.500000e+00
     vertex -2.016297e+01  7.463542e+00  9.000000e+00
   endloop
 endfacet
 facet normal -6.837288e-01  1.930912e-01 -7.037262e-01
   outer loop
     vertex -2.071473e+01  5.757610e+00  9.000000e+00
     vertex -2.129375e+01  5.529574e+00  9.500000e+00
     vertex -2.104058e+01  6.426027e+00  9.500000e+00
   endloop
 endfacet
 facet normal -6.741722e-01  2.026206e-01 -7.102372e-01
   outer loop
     vertex -2.071473e+01  5.757610e+00  9.000000e+00
     vertex -2.104058e+01  6.426027e+00  9.500000e+00
     vertex -2.045664e+01  6.616330e+00  9.000000e+00
   endloop
 endfacet
 facet normal -6.913260e-01  1.639830e-01 -7.036888e-01
   outer loop
     vertex -2.093678e+01  4.888875e+00  9.000000e+00
     vertex -2.150874e+01  4.623207e+00  9.500000e+00
     vertex -2.129375e+01  5.529574e+00  9.500000e+00
   endloop
 endfacet
 facet normal -6.819949e-01  1.743238e-01 -7.102776e-01
   outer loop
     vertex -2.093678e+01  4.888875e+00  9.000000e+00
     vertex -2.129375e+01  5.529574e+00  9.500000e+00
     vertex -2.071473e+01  5.757610e+00  9.000000e+00
   endloop
 endfacet
 facet normal -6.976785e-01  1.345766e-01 -7.036575e-01
   outer loop
     vertex -2.112242e+01  4.011637e+00  9.000000e+00
     vertex -2.168517e+01  3.708551e+00  9.500000e+00
     vertex -2.150874e+01  4.623207e+00  9.500000e+00
   endloop
 endfacet
 facet normal -6.886367e-01  1.457284e-01 -7.103117e-01
   outer loop
     vertex -2.112242e+01  4.011637e+00  9.000000e+00
     vertex -2.150874e+01  4.623207e+00  9.500000e+00
     vertex -2.093678e+01  4.888875e+00  9.000000e+00
   endloop
 endfacet
 facet normal -6.940863e-01  1.168833e-01 -7.103397e-01
   outer loop
     vertex -2.127132e+01  3.127421e+00  9.000000e+00
     vertex -2.168517e+01  3.708551e+00  9.500000e+00
     vertex -2.112242e+01  4.011637e+00  9.000000e+00
   endloop
 endfacet
 facet normal -7.027744e-01  1.049253e-01 -7.036325e-01
   outer loop
     vertex -2.127132e+01  3.127421e+00  9.000000e+00
     vertex -2.182272e+01  2.787247e+00  9.500000e+00
     vertex -2.168517e+01  3.708551e+00  9.500000e+00
   endloop
 endfacet
 facet normal -6.983345e-01  8.783811e-02 -7.103615e-01
   outer loop
     vertex -2.138323e+01  2.237766e+00  9.000000e+00
     vertex -2.182272e+01  2.787247e+00  9.500000e+00
     vertex -2.127132e+01  3.127421e+00  9.000000e+00
   endloop
 endfacet
 facet normal -7.066046e-01  7.508329e-02 -7.036138e-01
   outer loop
     vertex -2.138323e+01  2.237766e+00  9.000000e+00
     vertex -2.192115e+01  1.860945e+00  9.500000e+00
     vertex -2.182272e+01  2.787247e+00  9.500000e+00
   endloop
 endfacet
 facet normal -7.013741e-01  5.864245e-02 -7.103770e-01
   outer loop
     vertex -2.145794e+01  1.344218e+00  9.000000e+00
     vertex -2.192115e+01  1.860945e+00  9.500000e+00
     vertex -2.138323e+01  2.237766e+00  9.000000e+00
   endloop
 endfacet
 facet normal -7.091620e-01  4.510467e-02 -7.036013e-01
   outer loop
     vertex -2.145794e+01  1.344218e+00  9.000000e+00
     vertex -2.198028e+01  9.313074e-01  9.500000e+00
     vertex -2.192115e+01  1.860945e+00  9.500000e+00
   endloop
 endfacet
 facet normal -7.031999e-01  2.934636e-02 -7.103863e-01
   outer loop
     vertex -2.149533e+01  4.483327e-01  9.000000e+00
     vertex -2.198028e+01  9.313074e-01  9.500000e+00
     vertex -2.145794e+01  1.344218e+00  9.000000e+00
   endloop
 endfacet
 facet normal -7.104419e-01  1.504401e-02 -7.035950e-01
   outer loop
     vertex -2.149533e+01  4.483327e-01  9.000000e+00
     vertex -2.200000e+01  5.154404e-14  9.500000e+00
     vertex -2.198028e+01  9.313074e-01  9.500000e+00
   endloop
 endfacet
 facet normal -7.038088e-01  0.000000e+00 -7.103894e-01
   outer loop
     vertex -2.149533e+01 -4.483327e-01  9.000000e+00
     vertex -2.200000e+01  5.154404e-14  9.500000e+00
     vertex -2.149533e+01  4.483327e-01  9.000000e+00
   endloop
 endfacet
 facet normal -7.104419e-01 -1.504401e-02 -7.035950e-01
   outer loop
     vertex -2.149533e+01 -4.483327e-01  9.000000e+00
     vertex -2.198028e+01 -9.313074e-01  9.500000e+00
     vertex -2.200000e+01  5.154404e-14  9.500000e+00
   endloop
 endfacet
 facet normal -7.031999e-01 -2.934636e-02 -7.103863e-01
   outer loop
     vertex -2.145794e+01 -1.344218e+00  9.000000e+00
     vertex -2.198028e+01 -9.313074e-01  9.500000e+00
     vertex -2.149533e+01 -4.483327e-01  9.000000e+00
   endloop
 endfacet
 facet normal -7.091620e-01 -4.510467e-02 -7.036013e-01
   outer loop
     vertex -2.145794e+01 -1.344218e+00  9.000000e+00
     vertex -2.192115e+01 -1.860945e+00  9.500000e+00
     vertex -2.198028e+01 -9.313074e-01  9.500000e+00
   endloop
 endfacet
 facet normal -7.013741e-01 -5.864245e-02 -7.103770e-01
   outer loop
     vertex -2.138323e+01 -2.237766e+00  9.000000e+00
     vertex -2.192115e+01 -1.860945e+00  9.500000e+00
     vertex -2.145794e+01 -1.344218e+00  9.000000e+00
   endloop
 endfacet
 facet normal -7.066046e-01 -7.508329e-02 -7.036138e-01
   outer loop
     vertex -2.138323e+01 -2.237766e+00  9.000000e+00
     vertex -2.182272e+01 -2.787247e+00  9.500000e+00
     vertex -2.192115e+01 -1.860945e+00  9.500000e+00
   endloop
 endfacet
 facet normal -6.983345e-01 -8.783811e-02 -7.103615e-01
   outer loop
     vertex -2.127132e+01 -3.127421e+00  9.000000e+00
     vertex -2.182272e+01 -2.787247e+00  9.500000e+00
     vertex -2.138323e+01 -2.237766e+00  9.000000e+00
   endloop
 endfacet
 facet normal -7.027744e-01 -1.049253e-01 -7.036325e-01
   outer loop
     vertex -2.127132e+01 -3.127421e+00  9.000000e+00
     vertex -2.168517e+01 -3.708551e+00  9.500000e+00
     vertex -2.182272e+01 -2.787247e+00  9.500000e+00
   endloop
 endfacet
 facet normal -6.940863e-01 -1.168833e-01 -7.103397e-01
   outer loop
     vertex -2.112242e+01 -4.011637e+00  9.000000e+00
     vertex -2.168517e+01 -3.708551e+00  9.500000e+00
     vertex -2.127132e+01 -3.127421e+00  9.000000e+00
   endloop
 endfacet
 facet normal -6.976785e-01 -1.345766e-01 -7.036575e-01
   outer loop
     vertex -2.112242e+01 -4.011637e+00  9.000000e+00
     vertex -2.150874e+01 -4.623207e+00  9.500000e+00
     vertex -2.168517e+01 -3.708551e+00  9.500000e+00
   endloop
 endfacet
 facet normal -6.886367e-01 -1.457284e-01 -7.103117e-01
   outer loop
     vertex -2.093678e+01 -4.888875e+00  9.000000e+00
     vertex -2.150874e+01 -4.623207e+00  9.500000e+00
     vertex -2.112242e+01 -4.011637e+00  9.000000e+00
   endloop
 endfacet
 facet normal -6.913260e-01 -1.639830e-01 -7.036888e-01
   outer loop
     vertex -2.093678e+01 -4.888875e+00  9.000000e+00
     vertex -2.129375e+01 -5.529574e+00  9.500000e+00
     vertex -2.150874e+01 -4.623207e+00  9.500000e+00
   endloop
 endfacet
 facet normal -6.819949e-01 -1.743238e-01 -7.102776e-01
   outer loop
     vertex -2.071473e+01 -5.757610e+00  9.000000e+00
     vertex -2.129375e+01 -5.529574e+00  9.500000e+00
     vertex -2.093678e+01 -4.888875e+00  9.000000e+00
   endloop
 endfacet
 facet normal -6.837288e-01 -1.930912e-01 -7.037262e-01
   outer loop
     vertex -2.071473e+01 -5.757610e+00  9.000000e+00
     vertex -2.104058e+01 -6.426027e+00  9.500000e+00
     vertex -2.129375e+01 -5.529574e+00  9.500000e+00
   endloop
 endfacet
 facet normal -6.741722e-01 -2.026206e-01 -7.102372e-01
   outer loop
     vertex -2.045664e+01 -6.616330e+00  9.000000e+00
     vertex -2.104058e+01 -6.426027e+00  9.500000e+00
     vertex -2.071473e+01 -5.757610e+00  9.000000e+00
   endloop
 endfacet
 facet normal -6.749008e-01 -2.218483e-01 -7.037700e-01
   outer loop
     vertex -2.045664e+01 -6.616330e+00  9.000000e+00
     vertex -2.074970e+01 -7.310960e+00  9.500000e+00
     vertex -2.104058e+01 -6.426027e+00  9.500000e+00
   endloop
 endfacet
 facet normal -6.651818e-01 -2.305702e-01 -7.101905e-01
   outer loop
     vertex -2.016297e+01 -7.463542e+00  9.000000e+00
     vertex -2.074970e+01 -7.310960e+00  9.500000e+00
     vertex -2.045664e+01 -6.616330e+00  9.000000e+00
   endloop
 endfacet
 facet normal -6.648582e-01 -2.502021e-01 -7.038199e-01
   outer loop
     vertex -2.016297e+01 -7.463542e+00  9.000000e+00
     vertex -2.042161e+01 -8.182786e+00  9.500000e+00
     vertex -2.074970e+01 -7.310960e+00  9.500000e+00
   endloop
 endfacet
 facet normal -6.550390e-01 -2.581249e-01 -7.101377e-01
   outer loop
     vertex -1.983424e+01 -8.297773e+00  9.000000e+00
     vertex -2.042161e+01 -8.182786e+00  9.500000e+00
     vertex -2.016297e+01 -7.463542e+00  9.000000e+00
   endloop
 endfacet
 facet normal -6.536194e-01 -2.781009e-01 -7.038761e-01
   outer loop
     vertex -1.983424e+01 -8.297773e+00  9.000000e+00
     vertex -2.005691e+01 -9.039941e+00  9.500000e+00
     vertex -2.042161e+01 -8.182786e+00  9.500000e+00
   endloop
 endfacet
 facet normal -6.412051e-01 -3.054941e-01 -7.039385e-01
   outer loop
     vertex -1.947100e+01 -9.117571e+00  9.000000e+00
     vertex -1.965625e+01 -9.880890e+00  9.500000e+00
     vertex -2.005691e+01 -9.039941e+00  9.500000e+00
   endloop
 endfacet
 facet normal -6.437609e-01 -2.852373e-01 -7.100786e-01
   outer loop
     vertex -1.947100e+01 -9.117571e+00  9.000000e+00
     vertex -2.005691e+01 -9.039941e+00  9.500000e+00
     vertex -1.983424e+01 -8.297773e+00  9.000000e+00
   endloop
 endfacet
 facet normal -6.276379e-01 -3.323320e-01 -7.040071e-01
   outer loop
     vertex -1.907390e+01 -9.921511e+00  9.000000e+00
     vertex -1.922035e+01 -1.070412e+01  9.500000e+00
     vertex -1.965625e+01 -9.880890e+00  9.500000e+00
   endloop
 endfacet
 facet normal -6.313668e-01 -3.118608e-01 -7.100132e-01
   outer loop
     vertex -1.907390e+01 -9.921511e+00  9.000000e+00
     vertex -1.965625e+01 -9.880890e+00  9.500000e+00
     vertex -1.947100e+01 -9.117571e+00  9.000000e+00
   endloop
 endfacet
 facet normal -6.176060e-01 -3.612937e-01 -6.985912e-01
   outer loop
     vertex -1.874999e+01 -1.150817e+01  9.500000e+00
     vertex -1.922035e+01 -1.070412e+01  9.500000e+00
     vertex -1.873713e+01 -1.122243e+01  9.340854e+00
   endloop
 endfacet
 facet normal -6.146865e-01 -3.571285e-01 -7.032921e-01
   outer loop
     vertex -1.870031e+01 -1.095622e+01  9.173492e+00
     vertex -1.873713e+01 -1.122243e+01  9.340854e+00
     vertex -1.922035e+01 -1.070412e+01  9.500000e+00
   endloop
 endfacet
 facet normal -6.178776e-01 -3.379499e-01 -7.099417e-01
   outer loop
     vertex -1.864362e+01 -1.070819e+01  9.000000e+00
     vertex -1.922035e+01 -1.070412e+01  9.500000e+00
     vertex -1.907390e+01 -9.921511e+00  9.000000e+00
   endloop
 endfacet
 facet normal -6.142596e-01 -3.532013e-01 -7.056444e-01
   outer loop
     vertex -1.864362e+01 -1.070819e+01  9.000000e+00
     vertex -1.870031e+01 -1.095622e+01  9.173492e+00
     vertex -1.922035e+01 -1.070412e+01  9.500000e+00
   endloop
 endfacet
 facet normal  1.000000e+00  1.713285e-15  0.000000e+00
   outer loop
     vertex -1.951000e+01 -3.376374e+00  9.000000e+00
     vertex -1.951000e+01 -5.450000e+00  1.200000e+01
     vertex -1.951000e+01 -5.450000e+00  9.000000e+00
   endloop
 endfacet
 facet normal  1.000000e+00  0.000000e+00 -1.184238e-15
   outer loop
     vertex -1.951000e+01  3.376374e+00  9.000000e+00
     vertex -1.951000e+01  6.050000e+00  1.200000e+01
     vertex -1.951000e+01 -5.450000e+00  1.200000e+01
   endloop
 endfacet
 facet normal  1.000000e+00  0.000000e+00 -1.184238e-15
   outer loop
     vertex -1.951000e+01  3.376374e+00  9.000000e+00
     vertex -1.951000e+01 -5.450000e+00  1.200000e+01
     vertex -1.951000e+01 -3.376374e+00  9.000000e+00
   endloop
 endfacet
 facet normal  1.000000e+00 -1.328800e-15  0.000000e+00
   outer loop
     vertex -1.951000e+01  6.050000e+00  9.000000e+00
     vertex -1.951000e+01  6.050000e+00  1.200000e+01
     vertex -1.951000e+01  3.376374e+00  9.000000e+00
   endloop
 endfacet
 facet normal  1.000000e+00 -8.769982e-15 -4.179663e-16
   outer loop
     vertex -1.951000e+01 -2.560327e+00  3.772806e-01
     vertex -1.951000e+01 -3.376374e+00  9.000000e+00
     vertex -1.951000e+01 -3.376374e+00  5.000000e-01
   endloop
 endfacet
 facet normal  1.000000e+00  4.568923e-17  4.163418e-16
   outer loop
     vertex -1.951000e+01 -1.748657e+00  2.882082e-01
     vertex -1.951000e+01 -3.376374e+00  9.000000e+00
     vertex -1.951000e+01 -2.560327e+00  3.772806e-01
   endloop
 endfacet
 facet normal  1.000000e+00  2.848201e-17  4.131268e-16
   outer loop
     vertex -1.951000e+01 -9.484610e-01  2.330407e-01
     vertex -1.951000e+01 -3.376374e+00  9.000000e+00
     vertex -1.951000e+01 -1.748657e+00  2.882082e-01
   endloop
 endfacet
 facet normal  1.000000e+00  0.000000e+00  4.042040e-16
   outer loop
     vertex -1.951000e+01 -1.520892e-01  2.105928e-01
     vertex -1.951000e+01  3.376374e+00  9.000000e+00
     vertex -1.951000e+01 -3.376374e+00  9.000000e+00
   endloop
 endfacet
 facet normal  1.000000e+00  1.151262e-17  4.084273e-16
   outer loop
     vertex -1.951000e+01 -1.520892e-01  2.105928e-01
     vertex -1.951000e+01 -3.376374e+00  9.000000e+00
     vertex -1.951000e+01 -9.484610e-01  2.330407e-01
   endloop
 endfacet
 facet normal  1.000000e+00 -1.426768e-18  4.047768e-16
   outer loop
     vertex -1.951000e+01  2.896376e-01  2.121498e-01
     vertex -1.951000e+01  3.376374e+00  9.000000e+00
     vertex -1.951000e+01 -1.520892e-01  2.105928e-01
   endloop
 endfacet
 facet normal  1.000000e+00 -1.067364e-17  4.080248e-16
   outer loop
     vertex -1.951000e+01  7.315130e-01  2.237090e-01
     vertex -1.951000e+01  3.376374e+00  9.000000e+00
     vertex -1.951000e+01  2.896376e-01  2.121498e-01
   endloop
 endfacet
 facet normal  1.000000e+00 -2.003889e-17  4.108471e-16
   outer loop
     vertex -1.951000e+01  1.174061e+00  2.452940e-01
     vertex -1.951000e+01  3.376374e+00  9.000000e+00
     vertex -1.951000e+01  7.315130e-01  2.237090e-01
   endloop
 endfacet
 facet normal  1.000000e+00 -2.948240e-17  4.132227e-16
   outer loop
     vertex -1.951000e+01  1.617211e+00  2.769117e-01
     vertex -1.951000e+01  3.376374e+00  9.000000e+00
     vertex -1.951000e+01  1.174061e+00  2.452940e-01
   endloop
 endfacet
 facet normal  1.000000e+00 -4.358860e-17  4.160675e-16
   outer loop
     vertex -1.951000e+01  2.494299e+00  3.687984e-01
     vertex -1.951000e+01  3.376374e+00  9.000000e+00
     vertex -1.951000e+01  1.617211e+00  2.769117e-01
   endloop
 endfacet
 facet normal  1.000000e+00  4.027680e-15 -1.262576e-30
   outer loop
     vertex -1.951000e+01  3.376374e+00  5.000000e-01
     vertex -1.951000e+01  3.376374e+00  9.000000e+00
     vertex -1.951000e+01  2.494299e+00  3.687984e-01
   endloop
 endfacet
 facet normal -9.887799e-01  1.493800e-01 -4.682685e-17
   outer loop
     vertex -1.951000e+01  3.376374e+00  9.000000e+00
     vertex -1.951000e+01  3.376374e+00  5.000000e-01
     vertex -1.963670e+01  2.537717e+00  5.000000e-01
   endloop
 endfacet
 facet normal -9.942702e-01  1.068962e-01 -6.524268e-16
   outer loop
     vertex -1.963670e+01  2.537717e+00  9.000000e+00
     vertex -1.963670e+01  2.537717e+00  5.000000e-01
     vertex -1.972737e+01  1.694403e+00  5.000000e-01
   endloop
 endfacet
 facet normal -9.887799e-01  1.493800e-01 -5.768101e-16
   outer loop
     vertex -1.963670e+01  2.537717e+00  9.000000e+00
     vertex -1.951000e+01  3.376374e+00  9.000000e+00
     vertex -1.963670e+01  2.537717e+00  5.000000e-01
   endloop
 endfacet
 facet normal -9.979360e-01  6.421629e-02 -2.829024e-16
   outer loop
     vertex -1.972737e+01  1.694403e+00  9.000000e+00
     vertex -1.972737e+01  1.694403e+00  5.000000e-01
     vertex -1.978183e+01  8.479793e-01  5.000000e-01
   endloop
 endfacet
 facet normal -9.942702e-01  1.068962e-01 -1.921764e-16
   outer loop
     vertex -1.972737e+01  1.694403e+00  9.000000e+00
     vertex -1.963670e+01  2.537717e+00  9.000000e+00
     vertex -1.972737e+01  1.694403e+00  5.000000e-01
   endloop
 endfacet
 facet normal -9.997706e-01  2.141853e-02 -7.954559e-16
   outer loop
     vertex -1.978183e+01  8.479793e-01  9.000000e+00
     vertex -1.978183e+01  8.479793e-01  5.000000e-01
     vertex -1.980000e+01  3.552714e-15  5.000000e-01
   endloop
 endfacet
 facet normal -9.979360e-01  6.421629e-02 -7.134262e-16
   outer loop
     vertex -1.978183e+01  8.479793e-01  9.000000e+00
     vertex -1.972737e+01  1.694403e+00  9.000000e+00
     vertex -1.978183e+01  8.479793e-01  5.000000e-01
   endloop
 endfacet
 facet normal -9.997706e-01 -2.141853e-02 -3.580890e-17
   outer loop
     vertex -1.980000e+01 -1.065814e-14  9.000000e+00
     vertex -1.980000e+01  3.552714e-15  5.000000e-01
     vertex -1.978183e+01 -8.479793e-01  5.000000e-01
   endloop
 endfacet
 facet normal -9.997706e-01  2.141853e-02  3.580890e-17
   outer loop
     vertex -1.980000e+01 -1.065814e-14  9.000000e+00
     vertex -1.978183e+01  8.479793e-01  9.000000e+00
     vertex -1.980000e+01  3.552714e-15  5.000000e-01
   endloop
 endfacet
 facet normal -9.979360e-01 -6.421629e-02  2.963225e-16
   outer loop
     vertex -1.978183e+01 -8.479793e-01  9.000000e+00
     vertex -1.978183e+01 -8.479793e-01  5.000000e-01
     vertex -1.972737e+01 -1.694403e+00  5.000000e-01
   endloop
 endfacet
 facet normal -9.997706e-01 -2.141853e-02  3.775854e-16
   outer loop
     vertex -1.978183e+01 -8.479793e-01  9.000000e+00
     vertex -1.980000e+01 -1.065814e-14  9.000000e+00
     vertex -1.978183e+01 -8.479793e-01  5.000000e-01
   endloop
 endfacet
 facet normal -9.942702e-01 -1.068962e-01  2.368554e-16
   outer loop
     vertex -1.972737e+01 -1.694403e+00  9.000000e+00
     vertex -1.972737e+01 -1.694403e+00  5.000000e-01
     vertex -1.963670e+01 -2.537717e+00  5.000000e-01
   endloop
 endfacet
 facet normal -9.979360e-01 -6.421629e-02  3.097426e-16
   outer loop
     vertex -1.972737e+01 -1.694403e+00  9.000000e+00
     vertex -1.978183e+01 -8.479793e-01  9.000000e+00
     vertex -1.972737e+01 -1.694403e+00  5.000000e-01
   endloop
 endfacet
 facet normal -9.887799e-01 -1.493800e-01  5.924191e-16
   outer loop
     vertex -1.963670e+01 -2.537717e+00  9.000000e+00
     vertex -1.963670e+01 -2.537717e+00  5.000000e-01
     vertex -1.951000e+01 -3.376374e+00  5.000000e-01
   endloop
 endfacet
 facet normal -9.942702e-01 -1.068962e-01  6.635966e-16
   outer loop
     vertex -1.963670e+01 -2.537717e+00  9.000000e+00
     vertex -1.972737e+01 -1.694403e+00  9.000000e+00
     vertex -1.963670e+01 -2.537717e+00  5.000000e-01
   endloop
 endfacet
 facet normal -9.887799e-01 -1.493800e-01  1.635335e-16
   outer loop
     vertex -1.951000e+01 -3.376374e+00  9.000000e+00
     vertex -1.963670e+01 -2.537717e+00  9.000000e+00
     vertex -1.951000e+01 -3.376374e+00  5.000000e-01
   endloop
 endfacet
 facet normal  0.000000e+00  1.000000e+00 -1.480297e-15
   outer loop
     vertex -1.903516e+01 -5.450000e+00  9.000000e+00
     vertex -1.951000e+01 -5.450000e+00  1.200000e+01
     vertex -1.351000e+01 -5.450000e+00  1.200000e+01
   endloop
 endfacet
 facet normal  9.352492e-15  1.000000e+00 -0.000000e+00
   outer loop
     vertex -1.951000e+01 -5.450000e+00  9.000000e+00
     vertex -1.951000e+01 -5.450000e+00  1.200000e+01
     vertex -1.903516e+01 -5.450000e+00  9.000000e+00
   endloop
 endfacet
 facet normal -8.037574e-16  1.000000e+00  0.000000e+00
   outer loop
     vertex -1.351000e+01 -5.450000e+00  0.000000e+00
     vertex -1.903516e+01 -5.450000e+00  9.000000e+00
     vertex -1.351000e+01 -5.450000e+00  1.200000e+01
   endloop
 endfacet
 facet normal -4.312647e-14  1.000000e+00 -4.801145e-13
   outer loop
     vertex -1.903516e+01 -5.450000e+00  5.000000e-01
     vertex -1.351000e+01 -5.450000e+00  0.000000e+00
     vertex -1.851452e+01 -5.450000e+00  0.000000e+00
   endloop
 endfacet
 facet normal  3.876947e-16  1.000000e+00  7.314411e-16
   outer loop
     vertex -1.903516e+01 -5.450000e+00  5.000000e-01
     vertex -1.903516e+01 -5.450000e+00  9.000000e+00
     vertex -1.351000e+01 -5.450000e+00  0.000000e+00
   endloop
 endfacet
 facet normal -9.556818e-01 -2.944016e-01  1.841054e-16
   outer loop
     vertex -1.903516e+01 -5.450000e+00  9.000000e+00
     vertex -1.903516e+01 -5.450000e+00  5.000000e-01
     vertex -1.880228e+01 -6.205978e+00  5.000000e-01
   endloop
 endfacet
 facet normal -9.431597e-01 -3.323398e-01 -2.083602e-16
   outer loop
     vertex -1.880228e+01 -6.205978e+00  9.000000e+00
     vertex -1.880228e+01 -6.205978e+00  5.000000e-01
     vertex -1.853939e+01 -6.952050e+00  5.000000e-01
   endloop
 endfacet
 facet normal -9.556818e-01 -2.944016e-01 -1.845749e-16
   outer loop
     vertex -1.880228e+01 -6.205978e+00  9.000000e+00
     vertex -1.903516e+01 -5.450000e+00  9.000000e+00
     vertex -1.880228e+01 -6.205978e+00  5.000000e-01
   endloop
 endfacet
 facet normal -9.291323e-01 -3.697474e-01  8.125311e-17
   outer loop
     vertex -1.853939e+01 -6.952050e+00  9.000000e+00
     vertex -1.853939e+01 -6.952050e+00  5.000000e-01
     vertex -1.824691e+01 -7.687027e+00  5.000000e-01
   endloop
 endfacet
 facet normal -9.431597e-01 -3.323398e-01  1.633373e-16
   outer loop
     vertex -1.853939e+01 -6.952050e+00  9.000000e+00
     vertex -1.880228e+01 -6.205978e+00  9.000000e+00
     vertex -1.853939e+01 -6.952050e+00  5.000000e-01
   endloop
 endfacet
 facet normal -9.136219e-01 -4.065650e-01 -3.408217e-16
   outer loop
     vertex -1.824691e+01 -7.687027e+00  9.000000e+00
     vertex -1.824691e+01 -7.687027e+00  5.000000e-01
     vertex -1.792530e+01 -8.409734e+00  5.000000e-01
   endloop
 endfacet
 facet normal -9.291323e-01 -3.697474e-01 -2.278308e-16
   outer loop
     vertex -1.824691e+01 -7.687027e+00  9.000000e+00
     vertex -1.853939e+01 -6.952050e+00  9.000000e+00
     vertex -1.824691e+01 -7.687027e+00  5.000000e-01
   endloop
 endfacet
 facet normal -8.966532e-01 -4.427336e-01 -7.382232e-17
   outer loop
     vertex -1.792530e+01 -8.409734e+00  9.000000e+00
     vertex -1.792530e+01 -8.409734e+00  5.000000e-01
     vertex -1.757508e+01 -9.119018e+00  5.000000e-01
   endloop
 endfacet
 facet normal -9.136219e-01 -4.065650e-01  8.304372e-17
   outer loop
     vertex -1.792530e+01 -8.409734e+00  9.000000e+00
     vertex -1.824691e+01 -7.687027e+00  9.000000e+00
     vertex -1.792530e+01 -8.409734e+00  5.000000e-01
   endloop
 endfacet
 facet normal -8.966532e-01 -4.427336e-01 -1.710216e-16
   outer loop
     vertex -1.757508e+01 -9.119018e+00  9.000000e+00
     vertex -1.792530e+01 -8.409734e+00  9.000000e+00
     vertex -1.757508e+01 -9.119018e+00  5.000000e-01
   endloop
 endfacet
 facet normal  2.613940e-01  9.652322e-01  4.479867e-15
   outer loop
     vertex -1.639525e+01 -1.442979e+01  9.340854e+00
     vertex -1.667133e+01 -1.435502e+01  9.500000e+00
     vertex -1.667133e+01 -1.435502e+01  1.100000e+01
   endloop
 endfacet
 facet normal  2.522723e-01  9.676549e-01 -1.627053e-03
   outer loop
     vertex -1.633983e+01 -1.444144e+01  1.100000e+01
     vertex -1.639525e+01 -1.442979e+01  9.340854e+00
     vertex -1.667133e+01 -1.435502e+01  1.100000e+01
   endloop
 endfacet
 facet normal  1.718503e-01  9.851224e-01  1.181736e-03
   outer loop
     vertex -1.613047e+01 -1.447578e+01  9.173492e+00
     vertex -1.639525e+01 -1.442979e+01  9.340854e+00
     vertex -1.633983e+01 -1.444144e+01  1.100000e+01
   endloop
 endfacet
 facet normal  1.403071e-01  9.901048e-01 -2.527472e-03
   outer loop
     vertex -1.600064e+01 -1.448951e+01  1.100000e+01
     vertex -1.613047e+01 -1.447578e+01  9.173492e+00
     vertex -1.633983e+01 -1.444144e+01  1.100000e+01
   endloop
 endfacet
 facet normal  8.560504e-02  9.963282e-01  1.407720e-03
   outer loop
     vertex -1.587696e+01 -1.449731e+01  9.000000e+00
     vertex -1.613047e+01 -1.447578e+01  9.173492e+00
     vertex -1.600064e+01 -1.448951e+01  1.100000e+01
   endloop
 endfacet
 facet normal  2.651282e-02  9.996459e-01 -2.259398e-03
   outer loop
     vertex -1.565818e+01 -1.449859e+01  1.100000e+01
     vertex -1.587696e+01 -1.449731e+01  9.000000e+00
     vertex -1.600064e+01 -1.448951e+01  1.100000e+01
   endloop
 endfacet
 facet normal -1.180811e-02  9.999284e-01  1.932792e-03
   outer loop
     vertex -1.555229e+01 -1.449348e+01  9.000000e+00
     vertex -1.587696e+01 -1.449731e+01  9.000000e+00
     vertex -1.565818e+01 -1.449859e+01  1.100000e+01
   endloop
 endfacet
 facet normal -8.762737e-02  9.961511e-01 -2.090957e-03
   outer loop
     vertex -1.531691e+01 -1.446857e+01  1.100000e+01
     vertex -1.555229e+01 -1.449348e+01  9.000000e+00
     vertex -1.565818e+01 -1.449859e+01  1.100000e+01
   endloop
 endfacet
 facet normal -1.198035e-01  9.927961e-01  1.737606e-03
   outer loop
     vertex -1.531691e+01 -1.446857e+01  1.100000e+01
     vertex -1.522994e+01 -1.445458e+01  9.000000e+00
     vertex -1.555229e+01 -1.449348e+01  9.000000e+00
   endloop
 endfacet
 facet normal -2.006250e-01  9.796663e-01 -1.869027e-03
   outer loop
     vertex -1.498130e+01 -1.439984e+01  1.100000e+01
     vertex -1.522994e+01 -1.445458e+01  9.000000e+00
     vertex -1.531691e+01 -1.446857e+01  1.100000e+01
   endloop
 endfacet
 facet normal -2.263957e-01  9.740343e-01  1.488933e-03
   outer loop
     vertex -1.498130e+01 -1.439984e+01  1.100000e+01
     vertex -1.491368e+01 -1.438107e+01  9.000000e+00
     vertex -1.522994e+01 -1.445458e+01  9.000000e+00
   endloop
 endfacet
 facet normal -3.110065e-01  9.504065e-01 -1.593614e-03
   outer loop
     vertex -1.465571e+01 -1.429330e+01  1.100000e+01
     vertex -1.491368e+01 -1.438107e+01  9.000000e+00
     vertex -1.498130e+01 -1.439984e+01  1.100000e+01
   endloop
 endfacet
 facet normal -3.303359e-01  9.438627e-01  1.186783e-03
   outer loop
     vertex -1.465571e+01 -1.429330e+01  1.100000e+01
     vertex -1.460721e+01 -1.427381e+01  9.000000e+00
     vertex -1.491368e+01 -1.438107e+01  9.000000e+00
   endloop
 endfacet
 facet normal -4.173325e-01  9.087530e-01 -1.264730e-03
   outer loop
     vertex -1.434438e+01 -1.415033e+01  1.100000e+01
     vertex -1.460721e+01 -1.427381e+01  9.000000e+00
     vertex -1.465571e+01 -1.429330e+01  1.100000e+01
   endloop
 endfacet
 facet normal -4.304067e-01  9.026347e-01  8.311654e-04
   outer loop
     vertex -1.434438e+01 -1.415033e+01  1.100000e+01
     vertex -1.431413e+01 -1.413406e+01  9.000000e+00
     vertex -1.460721e+01 -1.427381e+01  9.000000e+00
   endloop
 endfacet
 facet normal -6.045897e-01  7.965371e-01 -1.211361e-15
   outer loop
     vertex -1.403787e+01 -1.396346e+01  9.000000e+00
     vertex -1.383777e+01 -1.381157e+01  2.510480e-01
     vertex -1.403787e+01 -1.396346e+01  5.000000e-01
   endloop
 endfacet
 facet normal -5.182164e-01  8.552491e-01 -8.823839e-04
   outer loop
     vertex -1.405139e+01 -1.397280e+01  1.100000e+01
     vertex -1.431413e+01 -1.413406e+01  9.000000e+00
     vertex -1.434438e+01 -1.415033e+01  1.100000e+01
   endloop
 endfacet
 facet normal -5.254358e-01  8.508332e-01  4.220941e-04
   outer loop
     vertex -1.405139e+01 -1.397280e+01  1.100000e+01
     vertex -1.403787e+01 -1.396346e+01  9.000000e+00
     vertex -1.431413e+01 -1.413406e+01  9.000000e+00
   endloop
 endfacet
 facet normal -6.130270e-01  7.900619e-01 -3.053849e-04
   outer loop
     vertex -1.378055e+01 -1.376302e+01  1.100000e+01
     vertex -1.383777e+01 -1.381157e+01  2.510480e-01
     vertex -1.403787e+01 -1.396346e+01  9.000000e+00
   endloop
 endfacet
 facet normal -6.123427e-01  7.905923e-01 -4.465911e-04
   outer loop
     vertex -1.378055e+01 -1.376302e+01  1.100000e+01
     vertex -1.403787e+01 -1.396346e+01  9.000000e+00
     vertex -1.405139e+01 -1.397280e+01  1.100000e+01
   endloop
 endfacet
 facet normal -6.689819e-01  7.432787e-01  2.038259e-04
   outer loop
     vertex -1.378055e+01 -1.376302e+01  1.100000e+01
     vertex -1.365096e+01 -1.364336e+01  0.000000e+00
     vertex -1.383777e+01 -1.381157e+01  2.510480e-01
   endloop
 endfacet
 facet normal -6.984837e-01  7.156258e-01 -4.445345e-04
   outer loop
     vertex -1.353539e+01 -1.352373e+01  1.100000e+01
     vertex -1.365096e+01 -1.364336e+01  0.000000e+00
     vertex -1.378055e+01 -1.376302e+01  1.100000e+01
   endloop
 endfacet
 facet normal -7.392880e-01  6.733892e-01  4.435219e-04
   outer loop
     vertex -1.353539e+01 -1.352373e+01  1.100000e+01
     vertex -1.342054e+01 -1.339039e+01  0.000000e+00
     vertex -1.365096e+01 -1.364336e+01  0.000000e+00
   endloop
 endfacet
 facet normal -7.755163e-01  6.313273e-01 -4.445933e-04
   outer loop
     vertex -1.331911e+01 -1.325805e+01  1.100000e+01
     vertex -1.342054e+01 -1.339039e+01  0.000000e+00
     vertex -1.353539e+01 -1.352373e+01  1.100000e+01
   endloop
 endfacet
 facet normal -8.111609e-01  5.848228e-01  4.435782e-04
   outer loop
     vertex -1.331911e+01 -1.325805e+01  1.100000e+01
     vertex -1.322042e+01 -1.311283e+01  0.000000e+00
     vertex -1.342054e+01 -1.339039e+01  0.000000e+00
   endloop
 endfacet
 facet normal -8.424360e-01  5.387962e-01 -4.446472e-04
   outer loop
     vertex -1.313452e+01 -1.296945e+01  1.100000e+01
     vertex -1.322042e+01 -1.311283e+01  0.000000e+00
     vertex -1.331911e+01 -1.325805e+01  1.100000e+01
   endloop
 endfacet
 facet normal -8.724809e-01  4.886481e-01  4.436296e-04
   outer loop
     vertex -1.313452e+01 -1.296945e+01  1.100000e+01
     vertex -1.305321e+01 -1.281429e+01  0.000000e+00
     vertex -1.322042e+01 -1.311283e+01  0.000000e+00
   endloop
 endfacet
 facet normal -8.983701e-01  4.392390e-01 -4.446961e-04
   outer loop
     vertex -1.298405e+01 -1.266168e+01  1.100000e+01
     vertex -1.305321e+01 -1.281429e+01  0.000000e+00
     vertex -1.313452e+01 -1.296945e+01  1.100000e+01
   endloop
 endfacet
 facet normal -9.224501e-01  3.861161e-01  4.436761e-04
   outer loop
     vertex -1.298405e+01 -1.266168e+01  1.100000e+01
     vertex -1.292109e+01 -1.249864e+01  0.000000e+00
     vertex -1.305321e+01 -1.281429e+01  0.000000e+00
   endloop
 endfacet
 facet normal -9.425892e-01  3.339541e-01 -4.447402e-04
   outer loop
     vertex -1.286964e+01 -1.233877e+01  1.100000e+01
     vertex -1.292109e+01 -1.249864e+01  0.000000e+00
     vertex -1.298405e+01 -1.266168e+01  1.100000e+01
   endloop
 endfacet
 facet normal -9.604185e-01  2.785609e-01  4.437178e-04
   outer loop
     vertex -1.286964e+01 -1.233877e+01  1.100000e+01
     vertex -1.282577e+01 -1.217000e+01  0.000000e+00
     vertex -1.292109e+01 -1.249864e+01  0.000000e+00
   endloop
 endfacet
 facet normal -9.745168e-01  2.243143e-01 -4.447794e-04
   outer loop
     vertex -1.279280e+01 -1.200492e+01  1.100000e+01
     vertex -1.282577e+01 -1.217000e+01  0.000000e+00
     vertex -1.286964e+01 -1.233877e+01  1.100000e+01
   endloop
 endfacet
 facet normal -9.858921e-01  1.673817e-01  4.437545e-04
   outer loop
     vertex -1.279280e+01 -1.200492e+01  1.100000e+01
     vertex -1.276850e+01 -1.183265e+01  0.000000e+00
     vertex -1.282577e+01 -1.217000e+01  0.000000e+00
   endloop
 endfacet
 facet normal -9.937363e-01  1.117493e-01 -4.448136e-04
   outer loop
     vertex -1.275451e+01 -1.166448e+01  1.100000e+01
     vertex -1.276850e+01 -1.183265e+01  0.000000e+00
     vertex -1.279280e+01 -1.200492e+01  1.100000e+01
   endloop
 endfacet
 facet normal -9.985395e-01  5.402493e-02  4.437863e-04
   outer loop
     vertex -1.275451e+01 -1.166448e+01  1.100000e+01
     vertex -1.275001e+01 -1.149097e+01  0.000000e+00
     vertex -1.276850e+01 -1.183265e+01  0.000000e+00
   endloop
 endfacet
 facet normal -9.999973e-01 -2.272840e-03 -4.448430e-04
   outer loop
     vertex -1.275529e+01 -1.132190e+01  1.100000e+01
     vertex -1.275001e+01 -1.149097e+01  0.000000e+00
     vertex -1.275451e+01 -1.166448e+01  1.100000e+01
   endloop
 endfacet
 facet normal -9.981962e-01 -6.003472e-02  4.438132e-04
   outer loop
     vertex -1.275529e+01 -1.132190e+01  1.100000e+01
     vertex -1.277056e+01 -1.114941e+01  0.000000e+00
     vertex -1.275001e+01 -1.149097e+01  0.000000e+00
   endloop
 endfacet
 facet normal -9.848666e-01 -1.733133e-01  4.438353e-04
   outer loop
     vertex -1.279512e+01 -1.098164e+01  1.100000e+01
     vertex -1.282986e+01 -1.081241e+01  0.000000e+00
     vertex -1.277056e+01 -1.114941e+01  0.000000e+00
   endloop
 endfacet
 facet normal -9.932181e-01 -1.162654e-01 -4.448675e-04
   outer loop
     vertex -1.279512e+01 -1.098164e+01  1.100000e+01
     vertex -1.277056e+01 -1.114941e+01  0.000000e+00
     vertex -1.275529e+01 -1.132190e+01  1.100000e+01
   endloop
 endfacet
 facet normal -9.587242e-01 -2.843372e-01  4.438524e-04
   outer loop
     vertex -1.287348e+01 -1.064814e+01  1.100000e+01
     vertex -1.292716e+01 -1.048435e+01  0.000000e+00
     vertex -1.282986e+01 -1.081241e+01  0.000000e+00
   endloop
 endfacet
 facet normal -9.734870e-01 -2.287418e-01 -4.448871e-04
   outer loop
     vertex -1.287348e+01 -1.064814e+01  1.100000e+01
     vertex -1.282986e+01 -1.081241e+01  0.000000e+00
     vertex -1.279512e+01 -1.098164e+01  1.100000e+01
   endloop
 endfacet
 facet normal -9.201091e-01 -3.916619e-01  4.438647e-04
   outer loop
     vertex -1.298936e+01 -1.032575e+01  1.100000e+01
     vertex -1.306117e+01 -1.016950e+01  0.000000e+00
     vertex -1.292716e+01 -1.048435e+01  0.000000e+00
   endloop
 endfacet
 facet normal -9.410615e-01 -3.382353e-01 -4.449018e-04
   outer loop
     vertex -1.298936e+01 -1.032575e+01  1.100000e+01
     vertex -1.292716e+01 -1.048435e+01  0.000000e+00
     vertex -1.287348e+01 -1.064814e+01  1.100000e+01
   endloop
 endfacet
 facet normal -8.695236e-01 -4.938912e-01  4.438720e-04
   outer loop
     vertex -1.314123e+01 -1.001868e+01  1.100000e+01
     vertex -1.323017e+01 -9.871971e+00  0.000000e+00
     vertex -1.306117e+01 -1.016950e+01  0.000000e+00
   endloop
 endfacet
 facet normal -8.963642e-01 -4.433182e-01 -4.449116e-04
   outer loop
     vertex -1.314123e+01 -1.001868e+01  1.100000e+01
     vertex -1.306117e+01 -1.016950e+01  0.000000e+00
     vertex -1.298936e+01 -1.032575e+01  1.100000e+01
   endloop
 endfacet
 facet normal -8.076259e-01 -5.896951e-01  4.438744e-04
   outer loop
     vertex -1.332712e+01 -9.730915e+00  1.100000e+01
     vertex -1.343196e+01 -9.595617e+00  0.000000e+00
     vertex -1.323017e+01 -9.871971e+00  0.000000e+00
   endloop
 endfacet
 facet normal -8.399781e-01 -5.426201e-01 -4.449165e-04
   outer loop
     vertex -1.332712e+01 -9.730915e+00  1.100000e+01
     vertex -1.323017e+01 -9.871971e+00  0.000000e+00
     vertex -1.314123e+01 -1.001868e+01  1.100000e+01
   endloop
 endfacet
 facet normal -7.352211e-01 -6.778272e-01  4.438720e-04
   outer loop
     vertex -1.354461e+01 -9.466223e+00  1.100000e+01
     vertex -1.366390e+01 -9.344039e+00  0.000000e+00
     vertex -1.343196e+01 -9.595617e+00  0.000000e+00
   endloop
 endfacet
 facet normal -7.726385e-01 -6.348461e-01 -4.449165e-04
   outer loop
     vertex -1.354461e+01 -9.466223e+00  1.100000e+01
     vertex -1.343196e+01 -9.595617e+00  0.000000e+00
     vertex -1.332712e+01 -9.730915e+00  1.100000e+01
   endloop
 endfacet
 facet normal -6.532513e-01 -7.571410e-01  4.438647e-04
   outer loop
     vertex -1.379085e+01 -9.228052e+00  1.100000e+01
     vertex -1.392297e+01 -9.120509e+00  0.000000e+00
     vertex -1.366390e+01 -9.344039e+00  0.000000e+00
   endloop
 endfacet
 facet normal -6.952235e-01 -7.187935e-01 -4.449116e-04
   outer loop
     vertex -1.379085e+01 -9.228052e+00  1.100000e+01
     vertex -1.366390e+01 -9.344039e+00  0.000000e+00
     vertex -1.354461e+01 -9.466223e+00  1.100000e+01
   endloop
 endfacet
 facet normal -6.087426e-01 -7.933677e-01 -4.449018e-04
   outer loop
     vertex -1.406265e+01 -9.019508e+00  1.100000e+01
     vertex -1.392297e+01 -9.120509e+00  0.000000e+00
     vertex -1.379085e+01 -9.228052e+00  1.100000e+01
   endloop
 endfacet
 facet normal -5.627830e-01 -8.266046e-01  4.438524e-04
   outer loop
     vertex -1.406265e+01 -9.019508e+00  1.100000e+01
     vertex -1.420582e+01 -8.927935e+00  0.000000e+00
     vertex -1.392297e+01 -9.120509e+00  0.000000e+00
   endloop
 endfacet
 facet normal -5.143235e-01 -8.575961e-01 -4.448871e-04
   outer loop
     vertex -1.435644e+01 -8.843310e+00  1.100000e+01
     vertex -1.420582e+01 -8.927935e+00  0.000000e+00
     vertex -1.406265e+01 -9.019508e+00  1.100000e+01
   endloop
 endfacet
 facet normal -4.649929e-01 -8.853143e-01  4.438353e-04
   outer loop
     vertex -1.435644e+01 -8.843310e+00  1.100000e+01
     vertex -1.450876e+01 -8.768824e+00  0.000000e+00
     vertex -1.420582e+01 -8.927935e+00  0.000000e+00
   endloop
 endfacet
 facet normal -4.131976e-01 -9.106413e-01 -4.448675e-04
   outer loop
     vertex -1.466841e+01 -8.701756e+00  1.100000e+01
     vertex -1.450876e+01 -8.768824e+00  0.000000e+00
     vertex -1.435644e+01 -8.843310e+00  1.100000e+01
   endloop
 endfacet
 facet normal -3.611535e-01 -9.325063e-01  4.438132e-04
   outer loop
     vertex -1.466841e+01 -8.701756e+00  1.100000e+01
     vertex -1.482785e+01 -8.645244e+00  0.000000e+00
     vertex -1.450876e+01 -8.768824e+00  0.000000e+00
   endloop
 endfacet
 facet normal -3.066834e-01 -9.518115e-01 -4.448430e-04
   outer loop
     vertex -1.499449e+01 -8.596691e+00  1.100000e+01
     vertex -1.482785e+01 -8.645244e+00  0.000000e+00
     vertex -1.466841e+01 -8.701756e+00  1.100000e+01
   endloop
 endfacet
 facet normal -2.526155e-01 -9.675667e-01  4.437863e-04
   outer loop
     vertex -1.499449e+01 -8.596691e+00  1.100000e+01
     vertex -1.515893e+01 -8.558804e+00  0.000000e+00
     vertex -1.482785e+01 -8.645244e+00  0.000000e+00
   endloop
 endfacet
 facet normal -1.961700e-01 -9.805698e-01 -4.448136e-04
   outer loop
     vertex -1.533041e+01 -8.529487e+00  1.100000e+01
     vertex -1.515893e+01 -8.558804e+00  0.000000e+00
     vertex -1.499449e+01 -8.596691e+00  1.100000e+01
   endloop
 endfacet
 facet normal -1.407910e-01 -9.900392e-01  4.437545e-04
   outer loop
     vertex -1.533041e+01 -8.529487e+00  1.100000e+01
     vertex -1.549770e+01 -8.510628e+00  0.000000e+00
     vertex -1.515893e+01 -8.558804e+00  0.000000e+00
   endloop
 endfacet
 facet normal -8.309846e-02 -9.965412e-01 -4.447794e-04
   outer loop
     vertex -1.567181e+01 -8.501019e+00  1.100000e+01
     vertex -1.549770e+01 -8.510628e+00  0.000000e+00
     vertex -1.533041e+01 -8.529487e+00  1.100000e+01
   endloop
 endfacet
 facet normal -2.713496e-02 -9.996317e-01  4.437178e-04
   outer loop
     vertex -1.567181e+01 -8.501019e+00  1.100000e+01
     vertex -1.583975e+01 -8.501343e+00  0.000000e+00
     vertex -1.549770e+01 -8.510628e+00  0.000000e+00
   endloop
 endfacet
 facet normal  3.105668e-02 -9.995175e-01 -4.447402e-04
   outer loop
     vertex -1.601423e+01 -8.511659e+00  1.100000e+01
     vertex -1.583975e+01 -8.501343e+00  0.000000e+00
     vertex -1.567181e+01 -8.501019e+00  1.100000e+01
   endloop
 endfacet
 facet normal  8.687414e-02 -9.962192e-01  4.436761e-04
   outer loop
     vertex -1.601423e+01 -8.511659e+00  1.100000e+01
     vertex -1.618064e+01 -8.531070e+00  0.000000e+00
     vertex -1.583975e+01 -8.501343e+00  0.000000e+00
   endloop
 endfacet
 facet normal  1.448068e-01 -9.894598e-01 -4.446961e-04
   outer loop
     vertex -1.635320e+01 -8.561267e+00  1.100000e+01
     vertex -1.618064e+01 -8.531070e+00  0.000000e+00
     vertex -1.601423e+01 -8.511659e+00  1.100000e+01
   endloop
 endfacet
 facet normal  1.997530e-01 -9.798462e-01  4.436296e-04
   outer loop
     vertex -1.635320e+01 -8.561267e+00  1.100000e+01
     vertex -1.651593e+01 -8.599421e+00  0.000000e+00
     vertex -1.618064e+01 -8.531070e+00  0.000000e+00
   endloop
 endfacet
 facet normal  2.566687e-01 -9.664994e-01 -4.446472e-04
   outer loop
     vertex -1.668430e+01 -8.649197e+00  1.100000e+01
     vertex -1.651593e+01 -8.599421e+00  0.000000e+00
     vertex -1.635320e+01 -8.561267e+00  1.100000e+01
   endloop
 endfacet
 facet normal  3.100332e-01 -9.507256e-01  4.435782e-04
   outer loop
     vertex -1.668430e+01 -8.649197e+00  1.100000e+01
     vertex -1.684125e+01 -8.705509e+00  0.000000e+00
     vertex -1.651593e+01 -8.599421e+00  0.000000e+00
   endloop
 endfacet
 facet normal  3.651835e-01 -9.309355e-01 -4.445933e-04
   outer loop
     vertex -1.700322e+01 -8.774302e+00  1.100000e+01
     vertex -1.684125e+01 -8.705509e+00  0.000000e+00
     vertex -1.668430e+01 -8.649197e+00  1.100000e+01
   endloop
 endfacet
 facet normal  4.162799e-01 -9.092364e-01  4.435219e-04
   outer loop
     vertex -1.700322e+01 -8.774302e+00  1.100000e+01
     vertex -1.715237e+01 -8.847951e+00  0.000000e+00
     vertex -1.684125e+01 -8.705509e+00  0.000000e+00
   endloop
 endfacet
 facet normal  4.689362e-01 -8.832319e-01 -4.445345e-04
   outer loop
     vertex -1.730580e+01 -8.934951e+00  1.100000e+01
     vertex -1.715237e+01 -8.847951e+00  0.000000e+00
     vertex -1.700322e+01 -8.774302e+00  1.100000e+01
   endloop
 endfacet
 facet normal  5.042598e-01 -8.635520e-01  2.038291e-04
   outer loop
     vertex -1.730580e+01 -8.934951e+00  1.100000e+01
     vertex -1.736948e+01 -8.974671e+00  2.510492e-01
     vertex -1.715237e+01 -8.847951e+00  0.000000e+00
   endloop
 endfacet
 facet normal  5.658603e-01 -8.245011e-01 -3.053885e-04
   outer loop
     vertex -1.757508e+01 -9.119018e+00  9.000000e+00
     vertex -1.736948e+01 -8.974671e+00  2.510492e-01
     vertex -1.730580e+01 -8.934951e+00  1.100000e+01
   endloop
 endfacet
 facet normal  5.745974e-01 -8.184362e-01 -3.115038e-15
   outer loop
     vertex -1.757508e+01 -9.119018e+00  9.000000e+00
     vertex -1.757508e+01 -9.119018e+00  5.000000e-01
     vertex -1.736948e+01 -8.974671e+00  2.510492e-01
   endloop
 endfacet
 facet normal  5.665739e-01 -8.240108e-01 -4.465911e-04
   outer loop
     vertex -1.758809e+01 -9.129049e+00  1.100000e+01
     vertex -1.757508e+01 -9.119018e+00  9.000000e+00
     vertex -1.730580e+01 -8.934951e+00  1.100000e+01
   endloop
 endfacet
 facet normal  6.504185e-01 -7.595759e-01  4.220941e-04
   outer loop
     vertex -1.782171e+01 -9.330204e+00  9.000000e+00
     vertex -1.757508e+01 -9.119018e+00  9.000000e+00
     vertex -1.758809e+01 -9.129049e+00  1.100000e+01
   endloop
 endfacet
 facet normal  6.568231e-01 -7.540442e-01 -8.823839e-04
   outer loop
     vertex -1.784642e+01 -9.354065e+00  1.100000e+01
     vertex -1.782171e+01 -9.330204e+00  9.000000e+00
     vertex -1.758809e+01 -9.129049e+00  1.100000e+01
   endloop
 endfacet
 facet normal  7.286979e-01 -6.848347e-01  8.311654e-04
   outer loop
     vertex -1.804407e+01 -9.566807e+00  9.000000e+00
     vertex -1.782171e+01 -9.330204e+00  9.000000e+00
     vertex -1.784642e+01 -9.354065e+00  1.100000e+01
   endloop
 endfacet
 facet normal  7.385070e-01 -6.742446e-01 -1.264730e-03
   outer loop
     vertex -1.807740e+01 -9.607064e+00  1.100000e+01
     vertex -1.804407e+01 -9.566807e+00  9.000000e+00
     vertex -1.784642e+01 -9.354065e+00  1.100000e+01
   endloop
 endfacet
 facet normal  7.984414e-01 -6.020714e-01  1.186783e-03
   outer loop
     vertex -1.823956e+01 -9.826055e+00  9.000000e+00
     vertex -1.804407e+01 -9.566807e+00  9.000000e+00
     vertex -1.807740e+01 -9.607064e+00  1.100000e+01
   endloop
 endfacet
 facet normal  8.105605e-01 -5.856527e-01 -1.593614e-03
   outer loop
     vertex -1.827803e+01 -9.884748e+00  1.100000e+01
     vertex -1.823956e+01 -9.826055e+00  9.000000e+00
     vertex -1.807740e+01 -9.607064e+00  1.100000e+01
   endloop
 endfacet
 facet normal  8.588318e-01 -5.122555e-01  1.488933e-03
   outer loop
     vertex -1.840589e+01 -1.010491e+01  9.000000e+00
     vertex -1.823956e+01 -9.826055e+00  9.000000e+00
     vertex -1.827803e+01 -9.884748e+00  1.100000e+01
   endloop
 endfacet
 facet normal  8.720440e-01 -4.894238e-01 -1.869027e-03
   outer loop
     vertex -1.844570e+01 -1.018349e+01  1.100000e+01
     vertex -1.840589e+01 -1.010491e+01  9.000000e+00
     vertex -1.827803e+01 -9.884748e+00  1.100000e+01
   endloop
 endfacet
 facet normal  9.091619e-01 -4.164392e-01  1.737606e-03
   outer loop
     vertex -1.854110e+01 -1.040011e+01  9.000000e+00
     vertex -1.840589e+01 -1.010491e+01  9.000000e+00
     vertex -1.844570e+01 -1.018349e+01  1.100000e+01
   endloop
 endfacet
 facet normal  9.221559e-01 -3.868129e-01 -2.090957e-03
   outer loop
     vertex -1.857822e+01 -1.049941e+01  1.100000e+01
     vertex -1.854110e+01 -1.040011e+01  9.000000e+00
     vertex -1.844570e+01 -1.018349e+01  1.100000e+01
   endloop
 endfacet
 facet normal  9.488422e-01 -3.157448e-01  1.932792e-03
   outer loop
     vertex -1.864362e+01 -1.070819e+01  9.000000e+00
     vertex -1.854110e+01 -1.040011e+01  9.000000e+00
     vertex -1.857822e+01 -1.049941e+01  1.100000e+01
   endloop
 endfacet
 facet normal  9.602426e-01 -2.791579e-01 -2.259398e-03
   outer loop
     vertex -1.867385e+01 -1.082837e+01  1.100000e+01
     vertex -1.864362e+01 -1.070819e+01  9.000000e+00
     vertex -1.857822e+01 -1.049941e+01  1.100000e+01
   endloop
 endfacet
 facet normal  9.750771e-01 -2.218618e-01  1.407720e-03
   outer loop
     vertex -1.870031e+01 -1.095622e+01  9.173492e+00
     vertex -1.864362e+01 -1.070819e+01  9.000000e+00
     vertex -1.867385e+01 -1.082837e+01  1.100000e+01
   endloop
 endfacet
 facet normal  9.858072e-01 -1.678626e-01 -2.527472e-03
   outer loop
     vertex -1.873136e+01 -1.116609e+01  1.100000e+01
     vertex -1.870031e+01 -1.095622e+01  9.173492e+00
     vertex -1.867385e+01 -1.082837e+01  1.100000e+01
   endloop
 endfacet
 facet normal  9.906669e-01 -1.363003e-01  1.181736e-03
   outer loop
     vertex -1.873136e+01 -1.116609e+01  1.100000e+01
     vertex -1.873713e+01 -1.122243e+01  9.340854e+00
     vertex -1.870031e+01 -1.095622e+01  9.173492e+00
   endloop
 endfacet
 facet normal  9.985191e-01 -5.437866e-02 -1.627052e-03
   outer loop
     vertex -1.874999e+01 -1.150817e+01  1.100000e+01
     vertex -1.873713e+01 -1.122243e+01  9.340854e+00
     vertex -1.873136e+01 -1.116609e+01  1.100000e+01
   endloop
 endfacet
 facet normal  9.989891e-01 -4.495243e-02 -2.366082e-15
   outer loop
     vertex -1.874999e+01 -1.150817e+01  1.100000e+01
     vertex -1.874999e+01 -1.150817e+01  9.500000e+00
     vertex -1.873713e+01 -1.122243e+01  9.340854e+00
   endloop
 endfacet
 facet normal -1.000000e+00  0.000000e+00  0.000000e+00
   outer loop
     vertex -1.351000e+01 -5.450000e+00  0.000000e+00
     vertex -1.351000e+01  6.050000e+00  1.200000e+01
     vertex -1.351000e+01  6.050000e+00  0.000000e+00
   endloop
 endfacet
 facet normal -1.000000e+00  0.000000e+00  0.000000e+00
   outer loop
     vertex -1.351000e+01 -5.450000e+00  0.000000e+00
     vertex -1.351000e+01 -5.450000e+00  1.200000e+01
     vertex -1.351000e+01  6.050000e+00  1.200000e+01
   endloop
 endfacet
 facet normal  0.000000e+00  0.000000e+00  1.000000e+00
   outer loop
     vertex -1.630557e+01 -1.233147e+01  1.200000e+01
     vertex -1.645711e+01 -1.220711e+01  1.200000e+01
     vertex -1.717376e+01 -1.293492e+01  1.200000e+01
   endloop
 endfacet
 facet normal  0.000000e+00  0.000000e+00  1.000000e+00
   outer loop
     vertex -1.658147e+01 -1.205557e+01  1.200000e+01
     vertex -1.717376e+01 -1.293492e+01  1.200000e+01
     vertex -1.645711e+01 -1.220711e+01  1.200000e+01
   endloop
 endfacet
 facet normal  0.000000e+00  0.000000e+00  1.000000e+00
   outer loop
     vertex -1.658147e+01 -1.205557e+01  1.200000e+01
     vertex -1.771434e+01 -1.218409e+01  1.200000e+01
     vertex -1.717376e+01 -1.293492e+01  1.200000e+01
   endloop
 endfacet
 facet normal  0.000000e+00  0.000000e+00  1.000000e+00
   outer loop
     vertex -1.667388e+01 -1.188268e+01  1.200000e+01
     vertex -1.771434e+01 -1.218409e+01  1.200000e+01
     vertex -1.658147e+01 -1.205557e+01  1.200000e+01
   endloop
 endfacet
 facet normal  0.000000e+00  0.000000e+00  1.000000e+00
   outer loop
     vertex -1.613268e+01 -1.242388e+01  1.200000e+01
     vertex -1.630557e+01 -1.233147e+01  1.200000e+01
     vertex -1.717376e+01 -1.293492e+01  1.200000e+01
   endloop
 endfacet
 facet normal  0.000000e+00  0.000000e+00  1.000000e+00
   outer loop
     vertex -1.613268e+01 -1.242388e+01  1.200000e+01
     vertex -1.717376e+01 -1.293492e+01  1.200000e+01
     vertex -1.660137e+01 -1.366179e+01  1.200000e+01
   endloop
 endfacet
 facet normal  0.000000e+00  0.000000e+00  1.000000e+00
   outer loop
     vertex -1.673079e+01 -1.169509e+01  1.200000e+01
     vertex -1.771434e+01 -1.218409e+01  1.200000e+01
     vertex -1.667388e+01 -1.188268e+01  1.200000e+01
   endloop
 endfacet
 facet normal  0.000000e+00  0.000000e+00  1.000000e+00
   outer loop
     vertex -1.594509e+01 -1.248079e+01  1.200000e+01
     vertex -1.613268e+01 -1.242388e+01  1.200000e+01
     vertex -1.660137e+01 -1.366179e+01  1.200000e+01
   endloop
 endfacet
 facet normal  0.000000e+00  0.000000e+00  1.000000e+00
   outer loop
     vertex -1.675000e+01 -1.150000e+01  1.200000e+01
     vertex -1.771434e+01 -1.218409e+01  1.200000e+01
     vertex -1.673079e+01 -1.169509e+01  1.200000e+01
   endloop
 endfacet
 facet normal  0.000000e+00  0.000000e+00  1.000000e+00
   outer loop
     vertex -1.675000e+01 -1.150000e+01  1.200000e+01
     vertex -1.822213e+01 -1.141070e+01  1.200000e+01
     vertex -1.771434e+01 -1.218409e+01  1.200000e+01
   endloop
 endfacet
 facet normal  0.000000e+00  0.000000e+00  1.000000e+00
   outer loop
     vertex -1.575000e+01 -1.250000e+01  1.200000e+01
     vertex -1.594509e+01 -1.248079e+01  1.200000e+01
     vertex -1.660137e+01 -1.366179e+01  1.200000e+01
   endloop
 endfacet
 facet normal  0.000000e+00  0.000000e+00  1.000000e+00
   outer loop
     vertex -1.575000e+01 -1.250000e+01  1.200000e+01
     vertex -1.660137e+01 -1.366179e+01  1.200000e+01
     vertex -1.599823e+01 -1.436337e+01  1.200000e+01
   endloop
 endfacet
 facet normal  0.000000e+00  0.000000e+00  1.000000e+00
   outer loop
     vertex -1.673079e+01 -1.130491e+01  1.200000e+01
     vertex -1.822213e+01 -1.141070e+01  1.200000e+01
     vertex -1.675000e+01 -1.150000e+01  1.200000e+01
   endloop
 endfacet
 facet normal  0.000000e+00  0.000000e+00  1.000000e+00
   outer loop
     vertex -1.555491e+01 -1.248079e+01  1.200000e+01
     vertex -1.575000e+01 -1.250000e+01  1.200000e+01
     vertex -1.599823e+01 -1.436337e+01  1.200000e+01
   endloop
 endfacet
 facet normal  0.000000e+00  0.000000e+00  1.000000e+00
   outer loop
     vertex -1.667388e+01 -1.111732e+01  1.200000e+01
     vertex -1.822213e+01 -1.141070e+01  1.200000e+01
     vertex -1.673079e+01 -1.130491e+01  1.200000e+01
   endloop
 endfacet
 facet normal  0.000000e+00  0.000000e+00  1.000000e+00
   outer loop
     vertex -1.536732e+01 -1.242388e+01  1.200000e+01
     vertex -1.599823e+01 -1.436337e+01  1.200000e+01
     vertex -1.536548e+01 -1.503835e+01  1.200000e+01
   endloop
 endfacet
 facet normal  0.000000e+00  0.000000e+00  1.000000e+00
   outer loop
     vertex -1.536732e+01 -1.242388e+01  1.200000e+01
     vertex -1.555491e+01 -1.248079e+01  1.200000e+01
     vertex -1.599823e+01 -1.436337e+01  1.200000e+01
   endloop
 endfacet
 facet normal  0.000000e+00  0.000000e+00  1.000000e+00
   outer loop
     vertex -1.658147e+01 -1.094443e+01  1.200000e+01
     vertex -1.822213e+01 -1.141070e+01  1.200000e+01
     vertex -1.667388e+01 -1.111732e+01  1.200000e+01
   endloop
 endfacet
 facet normal  0.000000e+00  0.000000e+00  1.000000e+00
   outer loop
     vertex -1.658147e+01 -1.094443e+01  1.200000e+01
     vertex -1.869617e+01 -1.061617e+01  1.200000e+01
     vertex -1.822213e+01 -1.141070e+01  1.200000e+01
   endloop
 endfacet
 facet normal  0.000000e+00  0.000000e+00  1.000000e+00
   outer loop
     vertex -1.519443e+01 -1.233147e+01  1.200000e+01
     vertex -1.536732e+01 -1.242388e+01  1.200000e+01
     vertex -1.536548e+01 -1.503835e+01  1.200000e+01
   endloop
 endfacet
 facet normal  0.000000e+00  0.000000e+00  1.000000e+00
   outer loop
     vertex -1.645711e+01 -1.079289e+01  1.200000e+01
     vertex -1.869617e+01 -1.061617e+01  1.200000e+01
     vertex -1.658147e+01 -1.094443e+01  1.200000e+01
   endloop
 endfacet
 facet normal  0.000000e+00  0.000000e+00  1.000000e+00
   outer loop
     vertex -1.645711e+01 -1.079289e+01  1.200000e+01
     vertex -1.913559e+01 -9.801994e+00  1.200000e+01
     vertex -1.869617e+01 -1.061617e+01  1.200000e+01
   endloop
 endfacet
 facet normal  0.000000e+00  0.000000e+00  1.000000e+00
   outer loop
     vertex -1.630557e+01 -1.066853e+01  1.200000e+01
     vertex -1.913559e+01 -9.801994e+00  1.200000e+01
     vertex -1.645711e+01 -1.079289e+01  1.200000e+01
   endloop
 endfacet
 facet normal  0.000000e+00  0.000000e+00  1.000000e+00
   outer loop
     vertex -1.613268e+01 -1.057612e+01  1.200000e+01
     vertex -1.913559e+01 -9.801994e+00  1.200000e+01
     vertex -1.630557e+01 -1.066853e+01  1.200000e+01
   endloop
 endfacet
 facet normal  0.000000e+00  0.000000e+00  1.000000e+00
   outer loop
     vertex -1.613268e+01 -1.057612e+01  1.200000e+01
     vertex -1.953958e+01 -8.969662e+00  1.200000e+01
     vertex -1.913559e+01 -9.801994e+00  1.200000e+01
   endloop
 endfacet
 facet normal  0.000000e+00  0.000000e+00  1.000000e+00
   outer loop
     vertex -1.594509e+01 -1.051921e+01  1.200000e+01
     vertex -1.953958e+01 -8.969662e+00  1.200000e+01
     vertex -1.613268e+01 -1.057612e+01  1.200000e+01
   endloop
 endfacet
 facet normal  0.000000e+00  0.000000e+00  1.000000e+00
   outer loop
     vertex -1.200000e+01 -1.400000e+01  1.200000e+01
     vertex -1.476921e+01 -1.130491e+01  1.200000e+01
     vertex -1.475000e+01 -1.150000e+01  1.200000e+01
   endloop
 endfacet
 facet normal  0.000000e+00  0.000000e+00  1.000000e+00
   outer loop
     vertex -1.200000e+01 -1.400000e+01  1.200000e+01
     vertex -1.519443e+01 -1.233147e+01  1.200000e+01
     vertex -1.536548e+01 -1.503835e+01  1.200000e+01
   endloop
 endfacet
 facet normal  0.000000e+00  0.000000e+00  1.000000e+00
   outer loop
     vertex -1.200000e+01 -1.400000e+01  1.200000e+01
     vertex -1.504289e+01 -1.220711e+01  1.200000e+01
     vertex -1.519443e+01 -1.233147e+01  1.200000e+01
   endloop
 endfacet
 facet normal  0.000000e+00  0.000000e+00  1.000000e+00
   outer loop
     vertex -1.200000e+01 -1.400000e+01  1.200000e+01
     vertex -1.491853e+01 -1.205557e+01  1.200000e+01
     vertex -1.504289e+01 -1.220711e+01  1.200000e+01
   endloop
 endfacet
 facet normal  0.000000e+00  0.000000e+00  1.000000e+00
   outer loop
     vertex -1.200000e+01 -1.400000e+01  1.200000e+01
     vertex -1.482612e+01 -1.188268e+01  1.200000e+01
     vertex -1.491853e+01 -1.205557e+01  1.200000e+01
   endloop
 endfacet
 facet normal  0.000000e+00  0.000000e+00  1.000000e+00
   outer loop
     vertex -1.200000e+01 -1.400000e+01  1.200000e+01
     vertex -1.476921e+01 -1.169509e+01  1.200000e+01
     vertex -1.482612e+01 -1.188268e+01  1.200000e+01
   endloop
 endfacet
 facet normal  0.000000e+00  0.000000e+00  1.000000e+00
   outer loop
     vertex -1.200000e+01 -1.400000e+01  1.200000e+01
     vertex -1.475000e+01 -1.150000e+01  1.200000e+01
     vertex -1.476921e+01 -1.169509e+01  1.200000e+01
   endloop
 endfacet
 facet normal  0.000000e+00  0.000000e+00  1.000000e+00
   outer loop
     vertex -1.200000e+01 -1.400000e+01  1.200000e+01
     vertex -1.536548e+01 -1.503835e+01  1.200000e+01
     vertex -1.470427e+01 -1.568549e+01  1.200000e+01
   endloop
 endfacet
 facet normal  0.000000e+00  0.000000e+00  1.000000e+00
   outer loop
     vertex -1.200000e+01 -1.400000e+01  1.200000e+01
     vertex -1.470427e+01 -1.568549e+01  1.200000e+01
     vertex -1.401583e+01 -1.630357e+01  1.200000e+01
   endloop
 endfacet
 facet normal  0.000000e+00  0.000000e+00  1.000000e+00
   outer loop
     vertex -1.200000e+01 -1.400000e+01  1.200000e+01
     vertex -1.401583e+01 -1.630357e+01  1.200000e+01
     vertex -1.330144e+01 -1.689147e+01  1.200000e+01
   endloop
 endfacet
 facet normal  0.000000e+00  0.000000e+00  1.000000e+00
   outer loop
     vertex -1.200000e+01 -1.400000e+01  1.200000e+01
     vertex -1.330144e+01 -1.689147e+01  1.200000e+01
     vertex -1.256241e+01 -1.744809e+01  1.200000e+01
   endloop
 endfacet
 facet normal  0.000000e+00  0.000000e+00  1.000000e+00
   outer loop
     vertex -9.950000e+00 -1.600000e+01  1.200000e+01
     vertex -1.200000e+01 -1.400000e+01  1.200000e+01
     vertex -1.256241e+01 -1.744809e+01  1.200000e+01
   endloop
 endfacet
 facet normal  0.000000e+00  0.000000e+00  1.000000e+00
   outer loop
     vertex -9.950000e+00 -1.600000e+01  1.200000e+01
     vertex -1.256241e+01 -1.744809e+01  1.200000e+01
     vertex -1.180012e+01 -1.797240e+01  1.200000e+01
   endloop
 endfacet
 facet normal  0.000000e+00  0.000000e+00  1.000000e+00
   outer loop
     vertex -9.950000e+00 -1.600000e+01  1.200000e+01
     vertex -1.180012e+01 -1.797240e+01  1.200000e+01
     vertex -1.101599e+01 -1.846343e+01  1.200000e+01
   endloop
 endfacet
 facet normal  0.000000e+00  0.000000e+00  1.000000e+00
   outer loop
     vertex -9.950000e+00 -1.600000e+01  1.200000e+01
     vertex -1.101599e+01 -1.846343e+01  1.200000e+01
     vertex -1.021145e+01 -1.892026e+01  1.200000e+01
   endloop
 endfacet
 facet normal  0.000000e+00  0.000000e+00  1.000000e+00
   outer loop
     vertex -9.950000e+00 -1.600000e+01  1.200000e+01
     vertex -1.021145e+01 -1.892026e+01  1.200000e+01
     vertex -9.388001e+00 -1.934206e+01  1.200000e+01
   endloop
 endfacet
 facet normal  0.000000e+00  0.000000e+00  1.000000e+00
   outer loop
     vertex -9.950000e+00 -1.600000e+01  1.200000e+01
     vertex -9.388001e+00 -1.934206e+01  1.200000e+01
     vertex -8.547171e+00 -1.972805e+01  1.200000e+01
   endloop
 endfacet
 facet normal  0.000000e+00  0.000000e+00  1.000000e+00
   outer loop
     vertex -1.951000e+01 -5.450000e+00  1.200000e+01
     vertex -2.100418e+01 -4.590700e+00  1.200000e+01
     vertex -2.078723e+01 -5.490096e+00  1.200000e+01
   endloop
 endfacet
 facet normal  0.000000e+00  0.000000e+00  1.000000e+00
   outer loop
     vertex -1.951000e+01 -5.450000e+00  1.200000e+01
     vertex -2.078723e+01 -5.490096e+00  1.200000e+01
     vertex -2.053179e+01 -6.379326e+00  1.200000e+01
   endloop
 endfacet
 facet normal  0.000000e+00  0.000000e+00  1.000000e+00
   outer loop
     vertex -1.951000e+01 -5.450000e+00  1.200000e+01
     vertex -2.053179e+01 -6.379326e+00  1.200000e+01
     vertex -2.023832e+01 -7.256742e+00  1.200000e+01
   endloop
 endfacet
 facet normal  0.000000e+00  0.000000e+00  1.000000e+00
   outer loop
     vertex -1.951000e+01 -5.450000e+00  1.200000e+01
     vertex -2.023832e+01 -7.256742e+00  1.200000e+01
     vertex -1.990738e+01 -8.120721e+00  1.200000e+01
   endloop
 endfacet
 facet normal  0.000000e+00  0.000000e+00  1.000000e+00
   outer loop
     vertex -1.951000e+01 -5.450000e+00  1.200000e+01
     vertex -1.990738e+01 -8.120721e+00  1.200000e+01
     vertex -1.953958e+01 -8.969662e+00  1.200000e+01
   endloop
 endfacet
 facet normal  0.000000e+00  0.000000e+00  1.000000e+00
   outer loop
     vertex -1.951000e+01 -5.450000e+00  1.200000e+01
     vertex -1.953958e+01 -8.969662e+00  1.200000e+01
     vertex -1.594509e+01 -1.051921e+01  1.200000e+01
   endloop
 endfacet
 facet normal  0.000000e+00  0.000000e+00  1.000000e+00
   outer loop
     vertex -2.118223e+01 -3.682803e+00  1.200000e+01
     vertex -2.100418e+01 -4.590700e+00  1.200000e+01
     vertex -1.951000e+01 -5.450000e+00  1.200000e+01
   endloop
 endfacet
 facet normal  0.000000e+00  0.000000e+00  1.000000e+00
   outer loop
     vertex -2.132106e+01 -2.768086e+00  1.200000e+01
     vertex -2.118223e+01 -3.682803e+00  1.200000e+01
     vertex -1.951000e+01 -5.450000e+00  1.200000e+01
   endloop
 endfacet
 facet normal  0.000000e+00  0.000000e+00  1.000000e+00
   outer loop
     vertex -9.950000e+00 -1.400000e+01  1.200000e+01
     vertex -1.200000e+01 -1.400000e+01  1.200000e+01
     vertex -9.950000e+00 -1.600000e+01  1.200000e+01
   endloop
 endfacet
 facet normal  0.000000e+00  0.000000e+00  1.000000e+00
   outer loop
     vertex -2.142041e+01 -1.848243e+00  1.200000e+01
     vertex -2.132106e+01 -2.768086e+00  1.200000e+01
     vertex -1.951000e+01 -5.450000e+00  1.200000e+01
   endloop
 endfacet
 facet normal  0.000000e+00  0.000000e+00  1.000000e+00
   outer loop
     vertex -4.450000e+00 -1.600000e+01  1.200000e+01
     vertex -8.547171e+00 -1.972805e+01  1.200000e+01
     vertex -7.690512e+00 -2.007750e+01  1.200000e+01
   endloop
 endfacet
 facet normal  0.000000e+00  0.000000e+00  1.000000e+00
   outer loop
     vertex -4.450000e+00 -1.600000e+01  1.200000e+01
     vertex -7.690512e+00 -2.007750e+01  1.200000e+01
     vertex -6.819613e+00 -2.038977e+01  1.200000e+01
   endloop
 endfacet
 facet normal  0.000000e+00  0.000000e+00  1.000000e+00
   outer loop
     vertex -4.450000e+00 -1.600000e+01  1.200000e+01
     vertex -6.819613e+00 -2.038977e+01  1.200000e+01
     vertex -5.936085e+00 -2.066429e+01  1.200000e+01
   endloop
 endfacet
 facet normal  0.000000e+00  0.000000e+00  1.000000e+00
   outer loop
     vertex -4.450000e+00 -1.600000e+01  1.200000e+01
     vertex -5.936085e+00 -2.066429e+01  1.200000e+01
     vertex -5.041565e+00 -2.090054e+01  1.200000e+01
   endloop
 endfacet
 facet normal  0.000000e+00  0.000000e+00  1.000000e+00
   outer loop
     vertex -4.450000e+00 -1.600000e+01  1.200000e+01
     vertex -5.041565e+00 -2.090054e+01  1.200000e+01
     vertex -4.137709e+00 -2.109809e+01  1.200000e+01
   endloop
 endfacet
 facet normal  0.000000e+00  0.000000e+00  1.000000e+00
   outer loop
     vertex -4.450000e+00 -1.600000e+01  1.200000e+01
     vertex -4.137709e+00 -2.109809e+01  1.200000e+01
     vertex -3.226191e+00 -2.125657e+01  1.200000e+01
   endloop
 endfacet
 facet normal  0.000000e+00  0.000000e+00  1.000000e+00
   outer loop
     vertex -4.450000e+00 -1.600000e+01  1.200000e+01
     vertex -3.226191e+00 -2.125657e+01  1.200000e+01
     vertex -2.308699e+00 -2.137568e+01  1.200000e+01
   endloop
 endfacet
 facet normal  0.000000e+00  0.000000e+00  1.000000e+00
   outer loop
     vertex -4.450000e+00 -1.600000e+01  1.200000e+01
     vertex -2.308699e+00 -2.137568e+01  1.200000e+01
     vertex -1.386932e+00 -2.145522e+01  1.200000e+01
   endloop
 endfacet
 facet normal  0.000000e+00  0.000000e+00  1.000000e+00
   outer loop
     vertex -4.450000e+00 -1.600000e+01  1.200000e+01
     vertex -1.386932e+00 -2.145522e+01  1.200000e+01
     vertex -4.625961e-01 -2.149502e+01  1.200000e+01
   endloop
 endfacet
 facet normal  0.000000e+00  0.000000e+00  1.000000e+00
   outer loop
     vertex -4.450000e+00 -1.600000e+01  1.200000e+01
     vertex -9.950000e+00 -1.600000e+01  1.200000e+01
     vertex -8.547171e+00 -1.972805e+01  1.200000e+01
   endloop
 endfacet
 facet normal  0.000000e+00  0.000000e+00  1.000000e+00
   outer loop
     vertex -1.351000e+01 -5.450000e+00  1.200000e+01
     vertex -1.491853e+01 -1.094443e+01  1.200000e+01
     vertex -1.482612e+01 -1.111732e+01  1.200000e+01
   endloop
 endfacet
 facet normal  0.000000e+00  0.000000e+00  1.000000e+00
   outer loop
     vertex -1.351000e+01 -5.450000e+00  1.200000e+01
     vertex -1.504289e+01 -1.079289e+01  1.200000e+01
     vertex -1.491853e+01 -1.094443e+01  1.200000e+01
   endloop
 endfacet
 facet normal  0.000000e+00  0.000000e+00  1.000000e+00
   outer loop
     vertex -1.351000e+01 -5.450000e+00  1.200000e+01
     vertex -1.519443e+01 -1.066853e+01  1.200000e+01
     vertex -1.504289e+01 -1.079289e+01  1.200000e+01
   endloop
 endfacet
 facet normal  0.000000e+00  0.000000e+00  1.000000e+00
   outer loop
     vertex -1.351000e+01 -5.450000e+00  1.200000e+01
     vertex -1.536732e+01 -1.057612e+01  1.200000e+01
     vertex -1.519443e+01 -1.066853e+01  1.200000e+01
   endloop
 endfacet
 facet normal  0.000000e+00  0.000000e+00  1.000000e+00
   outer loop
     vertex -1.351000e+01 -5.450000e+00  1.200000e+01
     vertex -1.555491e+01 -1.051921e+01  1.200000e+01
     vertex -1.536732e+01 -1.057612e+01  1.200000e+01
   endloop
 endfacet
 facet normal  0.000000e+00  0.000000e+00  1.000000e+00
   outer loop
     vertex -1.351000e+01 -5.450000e+00  1.200000e+01
     vertex -1.575000e+01 -1.050000e+01  1.200000e+01
     vertex -1.555491e+01 -1.051921e+01  1.200000e+01
   endloop
 endfacet
 facet normal  0.000000e+00  0.000000e+00  1.000000e+00
   outer loop
     vertex -1.351000e+01 -5.450000e+00  1.200000e+01
     vertex -1.594509e+01 -1.051921e+01  1.200000e+01
     vertex -1.575000e+01 -1.050000e+01  1.200000e+01
   endloop
 endfacet
 facet normal  0.000000e+00  0.000000e+00  1.000000e+00
   outer loop
     vertex -1.351000e+01 -5.450000e+00  1.200000e+01
     vertex -1.951000e+01 -5.450000e+00  1.200000e+01
     vertex -1.594509e+01 -1.051921e+01  1.200000e+01
   endloop
 endfacet
 facet normal  0.000000e+00  0.000000e+00  1.000000e+00
   outer loop
     vertex -1.951000e+01  6.050000e+00  1.200000e+01
     vertex -2.053179e+01  6.379326e+00  1.200000e+01
     vertex -2.078723e+01  5.490096e+00  1.200000e+01
   endloop
 endfacet
 facet normal  0.000000e+00  0.000000e+00  1.000000e+00
   outer loop
     vertex -1.951000e+01  6.050000e+00  1.200000e+01
     vertex -2.078723e+01  5.490096e+00  1.200000e+01
     vertex -2.100418e+01  4.590700e+00  1.200000e+01
   endloop
 endfacet
 facet normal  0.000000e+00  0.000000e+00  1.000000e+00
   outer loop
     vertex -1.951000e+01  6.050000e+00  1.200000e+01
     vertex -2.100418e+01  4.590700e+00  1.200000e+01
     vertex -2.118223e+01  3.682803e+00  1.200000e+01
   endloop
 endfacet
 facet normal  0.000000e+00  0.000000e+00  1.000000e+00
   outer loop
     vertex -1.951000e+01  6.050000e+00  1.200000e+01
     vertex -2.118223e+01  3.682803e+00  1.200000e+01
     vertex -2.132106e+01  2.768086e+00  1.200000e+01
   endloop
 endfacet
 facet normal  0.000000e+00  0.000000e+00  1.000000e+00
   outer loop
     vertex -2.023832e+01  7.256742e+00  1.200000e+01
     vertex -2.053179e+01  6.379326e+00  1.200000e+01
     vertex -1.951000e+01  6.050000e+00  1.200000e+01
   endloop
 endfacet
 facet normal  0.000000e+00  0.000000e+00  1.000000e+00
   outer loop
     vertex -1.990738e+01  8.120721e+00  1.200000e+01
     vertex -2.023832e+01  7.256742e+00  1.200000e+01
     vertex -1.951000e+01  6.050000e+00  1.200000e+01
   endloop
 endfacet
 facet normal  0.000000e+00  0.000000e+00  1.000000e+00
   outer loop
     vertex  4.450000e+00 -1.600000e+01  1.200000e+01
     vertex -4.625961e-01 -2.149502e+01  1.200000e+01
     vertex  4.625961e-01 -2.149502e+01  1.200000e+01
   endloop
 endfacet
 facet normal  0.000000e+00  0.000000e+00  1.000000e+00
   outer loop
     vertex  4.450000e+00 -1.600000e+01  1.200000e+01
     vertex  4.625961e-01 -2.149502e+01  1.200000e+01
     vertex  1.386932e+00 -2.145522e+01  1.200000e+01
   endloop
 endfacet
 facet normal  0.000000e+00  0.000000e+00  1.000000e+00
   outer loop
     vertex  4.450000e+00 -1.600000e+01  1.200000e+01
     vertex  1.386932e+00 -2.145522e+01  1.200000e+01
     vertex  2.308699e+00 -2.137568e+01  1.200000e+01
   endloop
 endfacet
 facet normal  0.000000e+00  0.000000e+00  1.000000e+00
   outer loop
     vertex  4.450000e+00 -1.600000e+01  1.200000e+01
     vertex  2.308699e+00 -2.137568e+01  1.200000e+01
     vertex  3.226191e+00 -2.125657e+01  1.200000e+01
   endloop
 endfacet
 facet normal  0.000000e+00  0.000000e+00  1.000000e+00
   outer loop
     vertex  4.450000e+00 -1.600000e+01  1.200000e+01
     vertex  3.226191e+00 -2.125657e+01  1.200000e+01
     vertex  4.137709e+00 -2.109809e+01  1.200000e+01
   endloop
 endfacet
 facet normal  0.000000e+00  0.000000e+00  1.000000e+00
   outer loop
     vertex  4.450000e+00 -1.600000e+01  1.200000e+01
     vertex  4.137709e+00 -2.109809e+01  1.200000e+01
     vertex  5.041565e+00 -2.090054e+01  1.200000e+01
   endloop
 endfacet
 facet normal  0.000000e+00  0.000000e+00  1.000000e+00
   outer loop
     vertex  4.450000e+00 -1.600000e+01  1.200000e+01
     vertex  5.041565e+00 -2.090054e+01  1.200000e+01
     vertex  5.936085e+00 -2.066429e+01  1.200000e+01
   endloop
 endfacet
 facet normal  0.000000e+00  0.000000e+00  1.000000e+00
   outer loop
     vertex  4.450000e+00 -1.600000e+01  1.200000e+01
     vertex  5.936085e+00 -2.066429e+01  1.200000e+01
     vertex  6.819613e+00 -2.038977e+01  1.200000e+01
   endloop
 endfacet
 facet normal  0.000000e+00  0.000000e+00  1.000000e+00
   outer loop
     vertex  4.450000e+00 -1.600000e+01  1.200000e+01
     vertex  6.819613e+00 -2.038977e+01  1.200000e+01
     vertex  7.690512e+00 -2.007750e+01  1.200000e+01
   endloop
 endfacet
 facet normal  0.000000e+00  0.000000e+00  1.000000e+00
   outer loop
     vertex  4.450000e+00 -1.600000e+01  1.200000e+01
     vertex -4.450000e+00 -1.400000e+01  1.200000e+01
     vertex -4.450000e+00 -1.600000e+01  1.200000e+01
   endloop
 endfacet
 facet normal  0.000000e+00  0.000000e+00  1.000000e+00
   outer loop
     vertex  4.450000e+00 -1.600000e+01  1.200000e+01
     vertex -4.450000e+00 -1.600000e+01  1.200000e+01
     vertex -4.625961e-01 -2.149502e+01  1.200000e+01
   endloop
 endfacet
 facet normal  0.000000e+00  0.000000e+00  1.000000e+00
   outer loop
     vertex  8.547171e+00 -1.972805e+01  1.200000e+01
     vertex  4.450000e+00 -1.600000e+01  1.200000e+01
     vertex  7.690512e+00 -2.007750e+01  1.200000e+01
   endloop
 endfacet
 facet normal  0.000000e+00  0.000000e+00  1.000000e+00
   outer loop
     vertex -1.953958e+01  8.969662e+00  1.200000e+01
     vertex -1.990738e+01  8.120721e+00  1.200000e+01
     vertex -1.951000e+01  6.050000e+00  1.200000e+01
   endloop
 endfacet
 facet normal  0.000000e+00  0.000000e+00  1.000000e+00
   outer loop
     vertex  4.450000e+00 -1.400000e+01  1.200000e+01
     vertex -4.450000e+00 -1.400000e+01  1.200000e+01
     vertex  4.450000e+00 -1.600000e+01  1.200000e+01
   endloop
 endfacet
 facet normal  0.000000e+00  0.000000e+00  1.000000e+00
   outer loop
     vertex  9.950000e+00 -1.600000e+01  1.200000e+01
     vertex  8.547171e+00 -1.972805e+01  1.200000e+01
     vertex  9.388001e+00 -1.934206e+01  1.200000e+01
   endloop
 endfacet
 facet normal  0.000000e+00  0.000000e+00  1.000000e+00
   outer loop
     vertex  9.950000e+00 -1.600000e+01  1.200000e+01
     vertex  9.388001e+00 -1.934206e+01  1.200000e+01
     vertex  1.021145e+01 -1.892026e+01  1.200000e+01
   endloop
 endfacet
 facet normal  0.000000e+00  0.000000e+00  1.000000e+00
   outer loop
     vertex  9.950000e+00 -1.600000e+01  1.200000e+01
     vertex  1.021145e+01 -1.892026e+01  1.200000e+01
     vertex  1.101599e+01 -1.846343e+01  1.200000e+01
   endloop
 endfacet
 facet normal  0.000000e+00  0.000000e+00  1.000000e+00
   outer loop
     vertex  9.950000e+00 -1.600000e+01  1.200000e+01
     vertex  1.101599e+01 -1.846343e+01  1.200000e+01
     vertex  1.180012e+01 -1.797240e+01  1.200000e+01
   endloop
 endfacet
 facet normal  0.000000e+00  0.000000e+00  1.000000e+00
   outer loop
     vertex  9.950000e+00 -1.600000e+01  1.200000e+01
     vertex  4.450000e+00 -1.600000e+01  1.200000e+01
     vertex  8.547171e+00 -1.972805e+01  1.200000e+01
   endloop
 endfacet
 facet normal  0.000000e+00  0.000000e+00  1.000000e+00
   outer loop
     vertex -1.645711e+01  1.079289e+01  1.200000e+01
     vertex -1.869617e+01  1.061617e+01  1.200000e+01
     vertex -1.913559e+01  9.801994e+00  1.200000e+01
   endloop
 endfacet
 facet normal  0.000000e+00  0.000000e+00  1.000000e+00
   outer loop
     vertex -1.658147e+01  1.094443e+01  1.200000e+01
     vertex -1.869617e+01  1.061617e+01  1.200000e+01
     vertex -1.645711e+01  1.079289e+01  1.200000e+01
   endloop
 endfacet
 facet normal  0.000000e+00  0.000000e+00  1.000000e+00
   outer loop
     vertex -1.658147e+01  1.094443e+01  1.200000e+01
     vertex -1.822213e+01  1.141070e+01  1.200000e+01
     vertex -1.869617e+01  1.061617e+01  1.200000e+01
   endloop
 endfacet
 facet normal  0.000000e+00  0.000000e+00  1.000000e+00
   outer loop
     vertex -1.630557e+01  1.066853e+01  1.200000e+01
     vertex -1.645711e+01  1.079289e+01  1.200000e+01
     vertex -1.913559e+01  9.801994e+00  1.200000e+01
   endloop
 endfacet
 facet normal  0.000000e+00  0.000000e+00  1.000000e+00
   outer loop
     vertex -1.613268e+01  1.057612e+01  1.200000e+01
     vertex -1.913559e+01  9.801994e+00  1.200000e+01
     vertex -1.953958e+01  8.969662e+00  1.200000e+01
   endloop
 endfacet
 facet normal  0.000000e+00  0.000000e+00  1.000000e+00
   outer loop
     vertex -1.613268e+01  1.057612e+01  1.200000e+01
     vertex -1.630557e+01  1.066853e+01  1.200000e+01
     vertex -1.913559e+01  9.801994e+00  1.200000e+01
   endloop
 endfacet
 facet normal  0.000000e+00  0.000000e+00  1.000000e+00
   outer loop
     vertex -1.667388e+01  1.111732e+01  1.200000e+01
     vertex -1.822213e+01  1.141070e+01  1.200000e+01
     vertex -1.658147e+01  1.094443e+01  1.200000e+01
   endloop
 endfacet
 facet normal  0.000000e+00  0.000000e+00  1.000000e+00
   outer loop
     vertex -1.673079e+01  1.130491e+01  1.200000e+01
     vertex -1.822213e+01  1.141070e+01  1.200000e+01
     vertex -1.667388e+01  1.111732e+01  1.200000e+01
   endloop
 endfacet
 facet normal  0.000000e+00  0.000000e+00  1.000000e+00
   outer loop
     vertex -1.594509e+01  1.051921e+01  1.200000e+01
     vertex -1.951000e+01  6.050000e+00  1.200000e+01
     vertex -1.351000e+01  6.050000e+00  1.200000e+01
   endloop
 endfacet
 facet normal  0.000000e+00  0.000000e+00  1.000000e+00
   outer loop
     vertex -1.594509e+01  1.051921e+01  1.200000e+01
     vertex -1.613268e+01  1.057612e+01  1.200000e+01
     vertex -1.953958e+01  8.969662e+00  1.200000e+01
   endloop
 endfacet
 facet normal  0.000000e+00  0.000000e+00  1.000000e+00
   outer loop
     vertex -1.594509e+01  1.051921e+01  1.200000e+01
     vertex -1.953958e+01  8.969662e+00  1.200000e+01
     vertex -1.951000e+01  6.050000e+00  1.200000e+01
   endloop
 endfacet
 facet normal  0.000000e+00  0.000000e+00  1.000000e+00
   outer loop
     vertex -1.675000e+01  1.150000e+01  1.200000e+01
     vertex -1.822213e+01  1.141070e+01  1.200000e+01
     vertex -1.673079e+01  1.130491e+01  1.200000e+01
   endloop
 endfacet
 facet normal  0.000000e+00  0.000000e+00  1.000000e+00
   outer loop
     vertex -1.675000e+01  1.150000e+01  1.200000e+01
     vertex -1.771434e+01  1.218409e+01  1.200000e+01
     vertex -1.822213e+01  1.141070e+01  1.200000e+01
   endloop
 endfacet
 facet normal  0.000000e+00  0.000000e+00  1.000000e+00
   outer loop
     vertex -1.575000e+01  1.050000e+01  1.200000e+01
     vertex -1.594509e+01  1.051921e+01  1.200000e+01
     vertex -1.351000e+01  6.050000e+00  1.200000e+01
   endloop
 endfacet
 facet normal  0.000000e+00  0.000000e+00  1.000000e+00
   outer loop
     vertex -1.673079e+01  1.169509e+01  1.200000e+01
     vertex -1.771434e+01  1.218409e+01  1.200000e+01
     vertex -1.675000e+01  1.150000e+01  1.200000e+01
   endloop
 endfacet
 facet normal  0.000000e+00  0.000000e+00  1.000000e+00
   outer loop
     vertex -1.555491e+01  1.051921e+01  1.200000e+01
     vertex -1.575000e+01  1.050000e+01  1.200000e+01
     vertex -1.351000e+01  6.050000e+00  1.200000e+01
   endloop
 endfacet
 facet normal  0.000000e+00  0.000000e+00  1.000000e+00
   outer loop
     vertex  1.256241e+01 -1.744809e+01  1.200000e+01
     vertex  9.950000e+00 -1.600000e+01  1.200000e+01
     vertex  1.180012e+01 -1.797240e+01  1.200000e+01
   endloop
 endfacet
 facet normal  0.000000e+00  0.000000e+00  1.000000e+00
   outer loop
     vertex -1.667388e+01  1.188268e+01  1.200000e+01
     vertex -1.771434e+01  1.218409e+01  1.200000e+01
     vertex -1.673079e+01  1.169509e+01  1.200000e+01
   endloop
 endfacet
 facet normal  0.000000e+00  0.000000e+00  1.000000e+00
   outer loop
     vertex -1.536732e+01  1.057612e+01  1.200000e+01
     vertex -1.555491e+01  1.051921e+01  1.200000e+01
     vertex -1.351000e+01  6.050000e+00  1.200000e+01
   endloop
 endfacet
 facet normal  0.000000e+00  0.000000e+00  1.000000e+00
   outer loop
     vertex -1.519443e+01  1.066853e+01  1.200000e+01
     vertex -1.536732e+01  1.057612e+01  1.200000e+01
     vertex -1.351000e+01  6.050000e+00  1.200000e+01
   endloop
 endfacet
 facet normal  0.000000e+00  0.000000e+00  1.000000e+00
   outer loop
     vertex -1.658147e+01  1.205557e+01  1.200000e+01
     vertex -1.771434e+01  1.218409e+01  1.200000e+01
     vertex -1.667388e+01  1.188268e+01  1.200000e+01
   endloop
 endfacet
 facet normal  0.000000e+00  0.000000e+00  1.000000e+00
   outer loop
     vertex -1.504289e+01  1.079289e+01  1.200000e+01
     vertex -1.519443e+01  1.066853e+01  1.200000e+01
     vertex -1.351000e+01  6.050000e+00  1.200000e+01
   endloop
 endfacet
 facet normal  0.000000e+00  0.000000e+00  1.000000e+00
   outer loop
     vertex -1.717376e+01  1.293492e+01  1.200000e+01
     vertex -1.658147e+01  1.205557e+01  1.200000e+01
     vertex -1.645711e+01  1.220711e+01  1.200000e+01
   endloop
 endfacet
 facet normal  0.000000e+00  0.000000e+00  1.000000e+00
   outer loop
     vertex -1.717376e+01  1.293492e+01  1.200000e+01
     vertex -1.771434e+01  1.218409e+01  1.200000e+01
     vertex -1.658147e+01  1.205557e+01  1.200000e+01
   endloop
 endfacet
 facet normal  0.000000e+00  0.000000e+00  1.000000e+00
   outer loop
     vertex -1.630557e+01  1.233147e+01  1.200000e+01
     vertex -1.717376e+01  1.293492e+01  1.200000e+01
     vertex -1.645711e+01  1.220711e+01  1.200000e+01
   endloop
 endfacet
 facet normal  0.000000e+00  0.000000e+00  1.000000e+00
   outer loop
     vertex -1.491853e+01  1.094443e+01  1.200000e+01
     vertex -1.504289e+01  1.079289e+01  1.200000e+01
     vertex -1.351000e+01  6.050000e+00  1.200000e+01
   endloop
 endfacet
 facet normal  0.000000e+00  0.000000e+00  1.000000e+00
   outer loop
     vertex -1.482612e+01  1.111732e+01  1.200000e+01
     vertex -1.491853e+01  1.094443e+01  1.200000e+01
     vertex -1.351000e+01  6.050000e+00  1.200000e+01
   endloop
 endfacet
 facet normal  0.000000e+00  0.000000e+00  1.000000e+00
   outer loop
     vertex -1.613268e+01  1.242388e+01  1.200000e+01
     vertex -1.717376e+01  1.293492e+01  1.200000e+01
     vertex -1.630557e+01  1.233147e+01  1.200000e+01
   endloop
 endfacet
 facet normal  0.000000e+00  0.000000e+00  1.000000e+00
   outer loop
     vertex -1.660137e+01  1.366179e+01  1.200000e+01
     vertex -1.594509e+01  1.248079e+01  1.200000e+01
     vertex -1.575000e+01  1.250000e+01  1.200000e+01
   endloop
 endfacet
 facet normal  0.000000e+00  0.000000e+00  1.000000e+00
   outer loop
     vertex -1.660137e+01  1.366179e+01  1.200000e+01
     vertex -1.613268e+01  1.242388e+01  1.200000e+01
     vertex -1.594509e+01  1.248079e+01  1.200000e+01
   endloop
 endfacet
 facet normal  0.000000e+00  0.000000e+00  1.000000e+00
   outer loop
     vertex -1.660137e+01  1.366179e+01  1.200000e+01
     vertex -1.717376e+01  1.293492e+01  1.200000e+01
     vertex -1.613268e+01  1.242388e+01  1.200000e+01
   endloop
 endfacet
 facet normal  0.000000e+00  0.000000e+00  1.000000e+00
   outer loop
     vertex  1.200000e+01 -1.400000e+01  1.200000e+01
     vertex  9.950000e+00 -1.600000e+01  1.200000e+01
     vertex  1.256241e+01 -1.744809e+01  1.200000e+01
   endloop
 endfacet
 facet normal  0.000000e+00  0.000000e+00  1.000000e+00
   outer loop
     vertex  1.200000e+01 -1.400000e+01  1.200000e+01
     vertex  1.256241e+01 -1.744809e+01  1.200000e+01
     vertex  1.330144e+01 -1.689147e+01  1.200000e+01
   endloop
 endfacet
 facet normal  0.000000e+00  0.000000e+00  1.000000e+00
   outer loop
     vertex  1.200000e+01 -1.400000e+01  1.200000e+01
     vertex  1.330144e+01 -1.689147e+01  1.200000e+01
     vertex  1.401583e+01 -1.630357e+01  1.200000e+01
   endloop
 endfacet
 facet normal  0.000000e+00  0.000000e+00  1.000000e+00
   outer loop
     vertex  1.200000e+01 -1.400000e+01  1.200000e+01
     vertex  9.950000e+00 -1.400000e+01  1.200000e+01
     vertex  9.950000e+00 -1.600000e+01  1.200000e+01
   endloop
 endfacet
 facet normal  0.000000e+00  0.000000e+00  1.000000e+00
   outer loop
     vertex -1.599823e+01  1.436337e+01  1.200000e+01
     vertex -1.555491e+01  1.248079e+01  1.200000e+01
     vertex -1.536732e+01  1.242388e+01  1.200000e+01
   endloop
 endfacet
 facet normal  0.000000e+00  0.000000e+00  1.000000e+00
   outer loop
     vertex -1.599823e+01  1.436337e+01  1.200000e+01
     vertex -1.575000e+01  1.250000e+01  1.200000e+01
     vertex -1.555491e+01  1.248079e+01  1.200000e+01
   endloop
 endfacet
 facet normal  0.000000e+00  0.000000e+00  1.000000e+00
   outer loop
     vertex -1.599823e+01  1.436337e+01  1.200000e+01
     vertex -1.660137e+01  1.366179e+01  1.200000e+01
     vertex -1.575000e+01  1.250000e+01  1.200000e+01
   endloop
 endfacet
 facet normal  0.000000e+00  0.000000e+00  1.000000e+00
   outer loop
     vertex  1.470427e+01 -1.568549e+01  1.200000e+01
     vertex  1.200000e+01 -1.400000e+01  1.200000e+01
     vertex  1.401583e+01 -1.630357e+01  1.200000e+01
   endloop
 endfacet
 facet normal  0.000000e+00  0.000000e+00  1.000000e+00
   outer loop
     vertex -1.536548e+01  1.503835e+01  1.200000e+01
     vertex -1.536732e+01  1.242388e+01  1.200000e+01
     vertex -1.519443e+01  1.233147e+01  1.200000e+01
   endloop
 endfacet
 facet normal  0.000000e+00  0.000000e+00  1.000000e+00
   outer loop
     vertex -1.536548e+01  1.503835e+01  1.200000e+01
     vertex -1.599823e+01  1.436337e+01  1.200000e+01
     vertex -1.536732e+01  1.242388e+01  1.200000e+01
   endloop
 endfacet
 facet normal  0.000000e+00  0.000000e+00  1.000000e+00
   outer loop
     vertex  1.536548e+01 -1.503835e+01  1.200000e+01
     vertex  1.200000e+01 -1.400000e+01  1.200000e+01
     vertex  1.470427e+01 -1.568549e+01  1.200000e+01
   endloop
 endfacet
 facet normal  0.000000e+00  0.000000e+00  1.000000e+00
   outer loop
     vertex -1.200000e+01  1.400000e+01  1.200000e+01
     vertex -1.476921e+01  1.169509e+01  1.200000e+01
     vertex -1.475000e+01  1.150000e+01  1.200000e+01
   endloop
 endfacet
 facet normal  0.000000e+00  0.000000e+00  1.000000e+00
   outer loop
     vertex -1.200000e+01  1.400000e+01  1.200000e+01
     vertex -1.482612e+01  1.188268e+01  1.200000e+01
     vertex -1.476921e+01  1.169509e+01  1.200000e+01
   endloop
 endfacet
 facet normal  0.000000e+00  0.000000e+00  1.000000e+00
   outer loop
     vertex -1.200000e+01  1.400000e+01  1.200000e+01
     vertex -1.491853e+01  1.205557e+01  1.200000e+01
     vertex -1.482612e+01  1.188268e+01  1.200000e+01
   endloop
 endfacet
 facet normal  0.000000e+00  0.000000e+00  1.000000e+00
   outer loop
     vertex -1.200000e+01  1.400000e+01  1.200000e+01
     vertex -1.504289e+01  1.220711e+01  1.200000e+01
     vertex -1.491853e+01  1.205557e+01  1.200000e+01
   endloop
 endfacet
 facet normal  0.000000e+00  0.000000e+00  1.000000e+00
   outer loop
     vertex -1.200000e+01  1.400000e+01  1.200000e+01
     vertex -1.519443e+01  1.233147e+01  1.200000e+01
     vertex -1.504289e+01  1.220711e+01  1.200000e+01
   endloop
 endfacet
 facet normal  0.000000e+00  0.000000e+00  1.000000e+00
   outer loop
     vertex -1.200000e+01  1.400000e+01  1.200000e+01
     vertex -1.476921e+01  1.130491e+01  1.200000e+01
     vertex -1.482612e+01  1.111732e+01  1.200000e+01
   endloop
 endfacet
 facet normal  0.000000e+00  0.000000e+00  1.000000e+00
   outer loop
     vertex -1.200000e+01  1.400000e+01  1.200000e+01
     vertex -1.475000e+01  1.150000e+01  1.200000e+01
     vertex -1.476921e+01  1.130491e+01  1.200000e+01
   endloop
 endfacet
 facet normal  0.000000e+00  0.000000e+00  1.000000e+00
   outer loop
     vertex -1.200000e+01  1.400000e+01  1.200000e+01
     vertex -1.470427e+01  1.568549e+01  1.200000e+01
     vertex -1.536548e+01  1.503835e+01  1.200000e+01
   endloop
 endfacet
 facet normal  0.000000e+00  0.000000e+00  1.000000e+00
   outer loop
     vertex -1.200000e+01  1.400000e+01  1.200000e+01
     vertex -1.482612e+01  1.111732e+01  1.200000e+01
     vertex -1.351000e+01  6.050000e+00  1.200000e+01
   endloop
 endfacet
 facet normal  0.000000e+00  0.000000e+00  1.000000e+00
   outer loop
     vertex -1.200000e+01  1.400000e+01  1.200000e+01
     vertex -1.536548e+01  1.503835e+01  1.200000e+01
     vertex -1.519443e+01  1.233147e+01  1.200000e+01
   endloop
 endfacet
 facet normal  0.000000e+00  0.000000e+00  1.000000e+00
   outer loop
     vertex -1.401583e+01  1.630357e+01  1.200000e+01
     vertex -1.470427e+01  1.568549e+01  1.200000e+01
     vertex -1.200000e+01  1.400000e+01  1.200000e+01
   endloop
 endfacet
 facet normal  0.000000e+00  0.000000e+00  1.000000e+00
   outer loop
     vertex  1.519443e+01 -1.233147e+01  1.200000e+01
     vertex  1.504289e+01 -1.220711e+01  1.200000e+01
     vertex  1.200000e+01 -1.400000e+01  1.200000e+01
   endloop
 endfacet
 facet normal  0.000000e+00  0.000000e+00  1.000000e+00
   outer loop
     vertex  1.519443e+01 -1.233147e+01  1.200000e+01
     vertex  1.200000e+01 -1.400000e+01  1.200000e+01
     vertex  1.536548e+01 -1.503835e+01  1.200000e+01
   endloop
 endfacet
 facet normal  0.000000e+00  0.000000e+00  1.000000e+00
   outer loop
     vertex  1.491853e+01 -1.205557e+01  1.200000e+01
     vertex  1.200000e+01 -1.400000e+01  1.200000e+01
     vertex  1.504289e+01 -1.220711e+01  1.200000e+01
   endloop
 endfacet
 facet normal  0.000000e+00  0.000000e+00  1.000000e+00
   outer loop
     vertex  1.482612e+01 -1.188268e+01  1.200000e+01
     vertex  1.200000e+01 -1.400000e+01  1.200000e+01
     vertex  1.491853e+01 -1.205557e+01  1.200000e+01
   endloop
 endfacet
 facet normal  0.000000e+00  0.000000e+00  1.000000e+00
   outer loop
     vertex  1.536732e+01 -1.242388e+01  1.200000e+01
     vertex  1.519443e+01 -1.233147e+01  1.200000e+01
     vertex  1.536548e+01 -1.503835e+01  1.200000e+01
   endloop
 endfacet
 facet normal  0.000000e+00  0.000000e+00  1.000000e+00
   outer loop
     vertex  1.536732e+01 -1.242388e+01  1.200000e+01
     vertex  1.536548e+01 -1.503835e+01  1.200000e+01
     vertex  1.599823e+01 -1.436337e+01  1.200000e+01
   endloop
 endfacet
 facet normal  0.000000e+00  0.000000e+00  1.000000e+00
   outer loop
     vertex  1.476921e+01 -1.169509e+01  1.200000e+01
     vertex  1.200000e+01 -1.400000e+01  1.200000e+01
     vertex  1.482612e+01 -1.188268e+01  1.200000e+01
   endloop
 endfacet
 facet normal  0.000000e+00  0.000000e+00  1.000000e+00
   outer loop
     vertex  1.555491e+01 -1.248079e+01  1.200000e+01
     vertex  1.536732e+01 -1.242388e+01  1.200000e+01
     vertex  1.599823e+01 -1.436337e+01  1.200000e+01
   endloop
 endfacet
 facet normal  0.000000e+00  0.000000e+00  1.000000e+00
   outer loop
     vertex  1.475000e+01 -1.150000e+01  1.200000e+01
     vertex  1.200000e+01 -1.400000e+01  1.200000e+01
     vertex  1.476921e+01 -1.169509e+01  1.200000e+01
   endloop
 endfacet
 facet normal  0.000000e+00  0.000000e+00  1.000000e+00
   outer loop
     vertex  1.575000e+01 -1.250000e+01  1.200000e+01
     vertex  1.555491e+01 -1.248079e+01  1.200000e+01
     vertex  1.599823e+01 -1.436337e+01  1.200000e+01
   endloop
 endfacet
 facet normal  0.000000e+00  0.000000e+00  1.000000e+00
   outer loop
     vertex  1.575000e+01 -1.250000e+01  1.200000e+01
     vertex  1.599823e+01 -1.436337e+01  1.200000e+01
     vertex  1.660137e+01 -1.366179e+01  1.200000e+01
   endloop
 endfacet
 facet normal  0.000000e+00  0.000000e+00  1.000000e+00
   outer loop
     vertex  1.476921e+01 -1.130491e+01  1.200000e+01
     vertex  1.200000e+01 -1.400000e+01  1.200000e+01
     vertex  1.475000e+01 -1.150000e+01  1.200000e+01
   endloop
 endfacet
 facet normal  0.000000e+00  0.000000e+00  1.000000e+00
   outer loop
     vertex  1.594509e+01 -1.248079e+01  1.200000e+01
     vertex  1.575000e+01 -1.250000e+01  1.200000e+01
     vertex  1.660137e+01 -1.366179e+01  1.200000e+01
   endloop
 endfacet
 facet normal  0.000000e+00  0.000000e+00  1.000000e+00
   outer loop
     vertex -1.330144e+01  1.689147e+01  1.200000e+01
     vertex -1.401583e+01  1.630357e+01  1.200000e+01
     vertex -1.200000e+01  1.400000e+01  1.200000e+01
   endloop
 endfacet
 facet normal  0.000000e+00  0.000000e+00  1.000000e+00
   outer loop
     vertex  1.613268e+01 -1.242388e+01  1.200000e+01
     vertex  1.594509e+01 -1.248079e+01  1.200000e+01
     vertex  1.660137e+01 -1.366179e+01  1.200000e+01
   endloop
 endfacet
 facet normal  0.000000e+00  0.000000e+00  1.000000e+00
   outer loop
     vertex  1.717376e+01 -1.293492e+01  1.200000e+01
     vertex  1.630557e+01 -1.233147e+01  1.200000e+01
     vertex  1.613268e+01 -1.242388e+01  1.200000e+01
   endloop
 endfacet
 facet normal  0.000000e+00  0.000000e+00  1.000000e+00
   outer loop
     vertex  1.717376e+01 -1.293492e+01  1.200000e+01
     vertex  1.613268e+01 -1.242388e+01  1.200000e+01
     vertex  1.660137e+01 -1.366179e+01  1.200000e+01
   endloop
 endfacet
 facet normal  0.000000e+00  0.000000e+00  1.000000e+00
   outer loop
     vertex  1.645711e+01 -1.220711e+01  1.200000e+01
     vertex  1.630557e+01 -1.233147e+01  1.200000e+01
     vertex  1.717376e+01 -1.293492e+01  1.200000e+01
   endloop
 endfacet
 facet normal  0.000000e+00  0.000000e+00  1.000000e+00
   outer loop
     vertex  1.658147e+01 -1.205557e+01  1.200000e+01
     vertex  1.645711e+01 -1.220711e+01  1.200000e+01
     vertex  1.717376e+01 -1.293492e+01  1.200000e+01
   endloop
 endfacet
 facet normal  0.000000e+00  0.000000e+00  1.000000e+00
   outer loop
     vertex -1.256241e+01  1.744809e+01  1.200000e+01
     vertex -1.330144e+01  1.689147e+01  1.200000e+01
     vertex -1.200000e+01  1.400000e+01  1.200000e+01
   endloop
 endfacet
 facet normal  0.000000e+00  0.000000e+00  1.000000e+00
   outer loop
     vertex  1.771434e+01 -1.218409e+01  1.200000e+01
     vertex  1.667388e+01 -1.188268e+01  1.200000e+01
     vertex  1.658147e+01 -1.205557e+01  1.200000e+01
   endloop
 endfacet
 facet normal  0.000000e+00  0.000000e+00  1.000000e+00
   outer loop
     vertex  1.771434e+01 -1.218409e+01  1.200000e+01
     vertex  1.673079e+01 -1.169509e+01  1.200000e+01
     vertex  1.667388e+01 -1.188268e+01  1.200000e+01
   endloop
 endfacet
 facet normal  0.000000e+00  0.000000e+00  1.000000e+00
   outer loop
     vertex  1.771434e+01 -1.218409e+01  1.200000e+01
     vertex  1.675000e+01 -1.150000e+01  1.200000e+01
     vertex  1.673079e+01 -1.169509e+01  1.200000e+01
   endloop
 endfacet
 facet normal  0.000000e+00  0.000000e+00  1.000000e+00
   outer loop
     vertex  1.771434e+01 -1.218409e+01  1.200000e+01
     vertex  1.658147e+01 -1.205557e+01  1.200000e+01
     vertex  1.717376e+01 -1.293492e+01  1.200000e+01
   endloop
 endfacet
 facet normal  0.000000e+00  0.000000e+00  1.000000e+00
   outer loop
     vertex -1.180012e+01  1.797240e+01  1.200000e+01
     vertex -1.256241e+01  1.744809e+01  1.200000e+01
     vertex -1.200000e+01  1.400000e+01  1.200000e+01
   endloop
 endfacet
 facet normal  0.000000e+00  0.000000e+00  1.000000e+00
   outer loop
     vertex  1.822213e+01 -1.141070e+01  1.200000e+01
     vertex  1.675000e+01 -1.150000e+01  1.200000e+01
     vertex  1.771434e+01 -1.218409e+01  1.200000e+01
   endloop
 endfacet
 facet normal  0.000000e+00  0.000000e+00  1.000000e+00
   outer loop
     vertex  1.822213e+01 -1.141070e+01  1.200000e+01
     vertex  1.673079e+01 -1.130491e+01  1.200000e+01
     vertex  1.675000e+01 -1.150000e+01  1.200000e+01
   endloop
 endfacet
 facet normal  0.000000e+00  0.000000e+00  1.000000e+00
   outer loop
     vertex  1.822213e+01 -1.141070e+01  1.200000e+01
     vertex  1.667388e+01 -1.111732e+01  1.200000e+01
     vertex  1.673079e+01 -1.130491e+01  1.200000e+01
   endloop
 endfacet
 facet normal  0.000000e+00  0.000000e+00  1.000000e+00
   outer loop
     vertex  1.822213e+01 -1.141070e+01  1.200000e+01
     vertex  1.658147e+01 -1.094443e+01  1.200000e+01
     vertex  1.667388e+01 -1.111732e+01  1.200000e+01
   endloop
 endfacet
 facet normal  0.000000e+00  0.000000e+00  1.000000e+00
   outer loop
     vertex -1.101599e+01  1.846343e+01  1.200000e+01
     vertex -1.180012e+01  1.797240e+01  1.200000e+01
     vertex -1.200000e+01  1.400000e+01  1.200000e+01
   endloop
 endfacet
 facet normal  0.000000e+00  0.000000e+00  1.000000e+00
   outer loop
     vertex  1.351000e+01 -5.450000e+00  1.200000e+01
     vertex  1.575000e+01 -1.050000e+01  1.200000e+01
     vertex  1.594509e+01 -1.051921e+01  1.200000e+01
   endloop
 endfacet
 facet normal  0.000000e+00  0.000000e+00  1.000000e+00
   outer loop
     vertex  1.351000e+01 -5.450000e+00  1.200000e+01
     vertex  1.555491e+01 -1.051921e+01  1.200000e+01
     vertex  1.575000e+01 -1.050000e+01  1.200000e+01
   endloop
 endfacet
 facet normal  0.000000e+00  0.000000e+00  1.000000e+00
   outer loop
     vertex  1.351000e+01 -5.450000e+00  1.200000e+01
     vertex  1.536732e+01 -1.057612e+01  1.200000e+01
     vertex  1.555491e+01 -1.051921e+01  1.200000e+01
   endloop
 endfacet
 facet normal  0.000000e+00  0.000000e+00  1.000000e+00
   outer loop
     vertex  1.351000e+01 -5.450000e+00  1.200000e+01
     vertex  1.519443e+01 -1.066853e+01  1.200000e+01
     vertex  1.536732e+01 -1.057612e+01  1.200000e+01
   endloop
 endfacet
 facet normal  0.000000e+00  0.000000e+00  1.000000e+00
   outer loop
     vertex  1.351000e+01 -5.450000e+00  1.200000e+01
     vertex  1.504289e+01 -1.079289e+01  1.200000e+01
     vertex  1.519443e+01 -1.066853e+01  1.200000e+01
   endloop
 endfacet
 facet normal  0.000000e+00  0.000000e+00  1.000000e+00
   outer loop
     vertex  1.351000e+01 -5.450000e+00  1.200000e+01
     vertex  1.491853e+01 -1.094443e+01  1.200000e+01
     vertex  1.504289e+01 -1.079289e+01  1.200000e+01
   endloop
 endfacet
 facet normal  0.000000e+00  0.000000e+00  1.000000e+00
   outer loop
     vertex  1.351000e+01 -5.450000e+00  1.200000e+01
     vertex  1.482612e+01 -1.111732e+01  1.200000e+01
     vertex  1.491853e+01 -1.094443e+01  1.200000e+01
   endloop
 endfacet
 facet normal  0.000000e+00  0.000000e+00  1.000000e+00
   outer loop
     vertex  1.869617e+01 -1.061617e+01  1.200000e+01
     vertex  1.658147e+01 -1.094443e+01  1.200000e+01
     vertex  1.822213e+01 -1.141070e+01  1.200000e+01
   endloop
 endfacet
 facet normal  0.000000e+00  0.000000e+00  1.000000e+00
   outer loop
     vertex  1.869617e+01 -1.061617e+01  1.200000e+01
     vertex  1.645711e+01 -1.079289e+01  1.200000e+01
     vertex  1.658147e+01 -1.094443e+01  1.200000e+01
   endloop
 endfacet
 facet normal  0.000000e+00  0.000000e+00  1.000000e+00
   outer loop
     vertex -1.021145e+01  1.892026e+01  1.200000e+01
     vertex -1.101599e+01  1.846343e+01  1.200000e+01
     vertex -1.200000e+01  1.400000e+01  1.200000e+01
   endloop
 endfacet
 facet normal  0.000000e+00  0.000000e+00  1.000000e+00
   outer loop
     vertex  1.913559e+01 -9.801994e+00  1.200000e+01
     vertex  1.630557e+01 -1.066853e+01  1.200000e+01
     vertex  1.645711e+01 -1.079289e+01  1.200000e+01
   endloop
 endfacet
 facet normal  0.000000e+00  0.000000e+00  1.000000e+00
   outer loop
     vertex  1.913559e+01 -9.801994e+00  1.200000e+01
     vertex  1.613268e+01 -1.057612e+01  1.200000e+01
     vertex  1.630557e+01 -1.066853e+01  1.200000e+01
   endloop
 endfacet
 facet normal  0.000000e+00  0.000000e+00  1.000000e+00
   outer loop
     vertex  1.913559e+01 -9.801994e+00  1.200000e+01
     vertex  1.645711e+01 -1.079289e+01  1.200000e+01
     vertex  1.869617e+01 -1.061617e+01  1.200000e+01
   endloop
 endfacet
 facet normal  0.000000e+00  0.000000e+00  1.000000e+00
   outer loop
     vertex -9.388001e+00  1.934206e+01  1.200000e+01
     vertex -1.021145e+01  1.892026e+01  1.200000e+01
     vertex -1.200000e+01  1.400000e+01  1.200000e+01
   endloop
 endfacet
 facet normal  0.000000e+00  0.000000e+00  1.000000e+00
   outer loop
     vertex  1.953958e+01 -8.969662e+00  1.200000e+01
     vertex  1.594509e+01 -1.051921e+01  1.200000e+01
     vertex  1.613268e+01 -1.057612e+01  1.200000e+01
   endloop
 endfacet
 facet normal  0.000000e+00  0.000000e+00  1.000000e+00
   outer loop
     vertex  1.953958e+01 -8.969662e+00  1.200000e+01
     vertex  1.613268e+01 -1.057612e+01  1.200000e+01
     vertex  1.913559e+01 -9.801994e+00  1.200000e+01
   endloop
 endfacet
 facet normal  0.000000e+00  0.000000e+00  1.000000e+00
   outer loop
     vertex -8.547171e+00  1.972805e+01  1.200000e+01
     vertex -9.388001e+00  1.934206e+01  1.200000e+01
     vertex -1.200000e+01  1.400000e+01  1.200000e+01
   endloop
 endfacet
 facet normal  0.000000e+00  0.000000e+00  1.000000e+00
   outer loop
     vertex -7.690512e+00  2.007750e+01  1.200000e+01
     vertex -8.547171e+00  1.972805e+01  1.200000e+01
     vertex -1.200000e+01  1.400000e+01  1.200000e+01
   endloop
 endfacet
 facet normal  0.000000e+00  0.000000e+00  1.000000e+00
   outer loop
     vertex -6.819613e+00  2.038977e+01  1.200000e+01
     vertex -7.690512e+00  2.007750e+01  1.200000e+01
     vertex -1.200000e+01  1.400000e+01  1.200000e+01
   endloop
 endfacet
 facet normal  0.000000e+00  0.000000e+00  1.000000e+00
   outer loop
     vertex  1.951000e+01 -5.450000e+00  1.200000e+01
     vertex  1.351000e+01 -5.450000e+00  1.200000e+01
     vertex  1.594509e+01 -1.051921e+01  1.200000e+01
   endloop
 endfacet
 facet normal  0.000000e+00  0.000000e+00  1.000000e+00
   outer loop
     vertex  1.951000e+01 -5.450000e+00  1.200000e+01
     vertex  1.953958e+01 -8.969662e+00  1.200000e+01
     vertex  1.990738e+01 -8.120721e+00  1.200000e+01
   endloop
 endfacet
 facet normal  0.000000e+00  0.000000e+00  1.000000e+00
   outer loop
     vertex  1.951000e+01 -5.450000e+00  1.200000e+01
     vertex  1.990738e+01 -8.120721e+00  1.200000e+01
     vertex  2.023832e+01 -7.256742e+00  1.200000e+01
   endloop
 endfacet
 facet normal  0.000000e+00  0.000000e+00  1.000000e+00
   outer loop
     vertex  1.951000e+01 -5.450000e+00  1.200000e+01
     vertex  1.594509e+01 -1.051921e+01  1.200000e+01
     vertex  1.953958e+01 -8.969662e+00  1.200000e+01
   endloop
 endfacet
 facet normal  0.000000e+00  0.000000e+00  1.000000e+00
   outer loop
     vertex  2.053179e+01 -6.379326e+00  1.200000e+01
     vertex  1.951000e+01 -5.450000e+00  1.200000e+01
     vertex  2.023832e+01 -7.256742e+00  1.200000e+01
   endloop
 endfacet
 facet normal  0.000000e+00  0.000000e+00  1.000000e+00
   outer loop
     vertex -5.936085e+00  2.066429e+01  1.200000e+01
     vertex -6.819613e+00  2.038977e+01  1.200000e+01
     vertex -1.200000e+01  1.400000e+01  1.200000e+01
   endloop
 endfacet
 facet normal  0.000000e+00  0.000000e+00  1.000000e+00
   outer loop
     vertex  2.078723e+01 -5.490096e+00  1.200000e+01
     vertex  1.951000e+01 -5.450000e+00  1.200000e+01
     vertex  2.053179e+01 -6.379326e+00  1.200000e+01
   endloop
 endfacet
 facet normal  0.000000e+00  0.000000e+00  1.000000e+00
   outer loop
     vertex -5.041565e+00  2.090054e+01  1.200000e+01
     vertex -5.936085e+00  2.066429e+01  1.200000e+01
     vertex -1.200000e+01  1.400000e+01  1.200000e+01
   endloop
 endfacet
 facet normal  0.000000e+00  0.000000e+00  1.000000e+00
   outer loop
     vertex  2.100418e+01 -4.590700e+00  1.200000e+01
     vertex  1.951000e+01 -5.450000e+00  1.200000e+01
     vertex  2.078723e+01 -5.490096e+00  1.200000e+01
   endloop
 endfacet
 facet normal  0.000000e+00  0.000000e+00  1.000000e+00
   outer loop
     vertex -4.137709e+00  2.109809e+01  1.200000e+01
     vertex -5.041565e+00  2.090054e+01  1.200000e+01
     vertex -1.200000e+01  1.400000e+01  1.200000e+01
   endloop
 endfacet
 facet normal  0.000000e+00  0.000000e+00  1.000000e+00
   outer loop
     vertex  2.118223e+01 -3.682803e+00  1.200000e+01
     vertex  1.951000e+01 -5.450000e+00  1.200000e+01
     vertex  2.100418e+01 -4.590700e+00  1.200000e+01
   endloop
 endfacet
 facet normal  0.000000e+00  0.000000e+00  1.000000e+00
   outer loop
     vertex -3.226191e+00  2.125657e+01  1.200000e+01
     vertex -4.137709e+00  2.109809e+01  1.200000e+01
     vertex -1.200000e+01  1.400000e+01  1.200000e+01
   endloop
 endfacet
 facet normal  0.000000e+00  0.000000e+00  1.000000e+00
   outer loop
     vertex  2.132106e+01 -2.768086e+00  1.200000e+01
     vertex  1.951000e+01 -5.450000e+00  1.200000e+01
     vertex  2.118223e+01 -3.682803e+00  1.200000e+01
   endloop
 endfacet
 facet normal  0.000000e+00  0.000000e+00  1.000000e+00
   outer loop
     vertex -2.308699e+00  2.137568e+01  1.200000e+01
     vertex -3.226191e+00  2.125657e+01  1.200000e+01
     vertex -1.200000e+01  1.400000e+01  1.200000e+01
   endloop
 endfacet
 facet normal  0.000000e+00  0.000000e+00  1.000000e+00
   outer loop
     vertex  2.142041e+01 -1.848243e+00  1.200000e+01
     vertex  1.951000e+01 -5.450000e+00  1.200000e+01
     vertex  2.132106e+01 -2.768086e+00  1.200000e+01
   endloop
 endfacet
 facet normal  0.000000e+00  0.000000e+00  1.000000e+00
   outer loop
     vertex -1.386932e+00  2.145522e+01  1.200000e+01
     vertex -2.308699e+00  2.137568e+01  1.200000e+01
     vertex -1.200000e+01  1.400000e+01  1.200000e+01
   endloop
 endfacet
 facet normal  0.000000e+00  0.000000e+00  1.000000e+00
   outer loop
     vertex -4.625961e-01  2.149502e+01  1.200000e+01
     vertex -1.386932e+00  2.145522e+01  1.200000e+01
     vertex -1.200000e+01  1.400000e+01  1.200000e+01
   endloop
 endfacet
 facet normal  0.000000e+00  0.000000e+00  1.000000e+00
   outer loop
     vertex  4.625961e-01  2.149502e+01  1.200000e+01
     vertex -4.625961e-01  2.149502e+01  1.200000e+01
     vertex -1.200000e+01  1.400000e+01  1.200000e+01
   endloop
 endfacet
 facet normal  0.000000e+00  0.000000e+00  1.000000e+00
   outer loop
     vertex  1.951000e+01  6.050000e+00  1.200000e+01
     vertex  2.132106e+01  2.768086e+00  1.200000e+01
     vertex  2.118223e+01  3.682803e+00  1.200000e+01
   endloop
 endfacet
 facet normal  0.000000e+00  0.000000e+00  1.000000e+00
   outer loop
     vertex  2.100418e+01  4.590700e+00  1.200000e+01
     vertex  1.951000e+01  6.050000e+00  1.200000e+01
     vertex  2.118223e+01  3.682803e+00  1.200000e+01
   endloop
 endfacet
 facet normal  0.000000e+00  0.000000e+00  1.000000e+00
   outer loop
     vertex  1.519443e+01  1.066853e+01  1.200000e+01
     vertex  1.504289e+01  1.079289e+01  1.200000e+01
     vertex  1.351000e+01  6.050000e+00  1.200000e+01
   endloop
 endfacet
 facet normal  0.000000e+00  0.000000e+00  1.000000e+00
   outer loop
     vertex  1.491853e+01  1.094443e+01  1.200000e+01
     vertex  1.351000e+01  6.050000e+00  1.200000e+01
     vertex  1.504289e+01  1.079289e+01  1.200000e+01
   endloop
 endfacet
 facet normal  0.000000e+00  0.000000e+00  1.000000e+00
   outer loop
     vertex  1.536732e+01  1.057612e+01  1.200000e+01
     vertex  1.519443e+01  1.066853e+01  1.200000e+01
     vertex  1.351000e+01  6.050000e+00  1.200000e+01
   endloop
 endfacet
 facet normal  0.000000e+00  0.000000e+00  1.000000e+00
   outer loop
     vertex  1.482612e+01  1.111732e+01  1.200000e+01
     vertex  1.351000e+01  6.050000e+00  1.200000e+01
     vertex  1.491853e+01  1.094443e+01  1.200000e+01
   endloop
 endfacet
 facet normal  0.000000e+00  0.000000e+00  1.000000e+00
   outer loop
     vertex  1.200000e+01  1.400000e+01  1.200000e+01
     vertex  5.041565e+00  2.090054e+01  1.200000e+01
     vertex  4.137709e+00  2.109809e+01  1.200000e+01
   endloop
 endfacet
 facet normal  0.000000e+00  0.000000e+00  1.000000e+00
   outer loop
     vertex  1.200000e+01  1.400000e+01  1.200000e+01
     vertex  4.137709e+00  2.109809e+01  1.200000e+01
     vertex  3.226191e+00  2.125657e+01  1.200000e+01
   endloop
 endfacet
 facet normal  0.000000e+00  0.000000e+00  1.000000e+00
   outer loop
     vertex  1.200000e+01  1.400000e+01  1.200000e+01
     vertex  3.226191e+00  2.125657e+01  1.200000e+01
     vertex  2.308699e+00  2.137568e+01  1.200000e+01
   endloop
 endfacet
 facet normal  0.000000e+00  0.000000e+00  1.000000e+00
   outer loop
     vertex  1.200000e+01  1.400000e+01  1.200000e+01
     vertex  2.308699e+00  2.137568e+01  1.200000e+01
     vertex  1.386932e+00  2.145522e+01  1.200000e+01
   endloop
 endfacet
 facet normal  0.000000e+00  0.000000e+00  1.000000e+00
   outer loop
     vertex  1.200000e+01  1.400000e+01  1.200000e+01
     vertex  1.386932e+00  2.145522e+01  1.200000e+01
     vertex  4.625961e-01  2.149502e+01  1.200000e+01
   endloop
 endfacet
 facet normal  0.000000e+00  0.000000e+00  1.000000e+00
   outer loop
     vertex  1.200000e+01  1.400000e+01  1.200000e+01
     vertex  4.625961e-01  2.149502e+01  1.200000e+01
     vertex -1.200000e+01  1.400000e+01  1.200000e+01
   endloop
 endfacet
 facet normal  0.000000e+00  0.000000e+00  1.000000e+00
   outer loop
     vertex  1.200000e+01  1.400000e+01  1.200000e+01
     vertex  1.351000e+01  6.050000e+00  1.200000e+01
     vertex  1.482612e+01  1.111732e+01  1.200000e+01
   endloop
 endfacet
 facet normal  0.000000e+00  0.000000e+00  1.000000e+00
   outer loop
     vertex  1.555491e+01  1.051921e+01  1.200000e+01
     vertex  1.536732e+01  1.057612e+01  1.200000e+01
     vertex  1.351000e+01  6.050000e+00  1.200000e+01
   endloop
 endfacet
 facet normal  0.000000e+00  0.000000e+00  1.000000e+00
   outer loop
     vertex  1.476921e+01  1.130491e+01  1.200000e+01
     vertex  1.200000e+01  1.400000e+01  1.200000e+01
     vertex  1.482612e+01  1.111732e+01  1.200000e+01
   endloop
 endfacet
 facet normal  0.000000e+00  0.000000e+00  1.000000e+00
   outer loop
     vertex  1.575000e+01  1.050000e+01  1.200000e+01
     vertex  1.555491e+01  1.051921e+01  1.200000e+01
     vertex  1.351000e+01  6.050000e+00  1.200000e+01
   endloop
 endfacet
 facet normal  0.000000e+00  0.000000e+00  1.000000e+00
   outer loop
     vertex  1.475000e+01  1.150000e+01  1.200000e+01
     vertex  1.200000e+01  1.400000e+01  1.200000e+01
     vertex  1.476921e+01  1.130491e+01  1.200000e+01
   endloop
 endfacet
 facet normal  0.000000e+00  0.000000e+00  1.000000e+00
   outer loop
     vertex  2.078723e+01  5.490096e+00  1.200000e+01
     vertex  1.951000e+01  6.050000e+00  1.200000e+01
     vertex  2.100418e+01  4.590700e+00  1.200000e+01
   endloop
 endfacet
 facet normal  0.000000e+00  0.000000e+00  1.000000e+00
   outer loop
     vertex  1.476921e+01  1.169509e+01  1.200000e+01
     vertex  1.200000e+01  1.400000e+01  1.200000e+01
     vertex  1.475000e+01  1.150000e+01  1.200000e+01
   endloop
 endfacet
 facet normal  0.000000e+00  0.000000e+00  1.000000e+00
   outer loop
     vertex  1.594509e+01  1.051921e+01  1.200000e+01
     vertex  1.351000e+01  6.050000e+00  1.200000e+01
     vertex  1.951000e+01  6.050000e+00  1.200000e+01
   endloop
 endfacet
 facet normal  0.000000e+00  0.000000e+00  1.000000e+00
   outer loop
     vertex  1.594509e+01  1.051921e+01  1.200000e+01
     vertex  1.575000e+01  1.050000e+01  1.200000e+01
     vertex  1.351000e+01  6.050000e+00  1.200000e+01
   endloop
 endfacet
 facet normal  0.000000e+00  0.000000e+00  1.000000e+00
   outer loop
     vertex  5.936085e+00  2.066429e+01  1.200000e+01
     vertex  5.041565e+00  2.090054e+01  1.200000e+01
     vertex  1.200000e+01  1.400000e+01  1.200000e+01
   endloop
 endfacet
 facet normal  0.000000e+00  0.000000e+00  1.000000e+00
   outer loop
     vertex  1.482612e+01  1.188268e+01  1.200000e+01
     vertex  1.200000e+01  1.400000e+01  1.200000e+01
     vertex  1.476921e+01  1.169509e+01  1.200000e+01
   endloop
 endfacet
 facet normal  0.000000e+00  0.000000e+00  1.000000e+00
   outer loop
     vertex  2.053179e+01  6.379326e+00  1.200000e+01
     vertex  1.951000e+01  6.050000e+00  1.200000e+01
     vertex  2.078723e+01  5.490096e+00  1.200000e+01
   endloop
 endfacet
 facet normal  0.000000e+00  0.000000e+00  1.000000e+00
   outer loop
     vertex  1.491853e+01  1.205557e+01  1.200000e+01
     vertex  1.200000e+01  1.400000e+01  1.200000e+01
     vertex  1.482612e+01  1.188268e+01  1.200000e+01
   endloop
 endfacet
 facet normal  0.000000e+00  0.000000e+00  1.000000e+00
   outer loop
     vertex  6.819613e+00  2.038977e+01  1.200000e+01
     vertex  5.936085e+00  2.066429e+01  1.200000e+01
     vertex  1.200000e+01  1.400000e+01  1.200000e+01
   endloop
 endfacet
 facet normal  0.000000e+00  0.000000e+00  1.000000e+00
   outer loop
     vertex  1.504289e+01  1.220711e+01  1.200000e+01
     vertex  1.200000e+01  1.400000e+01  1.200000e+01
     vertex  1.491853e+01  1.205557e+01  1.200000e+01
   endloop
 endfacet
 facet normal  0.000000e+00  0.000000e+00  1.000000e+00
   outer loop
     vertex  2.023832e+01  7.256742e+00  1.200000e+01
     vertex  1.951000e+01  6.050000e+00  1.200000e+01
     vertex  2.053179e+01  6.379326e+00  1.200000e+01
   endloop
 endfacet
 facet normal  0.000000e+00  0.000000e+00  1.000000e+00
   outer loop
     vertex  1.519443e+01  1.233147e+01  1.200000e+01
     vertex  1.200000e+01  1.400000e+01  1.200000e+01
     vertex  1.504289e+01  1.220711e+01  1.200000e+01
   endloop
 endfacet
 facet normal  0.000000e+00  0.000000e+00  1.000000e+00
   outer loop
     vertex  7.690512e+00  2.007750e+01  1.200000e+01
     vertex  6.819613e+00  2.038977e+01  1.200000e+01
     vertex  1.200000e+01  1.400000e+01  1.200000e+01
   endloop
 endfacet
 facet normal  0.000000e+00  0.000000e+00  1.000000e+00
   outer loop
     vertex  1.990738e+01  8.120721e+00  1.200000e+01
     vertex  1.951000e+01  6.050000e+00  1.200000e+01
     vertex  2.023832e+01  7.256742e+00  1.200000e+01
   endloop
 endfacet
 facet normal  0.000000e+00  0.000000e+00  1.000000e+00
   outer loop
     vertex  8.547171e+00  1.972805e+01  1.200000e+01
     vertex  7.690512e+00  2.007750e+01  1.200000e+01
     vertex  1.200000e+01  1.400000e+01  1.200000e+01
   endloop
 endfacet
 facet normal  0.000000e+00  0.000000e+00  1.000000e+00
   outer loop
     vertex  1.953958e+01  8.969662e+00  1.200000e+01
     vertex  1.613268e+01  1.057612e+01  1.200000e+01
     vertex  1.594509e+01  1.051921e+01  1.200000e+01
   endloop
 endfacet
 facet normal  0.000000e+00  0.000000e+00  1.000000e+00
   outer loop
     vertex  1.953958e+01  8.969662e+00  1.200000e+01
     vertex  1.594509e+01  1.051921e+01  1.200000e+01
     vertex  1.951000e+01  6.050000e+00  1.200000e+01
   endloop
 endfacet
 facet normal  0.000000e+00  0.000000e+00  1.000000e+00
   outer loop
     vertex  1.953958e+01  8.969662e+00  1.200000e+01
     vertex  1.951000e+01  6.050000e+00  1.200000e+01
     vertex  1.990738e+01  8.120721e+00  1.200000e+01
   endloop
 endfacet
 facet normal  0.000000e+00  0.000000e+00  1.000000e+00
   outer loop
     vertex  9.388001e+00  1.934206e+01  1.200000e+01
     vertex  8.547171e+00  1.972805e+01  1.200000e+01
     vertex  1.200000e+01  1.400000e+01  1.200000e+01
   endloop
 endfacet
 facet normal  0.000000e+00  0.000000e+00  1.000000e+00
   outer loop
     vertex  1.913559e+01  9.801994e+00  1.200000e+01
     vertex  1.613268e+01  1.057612e+01  1.200000e+01
     vertex  1.953958e+01  8.969662e+00  1.200000e+01
   endloop
 endfacet
 facet normal  0.000000e+00  0.000000e+00  1.000000e+00
   outer loop
     vertex  1.913559e+01  9.801994e+00  1.200000e+01
     vertex  1.630557e+01  1.066853e+01  1.200000e+01
     vertex  1.613268e+01  1.057612e+01  1.200000e+01
   endloop
 endfacet
 facet normal  0.000000e+00  0.000000e+00  1.000000e+00
   outer loop
     vertex  1.913559e+01  9.801994e+00  1.200000e+01
     vertex  1.645711e+01  1.079289e+01  1.200000e+01
     vertex  1.630557e+01  1.066853e+01  1.200000e+01
   endloop
 endfacet
 facet normal  0.000000e+00  0.000000e+00  1.000000e+00
   outer loop
     vertex  1.021145e+01  1.892026e+01  1.200000e+01
     vertex  9.388001e+00  1.934206e+01  1.200000e+01
     vertex  1.200000e+01  1.400000e+01  1.200000e+01
   endloop
 endfacet
 facet normal  0.000000e+00  0.000000e+00  1.000000e+00
   outer loop
     vertex  1.869617e+01  1.061617e+01  1.200000e+01
     vertex  1.658147e+01  1.094443e+01  1.200000e+01
     vertex  1.645711e+01  1.079289e+01  1.200000e+01
   endloop
 endfacet
 facet normal  0.000000e+00  0.000000e+00  1.000000e+00
   outer loop
     vertex  1.869617e+01  1.061617e+01  1.200000e+01
     vertex  1.645711e+01  1.079289e+01  1.200000e+01
     vertex  1.913559e+01  9.801994e+00  1.200000e+01
   endloop
 endfacet
 facet normal  0.000000e+00  0.000000e+00  1.000000e+00
   outer loop
     vertex  1.101599e+01  1.846343e+01  1.200000e+01
     vertex  1.021145e+01  1.892026e+01  1.200000e+01
     vertex  1.200000e+01  1.400000e+01  1.200000e+01
   endloop
 endfacet
 facet normal  0.000000e+00  0.000000e+00  1.000000e+00
   outer loop
     vertex  1.822213e+01  1.141070e+01  1.200000e+01
     vertex  1.658147e+01  1.094443e+01  1.200000e+01
     vertex  1.869617e+01  1.061617e+01  1.200000e+01
   endloop
 endfacet
 facet normal  0.000000e+00  0.000000e+00  1.000000e+00
   outer loop
     vertex  1.822213e+01  1.141070e+01  1.200000e+01
     vertex  1.667388e+01  1.111732e+01  1.200000e+01
     vertex  1.658147e+01  1.094443e+01  1.200000e+01
   endloop
 endfacet
 facet normal  0.000000e+00  0.000000e+00  1.000000e+00
   outer loop
     vertex  1.822213e+01  1.141070e+01  1.200000e+01
     vertex  1.673079e+01  1.130491e+01  1.200000e+01
     vertex  1.667388e+01  1.111732e+01  1.200000e+01
   endloop
 endfacet
 facet normal  0.000000e+00  0.000000e+00  1.000000e+00
   outer loop
     vertex  1.822213e+01  1.141070e+01  1.200000e+01
     vertex  1.675000e+01  1.150000e+01  1.200000e+01
     vertex  1.673079e+01  1.130491e+01  1.200000e+01
   endloop
 endfacet
 facet normal  0.000000e+00  0.000000e+00  1.000000e+00
   outer loop
     vertex  1.180012e+01  1.797240e+01  1.200000e+01
     vertex  1.101599e+01  1.846343e+01  1.200000e+01
     vertex  1.200000e+01  1.400000e+01  1.200000e+01
   endloop
 endfacet
 facet normal  0.000000e+00  0.000000e+00  1.000000e+00
   outer loop
     vertex  1.771434e+01  1.218409e+01  1.200000e+01
     vertex  1.675000e+01  1.150000e+01  1.200000e+01
     vertex  1.822213e+01  1.141070e+01  1.200000e+01
   endloop
 endfacet
 facet normal  0.000000e+00  0.000000e+00  1.000000e+00
   outer loop
     vertex  1.771434e+01  1.218409e+01  1.200000e+01
     vertex  1.673079e+01  1.169509e+01  1.200000e+01
     vertex  1.675000e+01  1.150000e+01  1.200000e+01
   endloop
 endfacet
 facet normal  0.000000e+00  0.000000e+00  1.000000e+00
   outer loop
     vertex  1.771434e+01  1.218409e+01  1.200000e+01
     vertex  1.667388e+01  1.188268e+01  1.200000e+01
     vertex  1.673079e+01  1.169509e+01  1.200000e+01
   endloop
 endfacet
 facet normal  0.000000e+00  0.000000e+00  1.000000e+00
   outer loop
     vertex  1.771434e+01  1.218409e+01  1.200000e+01
     vertex  1.658147e+01  1.205557e+01  1.200000e+01
     vertex  1.667388e+01  1.188268e+01  1.200000e+01
   endloop
 endfacet
 facet normal  0.000000e+00  0.000000e+00  1.000000e+00
   outer loop
     vertex  1.256241e+01  1.744809e+01  1.200000e+01
     vertex  1.180012e+01  1.797240e+01  1.200000e+01
     vertex  1.200000e+01  1.400000e+01  1.200000e+01
   endloop
 endfacet
 facet normal  0.000000e+00  0.000000e+00  1.000000e+00
   outer loop
     vertex  1.717376e+01  1.293492e+01  1.200000e+01
     vertex  1.658147e+01  1.205557e+01  1.200000e+01
     vertex  1.771434e+01  1.218409e+01  1.200000e+01
   endloop
 endfacet
 facet normal  0.000000e+00  0.000000e+00  1.000000e+00
   outer loop
     vertex  1.717376e+01  1.293492e+01  1.200000e+01
     vertex  1.645711e+01  1.220711e+01  1.200000e+01
     vertex  1.658147e+01  1.205557e+01  1.200000e+01
   endloop
 endfacet
 facet normal  0.000000e+00  0.000000e+00  1.000000e+00
   outer loop
     vertex  1.717376e+01  1.293492e+01  1.200000e+01
     vertex  1.630557e+01  1.233147e+01  1.200000e+01
     vertex  1.645711e+01  1.220711e+01  1.200000e+01
   endloop
 endfacet
 facet normal  0.000000e+00  0.000000e+00  1.000000e+00
   outer loop
     vertex  1.717376e+01  1.293492e+01  1.200000e+01
     vertex  1.613268e+01  1.242388e+01  1.200000e+01
     vertex  1.630557e+01  1.233147e+01  1.200000e+01
   endloop
 endfacet
 facet normal  0.000000e+00  0.000000e+00  1.000000e+00
   outer loop
     vertex  1.330144e+01  1.689147e+01  1.200000e+01
     vertex  1.256241e+01  1.744809e+01  1.200000e+01
     vertex  1.200000e+01  1.400000e+01  1.200000e+01
   endloop
 endfacet
 facet normal  0.000000e+00  0.000000e+00  1.000000e+00
   outer loop
     vertex  1.660137e+01  1.366179e+01  1.200000e+01
     vertex  1.613268e+01  1.242388e+01  1.200000e+01
     vertex  1.717376e+01  1.293492e+01  1.200000e+01
   endloop
 endfacet
 facet normal  0.000000e+00  0.000000e+00  1.000000e+00
   outer loop
     vertex  1.660137e+01  1.366179e+01  1.200000e+01
     vertex  1.594509e+01  1.248079e+01  1.200000e+01
     vertex  1.613268e+01  1.242388e+01  1.200000e+01
   endloop
 endfacet
 facet normal  0.000000e+00  0.000000e+00  1.000000e+00
   outer loop
     vertex  1.660137e+01  1.366179e+01  1.200000e+01
     vertex  1.575000e+01  1.250000e+01  1.200000e+01
     vertex  1.594509e+01  1.248079e+01  1.200000e+01
   endloop
 endfacet
 facet normal  0.000000e+00  0.000000e+00  1.000000e+00
   outer loop
     vertex  1.401583e+01  1.630357e+01  1.200000e+01
     vertex  1.330144e+01  1.689147e+01  1.200000e+01
     vertex  1.200000e+01  1.400000e+01  1.200000e+01
   endloop
 endfacet
 facet normal  0.000000e+00  0.000000e+00  1.000000e+00
   outer loop
     vertex  1.599823e+01  1.436337e+01  1.200000e+01
     vertex  1.555491e+01  1.248079e+01  1.200000e+01
     vertex  1.575000e+01  1.250000e+01  1.200000e+01
   endloop
 endfacet
 facet normal  0.000000e+00  0.000000e+00  1.000000e+00
   outer loop
     vertex  1.599823e+01  1.436337e+01  1.200000e+01
     vertex  1.536732e+01  1.242388e+01  1.200000e+01
     vertex  1.555491e+01  1.248079e+01  1.200000e+01
   endloop
 endfacet
 facet normal  0.000000e+00  0.000000e+00  1.000000e+00
   outer loop
     vertex  1.599823e+01  1.436337e+01  1.200000e+01
     vertex  1.575000e+01  1.250000e+01  1.200000e+01
     vertex  1.660137e+01  1.366179e+01  1.200000e+01
   endloop
 endfacet
 facet normal  0.000000e+00  0.000000e+00  1.000000e+00
   outer loop
     vertex  1.470427e+01  1.568549e+01  1.200000e+01
     vertex  1.401583e+01  1.630357e+01  1.200000e+01
     vertex  1.200000e+01  1.400000e+01  1.200000e+01
   endloop
 endfacet
 facet normal  0.000000e+00  0.000000e+00  1.000000e+00
   outer loop
     vertex  1.536548e+01  1.503835e+01  1.200000e+01
     vertex  1.200000e+01  1.400000e+01  1.200000e+01
     vertex  1.519443e+01  1.233147e+01  1.200000e+01
   endloop
 endfacet
 facet normal  0.000000e+00  0.000000e+00  1.000000e+00
   outer loop
     vertex  1.536548e+01  1.503835e+01  1.200000e+01
     vertex  1.519443e+01  1.233147e+01  1.200000e+01
     vertex  1.536732e+01  1.242388e+01  1.200000e+01
   endloop
 endfacet
 facet normal  0.000000e+00  0.000000e+00  1.000000e+00
   outer loop
     vertex  1.536548e+01  1.503835e+01  1.200000e+01
     vertex  1.470427e+01  1.568549e+01  1.200000e+01
     vertex  1.200000e+01  1.400000e+01  1.200000e+01
   endloop
 endfacet
 facet normal  0.000000e+00  0.000000e+00  1.000000e+00
   outer loop
     vertex  1.536548e+01  1.503835e+01  1.200000e+01
     vertex  1.536732e+01  1.242388e+01  1.200000e+01
     vertex  1.599823e+01  1.436337e+01  1.200000e+01
   endloop
 endfacet
 facet normal  0.000000e+00 -0.000000e+00  1.000000e+00
   outer loop
     vertex -1.951000e+01 -5.450000e+00  1.200000e+01
     vertex -1.951000e+01  6.050000e+00  1.200000e+01
     vertex -2.132106e+01  2.768086e+00  1.200000e+01
   endloop
 endfacet
 facet normal  0.000000e+00  0.000000e+00  1.000000e+00
   outer loop
     vertex -1.951000e+01 -5.450000e+00  1.200000e+01
     vertex -2.132106e+01  2.768086e+00  1.200000e+01
     vertex -2.142041e+01  1.848243e+00  1.200000e+01
   endloop
 endfacet
 facet normal  0.000000e+00  0.000000e+00  1.000000e+00
   outer loop
     vertex -1.951000e+01 -5.450000e+00  1.200000e+01
     vertex -2.142041e+01  1.848243e+00  1.200000e+01
     vertex -2.148009e+01  9.249780e-01  1.200000e+01
   endloop
 endfacet
 facet normal  0.000000e+00  0.000000e+00  1.000000e+00
   outer loop
     vertex -1.951000e+01 -5.450000e+00  1.200000e+01
     vertex -2.148009e+01  9.249780e-01  1.200000e+01
     vertex -2.150000e+01  2.632991e-15  1.200000e+01
   endloop
 endfacet
 facet normal  0.000000e+00  0.000000e+00  1.000000e+00
   outer loop
     vertex -1.951000e+01 -5.450000e+00  1.200000e+01
     vertex -2.150000e+01  2.632991e-15  1.200000e+01
     vertex -2.148009e+01 -9.249780e-01  1.200000e+01
   endloop
 endfacet
 facet normal  0.000000e+00  0.000000e+00  1.000000e+00
   outer loop
     vertex -1.951000e+01 -5.450000e+00  1.200000e+01
     vertex -2.148009e+01 -9.249780e-01  1.200000e+01
     vertex -2.142041e+01 -1.848243e+00  1.200000e+01
   endloop
 endfacet
 facet normal  0.000000e+00 -0.000000e+00  1.000000e+00
   outer loop
     vertex -1.200000e+01 -1.400000e+01  1.200000e+01
     vertex -1.200000e+01  1.400000e+01  1.200000e+01
     vertex -1.351000e+01  6.050000e+00  1.200000e+01
   endloop
 endfacet
 facet normal  0.000000e+00  0.000000e+00  1.000000e+00
   outer loop
     vertex -1.200000e+01 -1.400000e+01  1.200000e+01
     vertex -1.351000e+01  6.050000e+00  1.200000e+01
     vertex -1.351000e+01 -5.450000e+00  1.200000e+01
   endloop
 endfacet
 facet normal  0.000000e+00  0.000000e+00  1.000000e+00
   outer loop
     vertex -1.200000e+01 -1.400000e+01  1.200000e+01
     vertex -1.351000e+01 -5.450000e+00  1.200000e+01
     vertex -1.476921e+01 -1.130491e+01  1.200000e+01
   endloop
 endfacet
 facet normal  0.000000e+00 -0.000000e+00  1.000000e+00
   outer loop
     vertex -1.476921e+01 -1.130491e+01  1.200000e+01
     vertex -1.351000e+01 -5.450000e+00  1.200000e+01
     vertex -1.482612e+01 -1.111732e+01  1.200000e+01
   endloop
 endfacet
 facet normal  0.000000e+00  0.000000e+00  1.000000e+00
   outer loop
     vertex  1.200000e+01  1.400000e+01  1.200000e+01
     vertex  1.200000e+01 -1.400000e+01  1.200000e+01
     vertex  1.351000e+01 -5.450000e+00  1.200000e+01
   endloop
 endfacet
 facet normal  0.000000e+00  0.000000e+00  1.000000e+00
   outer loop
     vertex  1.351000e+01 -5.450000e+00  1.200000e+01
     vertex  1.200000e+01 -1.400000e+01  1.200000e+01
     vertex  1.476921e+01 -1.130491e+01  1.200000e+01
   endloop
 endfacet
 facet normal  0.000000e+00  0.000000e+00  1.000000e+00
   outer loop
     vertex  1.351000e+01 -5.450000e+00  1.200000e+01
     vertex  1.476921e+01 -1.130491e+01  1.200000e+01
     vertex  1.482612e+01 -1.111732e+01  1.200000e+01
   endloop
 endfacet
 facet normal  0.000000e+00  0.000000e+00  1.000000e+00
   outer loop
     vertex  1.200000e+01  1.400000e+01  1.200000e+01
     vertex  1.351000e+01 -5.450000e+00  1.200000e+01
     vertex  1.351000e+01  6.050000e+00  1.200000e+01
   endloop
 endfacet
 facet normal  0.000000e+00  0.000000e+00  1.000000e+00
   outer loop
     vertex  1.951000e+01  6.050000e+00  1.200000e+01
     vertex  1.951000e+01 -5.450000e+00  1.200000e+01
     vertex  2.132106e+01  2.768086e+00  1.200000e+01
   endloop
 endfacet
 facet normal  0.000000e+00  0.000000e+00  1.000000e+00
   outer loop
     vertex  2.132106e+01  2.768086e+00  1.200000e+01
     vertex  1.951000e+01 -5.450000e+00  1.200000e+01
     vertex  2.142041e+01  1.848243e+00  1.200000e+01
   endloop
 endfacet
 facet normal  0.000000e+00  0.000000e+00  1.000000e+00
   outer loop
     vertex  2.142041e+01  1.848243e+00  1.200000e+01
     vertex  1.951000e+01 -5.450000e+00  1.200000e+01
     vertex  2.148009e+01  9.249780e-01  1.200000e+01
   endloop
 endfacet
 facet normal  0.000000e+00  0.000000e+00  1.000000e+00
   outer loop
     vertex  2.148009e+01  9.249780e-01  1.200000e+01
     vertex  1.951000e+01 -5.450000e+00  1.200000e+01
     vertex  2.150000e+01  0.000000e+00  1.200000e+01
   endloop
 endfacet
 facet normal  0.000000e+00  0.000000e+00  1.000000e+00
   outer loop
     vertex  2.150000e+01  0.000000e+00  1.200000e+01
     vertex  1.951000e+01 -5.450000e+00  1.200000e+01
     vertex  2.148009e+01 -9.249780e-01  1.200000e+01
   endloop
 endfacet
 facet normal  0.000000e+00  0.000000e+00  1.000000e+00
   outer loop
     vertex  2.148009e+01 -9.249780e-01  1.200000e+01
     vertex  1.951000e+01 -5.450000e+00  1.200000e+01
     vertex  2.142041e+01 -1.848243e+00  1.200000e+01
   endloop
 endfacet
 facet normal -2.613940e-01 -9.652322e-01  5.256162e-16
   outer loop
     vertex  1.639525e+01  1.442979e+01  9.340854e+00
     vertex  1.667133e+01  1.435502e+01  9.500000e+00
     vertex  1.667133e+01  1.435502e+01  1.100000e+01
   endloop
 endfacet
 facet normal -2.522723e-01 -9.676549e-01 -1.627052e-03
   outer loop
     vertex  1.633983e+01  1.444144e+01  1.100000e+01
     vertex  1.639525e+01  1.442979e+01  9.340854e+00
     vertex  1.667133e+01  1.435502e+01  1.100000e+01
   endloop
 endfacet
 facet normal -1.718503e-01 -9.851224e-01  1.181736e-03
   outer loop
     vertex  1.613047e+01  1.447578e+01  9.173492e+00
     vertex  1.639525e+01  1.442979e+01  9.340854e+00
     vertex  1.633983e+01  1.444144e+01  1.100000e+01
   endloop
 endfacet
 facet normal -1.403071e-01 -9.901048e-01 -2.527472e-03
   outer loop
     vertex  1.600064e+01  1.448951e+01  1.100000e+01
     vertex  1.613047e+01  1.447578e+01  9.173492e+00
     vertex  1.633983e+01  1.444144e+01  1.100000e+01
   endloop
 endfacet
 facet normal -8.560504e-02 -9.963282e-01  1.407720e-03
   outer loop
     vertex  1.587696e+01  1.449731e+01  9.000000e+00
     vertex  1.613047e+01  1.447578e+01  9.173492e+00
     vertex  1.600064e+01  1.448951e+01  1.100000e+01
   endloop
 endfacet
 facet normal -2.651282e-02 -9.996459e-01 -2.259398e-03
   outer loop
     vertex  1.565818e+01  1.449859e+01  1.100000e+01
     vertex  1.587696e+01  1.449731e+01  9.000000e+00
     vertex  1.600064e+01  1.448951e+01  1.100000e+01
   endloop
 endfacet
 facet normal  1.180811e-02 -9.999284e-01  1.932792e-03
   outer loop
     vertex  1.555229e+01  1.449348e+01  9.000000e+00
     vertex  1.587696e+01  1.449731e+01  9.000000e+00
     vertex  1.565818e+01  1.449859e+01  1.100000e+01
   endloop
 endfacet
 facet normal  8.762737e-02 -9.961511e-01 -2.090957e-03
   outer loop
     vertex  1.531691e+01  1.446857e+01  1.100000e+01
     vertex  1.555229e+01  1.449348e+01  9.000000e+00
     vertex  1.565818e+01  1.449859e+01  1.100000e+01
   endloop
 endfacet
 facet normal  1.198035e-01 -9.927961e-01  1.737606e-03
   outer loop
     vertex  1.531691e+01  1.446857e+01  1.100000e+01
     vertex  1.522994e+01  1.445458e+01  9.000000e+00
     vertex  1.555229e+01  1.449348e+01  9.000000e+00
   endloop
 endfacet
 facet normal  2.006250e-01 -9.796663e-01 -1.869027e-03
   outer loop
     vertex  1.498130e+01  1.439984e+01  1.100000e+01
     vertex  1.522994e+01  1.445458e+01  9.000000e+00
     vertex  1.531691e+01  1.446857e+01  1.100000e+01
   endloop
 endfacet
 facet normal  2.263957e-01 -9.740343e-01  1.488933e-03
   outer loop
     vertex  1.498130e+01  1.439984e+01  1.100000e+01
     vertex  1.491368e+01  1.438107e+01  9.000000e+00
     vertex  1.522994e+01  1.445458e+01  9.000000e+00
   endloop
 endfacet
 facet normal  3.110065e-01 -9.504065e-01 -1.593614e-03
   outer loop
     vertex  1.465571e+01  1.429330e+01  1.100000e+01
     vertex  1.491368e+01  1.438107e+01  9.000000e+00
     vertex  1.498130e+01  1.439984e+01  1.100000e+01
   endloop
 endfacet
 facet normal  3.303359e-01 -9.438627e-01  1.186783e-03
   outer loop
     vertex  1.465571e+01  1.429330e+01  1.100000e+01
     vertex  1.460721e+01  1.427381e+01  9.000000e+00
     vertex  1.491368e+01  1.438107e+01  9.000000e+00
   endloop
 endfacet
 facet normal  4.173325e-01 -9.087530e-01 -1.264730e-03
   outer loop
     vertex  1.434438e+01  1.415033e+01  1.100000e+01
     vertex  1.460721e+01  1.427381e+01  9.000000e+00
     vertex  1.465571e+01  1.429330e+01  1.100000e+01
   endloop
 endfacet
 facet normal  4.304067e-01 -9.026347e-01  8.311654e-04
   outer loop
     vertex  1.434438e+01  1.415033e+01  1.100000e+01
     vertex  1.431413e+01  1.413406e+01  9.000000e+00
     vertex  1.460721e+01  1.427381e+01  9.000000e+00
   endloop
 endfacet
 facet normal  6.045897e-01 -7.965371e-01 -1.377824e-15
   outer loop
     vertex  1.403787e+01  1.396346e+01  9.000000e+00
     vertex  1.383777e+01  1.381157e+01  2.510480e-01
     vertex  1.403787e+01  1.396346e+01  5.000000e-01
   endloop
 endfacet
 facet normal  5.182164e-01 -8.552491e-01 -8.823839e-04
   outer loop
     vertex  1.405139e+01  1.397280e+01  1.100000e+01
     vertex  1.431413e+01  1.413406e+01  9.000000e+00
     vertex  1.434438e+01  1.415033e+01  1.100000e+01
   endloop
 endfacet
 facet normal  5.254358e-01 -8.508332e-01  4.220941e-04
   outer loop
     vertex  1.405139e+01  1.397280e+01  1.100000e+01
     vertex  1.403787e+01  1.396346e+01  9.000000e+00
     vertex  1.431413e+01  1.413406e+01  9.000000e+00
   endloop
 endfacet
 facet normal  6.130270e-01 -7.900619e-01 -3.053849e-04
   outer loop
     vertex  1.378055e+01  1.376302e+01  1.100000e+01
     vertex  1.383777e+01  1.381157e+01  2.510480e-01
     vertex  1.403787e+01  1.396346e+01  9.000000e+00
   endloop
 endfacet
 facet normal  6.123427e-01 -7.905923e-01 -4.465911e-04
   outer loop
     vertex  1.378055e+01  1.376302e+01  1.100000e+01
     vertex  1.403787e+01  1.396346e+01  9.000000e+00
     vertex  1.405139e+01  1.397280e+01  1.100000e+01
   endloop
 endfacet
 facet normal  6.689819e-01 -7.432787e-01  2.038259e-04
   outer loop
     vertex  1.378055e+01  1.376302e+01  1.100000e+01
     vertex  1.365096e+01  1.364336e+01  0.000000e+00
     vertex  1.383777e+01  1.381157e+01  2.510480e-01
   endloop
 endfacet
 facet normal  6.984837e-01 -7.156258e-01 -4.445345e-04
   outer loop
     vertex  1.353539e+01  1.352373e+01  1.100000e+01
     vertex  1.365096e+01  1.364336e+01  0.000000e+00
     vertex  1.378055e+01  1.376302e+01  1.100000e+01
   endloop
 endfacet
 facet normal  7.392880e-01 -6.733892e-01  4.435219e-04
   outer loop
     vertex  1.353539e+01  1.352373e+01  1.100000e+01
     vertex  1.342054e+01  1.339039e+01  0.000000e+00
     vertex  1.365096e+01  1.364336e+01  0.000000e+00
   endloop
 endfacet
 facet normal  7.755163e-01 -6.313273e-01 -4.445933e-04
   outer loop
     vertex  1.331911e+01  1.325805e+01  1.100000e+01
     vertex  1.342054e+01  1.339039e+01  0.000000e+00
     vertex  1.353539e+01  1.352373e+01  1.100000e+01
   endloop
 endfacet
 facet normal  8.111609e-01 -5.848228e-01  4.435782e-04
   outer loop
     vertex  1.331911e+01  1.325805e+01  1.100000e+01
     vertex  1.322042e+01  1.311283e+01  0.000000e+00
     vertex  1.342054e+01  1.339039e+01  0.000000e+00
   endloop
 endfacet
 facet normal  8.424360e-01 -5.387962e-01 -4.446472e-04
   outer loop
     vertex  1.313452e+01  1.296945e+01  1.100000e+01
     vertex  1.322042e+01  1.311283e+01  0.000000e+00
     vertex  1.331911e+01  1.325805e+01  1.100000e+01
   endloop
 endfacet
 facet normal  8.724809e-01 -4.886481e-01  4.436296e-04
   outer loop
     vertex  1.313452e+01  1.296945e+01  1.100000e+01
     vertex  1.305321e+01  1.281429e+01  0.000000e+00
     vertex  1.322042e+01  1.311283e+01  0.000000e+00
   endloop
 endfacet
 facet normal  8.983701e-01 -4.392390e-01 -4.446961e-04
   outer loop
     vertex  1.298405e+01  1.266168e+01  1.100000e+01
     vertex  1.305321e+01  1.281429e+01  0.000000e+00
     vertex  1.313452e+01  1.296945e+01  1.100000e+01
   endloop
 endfacet
 facet normal  9.224501e-01 -3.861161e-01  4.436761e-04
   outer loop
     vertex  1.298405e+01  1.266168e+01  1.100000e+01
     vertex  1.292109e+01  1.249864e+01  0.000000e+00
     vertex  1.305321e+01  1.281429e+01  0.000000e+00
   endloop
 endfacet
 facet normal  9.425892e-01 -3.339541e-01 -4.447402e-04
   outer loop
     vertex  1.286964e+01  1.233877e+01  1.100000e+01
     vertex  1.292109e+01  1.249864e+01  0.000000e+00
     vertex  1.298405e+01  1.266168e+01  1.100000e+01
   endloop
 endfacet
 facet normal  9.604185e-01 -2.785609e-01  4.437178e-04
   outer loop
     vertex  1.286964e+01  1.233877e+01  1.100000e+01
     vertex  1.282577e+01  1.217000e+01  0.000000e+00
     vertex  1.292109e+01  1.249864e+01  0.000000e+00
   endloop
 endfacet
 facet normal  9.858921e-01 -1.673817e-01  4.437545e-04
   outer loop
     vertex  1.279280e+01  1.200492e+01  1.100000e+01
     vertex  1.276850e+01  1.183265e+01  0.000000e+00
     vertex  1.282577e+01  1.217000e+01  0.000000e+00
   endloop
 endfacet
 facet normal  9.745168e-01 -2.243143e-01 -4.447794e-04
   outer loop
     vertex  1.279280e+01  1.200492e+01  1.100000e+01
     vertex  1.282577e+01  1.217000e+01  0.000000e+00
     vertex  1.286964e+01  1.233877e+01  1.100000e+01
   endloop
 endfacet
 facet normal  9.985395e-01 -5.402493e-02  4.437863e-04
   outer loop
     vertex  1.275451e+01  1.166448e+01  1.100000e+01
     vertex  1.275001e+01  1.149097e+01  0.000000e+00
     vertex  1.276850e+01  1.183265e+01  0.000000e+00
   endloop
 endfacet
 facet normal  9.937363e-01 -1.117493e-01 -4.448136e-04
   outer loop
     vertex  1.275451e+01  1.166448e+01  1.100000e+01
     vertex  1.276850e+01  1.183265e+01  0.000000e+00
     vertex  1.279280e+01  1.200492e+01  1.100000e+01
   endloop
 endfacet
 facet normal  9.981962e-01  6.003472e-02  4.438132e-04
   outer loop
     vertex  1.275529e+01  1.132190e+01  1.100000e+01
     vertex  1.277056e+01  1.114941e+01  0.000000e+00
     vertex  1.275001e+01  1.149097e+01  0.000000e+00
   endloop
 endfacet
 facet normal  9.999973e-01  2.272840e-03 -4.448430e-04
   outer loop
     vertex  1.275529e+01  1.132190e+01  1.100000e+01
     vertex  1.275001e+01  1.149097e+01  0.000000e+00
     vertex  1.275451e+01  1.166448e+01  1.100000e+01
   endloop
 endfacet
 facet normal  9.848666e-01  1.733133e-01  4.438353e-04
   outer loop
     vertex  1.279512e+01  1.098164e+01  1.100000e+01
     vertex  1.282986e+01  1.081241e+01  0.000000e+00
     vertex  1.277056e+01  1.114941e+01  0.000000e+00
   endloop
 endfacet
 facet normal  9.932181e-01  1.162654e-01 -4.448675e-04
   outer loop
     vertex  1.279512e+01  1.098164e+01  1.100000e+01
     vertex  1.277056e+01  1.114941e+01  0.000000e+00
     vertex  1.275529e+01  1.132190e+01  1.100000e+01
   endloop
 endfacet
 facet normal  9.587242e-01  2.843372e-01  4.438524e-04
   outer loop
     vertex  1.287348e+01  1.064814e+01  1.100000e+01
     vertex  1.292716e+01  1.048435e+01  0.000000e+00
     vertex  1.282986e+01  1.081241e+01  0.000000e+00
   endloop
 endfacet
 facet normal  9.734870e-01  2.287418e-01 -4.448871e-04
   outer loop
     vertex  1.287348e+01  1.064814e+01  1.100000e+01
     vertex  1.282986e+01  1.081241e+01  0.000000e+00
     vertex  1.279512e+01  1.098164e+01  1.100000e+01
   endloop
 endfacet
 facet normal  9.201091e-01  3.916619e-01  4.438647e-04
   outer loop
     vertex  1.298936e+01  1.032575e+01  1.100000e+01
     vertex  1.306117e+01  1.016950e+01  0.000000e+00
     vertex  1.292716e+01  1.048435e+01  0.000000e+00
   endloop
 endfacet
 facet normal  9.410615e-01  3.382353e-01 -4.449018e-04
   outer loop
     vertex  1.298936e+01  1.032575e+01  1.100000e+01
     vertex  1.292716e+01  1.048435e+01  0.000000e+00
     vertex  1.287348e+01  1.064814e+01  1.100000e+01
   endloop
 endfacet
 facet normal  8.695236e-01  4.938912e-01  4.438720e-04
   outer loop
     vertex  1.314123e+01  1.001868e+01  1.100000e+01
     vertex  1.323017e+01  9.871971e+00  0.000000e+00
     vertex  1.306117e+01  1.016950e+01  0.000000e+00
   endloop
 endfacet
 facet normal  8.963642e-01  4.433182e-01 -4.449116e-04
   outer loop
     vertex  1.314123e+01  1.001868e+01  1.100000e+01
     vertex  1.306117e+01  1.016950e+01  0.000000e+00
     vertex  1.298936e+01  1.032575e+01  1.100000e+01
   endloop
 endfacet
 facet normal  8.076259e-01  5.896951e-01  4.438744e-04
   outer loop
     vertex  1.332712e+01  9.730915e+00  1.100000e+01
     vertex  1.343196e+01  9.595617e+00  0.000000e+00
     vertex  1.323017e+01  9.871971e+00  0.000000e+00
   endloop
 endfacet
 facet normal  8.399781e-01  5.426201e-01 -4.449165e-04
   outer loop
     vertex  1.332712e+01  9.730915e+00  1.100000e+01
     vertex  1.323017e+01  9.871971e+00  0.000000e+00
     vertex  1.314123e+01  1.001868e+01  1.100000e+01
   endloop
 endfacet
 facet normal  7.352211e-01  6.778272e-01  4.438720e-04
   outer loop
     vertex  1.354461e+01  9.466223e+00  1.100000e+01
     vertex  1.366390e+01  9.344039e+00  0.000000e+00
     vertex  1.343196e+01  9.595617e+00  0.000000e+00
   endloop
 endfacet
 facet normal  7.726385e-01  6.348461e-01 -4.449165e-04
   outer loop
     vertex  1.354461e+01  9.466223e+00  1.100000e+01
     vertex  1.343196e+01  9.595617e+00  0.000000e+00
     vertex  1.332712e+01  9.730915e+00  1.100000e+01
   endloop
 endfacet
 facet normal  6.532513e-01  7.571410e-01  4.438647e-04
   outer loop
     vertex  1.379085e+01  9.228052e+00  1.100000e+01
     vertex  1.392297e+01  9.120509e+00  0.000000e+00
     vertex  1.366390e+01  9.344039e+00  0.000000e+00
   endloop
 endfacet
 facet normal  6.952235e-01  7.187935e-01 -4.449116e-04
   outer loop
     vertex  1.379085e+01  9.228052e+00  1.100000e+01
     vertex  1.366390e+01  9.344039e+00  0.000000e+00
     vertex  1.354461e+01  9.466223e+00  1.100000e+01
   endloop
 endfacet
 facet normal  6.087426e-01  7.933677e-01 -4.449018e-04
   outer loop
     vertex  1.406265e+01  9.019508e+00  1.100000e+01
     vertex  1.392297e+01  9.120509e+00  0.000000e+00
     vertex  1.379085e+01  9.228052e+00  1.100000e+01
   endloop
 endfacet
 facet normal  5.627830e-01  8.266046e-01  4.438524e-04
   outer loop
     vertex  1.406265e+01  9.019508e+00  1.100000e+01
     vertex  1.420582e+01  8.927935e+00  0.000000e+00
     vertex  1.392297e+01  9.120509e+00  0.000000e+00
   endloop
 endfacet
 facet normal  5.143235e-01  8.575961e-01 -4.448871e-04
   outer loop
     vertex  1.435644e+01  8.843310e+00  1.100000e+01
     vertex  1.420582e+01  8.927935e+00  0.000000e+00
     vertex  1.406265e+01  9.019508e+00  1.100000e+01
   endloop
 endfacet
 facet normal  4.649929e-01  8.853143e-01  4.438353e-04
   outer loop
     vertex  1.435644e+01  8.843310e+00  1.100000e+01
     vertex  1.450876e+01  8.768824e+00  0.000000e+00
     vertex  1.420582e+01  8.927935e+00  0.000000e+00
   endloop
 endfacet
 facet normal  4.131976e-01  9.106413e-01 -4.448675e-04
   outer loop
     vertex  1.466841e+01  8.701756e+00  1.100000e+01
     vertex  1.450876e+01  8.768824e+00  0.000000e+00
     vertex  1.435644e+01  8.843310e+00  1.100000e+01
   endloop
 endfacet
 facet normal  3.611535e-01  9.325063e-01  4.438132e-04
   outer loop
     vertex  1.466841e+01  8.701756e+00  1.100000e+01
     vertex  1.482785e+01  8.645244e+00  0.000000e+00
     vertex  1.450876e+01  8.768824e+00  0.000000e+00
   endloop
 endfacet
 facet normal  3.066834e-01  9.518115e-01 -4.448430e-04
   outer loop
     vertex  1.499449e+01  8.596691e+00  1.100000e+01
     vertex  1.482785e+01  8.645244e+00  0.000000e+00
     vertex  1.466841e+01  8.701756e+00  1.100000e+01
   endloop
 endfacet
 facet normal  2.526155e-01  9.675667e-01  4.437863e-04
   outer loop
     vertex  1.499449e+01  8.596691e+00  1.100000e+01
     vertex  1.515893e+01  8.558804e+00  0.000000e+00
     vertex  1.482785e+01  8.645244e+00  0.000000e+00
   endloop
 endfacet
 facet normal  1.961700e-01  9.805698e-01 -4.448136e-04
   outer loop
     vertex  1.533041e+01  8.529487e+00  1.100000e+01
     vertex  1.515893e+01  8.558804e+00  0.000000e+00
     vertex  1.499449e+01  8.596691e+00  1.100000e+01
   endloop
 endfacet
 facet normal  1.407910e-01  9.900392e-01  4.437545e-04
   outer loop
     vertex  1.533041e+01  8.529487e+00  1.100000e+01
     vertex  1.549770e+01  8.510628e+00  0.000000e+00
     vertex  1.515893e+01  8.558804e+00  0.000000e+00
   endloop
 endfacet
 facet normal  8.309846e-02  9.965412e-01 -4.447794e-04
   outer loop
     vertex  1.567181e+01  8.501019e+00  1.100000e+01
     vertex  1.549770e+01  8.510628e+00  0.000000e+00
     vertex  1.533041e+01  8.529487e+00  1.100000e+01
   endloop
 endfacet
 facet normal  2.713496e-02  9.996317e-01  4.437178e-04
   outer loop
     vertex  1.567181e+01  8.501019e+00  1.100000e+01
     vertex  1.583975e+01  8.501343e+00  0.000000e+00
     vertex  1.549770e+01  8.510628e+00  0.000000e+00
   endloop
 endfacet
 facet normal -3.105668e-02  9.995175e-01 -4.447402e-04
   outer loop
     vertex  1.601423e+01  8.511659e+00  1.100000e+01
     vertex  1.583975e+01  8.501343e+00  0.000000e+00
     vertex  1.567181e+01  8.501019e+00  1.100000e+01
   endloop
 endfacet
 facet normal -8.687414e-02  9.962192e-01  4.436761e-04
   outer loop
     vertex  1.601423e+01  8.511659e+00  1.100000e+01
     vertex  1.618064e+01  8.531070e+00  0.000000e+00
     vertex  1.583975e+01  8.501343e+00  0.000000e+00
   endloop
 endfacet
 facet normal -1.448068e-01  9.894598e-01 -4.446961e-04
   outer loop
     vertex  1.635320e+01  8.561267e+00  1.100000e+01
     vertex  1.618064e+01  8.531070e+00  0.000000e+00
     vertex  1.601423e+01  8.511659e+00  1.100000e+01
   endloop
 endfacet
 facet normal -1.997530e-01  9.798462e-01  4.436296e-04
   outer loop
     vertex  1.635320e+01  8.561267e+00  1.100000e+01
     vertex  1.651593e+01  8.599421e+00  0.000000e+00
     vertex  1.618064e+01  8.531070e+00  0.000000e+00
   endloop
 endfacet
 facet normal -2.566687e-01  9.664994e-01 -4.446472e-04
   outer loop
     vertex  1.668430e+01  8.649197e+00  1.100000e+01
     vertex  1.651593e+01  8.599421e+00  0.000000e+00
     vertex  1.635320e+01  8.561267e+00  1.100000e+01
   endloop
 endfacet
 facet normal -3.100332e-01  9.507256e-01  4.435782e-04
   outer loop
     vertex  1.668430e+01  8.649197e+00  1.100000e+01
     vertex  1.684125e+01  8.705509e+00  0.000000e+00
     vertex  1.651593e+01  8.599421e+00  0.000000e+00
   endloop
 endfacet
 facet normal -3.651835e-01  9.309355e-01 -4.445933e-04
   outer loop
     vertex  1.700322e+01  8.774302e+00  1.100000e+01
     vertex  1.684125e+01  8.705509e+00  0.000000e+00
     vertex  1.668430e+01  8.649197e+00  1.100000e+01
   endloop
 endfacet
 facet normal -4.162799e-01  9.092364e-01  4.435219e-04
   outer loop
     vertex  1.700322e+01  8.774302e+00  1.100000e+01
     vertex  1.715237e+01  8.847951e+00  0.000000e+00
     vertex  1.684125e+01  8.705509e+00  0.000000e+00
   endloop
 endfacet
 facet normal -4.689362e-01  8.832319e-01 -4.445345e-04
   outer loop
     vertex  1.730580e+01  8.934951e+00  1.100000e+01
     vertex  1.715237e+01  8.847951e+00  0.000000e+00
     vertex  1.700322e+01  8.774302e+00  1.100000e+01
   endloop
 endfacet
 facet normal -5.042598e-01  8.635520e-01  2.038291e-04
   outer loop
     vertex  1.730580e+01  8.934951e+00  1.100000e+01
     vertex  1.736948e+01  8.974671e+00  2.510492e-01
     vertex  1.715237e+01  8.847951e+00  0.000000e+00
   endloop
 endfacet
 facet normal -5.658603e-01  8.245011e-01 -3.053885e-04
   outer loop
     vertex  1.757508e+01  9.119018e+00  9.000000e+00
     vertex  1.736948e+01  8.974671e+00  2.510492e-01
     vertex  1.730580e+01  8.934951e+00  1.100000e+01
   endloop
 endfacet
 facet normal -5.745974e-01  8.184362e-01 -3.184161e-15
   outer loop
     vertex  1.757508e+01  9.119018e+00  9.000000e+00
     vertex  1.757508e+01  9.119018e+00  5.000000e-01
     vertex  1.736948e+01  8.974671e+00  2.510492e-01
   endloop
 endfacet
 facet normal -5.665739e-01  8.240108e-01 -4.465911e-04
   outer loop
     vertex  1.758809e+01  9.129049e+00  1.100000e+01
     vertex  1.757508e+01  9.119018e+00  9.000000e+00
     vertex  1.730580e+01  8.934951e+00  1.100000e+01
   endloop
 endfacet
 facet normal -6.504185e-01  7.595759e-01  4.220941e-04
   outer loop
     vertex  1.782171e+01  9.330204e+00  9.000000e+00
     vertex  1.757508e+01  9.119018e+00  9.000000e+00
     vertex  1.758809e+01  9.129049e+00  1.100000e+01
   endloop
 endfacet
 facet normal -6.568231e-01  7.540442e-01 -8.823839e-04
   outer loop
     vertex  1.784642e+01  9.354065e+00  1.100000e+01
     vertex  1.782171e+01  9.330204e+00  9.000000e+00
     vertex  1.758809e+01  9.129049e+00  1.100000e+01
   endloop
 endfacet
 facet normal -7.286979e-01  6.848347e-01  8.311654e-04
   outer loop
     vertex  1.804407e+01  9.566807e+00  9.000000e+00
     vertex  1.782171e+01  9.330204e+00  9.000000e+00
     vertex  1.784642e+01  9.354065e+00  1.100000e+01
   endloop
 endfacet
 facet normal -7.385070e-01  6.742446e-01 -1.264730e-03
   outer loop
     vertex  1.807740e+01  9.607064e+00  1.100000e+01
     vertex  1.804407e+01  9.566807e+00  9.000000e+00
     vertex  1.784642e+01  9.354065e+00  1.100000e+01
   endloop
 endfacet
 facet normal -7.984414e-01  6.020714e-01  1.186783e-03
   outer loop
     vertex  1.823956e+01  9.826055e+00  9.000000e+00
     vertex  1.804407e+01  9.566807e+00  9.000000e+00
     vertex  1.807740e+01  9.607064e+00  1.100000e+01
   endloop
 endfacet
 facet normal -8.105605e-01  5.856527e-01 -1.593614e-03
   outer loop
     vertex  1.827803e+01  9.884748e+00  1.100000e+01
     vertex  1.823956e+01  9.826055e+00  9.000000e+00
     vertex  1.807740e+01  9.607064e+00  1.100000e+01
   endloop
 endfacet
 facet normal -8.588318e-01  5.122555e-01  1.488933e-03
   outer loop
     vertex  1.840589e+01  1.010491e+01  9.000000e+00
     vertex  1.823956e+01  9.826055e+00  9.000000e+00
     vertex  1.827803e+01  9.884748e+00  1.100000e+01
   endloop
 endfacet
 facet normal -8.720440e-01  4.894238e-01 -1.869027e-03
   outer loop
     vertex  1.844570e+01  1.018349e+01  1.100000e+01
     vertex  1.840589e+01  1.010491e+01  9.000000e+00
     vertex  1.827803e+01  9.884748e+00  1.100000e+01
   endloop
 endfacet
 facet normal -9.091619e-01  4.164392e-01  1.737606e-03
   outer loop
     vertex  1.854110e+01  1.040011e+01  9.000000e+00
     vertex  1.840589e+01  1.010491e+01  9.000000e+00
     vertex  1.844570e+01  1.018349e+01  1.100000e+01
   endloop
 endfacet
 facet normal -9.221559e-01  3.868129e-01 -2.090957e-03
   outer loop
     vertex  1.857822e+01  1.049941e+01  1.100000e+01
     vertex  1.854110e+01  1.040011e+01  9.000000e+00
     vertex  1.844570e+01  1.018349e+01  1.100000e+01
   endloop
 endfacet
 facet normal -9.488422e-01  3.157448e-01  1.932792e-03
   outer loop
     vertex  1.864362e+01  1.070819e+01  9.000000e+00
     vertex  1.854110e+01  1.040011e+01  9.000000e+00
     vertex  1.857822e+01  1.049941e+01  1.100000e+01
   endloop
 endfacet
 facet normal -9.602426e-01  2.791579e-01 -2.259398e-03
   outer loop
     vertex  1.867385e+01  1.082837e+01  1.100000e+01
     vertex  1.864362e+01  1.070819e+01  9.000000e+00
     vertex  1.857822e+01  1.049941e+01  1.100000e+01
   endloop
 endfacet
 facet normal -9.749844e-01  2.222690e-01  1.381851e-03
   outer loop
     vertex  1.869987e+01  1.095386e+01  9.171921e+00
     vertex  1.864362e+01  1.070819e+01  9.000000e+00
     vertex  1.867385e+01  1.082837e+01  1.100000e+01
   endloop
 endfacet
 facet normal -9.858072e-01  1.678626e-01 -2.506882e-03
   outer loop
     vertex  1.873136e+01  1.116609e+01  1.100000e+01
     vertex  1.869987e+01  1.095386e+01  9.171921e+00
     vertex  1.867385e+01  1.082837e+01  1.100000e+01
   endloop
 endfacet
 facet normal -9.904878e-01  1.375961e-01  1.087575e-03
   outer loop
     vertex  1.873136e+01  1.116609e+01  1.100000e+01
     vertex  1.873666e+01  1.121735e+01  9.337838e+00
     vertex  1.869987e+01  1.095386e+01  9.171921e+00
   endloop
 endfacet
 facet normal -9.985193e-01  5.437867e-02 -1.504208e-03
   outer loop
     vertex  1.874999e+01  1.150817e+01  1.100000e+01
     vertex  1.873666e+01  1.121735e+01  9.337838e+00
     vertex  1.873136e+01  1.116609e+01  1.100000e+01
   endloop
 endfacet
 facet normal -9.988803e-01  4.730825e-02 -2.642431e-04
   outer loop
     vertex  1.874999e+01  1.150817e+01  1.100000e+01
     vertex  1.875000e+01  1.150000e+01  9.495738e+00
     vertex  1.873666e+01  1.121735e+01  9.337838e+00
   endloop
 endfacet
 facet normal -9.999991e-01 -1.361235e-03  1.612026e-18
   outer loop
     vertex  1.874999e+01  1.150817e+01  1.100000e+01
     vertex  1.874999e+01  1.150817e+01  9.500000e+00
     vertex  1.875000e+01  1.150000e+01  9.495738e+00
   endloop
 endfacet
 facet normal  6.704870e-01  2.308086e-01 -7.051061e-01
   outer loop
     vertex  1.832723e+01  6.050000e+00  0.000000e+00
     vertex  1.858223e+01  6.836725e+00  5.000000e-01
     vertex  1.885305e+01  6.050000e+00  5.000000e-01
   endloop
 endfacet
 facet normal  6.657849e-01  2.344054e-01 -7.083675e-01
   outer loop
     vertex  1.807505e+01  6.766289e+00  0.000000e+00
     vertex  1.858223e+01  6.836725e+00  5.000000e-01
     vertex  1.832723e+01  6.050000e+00  0.000000e+00
   endloop
 endfacet
 facet normal  6.597201e-01  2.585863e-01 -7.056221e-01
   outer loop
     vertex  1.827859e+01  7.611378e+00  5.000000e-01
     vertex  1.858223e+01  6.836725e+00  5.000000e-01
     vertex  1.807505e+01  6.766289e+00  0.000000e+00
   endloop
 endfacet
 facet normal  6.565826e-01  2.606272e-01 -7.077943e-01
   outer loop
     vertex  1.779488e+01  7.472103e+00  0.000000e+00
     vertex  1.827859e+01  7.611378e+00  5.000000e-01
     vertex  1.807505e+01  6.766289e+00  0.000000e+00
   endloop
 endfacet
 facet normal  6.477148e-01  2.858280e-01 -7.062350e-01
   outer loop
     vertex  1.794268e+01  8.372590e+00  5.000000e-01
     vertex  1.827859e+01  7.611378e+00  5.000000e-01
     vertex  1.779488e+01  7.472103e+00  0.000000e+00
   endloop
 endfacet
 facet normal  6.464391e-01  2.865284e-01 -7.071194e-01
   outer loop
     vertex  1.748716e+01  8.166348e+00  0.000000e+00
     vertex  1.794268e+01  8.372590e+00  5.000000e-01
     vertex  1.779488e+01  7.472103e+00  0.000000e+00
   endloop
 endfacet
 facet normal  6.352827e-01  3.128608e-01 -7.060694e-01
   outer loop
     vertex  1.736948e+01  8.974671e+00  2.510492e-01
     vertex  1.757508e+01  9.119018e+00  5.000000e-01
     vertex  1.794268e+01  8.372590e+00  5.000000e-01
   endloop
 endfacet
 facet normal  6.347355e-01  3.119745e-01 -7.069531e-01
   outer loop
     vertex  1.736948e+01  8.974671e+00  2.510492e-01
     vertex  1.794268e+01  8.372590e+00  5.000000e-01
     vertex  1.748716e+01  8.166348e+00  0.000000e+00
   endloop
 endfacet
 facet normal  6.350709e-01  3.119352e-01 -7.066692e-01
   outer loop
     vertex  1.715237e+01  8.847951e+00  0.000000e+00
     vertex  1.736948e+01  8.974671e+00  2.510492e-01
     vertex  1.748716e+01  8.166348e+00  0.000000e+00
   endloop
 endfacet
 facet normal  0.000000e+00 -1.000000e+00 -5.921189e-16
   outer loop
     vertex  1.885305e+01  6.050000e+00  9.000000e+00
     vertex  1.951000e+01  6.050000e+00  1.200000e+01
     vertex  1.351000e+01  6.050000e+00  1.200000e+01
   endloop
 endfacet
 facet normal -2.703946e-15 -1.000000e+00  0.000000e+00
   outer loop
     vertex  1.951000e+01  6.050000e+00  9.000000e+00
     vertex  1.951000e+01  6.050000e+00  1.200000e+01
     vertex  1.885305e+01  6.050000e+00  9.000000e+00
   endloop
 endfacet
 facet normal  3.324612e-16 -1.000000e+00  0.000000e+00
   outer loop
     vertex  1.351000e+01  6.050000e+00  0.000000e+00
     vertex  1.885305e+01  6.050000e+00  9.000000e+00
     vertex  1.351000e+01  6.050000e+00  1.200000e+01
   endloop
 endfacet
 facet normal -4.369692e-14 -1.000000e+00  4.669497e-13
   outer loop
     vertex  1.885305e+01  6.050000e+00  5.000000e-01
     vertex  1.351000e+01  6.050000e+00  0.000000e+00
     vertex  1.832723e+01  6.050000e+00  0.000000e+00
   endloop
 endfacet
 facet normal -1.955654e-17 -1.000000e+00  2.089832e-16
   outer loop
     vertex  1.885305e+01  6.050000e+00  5.000000e-01
     vertex  1.885305e+01  6.050000e+00  9.000000e+00
     vertex  1.351000e+01  6.050000e+00  0.000000e+00
   endloop
 endfacet
 facet normal  1.000000e+00  0.000000e+00  0.000000e+00
   outer loop
     vertex  1.351000e+01  6.050000e+00  0.000000e+00
     vertex  1.351000e+01 -5.450000e+00  1.200000e+01
     vertex  1.351000e+01 -5.450000e+00  0.000000e+00
   endloop
 endfacet
 facet normal  1.000000e+00  0.000000e+00 -0.000000e+00
   outer loop
     vertex  1.351000e+01  6.050000e+00  0.000000e+00
     vertex  1.351000e+01  6.050000e+00  1.200000e+01
     vertex  1.351000e+01 -5.450000e+00  1.200000e+01
   endloop
 endfacet
 facet normal -1.870498e-15  1.000000e+00  0.000000e+00
   outer loop
     vertex  1.903516e+01 -5.450000e+00  9.000000e+00
     vertex  1.951000e+01 -5.450000e+00  1.200000e+01
     vertex  1.951000e+01 -5.450000e+00  9.000000e+00
   endloop
 endfacet
 facet normal  0.000000e+00  1.000000e+00 -2.960595e-16
   outer loop
     vertex  1.351000e+01 -5.450000e+00  1.200000e+01
     vertex  1.951000e+01 -5.450000e+00  1.200000e+01
     vertex  1.903516e+01 -5.450000e+00  9.000000e+00
   endloop
 endfacet
 facet normal  4.525618e-14  1.000000e+00 -5.036484e-13
   outer loop
     vertex  1.351000e+01 -5.450000e+00  0.000000e+00
     vertex  1.903516e+01 -5.450000e+00  5.000000e-01
     vertex  1.851452e+01 -5.450000e+00  0.000000e+00
   endloop
 endfacet
 facet normal -3.498709e-16  1.000000e+00  3.134747e-16
   outer loop
     vertex  1.351000e+01 -5.450000e+00  0.000000e+00
     vertex  1.903516e+01 -5.450000e+00  9.000000e+00
     vertex  1.903516e+01 -5.450000e+00  5.000000e-01
   endloop
 endfacet
 facet normal  1.607515e-16  1.000000e+00 -0.000000e+00
   outer loop
     vertex  1.351000e+01 -5.450000e+00  0.000000e+00
     vertex  1.351000e+01 -5.450000e+00  1.200000e+01
     vertex  1.903516e+01 -5.450000e+00  9.000000e+00
   endloop
 endfacet
 facet normal  6.349075e-01 -3.134934e-01 -7.061263e-01
   outer loop
     vertex  1.792530e+01 -8.409734e+00  5.000000e-01
     vertex  1.757508e+01 -9.119018e+00  5.000000e-01
     vertex  1.736948e+01 -8.974670e+00  2.510480e-01
   endloop
 endfacet
 facet normal  6.348439e-01 -3.123581e-01 -7.066864e-01
   outer loop
     vertex  1.747607e+01 -8.190054e+00  0.000000e+00
     vertex  1.736948e+01 -8.974670e+00  2.510480e-01
     vertex  1.715237e+01 -8.847951e+00  0.000000e+00
   endloop
 endfacet
 facet normal  6.342882e-01 -3.124318e-01 -7.071526e-01
   outer loop
     vertex  1.747607e+01 -8.190054e+00  0.000000e+00
     vertex  1.792530e+01 -8.409734e+00  5.000000e-01
     vertex  1.736948e+01 -8.974670e+00  2.510480e-01
   endloop
 endfacet
 facet normal  6.464622e-01 -2.876780e-01 -7.066315e-01
   outer loop
     vertex  1.777455e+01 -7.520336e+00  0.000000e+00
     vertex  1.824691e+01 -7.687027e+00  5.000000e-01
     vertex  1.792530e+01 -8.409734e+00  5.000000e-01
   endloop
 endfacet
 facet normal  6.460276e-01 -2.879196e-01 -7.069304e-01
   outer loop
     vertex  1.777455e+01 -7.520336e+00  0.000000e+00
     vertex  1.792530e+01 -8.409734e+00  5.000000e-01
     vertex  1.747607e+01 -8.190054e+00  0.000000e+00
   endloop
 endfacet
 facet normal  6.578715e-01 -2.617994e-01 -7.061630e-01
   outer loop
     vertex  1.804737e+01 -6.839763e+00  0.000000e+00
     vertex  1.853939e+01 -6.952050e+00  5.000000e-01
     vertex  1.824691e+01 -7.687027e+00  5.000000e-01
   endloop
 endfacet
 facet normal  6.560280e-01 -2.629850e-01 -7.074363e-01
   outer loop
     vertex  1.804737e+01 -6.839763e+00  0.000000e+00
     vertex  1.824691e+01 -7.687027e+00  5.000000e-01
     vertex  1.777455e+01 -7.520336e+00  0.000000e+00
   endloop
 endfacet
 facet normal  6.681953e-01 -2.354509e-01 -7.057464e-01
   outer loop
     vertex  1.829415e+01 -6.149319e+00  0.000000e+00
     vertex  1.880228e+01 -6.205978e+00  5.000000e-01
     vertex  1.853939e+01 -6.952050e+00  5.000000e-01
   endloop
 endfacet
 facet normal  6.651182e-01 -2.377247e-01 -7.078875e-01
   outer loop
     vertex  1.829415e+01 -6.149319e+00  0.000000e+00
     vertex  1.853939e+01 -6.952050e+00  5.000000e-01
     vertex  1.804737e+01 -6.839763e+00  0.000000e+00
   endloop
 endfacet
 facet normal  6.774135e-01 -2.086800e-01 -7.053819e-01
   outer loop
     vertex  1.851452e+01 -5.450000e+00  0.000000e+00
     vertex  1.903516e+01 -5.450000e+00  5.000000e-01
     vertex  1.880228e+01 -6.205978e+00  5.000000e-01
   endloop
 endfacet
 facet normal  6.732885e-01 -2.121698e-01 -7.082843e-01
   outer loop
     vertex  1.851452e+01 -5.450000e+00  0.000000e+00
     vertex  1.880228e+01 -6.205978e+00  5.000000e-01
     vertex  1.829415e+01 -6.149319e+00  0.000000e+00
   endloop
 endfacet
 facet normal -9.997685e-01 -2.151742e-02 -5.094125e-17
   outer loop
     vertex  1.874686e+01 -1.136276e+01  9.421614e+00
     vertex  1.874999e+01 -1.150817e+01  9.500000e+00
     vertex  1.874999e+01 -1.150817e+01  1.100000e+01
   endloop
 endfacet
 facet normal -9.985158e-01 -5.437849e-02 -3.029683e-03
   outer loop
     vertex  1.873136e+01 -1.116609e+01  1.100000e+01
     vertex  1.874686e+01 -1.136276e+01  9.421614e+00
     vertex  1.874999e+01 -1.150817e+01  1.100000e+01
   endloop
 endfacet
 facet normal -9.975614e-01 -6.978525e-02 -1.100577e-03
   outer loop
     vertex  1.873136e+01 -1.116609e+01  1.100000e+01
     vertex  1.873713e+01 -1.122242e+01  9.340852e+00
     vertex  1.874686e+01 -1.136276e+01  9.421614e+00
   endloop
 endfacet
 facet normal -9.906667e-01 -1.363011e-01  1.181669e-03
   outer loop
     vertex  1.870031e+01 -1.095622e+01  9.173491e+00
     vertex  1.873713e+01 -1.122242e+01  9.340852e+00
     vertex  1.873136e+01 -1.116609e+01  1.100000e+01
   endloop
 endfacet
 facet normal -9.858072e-01 -1.678626e-01 -2.527462e-03
   outer loop
     vertex  1.867385e+01 -1.082837e+01  1.100000e+01
     vertex  1.870031e+01 -1.095622e+01  9.173491e+00
     vertex  1.873136e+01 -1.116609e+01  1.100000e+01
   endloop
 endfacet
 facet normal -9.750771e-01 -2.218620e-01  1.407708e-03
   outer loop
     vertex  1.864362e+01 -1.070819e+01  9.000000e+00
     vertex  1.870031e+01 -1.095622e+01  9.173491e+00
     vertex  1.867385e+01 -1.082837e+01  1.100000e+01
   endloop
 endfacet
 facet normal -9.602426e-01 -2.791579e-01 -2.259398e-03
   outer loop
     vertex  1.857822e+01 -1.049941e+01  1.100000e+01
     vertex  1.864362e+01 -1.070819e+01  9.000000e+00
     vertex  1.867385e+01 -1.082837e+01  1.100000e+01
   endloop
 endfacet
 facet normal -9.488422e-01 -3.157448e-01  1.932792e-03
   outer loop
     vertex  1.854110e+01 -1.040011e+01  9.000000e+00
     vertex  1.864362e+01 -1.070819e+01  9.000000e+00
     vertex  1.857822e+01 -1.049941e+01  1.100000e+01
   endloop
 endfacet
 facet normal -9.221559e-01 -3.868129e-01 -2.090957e-03
   outer loop
     vertex  1.844570e+01 -1.018349e+01  1.100000e+01
     vertex  1.854110e+01 -1.040011e+01  9.000000e+00
     vertex  1.857822e+01 -1.049941e+01  1.100000e+01
   endloop
 endfacet
 facet normal -9.091619e-01 -4.164392e-01  1.737606e-03
   outer loop
     vertex  1.844570e+01 -1.018349e+01  1.100000e+01
     vertex  1.840589e+01 -1.010491e+01  9.000000e+00
     vertex  1.854110e+01 -1.040011e+01  9.000000e+00
   endloop
 endfacet
 facet normal -8.720440e-01 -4.894238e-01 -1.869027e-03
   outer loop
     vertex  1.827803e+01 -9.884748e+00  1.100000e+01
     vertex  1.840589e+01 -1.010491e+01  9.000000e+00
     vertex  1.844570e+01 -1.018349e+01  1.100000e+01
   endloop
 endfacet
 facet normal -8.588318e-01 -5.122555e-01  1.488933e-03
   outer loop
     vertex  1.827803e+01 -9.884748e+00  1.100000e+01
     vertex  1.823956e+01 -9.826055e+00  9.000000e+00
     vertex  1.840589e+01 -1.010491e+01  9.000000e+00
   endloop
 endfacet
 facet normal -8.105605e-01 -5.856527e-01 -1.593614e-03
   outer loop
     vertex  1.807740e+01 -9.607064e+00  1.100000e+01
     vertex  1.823956e+01 -9.826055e+00  9.000000e+00
     vertex  1.827803e+01 -9.884748e+00  1.100000e+01
   endloop
 endfacet
 facet normal -7.984414e-01 -6.020714e-01  1.186783e-03
   outer loop
     vertex  1.807740e+01 -9.607064e+00  1.100000e+01
     vertex  1.804407e+01 -9.566807e+00  9.000000e+00
     vertex  1.823956e+01 -9.826055e+00  9.000000e+00
   endloop
 endfacet
 facet normal -7.385070e-01 -6.742446e-01 -1.264730e-03
   outer loop
     vertex  1.784642e+01 -9.354065e+00  1.100000e+01
     vertex  1.804407e+01 -9.566807e+00  9.000000e+00
     vertex  1.807740e+01 -9.607064e+00  1.100000e+01
   endloop
 endfacet
 facet normal -7.286979e-01 -6.848347e-01  8.311654e-04
   outer loop
     vertex  1.784642e+01 -9.354065e+00  1.100000e+01
     vertex  1.782171e+01 -9.330204e+00  9.000000e+00
     vertex  1.804407e+01 -9.566807e+00  9.000000e+00
   endloop
 endfacet
 facet normal -5.745972e-01 -8.184363e-01 -0.000000e+00
   outer loop
     vertex  1.757508e+01 -9.119018e+00  9.000000e+00
     vertex  1.736948e+01 -8.974670e+00  2.510480e-01
     vertex  1.757508e+01 -9.119018e+00  5.000000e-01
   endloop
 endfacet
 facet normal -6.568231e-01 -7.540442e-01 -8.823839e-04
   outer loop
     vertex  1.758809e+01 -9.129049e+00  1.100000e+01
     vertex  1.782171e+01 -9.330204e+00  9.000000e+00
     vertex  1.784642e+01 -9.354065e+00  1.100000e+01
   endloop
 endfacet
 facet normal -6.504185e-01 -7.595759e-01  4.220941e-04
   outer loop
     vertex  1.758809e+01 -9.129049e+00  1.100000e+01
     vertex  1.757508e+01 -9.119018e+00  9.000000e+00
     vertex  1.782171e+01 -9.330204e+00  9.000000e+00
   endloop
 endfacet
 facet normal -5.658602e-01 -8.245011e-01 -3.053849e-04
   outer loop
     vertex  1.730580e+01 -8.934951e+00  1.100000e+01
     vertex  1.736948e+01 -8.974670e+00  2.510480e-01
     vertex  1.757508e+01 -9.119018e+00  9.000000e+00
   endloop
 endfacet
 facet normal -5.665739e-01 -8.240108e-01 -4.465911e-04
   outer loop
     vertex  1.730580e+01 -8.934951e+00  1.100000e+01
     vertex  1.757508e+01 -9.119018e+00  9.000000e+00
     vertex  1.758809e+01 -9.129049e+00  1.100000e+01
   endloop
 endfacet
 facet normal -5.042596e-01 -8.635521e-01  2.038259e-04
   outer loop
     vertex  1.730580e+01 -8.934951e+00  1.100000e+01
     vertex  1.715237e+01 -8.847951e+00  0.000000e+00
     vertex  1.736948e+01 -8.974670e+00  2.510480e-01
   endloop
 endfacet
 facet normal -4.689362e-01 -8.832319e-01 -4.445345e-04
   outer loop
     vertex  1.700322e+01 -8.774302e+00  1.100000e+01
     vertex  1.715237e+01 -8.847951e+00  0.000000e+00
     vertex  1.730580e+01 -8.934951e+00  1.100000e+01
   endloop
 endfacet
 facet normal -4.162799e-01 -9.092364e-01  4.435219e-04
   outer loop
     vertex  1.700322e+01 -8.774302e+00  1.100000e+01
     vertex  1.684125e+01 -8.705509e+00  0.000000e+00
     vertex  1.715237e+01 -8.847951e+00  0.000000e+00
   endloop
 endfacet
 facet normal -3.651835e-01 -9.309355e-01 -4.445933e-04
   outer loop
     vertex  1.668430e+01 -8.649197e+00  1.100000e+01
     vertex  1.684125e+01 -8.705509e+00  0.000000e+00
     vertex  1.700322e+01 -8.774302e+00  1.100000e+01
   endloop
 endfacet
 facet normal -3.100332e-01 -9.507256e-01  4.435782e-04
   outer loop
     vertex  1.668430e+01 -8.649197e+00  1.100000e+01
     vertex  1.651593e+01 -8.599421e+00  0.000000e+00
     vertex  1.684125e+01 -8.705509e+00  0.000000e+00
   endloop
 endfacet
 facet normal -2.566687e-01 -9.664994e-01 -4.446472e-04
   outer loop
     vertex  1.635320e+01 -8.561267e+00  1.100000e+01
     vertex  1.651593e+01 -8.599421e+00  0.000000e+00
     vertex  1.668430e+01 -8.649197e+00  1.100000e+01
   endloop
 endfacet
 facet normal -1.997530e-01 -9.798462e-01  4.436296e-04
   outer loop
     vertex  1.635320e+01 -8.561267e+00  1.100000e+01
     vertex  1.618064e+01 -8.531070e+00  0.000000e+00
     vertex  1.651593e+01 -8.599421e+00  0.000000e+00
   endloop
 endfacet
 facet normal -1.448068e-01 -9.894598e-01 -4.446961e-04
   outer loop
     vertex  1.601423e+01 -8.511659e+00  1.100000e+01
     vertex  1.618064e+01 -8.531070e+00  0.000000e+00
     vertex  1.635320e+01 -8.561267e+00  1.100000e+01
   endloop
 endfacet
 facet normal -8.687414e-02 -9.962192e-01  4.436761e-04
   outer loop
     vertex  1.601423e+01 -8.511659e+00  1.100000e+01
     vertex  1.583975e+01 -8.501343e+00  0.000000e+00
     vertex  1.618064e+01 -8.531070e+00  0.000000e+00
   endloop
 endfacet
 facet normal -3.105668e-02 -9.995175e-01 -4.447402e-04
   outer loop
     vertex  1.567181e+01 -8.501019e+00  1.100000e+01
     vertex  1.583975e+01 -8.501343e+00  0.000000e+00
     vertex  1.601423e+01 -8.511659e+00  1.100000e+01
   endloop
 endfacet
 facet normal  2.713496e-02 -9.996317e-01  4.437178e-04
   outer loop
     vertex  1.567181e+01 -8.501019e+00  1.100000e+01
     vertex  1.549770e+01 -8.510628e+00  0.000000e+00
     vertex  1.583975e+01 -8.501343e+00  0.000000e+00
   endloop
 endfacet
 facet normal  1.407910e-01 -9.900392e-01  4.437545e-04
   outer loop
     vertex  1.533041e+01 -8.529487e+00  1.100000e+01
     vertex  1.515893e+01 -8.558804e+00  0.000000e+00
     vertex  1.549770e+01 -8.510628e+00  0.000000e+00
   endloop
 endfacet
 facet normal  8.309846e-02 -9.965412e-01 -4.447794e-04
   outer loop
     vertex  1.533041e+01 -8.529487e+00  1.100000e+01
     vertex  1.549770e+01 -8.510628e+00  0.000000e+00
     vertex  1.567181e+01 -8.501019e+00  1.100000e+01
   endloop
 endfacet
 facet normal  2.526155e-01 -9.675667e-01  4.437863e-04
   outer loop
     vertex  1.499449e+01 -8.596691e+00  1.100000e+01
     vertex  1.482785e+01 -8.645244e+00  0.000000e+00
     vertex  1.515893e+01 -8.558804e+00  0.000000e+00
   endloop
 endfacet
 facet normal  1.961700e-01 -9.805698e-01 -4.448136e-04
   outer loop
     vertex  1.499449e+01 -8.596691e+00  1.100000e+01
     vertex  1.515893e+01 -8.558804e+00  0.000000e+00
     vertex  1.533041e+01 -8.529487e+00  1.100000e+01
   endloop
 endfacet
 facet normal  3.611535e-01 -9.325063e-01  4.438132e-04
   outer loop
     vertex  1.466841e+01 -8.701756e+00  1.100000e+01
     vertex  1.450876e+01 -8.768824e+00  0.000000e+00
     vertex  1.482785e+01 -8.645244e+00  0.000000e+00
   endloop
 endfacet
 facet normal  3.066834e-01 -9.518115e-01 -4.448430e-04
   outer loop
     vertex  1.466841e+01 -8.701756e+00  1.100000e+01
     vertex  1.482785e+01 -8.645244e+00  0.000000e+00
     vertex  1.499449e+01 -8.596691e+00  1.100000e+01
   endloop
 endfacet
 facet normal  4.649929e-01 -8.853143e-01  4.438353e-04
   outer loop
     vertex  1.435644e+01 -8.843310e+00  1.100000e+01
     vertex  1.420582e+01 -8.927935e+00  0.000000e+00
     vertex  1.450876e+01 -8.768824e+00  0.000000e+00
   endloop
 endfacet
 facet normal  4.131976e-01 -9.106413e-01 -4.448675e-04
   outer loop
     vertex  1.435644e+01 -8.843310e+00  1.100000e+01
     vertex  1.450876e+01 -8.768824e+00  0.000000e+00
     vertex  1.466841e+01 -8.701756e+00  1.100000e+01
   endloop
 endfacet
 facet normal  5.627830e-01 -8.266046e-01  4.438524e-04
   outer loop
     vertex  1.406265e+01 -9.019508e+00  1.100000e+01
     vertex  1.392297e+01 -9.120509e+00  0.000000e+00
     vertex  1.420582e+01 -8.927935e+00  0.000000e+00
   endloop
 endfacet
 facet normal  5.143235e-01 -8.575961e-01 -4.448871e-04
   outer loop
     vertex  1.406265e+01 -9.019508e+00  1.100000e+01
     vertex  1.420582e+01 -8.927935e+00  0.000000e+00
     vertex  1.435644e+01 -8.843310e+00  1.100000e+01
   endloop
 endfacet
 facet normal  6.532513e-01 -7.571410e-01  4.438647e-04
   outer loop
     vertex  1.379085e+01 -9.228052e+00  1.100000e+01
     vertex  1.366390e+01 -9.344039e+00  0.000000e+00
     vertex  1.392297e+01 -9.120509e+00  0.000000e+00
   endloop
 endfacet
 facet normal  6.087426e-01 -7.933677e-01 -4.449018e-04
   outer loop
     vertex  1.379085e+01 -9.228052e+00  1.100000e+01
     vertex  1.392297e+01 -9.120509e+00  0.000000e+00
     vertex  1.406265e+01 -9.019508e+00  1.100000e+01
   endloop
 endfacet
 facet normal  7.352211e-01 -6.778272e-01  4.438720e-04
   outer loop
     vertex  1.354461e+01 -9.466223e+00  1.100000e+01
     vertex  1.343196e+01 -9.595617e+00  0.000000e+00
     vertex  1.366390e+01 -9.344039e+00  0.000000e+00
   endloop
 endfacet
 facet normal  6.952235e-01 -7.187935e-01 -4.449116e-04
   outer loop
     vertex  1.354461e+01 -9.466223e+00  1.100000e+01
     vertex  1.366390e+01 -9.344039e+00  0.000000e+00
     vertex  1.379085e+01 -9.228052e+00  1.100000e+01
   endloop
 endfacet
 facet normal  8.076259e-01 -5.896951e-01  4.438744e-04
   outer loop
     vertex  1.332712e+01 -9.730915e+00  1.100000e+01
     vertex  1.323017e+01 -9.871971e+00  0.000000e+00
     vertex  1.343196e+01 -9.595617e+00  0.000000e+00
   endloop
 endfacet
 facet normal  7.726385e-01 -6.348461e-01 -4.449165e-04
   outer loop
     vertex  1.332712e+01 -9.730915e+00  1.100000e+01
     vertex  1.343196e+01 -9.595617e+00  0.000000e+00
     vertex  1.354461e+01 -9.466223e+00  1.100000e+01
   endloop
 endfacet
 facet normal  8.695236e-01 -4.938912e-01  4.438720e-04
   outer loop
     vertex  1.314123e+01 -1.001868e+01  1.100000e+01
     vertex  1.306117e+01 -1.016950e+01  0.000000e+00
     vertex  1.323017e+01 -9.871971e+00  0.000000e+00
   endloop
 endfacet
 facet normal  8.399781e-01 -5.426201e-01 -4.449165e-04
   outer loop
     vertex  1.314123e+01 -1.001868e+01  1.100000e+01
     vertex  1.323017e+01 -9.871971e+00  0.000000e+00
     vertex  1.332712e+01 -9.730915e+00  1.100000e+01
   endloop
 endfacet
 facet normal  9.201091e-01 -3.916619e-01  4.438647e-04
   outer loop
     vertex  1.298936e+01 -1.032575e+01  1.100000e+01
     vertex  1.292716e+01 -1.048435e+01  0.000000e+00
     vertex  1.306117e+01 -1.016950e+01  0.000000e+00
   endloop
 endfacet
 facet normal  8.963642e-01 -4.433182e-01 -4.449116e-04
   outer loop
     vertex  1.298936e+01 -1.032575e+01  1.100000e+01
     vertex  1.306117e+01 -1.016950e+01  0.000000e+00
     vertex  1.314123e+01 -1.001868e+01  1.100000e+01
   endloop
 endfacet
 facet normal  9.410615e-01 -3.382353e-01 -4.449018e-04
   outer loop
     vertex  1.287348e+01 -1.064814e+01  1.100000e+01
     vertex  1.292716e+01 -1.048435e+01  0.000000e+00
     vertex  1.298936e+01 -1.032575e+01  1.100000e+01
   endloop
 endfacet
 facet normal  9.587242e-01 -2.843372e-01  4.438524e-04
   outer loop
     vertex  1.287348e+01 -1.064814e+01  1.100000e+01
     vertex  1.282986e+01 -1.081241e+01  0.000000e+00
     vertex  1.292716e+01 -1.048435e+01  0.000000e+00
   endloop
 endfacet
 facet normal  9.734870e-01 -2.287418e-01 -4.448871e-04
   outer loop
     vertex  1.279512e+01 -1.098164e+01  1.100000e+01
     vertex  1.282986e+01 -1.081241e+01  0.000000e+00
     vertex  1.287348e+01 -1.064814e+01  1.100000e+01
   endloop
 endfacet
 facet normal  9.848666e-01 -1.733133e-01  4.438353e-04
   outer loop
     vertex  1.279512e+01 -1.098164e+01  1.100000e+01
     vertex  1.277056e+01 -1.114941e+01  0.000000e+00
     vertex  1.282986e+01 -1.081241e+01  0.000000e+00
   endloop
 endfacet
 facet normal  9.932181e-01 -1.162654e-01 -4.448675e-04
   outer loop
     vertex  1.275529e+01 -1.132190e+01  1.100000e+01
     vertex  1.277056e+01 -1.114941e+01  0.000000e+00
     vertex  1.279512e+01 -1.098164e+01  1.100000e+01
   endloop
 endfacet
 facet normal  9.981962e-01 -6.003472e-02  4.438132e-04
   outer loop
     vertex  1.275529e+01 -1.132190e+01  1.100000e+01
     vertex  1.275001e+01 -1.149097e+01  0.000000e+00
     vertex  1.277056e+01 -1.114941e+01  0.000000e+00
   endloop
 endfacet
 facet normal  9.999973e-01 -2.272840e-03 -4.448430e-04
   outer loop
     vertex  1.275451e+01 -1.166448e+01  1.100000e+01
     vertex  1.275001e+01 -1.149097e+01  0.000000e+00
     vertex  1.275529e+01 -1.132190e+01  1.100000e+01
   endloop
 endfacet
 facet normal  9.985395e-01  5.402493e-02  4.437863e-04
   outer loop
     vertex  1.275451e+01 -1.166448e+01  1.100000e+01
     vertex  1.276850e+01 -1.183265e+01  0.000000e+00
     vertex  1.275001e+01 -1.149097e+01  0.000000e+00
   endloop
 endfacet
 facet normal  9.937363e-01  1.117493e-01 -4.448136e-04
   outer loop
     vertex  1.279280e+01 -1.200492e+01  1.100000e+01
     vertex  1.276850e+01 -1.183265e+01  0.000000e+00
     vertex  1.275451e+01 -1.166448e+01  1.100000e+01
   endloop
 endfacet
 facet normal  9.858921e-01  1.673817e-01  4.437545e-04
   outer loop
     vertex  1.279280e+01 -1.200492e+01  1.100000e+01
     vertex  1.282577e+01 -1.217000e+01  0.000000e+00
     vertex  1.276850e+01 -1.183265e+01  0.000000e+00
   endloop
 endfacet
 facet normal  9.745168e-01  2.243143e-01 -4.447794e-04
   outer loop
     vertex  1.286964e+01 -1.233877e+01  1.100000e+01
     vertex  1.282577e+01 -1.217000e+01  0.000000e+00
     vertex  1.279280e+01 -1.200492e+01  1.100000e+01
   endloop
 endfacet
 facet normal  9.604185e-01  2.785609e-01  4.437178e-04
   outer loop
     vertex  1.286964e+01 -1.233877e+01  1.100000e+01
     vertex  1.292109e+01 -1.249864e+01  0.000000e+00
     vertex  1.282577e+01 -1.217000e+01  0.000000e+00
   endloop
 endfacet
 facet normal  9.425892e-01  3.339541e-01 -4.447402e-04
   outer loop
     vertex  1.298405e+01 -1.266168e+01  1.100000e+01
     vertex  1.292109e+01 -1.249864e+01  0.000000e+00
     vertex  1.286964e+01 -1.233877e+01  1.100000e+01
   endloop
 endfacet
 facet normal  9.224501e-01  3.861161e-01  4.436761e-04
   outer loop
     vertex  1.298405e+01 -1.266168e+01  1.100000e+01
     vertex  1.305321e+01 -1.281429e+01  0.000000e+00
     vertex  1.292109e+01 -1.249864e+01  0.000000e+00
   endloop
 endfacet
 facet normal  8.983701e-01  4.392390e-01 -4.446961e-04
   outer loop
     vertex  1.313452e+01 -1.296945e+01  1.100000e+01
     vertex  1.305321e+01 -1.281429e+01  0.000000e+00
     vertex  1.298405e+01 -1.266168e+01  1.100000e+01
   endloop
 endfacet
 facet normal  8.724809e-01  4.886481e-01  4.436296e-04
   outer loop
     vertex  1.313452e+01 -1.296945e+01  1.100000e+01
     vertex  1.322042e+01 -1.311283e+01  0.000000e+00
     vertex  1.305321e+01 -1.281429e+01  0.000000e+00
   endloop
 endfacet
 facet normal  8.424360e-01  5.387962e-01 -4.446472e-04
   outer loop
     vertex  1.331911e+01 -1.325805e+01  1.100000e+01
     vertex  1.322042e+01 -1.311283e+01  0.000000e+00
     vertex  1.313452e+01 -1.296945e+01  1.100000e+01
   endloop
 endfacet
 facet normal  8.111609e-01  5.848228e-01  4.435782e-04
   outer loop
     vertex  1.331911e+01 -1.325805e+01  1.100000e+01
     vertex  1.342054e+01 -1.339039e+01  0.000000e+00
     vertex  1.322042e+01 -1.311283e+01  0.000000e+00
   endloop
 endfacet
 facet normal  7.755163e-01  6.313273e-01 -4.445933e-04
   outer loop
     vertex  1.353539e+01 -1.352373e+01  1.100000e+01
     vertex  1.342054e+01 -1.339039e+01  0.000000e+00
     vertex  1.331911e+01 -1.325805e+01  1.100000e+01
   endloop
 endfacet
 facet normal  7.392880e-01  6.733892e-01  4.435219e-04
   outer loop
     vertex  1.353539e+01 -1.352373e+01  1.100000e+01
     vertex  1.365096e+01 -1.364336e+01  0.000000e+00
     vertex  1.342054e+01 -1.339039e+01  0.000000e+00
   endloop
 endfacet
 facet normal  6.984837e-01  7.156258e-01 -4.445345e-04
   outer loop
     vertex  1.378055e+01 -1.376302e+01  1.100000e+01
     vertex  1.365096e+01 -1.364336e+01  0.000000e+00
     vertex  1.353539e+01 -1.352373e+01  1.100000e+01
   endloop
 endfacet
 facet normal  6.689818e-01  7.432788e-01  2.038291e-04
   outer loop
     vertex  1.378055e+01 -1.376302e+01  1.100000e+01
     vertex  1.383777e+01 -1.381158e+01  2.510492e-01
     vertex  1.365096e+01 -1.364336e+01  0.000000e+00
   endloop
 endfacet
 facet normal  6.130270e-01  7.900619e-01 -3.053885e-04
   outer loop
     vertex  1.403787e+01 -1.396346e+01  9.000000e+00
     vertex  1.383777e+01 -1.381158e+01  2.510492e-01
     vertex  1.378055e+01 -1.376302e+01  1.100000e+01
   endloop
 endfacet
 facet normal  6.045895e-01  7.965372e-01 -5.184379e-15
   outer loop
     vertex  1.403787e+01 -1.396346e+01  9.000000e+00
     vertex  1.403787e+01 -1.396346e+01  5.000000e-01
     vertex  1.383777e+01 -1.381158e+01  2.510492e-01
   endloop
 endfacet
 facet normal  6.123427e-01  7.905923e-01 -4.465911e-04
   outer loop
     vertex  1.405139e+01 -1.397280e+01  1.100000e+01
     vertex  1.403787e+01 -1.396346e+01  9.000000e+00
     vertex  1.378055e+01 -1.376302e+01  1.100000e+01
   endloop
 endfacet
 facet normal  5.254358e-01  8.508332e-01  4.220941e-04
   outer loop
     vertex  1.431413e+01 -1.413406e+01  9.000000e+00
     vertex  1.403787e+01 -1.396346e+01  9.000000e+00
     vertex  1.405139e+01 -1.397280e+01  1.100000e+01
   endloop
 endfacet
 facet normal  5.182164e-01  8.552491e-01 -8.823839e-04
   outer loop
     vertex  1.434438e+01 -1.415033e+01  1.100000e+01
     vertex  1.431413e+01 -1.413406e+01  9.000000e+00
     vertex  1.405139e+01 -1.397280e+01  1.100000e+01
   endloop
 endfacet
 facet normal  4.304067e-01  9.026347e-01  8.311654e-04
   outer loop
     vertex  1.460721e+01 -1.427381e+01  9.000000e+00
     vertex  1.431413e+01 -1.413406e+01  9.000000e+00
     vertex  1.434438e+01 -1.415033e+01  1.100000e+01
   endloop
 endfacet
 facet normal  4.173325e-01  9.087530e-01 -1.264730e-03
   outer loop
     vertex  1.465571e+01 -1.429330e+01  1.100000e+01
     vertex  1.460721e+01 -1.427381e+01  9.000000e+00
     vertex  1.434438e+01 -1.415033e+01  1.100000e+01
   endloop
 endfacet
 facet normal  3.303359e-01  9.438627e-01  1.186783e-03
   outer loop
     vertex  1.491368e+01 -1.438107e+01  9.000000e+00
     vertex  1.460721e+01 -1.427381e+01  9.000000e+00
     vertex  1.465571e+01 -1.429330e+01  1.100000e+01
   endloop
 endfacet
 facet normal  3.110065e-01  9.504065e-01 -1.593614e-03
   outer loop
     vertex  1.498130e+01 -1.439984e+01  1.100000e+01
     vertex  1.491368e+01 -1.438107e+01  9.000000e+00
     vertex  1.465571e+01 -1.429330e+01  1.100000e+01
   endloop
 endfacet
 facet normal  2.263957e-01  9.740343e-01  1.488933e-03
   outer loop
     vertex  1.522994e+01 -1.445458e+01  9.000000e+00
     vertex  1.491368e+01 -1.438107e+01  9.000000e+00
     vertex  1.498130e+01 -1.439984e+01  1.100000e+01
   endloop
 endfacet
 facet normal  2.006250e-01  9.796663e-01 -1.869027e-03
   outer loop
     vertex  1.531691e+01 -1.446857e+01  1.100000e+01
     vertex  1.522994e+01 -1.445458e+01  9.000000e+00
     vertex  1.498130e+01 -1.439984e+01  1.100000e+01
   endloop
 endfacet
 facet normal  1.198035e-01  9.927961e-01  1.737606e-03
   outer loop
     vertex  1.555229e+01 -1.449348e+01  9.000000e+00
     vertex  1.522994e+01 -1.445458e+01  9.000000e+00
     vertex  1.531691e+01 -1.446857e+01  1.100000e+01
   endloop
 endfacet
 facet normal  8.762737e-02  9.961511e-01 -2.090957e-03
   outer loop
     vertex  1.565818e+01 -1.449859e+01  1.100000e+01
     vertex  1.555229e+01 -1.449348e+01  9.000000e+00
     vertex  1.531691e+01 -1.446857e+01  1.100000e+01
   endloop
 endfacet
 facet normal  1.180811e-02  9.999284e-01  1.932792e-03
   outer loop
     vertex  1.587696e+01 -1.449731e+01  9.000000e+00
     vertex  1.555229e+01 -1.449348e+01  9.000000e+00
     vertex  1.565818e+01 -1.449859e+01  1.100000e+01
   endloop
 endfacet
 facet normal -2.651282e-02  9.996459e-01 -2.259398e-03
   outer loop
     vertex  1.600064e+01 -1.448951e+01  1.100000e+01
     vertex  1.587696e+01 -1.449731e+01  9.000000e+00
     vertex  1.565818e+01 -1.449859e+01  1.100000e+01
   endloop
 endfacet
 facet normal -8.560504e-02  9.963282e-01  1.407720e-03
   outer loop
     vertex  1.613047e+01 -1.447578e+01  9.173492e+00
     vertex  1.587696e+01 -1.449731e+01  9.000000e+00
     vertex  1.600064e+01 -1.448951e+01  1.100000e+01
   endloop
 endfacet
 facet normal -1.403071e-01  9.901048e-01 -2.527472e-03
   outer loop
     vertex  1.633983e+01 -1.444144e+01  1.100000e+01
     vertex  1.613047e+01 -1.447578e+01  9.173492e+00
     vertex  1.600064e+01 -1.448951e+01  1.100000e+01
   endloop
 endfacet
 facet normal -1.718503e-01  9.851224e-01  1.181736e-03
   outer loop
     vertex  1.633983e+01 -1.444144e+01  1.100000e+01
     vertex  1.639525e+01 -1.442979e+01  9.340854e+00
     vertex  1.613047e+01 -1.447578e+01  9.173492e+00
   endloop
 endfacet
 facet normal -2.522723e-01  9.676549e-01 -1.627053e-03
   outer loop
     vertex  1.667133e+01 -1.435502e+01  1.100000e+01
     vertex  1.639525e+01 -1.442979e+01  9.340854e+00
     vertex  1.633983e+01 -1.444144e+01  1.100000e+01
   endloop
 endfacet
 facet normal -2.613940e-01  9.652322e-01  1.667024e-15
   outer loop
     vertex  1.667133e+01 -1.435502e+01  1.100000e+01
     vertex  1.667133e+01 -1.435502e+01  9.500000e+00
     vertex  1.639525e+01 -1.442979e+01  9.340854e+00
   endloop
 endfacet
 facet normal -6.774135e-01 -2.086800e-01 -7.053819e-01
   outer loop
     vertex -1.851452e+01 -5.450000e+00  0.000000e+00
     vertex -1.880228e+01 -6.205978e+00  5.000000e-01
     vertex -1.903516e+01 -5.450000e+00  5.000000e-01
   endloop
 endfacet
 facet normal -6.681953e-01 -2.354509e-01 -7.057464e-01
   outer loop
     vertex -1.829415e+01 -6.149319e+00  0.000000e+00
     vertex -1.853939e+01 -6.952050e+00  5.000000e-01
     vertex -1.880228e+01 -6.205978e+00  5.000000e-01
   endloop
 endfacet
 facet normal -6.732885e-01 -2.121698e-01 -7.082843e-01
   outer loop
     vertex -1.829415e+01 -6.149319e+00  0.000000e+00
     vertex -1.880228e+01 -6.205978e+00  5.000000e-01
     vertex -1.851452e+01 -5.450000e+00  0.000000e+00
   endloop
 endfacet
 facet normal -6.651182e-01 -2.377247e-01 -7.078875e-01
   outer loop
     vertex -1.804737e+01 -6.839763e+00  0.000000e+00
     vertex -1.853939e+01 -6.952050e+00  5.000000e-01
     vertex -1.829415e+01 -6.149319e+00  0.000000e+00
   endloop
 endfacet
 facet normal -6.578715e-01 -2.617994e-01 -7.061630e-01
   outer loop
     vertex -1.824691e+01 -7.687027e+00  5.000000e-01
     vertex -1.853939e+01 -6.952050e+00  5.000000e-01
     vertex -1.804737e+01 -6.839763e+00  0.000000e+00
   endloop
 endfacet
 facet normal -6.560280e-01 -2.629850e-01 -7.074363e-01
   outer loop
     vertex -1.777455e+01 -7.520336e+00  0.000000e+00
     vertex -1.824691e+01 -7.687027e+00  5.000000e-01
     vertex -1.804737e+01 -6.839763e+00  0.000000e+00
   endloop
 endfacet
 facet normal -6.464622e-01 -2.876780e-01 -7.066315e-01
   outer loop
     vertex -1.792530e+01 -8.409734e+00  5.000000e-01
     vertex -1.824691e+01 -7.687027e+00  5.000000e-01
     vertex -1.777455e+01 -7.520336e+00  0.000000e+00
   endloop
 endfacet
 facet normal -6.460276e-01 -2.879196e-01 -7.069304e-01
   outer loop
     vertex -1.747607e+01 -8.190054e+00  0.000000e+00
     vertex -1.792530e+01 -8.409734e+00  5.000000e-01
     vertex -1.777455e+01 -7.520336e+00  0.000000e+00
   endloop
 endfacet
 facet normal -6.349075e-01 -3.134934e-01 -7.061263e-01
   outer loop
     vertex -1.736948e+01 -8.974671e+00  2.510492e-01
     vertex -1.757508e+01 -9.119018e+00  5.000000e-01
     vertex -1.792530e+01 -8.409734e+00  5.000000e-01
   endloop
 endfacet
 facet normal -6.342882e-01 -3.124318e-01 -7.071526e-01
   outer loop
     vertex -1.736948e+01 -8.974671e+00  2.510492e-01
     vertex -1.792530e+01 -8.409734e+00  5.000000e-01
     vertex -1.747607e+01 -8.190054e+00  0.000000e+00
   endloop
 endfacet
 facet normal -6.348439e-01 -3.123581e-01 -7.066864e-01
   outer loop
     vertex -1.715237e+01 -8.847951e+00  0.000000e+00
     vertex -1.736948e+01 -8.974671e+00  2.510492e-01
     vertex -1.747607e+01 -8.190054e+00  0.000000e+00
   endloop
 endfacet
 facet normal -4.910435e-01 -5.103047e-01 -7.060208e-01
   outer loop
     vertex -1.341328e+01 -1.456447e+01  5.000000e-01
     vertex -1.403787e+01 -1.396346e+01  5.000000e-01
     vertex -1.383777e+01 -1.381157e+01  2.510480e-01
   endloop
 endfacet
 facet normal -4.891451e-01 -5.113290e-01 -7.065973e-01
   outer loop
     vertex -1.302488e+01 -1.424228e+01  0.000000e+00
     vertex -1.383777e+01 -1.381157e+01  2.510480e-01
     vertex -1.365096e+01 -1.364336e+01  0.000000e+00
   endloop
 endfacet
 facet normal -4.887276e-01 -5.096788e-01 -7.080768e-01
   outer loop
     vertex -1.302488e+01 -1.424228e+01  0.000000e+00
     vertex -1.341328e+01 -1.456447e+01  5.000000e-01
     vertex -1.383777e+01 -1.381157e+01  2.510480e-01
   endloop
 endfacet
 facet normal -4.682132e-01 -5.312784e-01 -7.060592e-01
   outer loop
     vertex -1.276299e+01 -1.513757e+01  5.000000e-01
     vertex -1.341328e+01 -1.456447e+01  5.000000e-01
     vertex -1.302488e+01 -1.424228e+01  0.000000e+00
   endloop
 endfacet
 facet normal -4.645722e-01 -5.314728e-01 -7.083144e-01
   outer loop
     vertex -1.237255e+01 -1.481250e+01  0.000000e+00
     vertex -1.276299e+01 -1.513757e+01  5.000000e-01
     vertex -1.302488e+01 -1.424228e+01  0.000000e+00
   endloop
 endfacet
 facet normal -4.446828e-01 -5.514732e-01 -7.057865e-01
   outer loop
     vertex -1.208824e+01 -1.568166e+01  5.000000e-01
     vertex -1.276299e+01 -1.513757e+01  5.000000e-01
     vertex -1.237255e+01 -1.481250e+01  0.000000e+00
   endloop
 endfacet
 facet normal -4.400833e-01 -5.515772e-01 -7.085826e-01
   outer loop
     vertex -1.169529e+01 -1.535286e+01  0.000000e+00
     vertex -1.208824e+01 -1.568166e+01  5.000000e-01
     vertex -1.237255e+01 -1.481250e+01  0.000000e+00
   endloop
 endfacet
 facet normal -4.202716e-01 -5.706124e-01 -7.055304e-01
   outer loop
     vertex -1.139031e+01 -1.619570e+01  5.000000e-01
     vertex -1.208824e+01 -1.568166e+01  5.000000e-01
     vertex -1.169529e+01 -1.535286e+01  0.000000e+00
   endloop
 endfacet
 facet normal -4.147366e-01 -5.705690e-01 -7.088332e-01
   outer loop
     vertex -1.099445e+01 -1.586228e+01  0.000000e+00
     vertex -1.139031e+01 -1.619570e+01  5.000000e-01
     vertex -1.169529e+01 -1.535286e+01  0.000000e+00
   endloop
 endfacet
 facet normal -3.950276e-01 -5.886573e-01 -7.052912e-01
   outer loop
     vertex -1.067056e+01 -1.667870e+01  5.000000e-01
     vertex -1.139031e+01 -1.619570e+01  5.000000e-01
     vertex -1.099445e+01 -1.586228e+01  0.000000e+00
   endloop
 endfacet
 facet normal -3.690005e-01 -6.055712e-01 -7.050689e-01
   outer loop
     vertex -1.027147e+01 -1.633974e+01  0.000000e+00
     vertex -9.930365e+00 -1.712974e+01  5.000000e-01
     vertex -1.067056e+01 -1.667870e+01  5.000000e-01
   endloop
 endfacet
 facet normal -3.885820e-01 -5.884122e-01 -7.090663e-01
   outer loop
     vertex -1.027147e+01 -1.633974e+01  0.000000e+00
     vertex -1.067056e+01 -1.667870e+01  5.000000e-01
     vertex -1.099445e+01 -1.586228e+01  0.000000e+00
   endloop
 endfacet
 facet normal -3.616709e-01 -6.050729e-01 -7.092820e-01
   outer loop
     vertex -9.527776e+00 -1.678426e+01  0.000000e+00
     vertex -9.930365e+00 -1.712974e+01  5.000000e-01
     vertex -1.027147e+01 -1.633974e+01  0.000000e+00
   endloop
 endfacet
 facet normal -3.422414e-01 -6.213198e-01 -7.048635e-01
   outer loop
     vertex -9.527776e+00 -1.678426e+01  0.000000e+00
     vertex -9.171134e+00 -1.754794e+01  5.000000e-01
     vertex -9.930365e+00 -1.712974e+01  5.000000e-01
   endloop
 endfacet
 facet normal -3.340558e-01 -6.205196e-01 -7.094802e-01
   outer loop
     vertex -8.764886e+00 -1.719496e+01  0.000000e+00
     vertex -9.171134e+00 -1.754794e+01  5.000000e-01
     vertex -9.527776e+00 -1.678426e+01  0.000000e+00
   endloop
 endfacet
 facet normal -3.148033e-01 -6.358710e-01 -7.046751e-01
   outer loop
     vertex -8.764886e+00 -1.719496e+01  0.000000e+00
     vertex -8.394327e+00 -1.793252e+01  5.000000e-01
     vertex -9.171134e+00 -1.754794e+01  5.000000e-01
   endloop
 endfacet
 facet normal -3.057908e-01 -6.347230e-01 -7.096610e-01
   outer loop
     vertex -7.984332e+00 -1.757101e+01  0.000000e+00
     vertex -8.394327e+00 -1.793252e+01  5.000000e-01
     vertex -8.764886e+00 -1.719496e+01  0.000000e+00
   endloop
 endfacet
 facet normal -2.867403e-01 -6.491954e-01 -7.045036e-01
   outer loop
     vertex -7.984332e+00 -1.757101e+01  0.000000e+00
     vertex -7.601433e+00 -1.828273e+01  5.000000e-01
     vertex -8.394327e+00 -1.793252e+01  5.000000e-01
   endloop
 endfacet
 facet normal -2.769311e-01 -6.476561e-01 -7.098245e-01
   outer loop
     vertex -7.187687e+00 -1.791165e+01  0.000000e+00
     vertex -7.601433e+00 -1.828273e+01  5.000000e-01
     vertex -7.984332e+00 -1.757101e+01  0.000000e+00
   endloop
 endfacet
 facet normal -2.581080e-01 -6.612658e-01 -7.043492e-01
   outer loop
     vertex -7.187687e+00 -1.791165e+01  0.000000e+00
     vertex -6.793970e+00 -1.859790e+01  5.000000e-01
     vertex -7.601433e+00 -1.828273e+01  5.000000e-01
   endloop
 endfacet
 facet normal -2.475330e-01 -6.592944e-01 -7.099707e-01
   outer loop
     vertex -6.376557e+00 -1.821619e+01  0.000000e+00
     vertex -6.793970e+00 -1.859790e+01  5.000000e-01
     vertex -7.187687e+00 -1.791165e+01  0.000000e+00
   endloop
 endfacet
 facet normal -2.289631e-01 -6.720577e-01 -7.042119e-01
   outer loop
     vertex -6.376557e+00 -1.821619e+01  0.000000e+00
     vertex -5.973488e+00 -1.887743e+01  5.000000e-01
     vertex -6.793970e+00 -1.859790e+01  5.000000e-01
   endloop
 endfacet
 facet normal -2.176538e-01 -6.696159e-01 -7.100996e-01
   outer loop
     vertex -5.552576e+00 -1.848402e+01  0.000000e+00
     vertex -5.973488e+00 -1.887743e+01  5.000000e-01
     vertex -6.376557e+00 -1.821619e+01  0.000000e+00
   endloop
 endfacet
 facet normal -1.993633e-01 -6.815491e-01 -7.040916e-01
   outer loop
     vertex -5.552576e+00 -1.848402e+01  0.000000e+00
     vertex -5.141557e+00 -1.912078e+01  5.000000e-01
     vertex -5.973488e+00 -1.887743e+01  5.000000e-01
   endloop
 endfacet
 facet normal -1.873516e-01 -6.786011e-01 -7.102112e-01
   outer loop
     vertex -4.717406e+00 -1.871460e+01  0.000000e+00
     vertex -5.141557e+00 -1.912078e+01  5.000000e-01
     vertex -5.552576e+00 -1.848402e+01  0.000000e+00
   endloop
 endfacet
 facet normal -1.693673e-01 -6.897208e-01 -7.039885e-01
   outer loop
     vertex -4.717406e+00 -1.871460e+01  0.000000e+00
     vertex -4.299773e+00 -1.932749e+01  5.000000e-01
     vertex -5.141557e+00 -1.912078e+01  5.000000e-01
   endloop
 endfacet
 facet normal -1.566855e-01 -6.862329e-01 -7.103056e-01
   outer loop
     vertex -3.872728e+00 -1.890746e+01  0.000000e+00
     vertex -4.299773e+00 -1.932749e+01  5.000000e-01
     vertex -4.717406e+00 -1.871460e+01  0.000000e+00
   endloop
 endfacet
 facet normal -1.390348e-01 -6.965562e-01 -7.039026e-01
   outer loop
     vertex -3.872728e+00 -1.890746e+01  0.000000e+00
     vertex -3.449749e+00 -1.949716e+01  5.000000e-01
     vertex -4.299773e+00 -1.932749e+01  5.000000e-01
   endloop
 endfacet
 facet normal -1.257151e-01 -6.924968e-01 -7.103829e-01
   outer loop
     vertex -3.020245e+00 -1.906222e+01  0.000000e+00
     vertex -3.449749e+00 -1.949716e+01  5.000000e-01
     vertex -3.872728e+00 -1.890746e+01  0.000000e+00
   endloop
 endfacet
 facet normal -1.084259e-01 -7.020412e-01 -7.038338e-01
   outer loop
     vertex -3.020245e+00 -1.906222e+01  0.000000e+00
     vertex -2.593113e+00 -1.962946e+01  5.000000e-01
     vertex -3.449749e+00 -1.949716e+01  5.000000e-01
   endloop
 endfacet
 facet normal -9.450055e-02 -6.973812e-01 -7.104429e-01
   outer loop
     vertex -2.161676e+00 -1.917856e+01  0.000000e+00
     vertex -2.593113e+00 -1.962946e+01  5.000000e-01
     vertex -3.020245e+00 -1.906222e+01  0.000000e+00
   endloop
 endfacet
 facet normal -7.760141e-02 -7.061647e-01 -7.037822e-01
   outer loop
     vertex -2.161676e+00 -1.917856e+01  0.000000e+00
     vertex -1.731508e+00 -1.972414e+01  5.000000e-01
     vertex -2.593113e+00 -1.962946e+01  5.000000e-01
   endloop
 endfacet
 facet normal -6.310249e-02 -7.008766e-01 -7.104858e-01
   outer loop
     vertex -1.298751e+00 -1.925625e+01  0.000000e+00
     vertex -1.731508e+00 -1.972414e+01  5.000000e-01
     vertex -2.161676e+00 -1.917856e+01  0.000000e+00
   endloop
 endfacet
 facet normal -4.662265e-02 -7.089185e-01 -7.037478e-01
   outer loop
     vertex -1.298751e+00 -1.925625e+01  0.000000e+00
     vertex -8.665844e-01 -1.978103e+01  5.000000e-01
     vertex -1.731508e+00 -1.972414e+01  5.000000e-01
   endloop
 endfacet
 facet normal -3.158190e-02 -7.029765e-01 -7.105116e-01
   outer loop
     vertex -4.332080e-01 -1.929514e+01  0.000000e+00
     vertex -8.665844e-01 -1.978103e+01  5.000000e-01
     vertex -1.298751e+00 -1.925625e+01  0.000000e+00
   endloop
 endfacet
 facet normal -1.555119e-02 -7.102967e-01 -7.037306e-01
   outer loop
     vertex -4.332080e-01 -1.929514e+01  0.000000e+00
     vertex  1.243450e-14 -1.980000e+01  5.000000e-01
     vertex -8.665844e-01 -1.978103e+01  5.000000e-01
   endloop
 endfacet
 facet normal -0.000000e+00 -7.036769e-01 -7.105201e-01
   outer loop
     vertex  4.332080e-01 -1.929514e+01  0.000000e+00
     vertex  1.243450e-14 -1.980000e+01  5.000000e-01
     vertex -4.332080e-01 -1.929514e+01  0.000000e+00
   endloop
 endfacet
 facet normal  1.555119e-02 -7.102967e-01 -7.037306e-01
   outer loop
     vertex  4.332080e-01 -1.929514e+01  0.000000e+00
     vertex  8.665844e-01 -1.978103e+01  5.000000e-01
     vertex  1.243450e-14 -1.980000e+01  5.000000e-01
   endloop
 endfacet
 facet normal  4.662265e-02 -7.089185e-01 -7.037478e-01
   outer loop
     vertex  1.298751e+00 -1.925625e+01  0.000000e+00
     vertex  1.731508e+00 -1.972414e+01  5.000000e-01
     vertex  8.665844e-01 -1.978103e+01  5.000000e-01
   endloop
 endfacet
 facet normal  3.158190e-02 -7.029765e-01 -7.105116e-01
   outer loop
     vertex  1.298751e+00 -1.925625e+01  0.000000e+00
     vertex  8.665844e-01 -1.978103e+01  5.000000e-01
     vertex  4.332080e-01 -1.929514e+01  0.000000e+00
   endloop
 endfacet
 facet normal  7.760141e-02 -7.061647e-01 -7.037822e-01
   outer loop
     vertex  2.161676e+00 -1.917856e+01  0.000000e+00
     vertex  2.593113e+00 -1.962946e+01  5.000000e-01
     vertex  1.731508e+00 -1.972414e+01  5.000000e-01
   endloop
 endfacet
 facet normal  6.310249e-02 -7.008766e-01 -7.104858e-01
   outer loop
     vertex  2.161676e+00 -1.917856e+01  0.000000e+00
     vertex  1.731508e+00 -1.972414e+01  5.000000e-01
     vertex  1.298751e+00 -1.925625e+01  0.000000e+00
   endloop
 endfacet
 facet normal  1.084259e-01 -7.020412e-01 -7.038338e-01
   outer loop
     vertex  3.020245e+00 -1.906222e+01  0.000000e+00
     vertex  3.449749e+00 -1.949716e+01  5.000000e-01
     vertex  2.593113e+00 -1.962946e+01  5.000000e-01
   endloop
 endfacet
 facet normal  9.450055e-02 -6.973812e-01 -7.104429e-01
   outer loop
     vertex  3.020245e+00 -1.906222e+01  0.000000e+00
     vertex  2.593113e+00 -1.962946e+01  5.000000e-01
     vertex  2.161676e+00 -1.917856e+01  0.000000e+00
   endloop
 endfacet
 facet normal  1.390348e-01 -6.965562e-01 -7.039026e-01
   outer loop
     vertex  3.872728e+00 -1.890746e+01  0.000000e+00
     vertex  4.299773e+00 -1.932749e+01  5.000000e-01
     vertex  3.449749e+00 -1.949716e+01  5.000000e-01
   endloop
 endfacet
 facet normal  1.257151e-01 -6.924968e-01 -7.103829e-01
   outer loop
     vertex  3.872728e+00 -1.890746e+01  0.000000e+00
     vertex  3.449749e+00 -1.949716e+01  5.000000e-01
     vertex  3.020245e+00 -1.906222e+01  0.000000e+00
   endloop
 endfacet
 facet normal  1.693673e-01 -6.897208e-01 -7.039885e-01
   outer loop
     vertex  4.717406e+00 -1.871460e+01  0.000000e+00
     vertex  5.141557e+00 -1.912078e+01  5.000000e-01
     vertex  4.299773e+00 -1.932749e+01  5.000000e-01
   endloop
 endfacet
 facet normal  1.566855e-01 -6.862329e-01 -7.103056e-01
   outer loop
     vertex  4.717406e+00 -1.871460e+01  0.000000e+00
     vertex  4.299773e+00 -1.932749e+01  5.000000e-01
     vertex  3.872728e+00 -1.890746e+01  0.000000e+00
   endloop
 endfacet
 facet normal  1.993633e-01 -6.815491e-01 -7.040916e-01
   outer loop
     vertex  5.552576e+00 -1.848402e+01  0.000000e+00
     vertex  5.973488e+00 -1.887743e+01  5.000000e-01
     vertex  5.141557e+00 -1.912078e+01  5.000000e-01
   endloop
 endfacet
 facet normal  1.873516e-01 -6.786011e-01 -7.102112e-01
   outer loop
     vertex  5.552576e+00 -1.848402e+01  0.000000e+00
     vertex  5.141557e+00 -1.912078e+01  5.000000e-01
     vertex  4.717406e+00 -1.871460e+01  0.000000e+00
   endloop
 endfacet
 facet normal  2.289631e-01 -6.720577e-01 -7.042119e-01
   outer loop
     vertex  6.376557e+00 -1.821619e+01  0.000000e+00
     vertex  6.793970e+00 -1.859790e+01  5.000000e-01
     vertex  5.973488e+00 -1.887743e+01  5.000000e-01
   endloop
 endfacet
 facet normal  2.176538e-01 -6.696159e-01 -7.100996e-01
   outer loop
     vertex  6.376557e+00 -1.821619e+01  0.000000e+00
     vertex  5.973488e+00 -1.887743e+01  5.000000e-01
     vertex  5.552576e+00 -1.848402e+01  0.000000e+00
   endloop
 endfacet
 facet normal  2.581080e-01 -6.612658e-01 -7.043492e-01
   outer loop
     vertex  7.187687e+00 -1.791165e+01  0.000000e+00
     vertex  7.601433e+00 -1.828273e+01  5.000000e-01
     vertex  6.793970e+00 -1.859790e+01  5.000000e-01
   endloop
 endfacet
 facet normal  2.475330e-01 -6.592944e-01 -7.099707e-01
   outer loop
     vertex  7.187687e+00 -1.791165e+01  0.000000e+00
     vertex  6.793970e+00 -1.859790e+01  5.000000e-01
     vertex  6.376557e+00 -1.821619e+01  0.000000e+00
   endloop
 endfacet
 facet normal  2.867403e-01 -6.491954e-01 -7.045036e-01
   outer loop
     vertex  7.984332e+00 -1.757101e+01  0.000000e+00
     vertex  8.394327e+00 -1.793252e+01  5.000000e-01
     vertex  7.601433e+00 -1.828273e+01  5.000000e-01
   endloop
 endfacet
 facet normal  2.769311e-01 -6.476561e-01 -7.098245e-01
   outer loop
     vertex  7.984332e+00 -1.757101e+01  0.000000e+00
     vertex  7.601433e+00 -1.828273e+01  5.000000e-01
     vertex  7.187687e+00 -1.791165e+01  0.000000e+00
   endloop
 endfacet
 facet normal  3.148033e-01 -6.358710e-01 -7.046751e-01
   outer loop
     vertex  8.764886e+00 -1.719496e+01  0.000000e+00
     vertex  9.171134e+00 -1.754794e+01  5.000000e-01
     vertex  8.394327e+00 -1.793252e+01  5.000000e-01
   endloop
 endfacet
 facet normal  3.057908e-01 -6.347230e-01 -7.096610e-01
   outer loop
     vertex  8.764886e+00 -1.719496e+01  0.000000e+00
     vertex  8.394327e+00 -1.793252e+01  5.000000e-01
     vertex  7.984332e+00 -1.757101e+01  0.000000e+00
   endloop
 endfacet
 facet normal  3.422414e-01 -6.213198e-01 -7.048635e-01
   outer loop
     vertex  9.527776e+00 -1.678426e+01  0.000000e+00
     vertex  9.930365e+00 -1.712974e+01  5.000000e-01
     vertex  9.171134e+00 -1.754794e+01  5.000000e-01
   endloop
 endfacet
 facet normal  3.340558e-01 -6.205196e-01 -7.094802e-01
   outer loop
     vertex  9.527776e+00 -1.678426e+01  0.000000e+00
     vertex  9.171134e+00 -1.754794e+01  5.000000e-01
     vertex  8.764886e+00 -1.719496e+01  0.000000e+00
   endloop
 endfacet
 facet normal  3.690005e-01 -6.055712e-01 -7.050689e-01
   outer loop
     vertex  1.027147e+01 -1.633974e+01  0.000000e+00
     vertex  1.067056e+01 -1.667870e+01  5.000000e-01
     vertex  9.930365e+00 -1.712974e+01  5.000000e-01
   endloop
 endfacet
 facet normal  3.616709e-01 -6.050729e-01 -7.092820e-01
   outer loop
     vertex  1.027147e+01 -1.633974e+01  0.000000e+00
     vertex  9.930365e+00 -1.712974e+01  5.000000e-01
     vertex  9.527776e+00 -1.678426e+01  0.000000e+00
   endloop
 endfacet
 facet normal  3.885820e-01 -5.884122e-01 -7.090663e-01
   outer loop
     vertex  1.099445e+01 -1.586228e+01  0.000000e+00
     vertex  1.067056e+01 -1.667870e+01  5.000000e-01
     vertex  1.027147e+01 -1.633974e+01  0.000000e+00
   endloop
 endfacet
 facet normal  3.950276e-01 -5.886573e-01 -7.052912e-01
   outer loop
     vertex  1.099445e+01 -1.586228e+01  0.000000e+00
     vertex  1.139031e+01 -1.619570e+01  5.000000e-01
     vertex  1.067056e+01 -1.667870e+01  5.000000e-01
   endloop
 endfacet
 facet normal  4.147366e-01 -5.705690e-01 -7.088332e-01
   outer loop
     vertex  1.169529e+01 -1.535286e+01  0.000000e+00
     vertex  1.139031e+01 -1.619570e+01  5.000000e-01
     vertex  1.099445e+01 -1.586228e+01  0.000000e+00
   endloop
 endfacet
 facet normal  4.202716e-01 -5.706124e-01 -7.055304e-01
   outer loop
     vertex  1.169529e+01 -1.535286e+01  0.000000e+00
     vertex  1.208824e+01 -1.568166e+01  5.000000e-01
     vertex  1.139031e+01 -1.619570e+01  5.000000e-01
   endloop
 endfacet
 facet normal  4.400833e-01 -5.515772e-01 -7.085826e-01
   outer loop
     vertex  1.237255e+01 -1.481250e+01  0.000000e+00
     vertex  1.208824e+01 -1.568166e+01  5.000000e-01
     vertex  1.169529e+01 -1.535286e+01  0.000000e+00
   endloop
 endfacet
 facet normal  4.446828e-01 -5.514732e-01 -7.057865e-01
   outer loop
     vertex  1.237255e+01 -1.481250e+01  0.000000e+00
     vertex  1.276299e+01 -1.513757e+01  5.000000e-01
     vertex  1.208824e+01 -1.568166e+01  5.000000e-01
   endloop
 endfacet
 facet normal  4.645722e-01 -5.314728e-01 -7.083144e-01
   outer loop
     vertex  1.302488e+01 -1.424228e+01  0.000000e+00
     vertex  1.276299e+01 -1.513757e+01  5.000000e-01
     vertex  1.237255e+01 -1.481250e+01  0.000000e+00
   endloop
 endfacet
 facet normal  4.682132e-01 -5.312784e-01 -7.060592e-01
   outer loop
     vertex  1.302488e+01 -1.424228e+01  0.000000e+00
     vertex  1.341328e+01 -1.456447e+01  5.000000e-01
     vertex  1.276299e+01 -1.513757e+01  5.000000e-01
   endloop
 endfacet
 facet normal  4.887276e-01 -5.096788e-01 -7.080768e-01
   outer loop
     vertex  1.383777e+01 -1.381158e+01  2.510492e-01
     vertex  1.341328e+01 -1.456447e+01  5.000000e-01
     vertex  1.302488e+01 -1.424228e+01  0.000000e+00
   endloop
 endfacet
 facet normal  4.910435e-01 -5.103047e-01 -7.060208e-01
   outer loop
     vertex  1.383777e+01 -1.381158e+01  2.510492e-01
     vertex  1.403787e+01 -1.396346e+01  5.000000e-01
     vertex  1.341328e+01 -1.456447e+01  5.000000e-01
   endloop
 endfacet
 facet normal  4.891451e-01 -5.113290e-01 -7.065973e-01
   outer loop
     vertex  1.365096e+01 -1.364336e+01  0.000000e+00
     vertex  1.383777e+01 -1.381158e+01  2.510492e-01
     vertex  1.302488e+01 -1.424228e+01  0.000000e+00
   endloop
 endfacet
 facet normal  1.000000e+00  0.000000e+00  0.000000e+00
   outer loop
     vertex -9.950000e+00 -1.400000e+01  0.000000e+00
     vertex -9.950000e+00 -1.600000e+01  1.200000e+01
     vertex -9.950000e+00 -1.600000e+01  0.000000e+00
   endloop
 endfacet
 facet normal  1.000000e+00  0.000000e+00 -0.000000e+00
   outer loop
     vertex -9.950000e+00 -1.400000e+01  0.000000e+00
     vertex -9.950000e+00 -1.400000e+01  1.200000e+01
     vertex -9.950000e+00 -1.600000e+01  1.200000e+01
   endloop
 endfacet
 facet normal  0.000000e+00  1.000000e+00  0.000000e+00
   outer loop
     vertex -9.950000e+00 -1.600000e+01  0.000000e+00
     vertex -4.450000e+00 -1.600000e+01  1.200000e+01
     vertex -4.450000e+00 -1.600000e+01  0.000000e+00
   endloop
 endfacet
 facet normal  0.000000e+00  1.000000e+00  0.000000e+00
   outer loop
     vertex -9.950000e+00 -1.600000e+01  0.000000e+00
     vertex -9.950000e+00 -1.600000e+01  1.200000e+01
     vertex -4.450000e+00 -1.600000e+01  1.200000e+01
   endloop
 endfacet
 facet normal -1.000000e+00  4.440892e-16  0.000000e+00
   outer loop
     vertex -4.450000e+00 -1.600000e+01  0.000000e+00
     vertex -4.450000e+00 -1.400000e+01  1.200000e+01
     vertex -4.450000e+00 -1.400000e+01  0.000000e+00
   endloop
 endfacet
 facet normal -1.000000e+00  4.440892e-16  0.000000e+00
   outer loop
     vertex -4.450000e+00 -1.600000e+01  0.000000e+00
     vertex -4.450000e+00 -1.600000e+01  1.200000e+01
     vertex -4.450000e+00 -1.400000e+01  1.200000e+01
   endloop
 endfacet
 facet normal  0.000000e+00  1.000000e+00  0.000000e+00
   outer loop
     vertex -4.450000e+00 -1.400000e+01  0.000000e+00
     vertex  4.450000e+00 -1.400000e+01  1.200000e+01
     vertex  4.450000e+00 -1.400000e+01  0.000000e+00
   endloop
 endfacet
 facet normal  0.000000e+00  1.000000e+00  0.000000e+00
   outer loop
     vertex -4.450000e+00 -1.400000e+01  0.000000e+00
     vertex -4.450000e+00 -1.400000e+01  1.200000e+01
     vertex  4.450000e+00 -1.400000e+01  1.200000e+01
   endloop
 endfacet
 facet normal  1.000000e+00  0.000000e+00  0.000000e+00
   outer loop
     vertex  4.450000e+00 -1.400000e+01  0.000000e+00
     vertex  4.450000e+00 -1.600000e+01  1.200000e+01
     vertex  4.450000e+00 -1.600000e+01  0.000000e+00
   endloop
 endfacet
 facet normal  1.000000e+00  0.000000e+00 -0.000000e+00
   outer loop
     vertex  4.450000e+00 -1.400000e+01  0.000000e+00
     vertex  4.450000e+00 -1.400000e+01  1.200000e+01
     vertex  4.450000e+00 -1.600000e+01  1.200000e+01
   endloop
 endfacet
 facet normal  0.000000e+00  1.000000e+00  0.000000e+00
   outer loop
     vertex  4.450000e+00 -1.600000e+01  0.000000e+00
     vertex  9.950000e+00 -1.600000e+01  1.200000e+01
     vertex  9.950000e+00 -1.600000e+01  0.000000e+00
   endloop
 endfacet
 facet normal  0.000000e+00  1.000000e+00  0.000000e+00
   outer loop
     vertex  4.450000e+00 -1.600000e+01  0.000000e+00
     vertex  4.450000e+00 -1.600000e+01  1.200000e+01
     vertex  9.950000e+00 -1.600000e+01  1.200000e+01
   endloop
 endfacet
 facet normal -1.000000e+00  0.000000e+00  0.000000e+00
   outer loop
     vertex  9.950000e+00 -1.600000e+01  0.000000e+00
     vertex  9.950000e+00 -1.400000e+01  1.200000e+01
     vertex  9.950000e+00 -1.400000e+01  0.000000e+00
   endloop
 endfacet
 facet normal -1.000000e+00  0.000000e+00  0.000000e+00
   outer loop
     vertex  9.950000e+00 -1.600000e+01  0.000000e+00
     vertex  9.950000e+00 -1.600000e+01  1.200000e+01
     vertex  9.950000e+00 -1.400000e+01  1.200000e+01
   endloop
 endfacet
 facet normal  0.000000e+00  1.000000e+00  0.000000e+00
   outer loop
     vertex  9.950000e+00 -1.400000e+01  0.000000e+00
     vertex  1.200000e+01 -1.400000e+01  1.200000e+01
     vertex  1.200000e+01 -1.400000e+01  0.000000e+00
   endloop
 endfacet
 facet normal  0.000000e+00  1.000000e+00  0.000000e+00
   outer loop
     vertex  9.950000e+00 -1.400000e+01  0.000000e+00
     vertex  9.950000e+00 -1.400000e+01  1.200000e+01
     vertex  1.200000e+01 -1.400000e+01  1.200000e+01
   endloop
 endfacet
 facet normal -1.000000e+00  0.000000e+00  0.000000e+00
   outer loop
     vertex  1.200000e+01 -1.400000e+01  1.200000e+01
     vertex  1.200000e+01  1.400000e+01  1.200000e+01
     vertex  1.200000e+01  1.400000e+01  0.000000e+00
   endloop
 endfacet
 facet normal -1.000000e+00  0.000000e+00  0.000000e+00
   outer loop
     vertex  1.200000e+01 -1.400000e+01  0.000000e+00
     vertex  1.200000e+01 -1.400000e+01  1.200000e+01
     vertex  1.200000e+01  1.400000e+01  0.000000e+00
   endloop
 endfacet
 facet normal  0.000000e+00 -1.000000e+00  0.000000e+00
   outer loop
     vertex  1.200000e+01  1.400000e+01  0.000000e+00
     vertex -1.200000e+01  1.400000e+01  1.200000e+01
     vertex -1.200000e+01  1.400000e+01  0.000000e+00
   endloop
 endfacet
 facet normal  0.000000e+00 -1.000000e+00  0.000000e+00
   outer loop
     vertex  1.200000e+01  1.400000e+01  0.000000e+00
     vertex  1.200000e+01  1.400000e+01  1.200000e+01
     vertex -1.200000e+01  1.400000e+01  1.200000e+01
   endloop
 endfacet
 facet normal  1.000000e+00  0.000000e+00  0.000000e+00
   outer loop
     vertex -1.200000e+01  1.400000e+01  1.200000e+01
     vertex -1.200000e+01 -1.400000e+01  1.200000e+01
     vertex -1.200000e+01 -1.400000e+01  0.000000e+00
   endloop
 endfacet
 facet normal  1.000000e+00  0.000000e+00 -0.000000e+00
   outer loop
     vertex -1.200000e+01  1.400000e+01  0.000000e+00
     vertex -1.200000e+01  1.400000e+01  1.200000e+01
     vertex -1.200000e+01 -1.400000e+01  0.000000e+00
   endloop
 endfacet
 facet normal  0.000000e+00  1.000000e+00  0.000000e+00
   outer loop
     vertex -1.200000e+01 -1.400000e+01  0.000000e+00
     vertex -9.950000e+00 -1.400000e+01  1.200000e+01
     vertex -9.950000e+00 -1.400000e+01  0.000000e+00
   endloop
 endfacet
 facet normal  0.000000e+00  1.000000e+00  0.000000e+00
   outer loop
     vertex -1.200000e+01 -1.400000e+01  0.000000e+00
     vertex -1.200000e+01 -1.400000e+01  1.200000e+01
     vertex -9.950000e+00 -1.400000e+01  1.200000e+01
   endloop
 endfacet
 facet normal  0.000000e+00  0.000000e+00 -1.000000e+00
   outer loop
     vertex  1.504289e+01  1.079289e+01  1.100000e+01
     vertex  1.354461e+01  9.466223e+00  1.100000e+01
     vertex  1.332712e+01  9.730915e+00  1.100000e+01
   endloop
 endfacet
 facet normal  0.000000e+00  0.000000e+00 -1.000000e+00
   outer loop
     vertex  1.504289e+01  1.079289e+01  1.100000e+01
     vertex  1.379085e+01  9.228052e+00  1.100000e+01
     vertex  1.354461e+01  9.466223e+00  1.100000e+01
   endloop
 endfacet
 facet normal  0.000000e+00 -0.000000e+00 -1.000000e+00
   outer loop
     vertex  1.491853e+01  1.094443e+01  1.100000e+01
     vertex  1.504289e+01  1.079289e+01  1.100000e+01
     vertex  1.332712e+01  9.730915e+00  1.100000e+01
   endloop
 endfacet
 facet normal  0.000000e+00  0.000000e+00 -1.000000e+00
   outer loop
     vertex  1.491853e+01  1.094443e+01  1.100000e+01
     vertex  1.332712e+01  9.730915e+00  1.100000e+01
     vertex  1.314123e+01  1.001868e+01  1.100000e+01
   endloop
 endfacet
 facet normal -0.000000e+00  0.000000e+00 -1.000000e+00
   outer loop
     vertex  1.519443e+01  1.066853e+01  1.100000e+01
     vertex  1.379085e+01  9.228052e+00  1.100000e+01
     vertex  1.504289e+01  1.079289e+01  1.100000e+01
   endloop
 endfacet
 facet normal  0.000000e+00  0.000000e+00 -1.000000e+00
   outer loop
     vertex  1.519443e+01  1.066853e+01  1.100000e+01
     vertex  1.406265e+01  9.019508e+00  1.100000e+01
     vertex  1.379085e+01  9.228052e+00  1.100000e+01
   endloop
 endfacet
 facet normal  0.000000e+00  0.000000e+00 -1.000000e+00
   outer loop
     vertex  1.519443e+01  1.066853e+01  1.100000e+01
     vertex  1.435644e+01  8.843310e+00  1.100000e+01
     vertex  1.406265e+01  9.019508e+00  1.100000e+01
   endloop
 endfacet
 facet normal  0.000000e+00  0.000000e+00 -1.000000e+00
   outer loop
     vertex  1.482612e+01  1.111732e+01  1.100000e+01
     vertex  1.298936e+01  1.032575e+01  1.100000e+01
     vertex  1.287348e+01  1.064814e+01  1.100000e+01
   endloop
 endfacet
 facet normal  0.000000e+00  0.000000e+00 -1.000000e+00
   outer loop
     vertex  1.482612e+01  1.111732e+01  1.100000e+01
     vertex  1.314123e+01  1.001868e+01  1.100000e+01
     vertex  1.298936e+01  1.032575e+01  1.100000e+01
   endloop
 endfacet
 facet normal  0.000000e+00 -0.000000e+00 -1.000000e+00
   outer loop
     vertex  1.482612e+01  1.111732e+01  1.100000e+01
     vertex  1.491853e+01  1.094443e+01  1.100000e+01
     vertex  1.314123e+01  1.001868e+01  1.100000e+01
   endloop
 endfacet
 facet normal  0.000000e+00  0.000000e+00 -1.000000e+00
   outer loop
     vertex  1.536732e+01  1.057612e+01  1.100000e+01
     vertex  1.466841e+01  8.701756e+00  1.100000e+01
     vertex  1.435644e+01  8.843310e+00  1.100000e+01
   endloop
 endfacet
 facet normal -0.000000e+00  0.000000e+00 -1.000000e+00
   outer loop
     vertex  1.536732e+01  1.057612e+01  1.100000e+01
     vertex  1.435644e+01  8.843310e+00  1.100000e+01
     vertex  1.519443e+01  1.066853e+01  1.100000e+01
   endloop
 endfacet
 facet normal  0.000000e+00  0.000000e+00 -1.000000e+00
   outer loop
     vertex  1.536732e+01  1.057612e+01  1.100000e+01
     vertex  1.499449e+01  8.596691e+00  1.100000e+01
     vertex  1.466841e+01  8.701756e+00  1.100000e+01
   endloop
 endfacet
 facet normal  0.000000e+00 -0.000000e+00 -1.000000e+00
   outer loop
     vertex  1.476921e+01  1.130491e+01  1.100000e+01
     vertex  1.482612e+01  1.111732e+01  1.100000e+01
     vertex  1.287348e+01  1.064814e+01  1.100000e+01
   endloop
 endfacet
 facet normal -0.000000e+00  0.000000e+00 -1.000000e+00
   outer loop
     vertex  1.476921e+01  1.130491e+01  1.100000e+01
     vertex  1.279512e+01  1.098164e+01  1.100000e+01
     vertex  1.275529e+01  1.132190e+01  1.100000e+01
   endloop
 endfacet
 facet normal  0.000000e+00  0.000000e+00 -1.000000e+00
   outer loop
     vertex  1.476921e+01  1.130491e+01  1.100000e+01
     vertex  1.287348e+01  1.064814e+01  1.100000e+01
     vertex  1.279512e+01  1.098164e+01  1.100000e+01
   endloop
 endfacet
 facet normal -0.000000e+00  0.000000e+00 -1.000000e+00
   outer loop
     vertex  1.555491e+01  1.051921e+01  1.100000e+01
     vertex  1.499449e+01  8.596691e+00  1.100000e+01
     vertex  1.536732e+01  1.057612e+01  1.100000e+01
   endloop
 endfacet
 facet normal  0.000000e+00  0.000000e+00 -1.000000e+00
   outer loop
     vertex  1.555491e+01  1.051921e+01  1.100000e+01
     vertex  1.533041e+01  8.529487e+00  1.100000e+01
     vertex  1.499449e+01  8.596691e+00  1.100000e+01
   endloop
 endfacet
 facet normal -0.000000e+00  0.000000e+00 -1.000000e+00
   outer loop
     vertex  1.475000e+01  1.150000e+01  1.100000e+01
     vertex  1.275529e+01  1.132190e+01  1.100000e+01
     vertex  1.275451e+01  1.166448e+01  1.100000e+01
   endloop
 endfacet
 facet normal  0.000000e+00 -0.000000e+00 -1.000000e+00
   outer loop
     vertex  1.475000e+01  1.150000e+01  1.100000e+01
     vertex  1.476921e+01  1.130491e+01  1.100000e+01
     vertex  1.275529e+01  1.132190e+01  1.100000e+01
   endloop
 endfacet
 facet normal  0.000000e+00  0.000000e+00 -1.000000e+00
   outer loop
     vertex  1.575000e+01  1.050000e+01  1.100000e+01
     vertex  1.567181e+01  8.501019e+00  1.100000e+01
     vertex  1.533041e+01  8.529487e+00  1.100000e+01
   endloop
 endfacet
 facet normal  0.000000e+00 -0.000000e+00 -1.000000e+00
   outer loop
     vertex  1.575000e+01  1.050000e+01  1.100000e+01
     vertex  1.601423e+01  8.511659e+00  1.100000e+01
     vertex  1.567181e+01  8.501019e+00  1.100000e+01
   endloop
 endfacet
 facet normal -0.000000e+00  0.000000e+00 -1.000000e+00
   outer loop
     vertex  1.575000e+01  1.050000e+01  1.100000e+01
     vertex  1.533041e+01  8.529487e+00  1.100000e+01
     vertex  1.555491e+01  1.051921e+01  1.100000e+01
   endloop
 endfacet
 facet normal  0.000000e+00  0.000000e+00 -1.000000e+00
   outer loop
     vertex  1.476921e+01  1.169509e+01  1.100000e+01
     vertex  1.279280e+01  1.200492e+01  1.100000e+01
     vertex  1.286964e+01  1.233877e+01  1.100000e+01
   endloop
 endfacet
 facet normal -0.000000e+00  0.000000e+00 -1.000000e+00
   outer loop
     vertex  1.476921e+01  1.169509e+01  1.100000e+01
     vertex  1.275451e+01  1.166448e+01  1.100000e+01
     vertex  1.279280e+01  1.200492e+01  1.100000e+01
   endloop
 endfacet
 facet normal  0.000000e+00  0.000000e+00 -1.000000e+00
   outer loop
     vertex  1.476921e+01  1.169509e+01  1.100000e+01
     vertex  1.475000e+01  1.150000e+01  1.100000e+01
     vertex  1.275451e+01  1.166448e+01  1.100000e+01
   endloop
 endfacet
 facet normal  0.000000e+00  0.000000e+00 -1.000000e+00
   outer loop
     vertex  1.594509e+01  1.051921e+01  1.100000e+01
     vertex  1.635320e+01  8.561267e+00  1.100000e+01
     vertex  1.601423e+01  8.511659e+00  1.100000e+01
   endloop
 endfacet
 facet normal  0.000000e+00  0.000000e+00 -1.000000e+00
   outer loop
     vertex  1.594509e+01  1.051921e+01  1.100000e+01
     vertex  1.668430e+01  8.649197e+00  1.100000e+01
     vertex  1.635320e+01  8.561267e+00  1.100000e+01
   endloop
 endfacet
 facet normal  0.000000e+00 -0.000000e+00 -1.000000e+00
   outer loop
     vertex  1.594509e+01  1.051921e+01  1.100000e+01
     vertex  1.601423e+01  8.511659e+00  1.100000e+01
     vertex  1.575000e+01  1.050000e+01  1.100000e+01
   endloop
 endfacet
 facet normal -0.000000e+00  0.000000e+00 -1.000000e+00
   outer loop
     vertex  1.482612e+01  1.188268e+01  1.100000e+01
     vertex  1.476921e+01  1.169509e+01  1.100000e+01
     vertex  1.286964e+01  1.233877e+01  1.100000e+01
   endloop
 endfacet
 facet normal  0.000000e+00  0.000000e+00 -1.000000e+00
   outer loop
     vertex  1.482612e+01  1.188268e+01  1.100000e+01
     vertex  1.298405e+01  1.266168e+01  1.100000e+01
     vertex  1.313452e+01  1.296945e+01  1.100000e+01
   endloop
 endfacet
 facet normal  0.000000e+00  0.000000e+00 -1.000000e+00
   outer loop
     vertex  1.482612e+01  1.188268e+01  1.100000e+01
     vertex  1.286964e+01  1.233877e+01  1.100000e+01
     vertex  1.298405e+01  1.266168e+01  1.100000e+01
   endloop
 endfacet
 facet normal  0.000000e+00  0.000000e+00 -1.000000e+00
   outer loop
     vertex  1.613268e+01  1.057612e+01  1.100000e+01
     vertex  1.700322e+01  8.774302e+00  1.100000e+01
     vertex  1.668430e+01  8.649197e+00  1.100000e+01
   endloop
 endfacet
 facet normal  0.000000e+00  0.000000e+00 -1.000000e+00
   outer loop
     vertex  1.613268e+01  1.057612e+01  1.100000e+01
     vertex  1.730580e+01  8.934951e+00  1.100000e+01
     vertex  1.700322e+01  8.774302e+00  1.100000e+01
   endloop
 endfacet
 facet normal  0.000000e+00 -0.000000e+00 -1.000000e+00
   outer loop
     vertex  1.613268e+01  1.057612e+01  1.100000e+01
     vertex  1.668430e+01  8.649197e+00  1.100000e+01
     vertex  1.594509e+01  1.051921e+01  1.100000e+01
   endloop
 endfacet
 facet normal  0.000000e+00  0.000000e+00 -1.000000e+00
   outer loop
     vertex  1.491853e+01  1.205557e+01  1.100000e+01
     vertex  1.313452e+01  1.296945e+01  1.100000e+01
     vertex  1.331911e+01  1.325805e+01  1.100000e+01
   endloop
 endfacet
 facet normal -0.000000e+00  0.000000e+00 -1.000000e+00
   outer loop
     vertex  1.491853e+01  1.205557e+01  1.100000e+01
     vertex  1.482612e+01  1.188268e+01  1.100000e+01
     vertex  1.313452e+01  1.296945e+01  1.100000e+01
   endloop
 endfacet
 facet normal  0.000000e+00  0.000000e+00 -1.000000e+00
   outer loop
     vertex  1.630557e+01  1.066853e+01  1.100000e+01
     vertex  1.758809e+01  9.129049e+00  1.100000e+01
     vertex  1.730580e+01  8.934951e+00  1.100000e+01
   endloop
 endfacet
 facet normal  0.000000e+00 -0.000000e+00 -1.000000e+00
   outer loop
     vertex  1.630557e+01  1.066853e+01  1.100000e+01
     vertex  1.730580e+01  8.934951e+00  1.100000e+01
     vertex  1.613268e+01  1.057612e+01  1.100000e+01
   endloop
 endfacet
 facet normal  0.000000e+00 -0.000000e+00 -1.000000e+00
   outer loop
     vertex  1.353539e+01  1.352373e+01  1.100000e+01
     vertex  1.491853e+01  1.205557e+01  1.100000e+01
     vertex  1.331911e+01  1.325805e+01  1.100000e+01
   endloop
 endfacet
 facet normal -0.000000e+00  0.000000e+00 -1.000000e+00
   outer loop
     vertex  1.504289e+01  1.220711e+01  1.100000e+01
     vertex  1.491853e+01  1.205557e+01  1.100000e+01
     vertex  1.353539e+01  1.352373e+01  1.100000e+01
   endloop
 endfacet
 facet normal  0.000000e+00  0.000000e+00 -1.000000e+00
   outer loop
     vertex  1.645711e+01  1.079289e+01  1.100000e+01
     vertex  1.784642e+01  9.354065e+00  1.100000e+01
     vertex  1.758809e+01  9.129049e+00  1.100000e+01
   endloop
 endfacet
 facet normal  0.000000e+00 -0.000000e+00 -1.000000e+00
   outer loop
     vertex  1.645711e+01  1.079289e+01  1.100000e+01
     vertex  1.758809e+01  9.129049e+00  1.100000e+01
     vertex  1.630557e+01  1.066853e+01  1.100000e+01
   endloop
 endfacet
 facet normal  0.000000e+00  0.000000e+00 -1.000000e+00
   outer loop
     vertex  1.378055e+01  1.376302e+01  1.100000e+01
     vertex  1.519443e+01  1.233147e+01  1.100000e+01
     vertex  1.504289e+01  1.220711e+01  1.100000e+01
   endloop
 endfacet
 facet normal  0.000000e+00 -0.000000e+00 -1.000000e+00
   outer loop
     vertex  1.378055e+01  1.376302e+01  1.100000e+01
     vertex  1.504289e+01  1.220711e+01  1.100000e+01
     vertex  1.353539e+01  1.352373e+01  1.100000e+01
   endloop
 endfacet
 facet normal -0.000000e+00  0.000000e+00 -1.000000e+00
   outer loop
     vertex  1.807740e+01  9.607064e+00  1.100000e+01
     vertex  1.784642e+01  9.354065e+00  1.100000e+01
     vertex  1.645711e+01  1.079289e+01  1.100000e+01
   endloop
 endfacet
 facet normal  0.000000e+00  0.000000e+00 -1.000000e+00
   outer loop
     vertex  1.807740e+01  9.607064e+00  1.100000e+01
     vertex  1.645711e+01  1.079289e+01  1.100000e+01
     vertex  1.658147e+01  1.094443e+01  1.100000e+01
   endloop
 endfacet
 facet normal  0.000000e+00 -0.000000e+00 -1.000000e+00
   outer loop
     vertex  1.405139e+01  1.397280e+01  1.100000e+01
     vertex  1.519443e+01  1.233147e+01  1.100000e+01
     vertex  1.378055e+01  1.376302e+01  1.100000e+01
   endloop
 endfacet
 facet normal -0.000000e+00  0.000000e+00 -1.000000e+00
   outer loop
     vertex  1.827803e+01  9.884748e+00  1.100000e+01
     vertex  1.807740e+01  9.607064e+00  1.100000e+01
     vertex  1.658147e+01  1.094443e+01  1.100000e+01
   endloop
 endfacet
 facet normal  0.000000e+00  0.000000e+00 -1.000000e+00
   outer loop
     vertex  1.434438e+01  1.415033e+01  1.100000e+01
     vertex  1.536732e+01  1.242388e+01  1.100000e+01
     vertex  1.519443e+01  1.233147e+01  1.100000e+01
   endloop
 endfacet
 facet normal  0.000000e+00 -0.000000e+00 -1.000000e+00
   outer loop
     vertex  1.434438e+01  1.415033e+01  1.100000e+01
     vertex  1.519443e+01  1.233147e+01  1.100000e+01
     vertex  1.405139e+01  1.397280e+01  1.100000e+01
   endloop
 endfacet
 facet normal  0.000000e+00  0.000000e+00 -1.000000e+00
   outer loop
     vertex  1.844570e+01  1.018349e+01  1.100000e+01
     vertex  1.658147e+01  1.094443e+01  1.100000e+01
     vertex  1.667388e+01  1.111732e+01  1.100000e+01
   endloop
 endfacet
 facet normal -0.000000e+00  0.000000e+00 -1.000000e+00
   outer loop
     vertex  1.844570e+01  1.018349e+01  1.100000e+01
     vertex  1.827803e+01  9.884748e+00  1.100000e+01
     vertex  1.658147e+01  1.094443e+01  1.100000e+01
   endloop
 endfacet
 facet normal  0.000000e+00 -0.000000e+00 -1.000000e+00
   outer loop
     vertex  1.465571e+01  1.429330e+01  1.100000e+01
     vertex  1.536732e+01  1.242388e+01  1.100000e+01
     vertex  1.434438e+01  1.415033e+01  1.100000e+01
   endloop
 endfacet
 facet normal  0.000000e+00  0.000000e+00 -1.000000e+00
   outer loop
     vertex  1.857822e+01  1.049941e+01  1.100000e+01
     vertex  1.667388e+01  1.111732e+01  1.100000e+01
     vertex  1.673079e+01  1.130491e+01  1.100000e+01
   endloop
 endfacet
 facet normal -0.000000e+00  0.000000e+00 -1.000000e+00
   outer loop
     vertex  1.857822e+01  1.049941e+01  1.100000e+01
     vertex  1.844570e+01  1.018349e+01  1.100000e+01
     vertex  1.667388e+01  1.111732e+01  1.100000e+01
   endloop
 endfacet
 facet normal  0.000000e+00 -0.000000e+00 -1.000000e+00
   outer loop
     vertex  1.498130e+01  1.439984e+01  1.100000e+01
     vertex  1.536732e+01  1.242388e+01  1.100000e+01
     vertex  1.465571e+01  1.429330e+01  1.100000e+01
   endloop
 endfacet
 facet normal  0.000000e+00  0.000000e+00 -1.000000e+00
   outer loop
     vertex  1.498130e+01  1.439984e+01  1.100000e+01
     vertex  1.555491e+01  1.248079e+01  1.100000e+01
     vertex  1.536732e+01  1.242388e+01  1.100000e+01
   endloop
 endfacet
 facet normal -0.000000e+00  0.000000e+00 -1.000000e+00
   outer loop
     vertex  1.867385e+01  1.082837e+01  1.100000e+01
     vertex  1.857822e+01  1.049941e+01  1.100000e+01
     vertex  1.673079e+01  1.130491e+01  1.100000e+01
   endloop
 endfacet
 facet normal  0.000000e+00 -0.000000e+00 -1.000000e+00
   outer loop
     vertex  1.531691e+01  1.446857e+01  1.100000e+01
     vertex  1.555491e+01  1.248079e+01  1.100000e+01
     vertex  1.498130e+01  1.439984e+01  1.100000e+01
   endloop
 endfacet
 facet normal  0.000000e+00  0.000000e+00 -1.000000e+00
   outer loop
     vertex  1.531691e+01  1.446857e+01  1.100000e+01
     vertex  1.575000e+01  1.250000e+01  1.100000e+01
     vertex  1.555491e+01  1.248079e+01  1.100000e+01
   endloop
 endfacet
 facet normal -0.000000e+00  0.000000e+00 -1.000000e+00
   outer loop
     vertex  1.873136e+01  1.116609e+01  1.100000e+01
     vertex  1.867385e+01  1.082837e+01  1.100000e+01
     vertex  1.673079e+01  1.130491e+01  1.100000e+01
   endloop
 endfacet
 facet normal  0.000000e+00  0.000000e+00 -1.000000e+00
   outer loop
     vertex  1.873136e+01  1.116609e+01  1.100000e+01
     vertex  1.673079e+01  1.130491e+01  1.100000e+01
     vertex  1.675000e+01  1.150000e+01  1.100000e+01
   endloop
 endfacet
 facet normal  0.000000e+00 -0.000000e+00 -1.000000e+00
   outer loop
     vertex  1.565818e+01  1.449859e+01  1.100000e+01
     vertex  1.575000e+01  1.250000e+01  1.100000e+01
     vertex  1.531691e+01  1.446857e+01  1.100000e+01
   endloop
 endfacet
 facet normal  0.000000e+00  0.000000e+00 -1.000000e+00
   outer loop
     vertex  1.600064e+01  1.448951e+01  1.100000e+01
     vertex  1.594509e+01  1.248079e+01  1.100000e+01
     vertex  1.575000e+01  1.250000e+01  1.100000e+01
   endloop
 endfacet
 facet normal -0.000000e+00  0.000000e+00 -1.000000e+00
   outer loop
     vertex  1.600064e+01  1.448951e+01  1.100000e+01
     vertex  1.575000e+01  1.250000e+01  1.100000e+01
     vertex  1.565818e+01  1.449859e+01  1.100000e+01
   endloop
 endfacet
 facet normal  0.000000e+00 -0.000000e+00 -1.000000e+00
   outer loop
     vertex  1.827357e+01  1.225058e+01  1.100000e+01
     vertex  1.873136e+01  1.116609e+01  1.100000e+01
     vertex  1.675000e+01  1.150000e+01  1.100000e+01
   endloop
 endfacet
 facet normal  0.000000e+00  0.000000e+00 -1.000000e+00
   outer loop
     vertex  1.827357e+01  1.225058e+01  1.100000e+01
     vertex  1.874999e+01  1.150817e+01  1.100000e+01
     vertex  1.873136e+01  1.116609e+01  1.100000e+01
   endloop
 endfacet
 facet normal  0.000000e+00  0.000000e+00 -1.000000e+00
   outer loop
     vertex  1.827357e+01  1.225058e+01  1.100000e+01
     vertex  1.675000e+01  1.150000e+01  1.100000e+01
     vertex  1.673079e+01  1.169509e+01  1.100000e+01
   endloop
 endfacet
 facet normal  0.000000e+00  0.000000e+00 -1.000000e+00
   outer loop
     vertex  1.827357e+01  1.225058e+01  1.100000e+01
     vertex  1.673079e+01  1.169509e+01  1.100000e+01
     vertex  1.667388e+01  1.188268e+01  1.100000e+01
   endloop
 endfacet
 facet normal  0.000000e+00 -0.000000e+00 -1.000000e+00
   outer loop
     vertex  1.776777e+01  1.297329e+01  1.100000e+01
     vertex  1.827357e+01  1.225058e+01  1.100000e+01
     vertex  1.667388e+01  1.188268e+01  1.100000e+01
   endloop
 endfacet
 facet normal  0.000000e+00  0.000000e+00 -1.000000e+00
   outer loop
     vertex  1.776777e+01  1.297329e+01  1.100000e+01
     vertex  1.667388e+01  1.188268e+01  1.100000e+01
     vertex  1.658147e+01  1.205557e+01  1.100000e+01
   endloop
 endfacet
 facet normal  0.000000e+00  0.000000e+00 -1.000000e+00
   outer loop
     vertex  1.776777e+01  1.297329e+01  1.100000e+01
     vertex  1.658147e+01  1.205557e+01  1.100000e+01
     vertex  1.645711e+01  1.220711e+01  1.100000e+01
   endloop
 endfacet
 facet normal -0.000000e+00  0.000000e+00 -1.000000e+00
   outer loop
     vertex  1.633983e+01  1.444144e+01  1.100000e+01
     vertex  1.594509e+01  1.248079e+01  1.100000e+01
     vertex  1.600064e+01  1.448951e+01  1.100000e+01
   endloop
 endfacet
 facet normal  0.000000e+00 -0.000000e+00 -1.000000e+00
   outer loop
     vertex  1.723341e+01  1.367515e+01  1.100000e+01
     vertex  1.776777e+01  1.297329e+01  1.100000e+01
     vertex  1.645711e+01  1.220711e+01  1.100000e+01
   endloop
 endfacet
 facet normal -0.000000e+00  0.000000e+00 -1.000000e+00
   outer loop
     vertex  1.723341e+01  1.367515e+01  1.100000e+01
     vertex  1.594509e+01  1.248079e+01  1.100000e+01
     vertex  1.633983e+01  1.444144e+01  1.100000e+01
   endloop
 endfacet
 facet normal  0.000000e+00  0.000000e+00 -1.000000e+00
   outer loop
     vertex  1.723341e+01  1.367515e+01  1.100000e+01
     vertex  1.645711e+01  1.220711e+01  1.100000e+01
     vertex  1.630557e+01  1.233147e+01  1.100000e+01
   endloop
 endfacet
 facet normal  0.000000e+00  0.000000e+00 -1.000000e+00
   outer loop
     vertex  1.723341e+01  1.367515e+01  1.100000e+01
     vertex  1.630557e+01  1.233147e+01  1.100000e+01
     vertex  1.613268e+01  1.242388e+01  1.100000e+01
   endloop
 endfacet
 facet normal  0.000000e+00  0.000000e+00 -1.000000e+00
   outer loop
     vertex  1.723341e+01  1.367515e+01  1.100000e+01
     vertex  1.613268e+01  1.242388e+01  1.100000e+01
     vertex  1.594509e+01  1.248079e+01  1.100000e+01
   endloop
 endfacet
 facet normal -0.000000e+00 -0.000000e+00 -1.000000e+00
   outer loop
     vertex  1.667133e+01  1.435502e+01  1.100000e+01
     vertex  1.723341e+01  1.367515e+01  1.100000e+01
     vertex  1.633983e+01  1.444144e+01  1.100000e+01
   endloop
 endfacet
 facet normal  6.146865e-01 -3.571284e-01 -7.032921e-01
   outer loop
     vertex  1.922035e+01 -1.070412e+01  9.500000e+00
     vertex  1.873713e+01 -1.122242e+01  9.340852e+00
     vertex  1.870031e+01 -1.095622e+01  9.173491e+00
   endloop
 endfacet
 facet normal  6.167445e-01 -3.600621e-01 -6.999868e-01
   outer loop
     vertex  1.922035e+01 -1.070412e+01  9.500000e+00
     vertex  1.874686e+01 -1.136276e+01  9.421614e+00
     vertex  1.873713e+01 -1.122242e+01  9.340852e+00
   endloop
 endfacet
 facet normal  6.192258e-01 -3.622413e-01 -6.966639e-01
   outer loop
     vertex  1.922035e+01 -1.070412e+01  9.500000e+00
     vertex  1.874999e+01 -1.150817e+01  9.500000e+00
     vertex  1.874686e+01 -1.136276e+01  9.421614e+00
   endloop
 endfacet
 facet normal  6.142596e-01 -3.532012e-01 -7.056444e-01
   outer loop
     vertex  1.864362e+01 -1.070819e+01  9.000000e+00
     vertex  1.922035e+01 -1.070412e+01  9.500000e+00
     vertex  1.870031e+01 -1.095622e+01  9.173491e+00
   endloop
 endfacet
 facet normal  6.276379e-01 -3.323320e-01 -7.040071e-01
   outer loop
     vertex  1.907390e+01 -9.921511e+00  9.000000e+00
     vertex  1.965625e+01 -9.880890e+00  9.500000e+00
     vertex  1.922035e+01 -1.070412e+01  9.500000e+00
   endloop
 endfacet
 facet normal  6.178776e-01 -3.379499e-01 -7.099417e-01
   outer loop
     vertex  1.907390e+01 -9.921511e+00  9.000000e+00
     vertex  1.922035e+01 -1.070412e+01  9.500000e+00
     vertex  1.864362e+01 -1.070819e+01  9.000000e+00
   endloop
 endfacet
 facet normal  6.412051e-01 -3.054941e-01 -7.039385e-01
   outer loop
     vertex  1.947100e+01 -9.117571e+00  9.000000e+00
     vertex  2.005691e+01 -9.039941e+00  9.500000e+00
     vertex  1.965625e+01 -9.880890e+00  9.500000e+00
   endloop
 endfacet
 facet normal  6.313668e-01 -3.118608e-01 -7.100132e-01
   outer loop
     vertex  1.947100e+01 -9.117571e+00  9.000000e+00
     vertex  1.965625e+01 -9.880890e+00  9.500000e+00
     vertex  1.907390e+01 -9.921511e+00  9.000000e+00
   endloop
 endfacet
 facet normal  6.536194e-01 -2.781009e-01 -7.038761e-01
   outer loop
     vertex  1.983424e+01 -8.297773e+00  9.000000e+00
     vertex  2.042161e+01 -8.182786e+00  9.500000e+00
     vertex  2.005691e+01 -9.039941e+00  9.500000e+00
   endloop
 endfacet
 facet normal  6.437609e-01 -2.852373e-01 -7.100786e-01
   outer loop
     vertex  1.983424e+01 -8.297773e+00  9.000000e+00
     vertex  2.005691e+01 -9.039941e+00  9.500000e+00
     vertex  1.947100e+01 -9.117571e+00  9.000000e+00
   endloop
 endfacet
 facet normal  6.648582e-01 -2.502021e-01 -7.038199e-01
   outer loop
     vertex  2.016297e+01 -7.463542e+00  9.000000e+00
     vertex  2.074970e+01 -7.310960e+00  9.500000e+00
     vertex  2.042161e+01 -8.182786e+00  9.500000e+00
   endloop
 endfacet
 facet normal  6.550390e-01 -2.581249e-01 -7.101377e-01
   outer loop
     vertex  2.016297e+01 -7.463542e+00  9.000000e+00
     vertex  2.042161e+01 -8.182786e+00  9.500000e+00
     vertex  1.983424e+01 -8.297773e+00  9.000000e+00
   endloop
 endfacet
 facet normal  6.749008e-01 -2.218483e-01 -7.037700e-01
   outer loop
     vertex  2.045664e+01 -6.616330e+00  9.000000e+00
     vertex  2.104058e+01 -6.426027e+00  9.500000e+00
     vertex  2.074970e+01 -7.310960e+00  9.500000e+00
   endloop
 endfacet
 facet normal  6.651818e-01 -2.305702e-01 -7.101905e-01
   outer loop
     vertex  2.045664e+01 -6.616330e+00  9.000000e+00
     vertex  2.074970e+01 -7.310960e+00  9.500000e+00
     vertex  2.016297e+01 -7.463542e+00  9.000000e+00
   endloop
 endfacet
 facet normal  6.837288e-01 -1.930912e-01 -7.037262e-01
   outer loop
     vertex  2.071473e+01 -5.757610e+00  9.000000e+00
     vertex  2.129375e+01 -5.529574e+00  9.500000e+00
     vertex  2.104058e+01 -6.426027e+00  9.500000e+00
   endloop
 endfacet
 facet normal  6.741722e-01 -2.026206e-01 -7.102372e-01
   outer loop
     vertex  2.071473e+01 -5.757610e+00  9.000000e+00
     vertex  2.104058e+01 -6.426027e+00  9.500000e+00
     vertex  2.045664e+01 -6.616330e+00  9.000000e+00
   endloop
 endfacet
 facet normal  6.913260e-01 -1.639830e-01 -7.036888e-01
   outer loop
     vertex  2.093678e+01 -4.888875e+00  9.000000e+00
     vertex  2.150874e+01 -4.623207e+00  9.500000e+00
     vertex  2.129375e+01 -5.529574e+00  9.500000e+00
   endloop
 endfacet
 facet normal  6.819949e-01 -1.743238e-01 -7.102776e-01
   outer loop
     vertex  2.093678e+01 -4.888875e+00  9.000000e+00
     vertex  2.129375e+01 -5.529574e+00  9.500000e+00
     vertex  2.071473e+01 -5.757610e+00  9.000000e+00
   endloop
 endfacet
 facet normal  6.886367e-01 -1.457284e-01 -7.103117e-01
   outer loop
     vertex  2.112242e+01 -4.011637e+00  9.000000e+00
     vertex  2.150874e+01 -4.623207e+00  9.500000e+00
     vertex  2.093678e+01 -4.888875e+00  9.000000e+00
   endloop
 endfacet
 facet normal  6.976785e-01 -1.345766e-01 -7.036575e-01
   outer loop
     vertex  2.112242e+01 -4.011637e+00  9.000000e+00
     vertex  2.168517e+01 -3.708551e+00  9.500000e+00
     vertex  2.150874e+01 -4.623207e+00  9.500000e+00
   endloop
 endfacet
 facet normal  6.940863e-01 -1.168833e-01 -7.103397e-01
   outer loop
     vertex  2.127132e+01 -3.127421e+00  9.000000e+00
     vertex  2.168517e+01 -3.708551e+00  9.500000e+00
     vertex  2.112242e+01 -4.011637e+00  9.000000e+00
   endloop
 endfacet
 facet normal  7.027744e-01 -1.049253e-01 -7.036325e-01
   outer loop
     vertex  2.127132e+01 -3.127421e+00  9.000000e+00
     vertex  2.182272e+01 -2.787247e+00  9.500000e+00
     vertex  2.168517e+01 -3.708551e+00  9.500000e+00
   endloop
 endfacet
 facet normal  6.983345e-01 -8.783811e-02 -7.103615e-01
   outer loop
     vertex  2.138323e+01 -2.237766e+00  9.000000e+00
     vertex  2.182272e+01 -2.787247e+00  9.500000e+00
     vertex  2.127132e+01 -3.127421e+00  9.000000e+00
   endloop
 endfacet
 facet normal  7.066046e-01 -7.508329e-02 -7.036138e-01
   outer loop
     vertex  2.138323e+01 -2.237766e+00  9.000000e+00
     vertex  2.192115e+01 -1.860945e+00  9.500000e+00
     vertex  2.182272e+01 -2.787247e+00  9.500000e+00
   endloop
 endfacet
 facet normal  7.013741e-01 -5.864245e-02 -7.103770e-01
   outer loop
     vertex  2.145794e+01 -1.344218e+00  9.000000e+00
     vertex  2.192115e+01 -1.860945e+00  9.500000e+00
     vertex  2.138323e+01 -2.237766e+00  9.000000e+00
   endloop
 endfacet
 facet normal  7.091620e-01 -4.510467e-02 -7.036013e-01
   outer loop
     vertex  2.145794e+01 -1.344218e+00  9.000000e+00
     vertex  2.198028e+01 -9.313074e-01  9.500000e+00
     vertex  2.192115e+01 -1.860945e+00  9.500000e+00
   endloop
 endfacet
 facet normal  7.031999e-01 -2.934636e-02 -7.103863e-01
   outer loop
     vertex  2.149533e+01 -4.483327e-01  9.000000e+00
     vertex  2.198028e+01 -9.313074e-01  9.500000e+00
     vertex  2.145794e+01 -1.344218e+00  9.000000e+00
   endloop
 endfacet
 facet normal  7.104419e-01 -1.504401e-02 -7.035950e-01
   outer loop
     vertex  2.149533e+01 -4.483327e-01  9.000000e+00
     vertex  2.200000e+01  0.000000e+00  9.500000e+00
     vertex  2.198028e+01 -9.313074e-01  9.500000e+00
   endloop
 endfacet
 facet normal  7.038088e-01  0.000000e+00 -7.103894e-01
   outer loop
     vertex  2.149533e+01  4.483327e-01  9.000000e+00
     vertex  2.200000e+01  0.000000e+00  9.500000e+00
     vertex  2.149533e+01 -4.483327e-01  9.000000e+00
   endloop
 endfacet
 facet normal  7.104419e-01  1.504401e-02 -7.035950e-01
   outer loop
     vertex  2.149533e+01  4.483327e-01  9.000000e+00
     vertex  2.198028e+01  9.313074e-01  9.500000e+00
     vertex  2.200000e+01  0.000000e+00  9.500000e+00
   endloop
 endfacet
 facet normal  7.031999e-01  2.934636e-02 -7.103863e-01
   outer loop
     vertex  2.145794e+01  1.344218e+00  9.000000e+00
     vertex  2.198028e+01  9.313074e-01  9.500000e+00
     vertex  2.149533e+01  4.483327e-01  9.000000e+00
   endloop
 endfacet
 facet normal  7.091620e-01  4.510467e-02 -7.036013e-01
   outer loop
     vertex  2.145794e+01  1.344218e+00  9.000000e+00
     vertex  2.192115e+01  1.860945e+00  9.500000e+00
     vertex  2.198028e+01  9.313074e-01  9.500000e+00
   endloop
 endfacet
 facet normal  7.013741e-01  5.864245e-02 -7.103770e-01
   outer loop
     vertex  2.138323e+01  2.237766e+00  9.000000e+00
     vertex  2.192115e+01  1.860945e+00  9.500000e+00
     vertex  2.145794e+01  1.344218e+00  9.000000e+00
   endloop
 endfacet
 facet normal  7.066046e-01  7.508329e-02 -7.036138e-01
   outer loop
     vertex  2.138323e+01  2.237766e+00  9.000000e+00
     vertex  2.182272e+01  2.787247e+00  9.500000e+00
     vertex  2.192115e+01  1.860945e+00  9.500000e+00
   endloop
 endfacet
 facet normal  6.983345e-01  8.783811e-02 -7.103615e-01
   outer loop
     vertex  2.127132e+01  3.127421e+00  9.000000e+00
     vertex  2.182272e+01  2.787247e+00  9.500000e+00
     vertex  2.138323e+01  2.237766e+00  9.000000e+00
   endloop
 endfacet
 facet normal  7.027744e-01  1.049253e-01 -7.036325e-01
   outer loop
     vertex  2.127132e+01  3.127421e+00  9.000000e+00
     vertex  2.168517e+01  3.708551e+00  9.500000e+00
     vertex  2.182272e+01  2.787247e+00  9.500000e+00
   endloop
 endfacet
 facet normal  6.940863e-01  1.168833e-01 -7.103397e-01
   outer loop
     vertex  2.112242e+01  4.011637e+00  9.000000e+00
     vertex  2.168517e+01  3.708551e+00  9.500000e+00
     vertex  2.127132e+01  3.127421e+00  9.000000e+00
   endloop
 endfacet
 facet normal  6.976785e-01  1.345766e-01 -7.036575e-01
   outer loop
     vertex  2.112242e+01  4.011637e+00  9.000000e+00
     vertex  2.150874e+01  4.623207e+00  9.500000e+00
     vertex  2.168517e+01  3.708551e+00  9.500000e+00
   endloop
 endfacet
 facet normal  6.886367e-01  1.457284e-01 -7.103117e-01
   outer loop
     vertex  2.093678e+01  4.888875e+00  9.000000e+00
     vertex  2.150874e+01  4.623207e+00  9.500000e+00
     vertex  2.112242e+01  4.011637e+00  9.000000e+00
   endloop
 endfacet
 facet normal  6.913260e-01  1.639830e-01 -7.036888e-01
   outer loop
     vertex  2.093678e+01  4.888875e+00  9.000000e+00
     vertex  2.129375e+01  5.529574e+00  9.500000e+00
     vertex  2.150874e+01  4.623207e+00  9.500000e+00
   endloop
 endfacet
 facet normal  6.819949e-01  1.743238e-01 -7.102776e-01
   outer loop
     vertex  2.071473e+01  5.757610e+00  9.000000e+00
     vertex  2.129375e+01  5.529574e+00  9.500000e+00
     vertex  2.093678e+01  4.888875e+00  9.000000e+00
   endloop
 endfacet
 facet normal  6.837288e-01  1.930912e-01 -7.037262e-01
   outer loop
     vertex  2.071473e+01  5.757610e+00  9.000000e+00
     vertex  2.104058e+01  6.426027e+00  9.500000e+00
     vertex  2.129375e+01  5.529574e+00  9.500000e+00
   endloop
 endfacet
 facet normal  6.741722e-01  2.026206e-01 -7.102372e-01
   outer loop
     vertex  2.045664e+01  6.616330e+00  9.000000e+00
     vertex  2.104058e+01  6.426027e+00  9.500000e+00
     vertex  2.071473e+01  5.757610e+00  9.000000e+00
   endloop
 endfacet
 facet normal  6.749008e-01  2.218483e-01 -7.037700e-01
   outer loop
     vertex  2.045664e+01  6.616330e+00  9.000000e+00
     vertex  2.074970e+01  7.310960e+00  9.500000e+00
     vertex  2.104058e+01  6.426027e+00  9.500000e+00
   endloop
 endfacet
 facet normal  6.651818e-01  2.305702e-01 -7.101905e-01
   outer loop
     vertex  2.016297e+01  7.463542e+00  9.000000e+00
     vertex  2.074970e+01  7.310960e+00  9.500000e+00
     vertex  2.045664e+01  6.616330e+00  9.000000e+00
   endloop
 endfacet
 facet normal  6.648582e-01  2.502021e-01 -7.038199e-01
   outer loop
     vertex  2.016297e+01  7.463542e+00  9.000000e+00
     vertex  2.042161e+01  8.182786e+00  9.500000e+00
     vertex  2.074970e+01  7.310960e+00  9.500000e+00
   endloop
 endfacet
 facet normal  6.536194e-01  2.781009e-01 -7.038761e-01
   outer loop
     vertex  1.983424e+01  8.297773e+00  9.000000e+00
     vertex  2.005691e+01  9.039941e+00  9.500000e+00
     vertex  2.042161e+01  8.182786e+00  9.500000e+00
   endloop
 endfacet
 facet normal  6.550390e-01  2.581249e-01 -7.101377e-01
   outer loop
     vertex  1.983424e+01  8.297773e+00  9.000000e+00
     vertex  2.042161e+01  8.182786e+00  9.500000e+00
     vertex  2.016297e+01  7.463542e+00  9.000000e+00
   endloop
 endfacet
 facet normal  6.412051e-01  3.054941e-01 -7.039385e-01
   outer loop
     vertex  1.947100e+01  9.117571e+00  9.000000e+00
     vertex  1.965625e+01  9.880890e+00  9.500000e+00
     vertex  2.005691e+01  9.039941e+00  9.500000e+00
   endloop
 endfacet
 facet normal  6.437609e-01  2.852373e-01 -7.100786e-01
   outer loop
     vertex  1.947100e+01  9.117571e+00  9.000000e+00
     vertex  2.005691e+01  9.039941e+00  9.500000e+00
     vertex  1.983424e+01  8.297773e+00  9.000000e+00
   endloop
 endfacet
 facet normal  6.276379e-01  3.323320e-01 -7.040071e-01
   outer loop
     vertex  1.907390e+01  9.921511e+00  9.000000e+00
     vertex  1.922035e+01  1.070412e+01  9.500000e+00
     vertex  1.965625e+01  9.880890e+00  9.500000e+00
   endloop
 endfacet
 facet normal  6.313668e-01  3.118608e-01 -7.100132e-01
   outer loop
     vertex  1.907390e+01  9.921511e+00  9.000000e+00
     vertex  1.965625e+01  9.880890e+00  9.500000e+00
     vertex  1.947100e+01  9.117571e+00  9.000000e+00
   endloop
 endfacet
 facet normal  6.175011e-01  3.611892e-01 -6.987380e-01
   outer loop
     vertex  1.875000e+01  1.150000e+01  9.495738e+00
     vertex  1.922035e+01  1.070412e+01  9.500000e+00
     vertex  1.873666e+01  1.121735e+01  9.337838e+00
   endloop
 endfacet
 facet normal  6.209834e-01  3.632695e-01 -6.945609e-01
   outer loop
     vertex  1.874999e+01  1.150817e+01  9.500000e+00
     vertex  1.922035e+01  1.070412e+01  9.500000e+00
     vertex  1.875000e+01  1.150000e+01  9.495738e+00
   endloop
 endfacet
 facet normal  6.146714e-01  3.570698e-01 -7.033351e-01
   outer loop
     vertex  1.869987e+01  1.095386e+01  9.171921e+00
     vertex  1.873666e+01  1.121735e+01  9.337838e+00
     vertex  1.922035e+01  1.070412e+01  9.500000e+00
   endloop
 endfacet
 facet normal  6.178776e-01  3.379499e-01 -7.099417e-01
   outer loop
     vertex  1.864362e+01  1.070819e+01  9.000000e+00
     vertex  1.922035e+01  1.070412e+01  9.500000e+00
     vertex  1.907390e+01  9.921511e+00  9.000000e+00
   endloop
 endfacet
 facet normal  6.142647e-01  3.531804e-01 -7.056504e-01
   outer loop
     vertex  1.864362e+01  1.070819e+01  9.000000e+00
     vertex  1.869987e+01  1.095386e+01  9.171921e+00
     vertex  1.922035e+01  1.070412e+01  9.500000e+00
   endloop
 endfacet
 facet normal  7.070271e-01  1.501030e-02  7.070271e-01
   outer loop
     vertex  2.198018e+01  9.337065e-01  1.150000e+01
     vertex  2.150000e+01  0.000000e+00  1.200000e+01
     vertex  2.200000e+01  0.000000e+00  1.150000e+01
   endloop
 endfacet
 facet normal  7.068329e-01  1.521181e-02  7.072169e-01
   outer loop
     vertex  2.148009e+01  9.249780e-01  1.200000e+01
     vertex  2.150000e+01  0.000000e+00  1.200000e+01
     vertex  2.198018e+01  9.337065e-01  1.150000e+01
   endloop
 endfacet
 facet normal  7.059378e-01  4.501564e-02  7.068419e-01
   outer loop
     vertex  2.192074e+01  1.865730e+00  1.150000e+01
     vertex  2.148009e+01  9.249780e-01  1.200000e+01
     vertex  2.198018e+01  9.337065e-01  1.150000e+01
   endloop
 endfacet
 facet normal  7.053377e-01  4.559521e-02  7.074035e-01
   outer loop
     vertex  2.142041e+01  1.848243e+00  1.200000e+01
     vertex  2.148009e+01  9.249780e-01  1.200000e+01
     vertex  2.192074e+01  1.865730e+00  1.150000e+01
   endloop
 endfacet
 facet normal  7.035702e-01  7.495500e-02  7.066617e-01
   outer loop
     vertex  2.182181e+01  2.794392e+00  1.150000e+01
     vertex  2.142041e+01  1.848243e+00  1.200000e+01
     vertex  2.192074e+01  1.865730e+00  1.150000e+01
   endloop
 endfacet
 facet normal  7.025427e-01  7.587872e-02  7.075847e-01
   outer loop
     vertex  2.132106e+01  2.768086e+00  1.200000e+01
     vertex  2.142041e+01  1.848243e+00  1.200000e+01
     vertex  2.182181e+01  2.794392e+00  1.150000e+01
   endloop
 endfacet
 facet normal  6.999281e-01  1.047737e-01  7.064865e-01
   outer loop
     vertex  2.168355e+01  3.718018e+00  1.150000e+01
     vertex  2.132106e+01  2.768086e+00  1.200000e+01
     vertex  2.182181e+01  2.794392e+00  1.150000e+01
   endloop
 endfacet
 facet normal  6.984536e-01  1.060070e-01  7.077606e-01
   outer loop
     vertex  2.118223e+01  3.682803e+00  1.200000e+01
     vertex  2.132106e+01  2.768086e+00  1.200000e+01
     vertex  2.168355e+01  3.718018e+00  1.150000e+01
   endloop
 endfacet
 facet normal  6.950175e-01  1.344174e-01  7.063163e-01
   outer loop
     vertex  2.150622e+01  4.634944e+00  1.150000e+01
     vertex  2.118223e+01  3.682803e+00  1.200000e+01
     vertex  2.168355e+01  3.718018e+00  1.150000e+01
   endloop
 endfacet
 facet normal  6.930787e-01  1.359250e-01  7.079310e-01
   outer loop
     vertex  2.100418e+01  4.590700e+00  1.200000e+01
     vertex  2.118223e+01  3.682803e+00  1.200000e+01
     vertex  2.150622e+01  4.634944e+00  1.150000e+01
   endloop
 endfacet
 facet normal  6.888467e-01  1.638317e-01  7.061512e-01
   outer loop
     vertex  2.129012e+01  5.543517e+00  1.150000e+01
     vertex  2.100418e+01  4.590700e+00  1.200000e+01
     vertex  2.150622e+01  4.634944e+00  1.150000e+01
   endloop
 endfacet
 facet normal  6.864283e-01  1.655781e-01  7.080961e-01
   outer loop
     vertex  2.078723e+01  5.490096e+00  1.200000e+01
     vertex  2.100418e+01  4.590700e+00  1.200000e+01
     vertex  2.129012e+01  5.543517e+00  1.150000e+01
   endloop
 endfacet
 facet normal  6.814263e-01  1.929631e-01  7.059911e-01
   outer loop
     vertex  2.103567e+01  6.442101e+00  1.150000e+01
     vertex  2.078723e+01  5.490096e+00  1.200000e+01
     vertex  2.129012e+01  5.543517e+00  1.150000e+01
   endloop
 endfacet
 facet normal  6.785152e-01  1.949123e-01  7.082558e-01
   outer loop
     vertex  2.053179e+01  6.379326e+00  1.200000e+01
     vertex  2.078723e+01  5.490096e+00  1.200000e+01
     vertex  2.103567e+01  6.442101e+00  1.150000e+01
   endloop
 endfacet
 facet normal  6.727695e-01  2.217582e-01  7.058360e-01
   outer loop
     vertex  2.074330e+01  7.329075e+00  1.150000e+01
     vertex  2.053179e+01  6.379326e+00  1.200000e+01
     vertex  2.103567e+01  6.442101e+00  1.150000e+01
   endloop
 endfacet
 facet normal  6.693545e-01  2.238739e-01  7.084102e-01
   outer loop
     vertex  2.023832e+01  7.256742e+00  1.200000e+01
     vertex  2.053179e+01  6.379326e+00  1.200000e+01
     vertex  2.074330e+01  7.329075e+00  1.150000e+01
   endloop
 endfacet
 facet normal  6.628914e-01  2.501642e-01  7.056861e-01
   outer loop
     vertex  2.041356e+01  8.202843e+00  1.150000e+01
     vertex  2.023832e+01  7.256742e+00  1.200000e+01
     vertex  2.074330e+01  7.329075e+00  1.150000e+01
   endloop
 endfacet
 facet normal  6.589634e-01  2.524102e-01  7.085593e-01
   outer loop
     vertex  1.990738e+01  8.120721e+00  1.200000e+01
     vertex  2.023832e+01  7.256742e+00  1.200000e+01
     vertex  2.041356e+01  8.202843e+00  1.150000e+01
   endloop
 endfacet
 facet normal  6.518095e-01  2.781294e-01  7.055412e-01
   outer loop
     vertex  2.004703e+01  9.061827e+00  1.150000e+01
     vertex  1.990738e+01  8.120721e+00  1.200000e+01
     vertex  2.041356e+01  8.202843e+00  1.150000e+01
   endloop
 endfacet
 facet normal  6.473616e-01  2.804692e-01  7.087030e-01
   outer loop
     vertex  1.953958e+01  8.969662e+00  1.200000e+01
     vertex  1.990738e+01  8.120721e+00  1.200000e+01
     vertex  2.004703e+01  9.061827e+00  1.150000e+01
   endloop
 endfacet
 facet normal  6.395436e-01  3.056023e-01  7.054014e-01
   outer loop
     vertex  1.964437e+01  9.904482e+00  1.150000e+01
     vertex  1.953958e+01  8.969662e+00  1.200000e+01
     vertex  2.004703e+01  9.061827e+00  1.150000e+01
   endloop
 endfacet
 facet normal  6.345707e-01  3.079997e-01  7.088415e-01
   outer loop
     vertex  1.913559e+01  9.801994e+00  1.200000e+01
     vertex  1.953958e+01  8.969662e+00  1.200000e+01
     vertex  1.964437e+01  9.904482e+00  1.150000e+01
   endloop
 endfacet
 facet normal  6.261156e-01  3.325328e-01  7.052667e-01
   outer loop
     vertex  1.920631e+01  1.072929e+01  1.150000e+01
     vertex  1.913559e+01  9.801994e+00  1.200000e+01
     vertex  1.964437e+01  9.904482e+00  1.150000e+01
   endloop
 endfacet
 facet normal  6.206145e-01  3.349516e-01  7.089746e-01
   outer loop
     vertex  1.869617e+01  1.061617e+01  1.200000e+01
     vertex  1.913559e+01  9.801994e+00  1.200000e+01
     vertex  1.920631e+01  1.072929e+01  1.150000e+01
   endloop
 endfacet
 facet normal  6.115495e-01  3.588715e-01  7.051372e-01
   outer loop
     vertex  1.873364e+01  1.153476e+01  1.150000e+01
     vertex  1.869617e+01  1.061617e+01  1.200000e+01
     vertex  1.920631e+01  1.072929e+01  1.150000e+01
   endloop
 endfacet
 facet normal  6.055192e-01  3.612759e-01  7.091025e-01
   outer loop
     vertex  1.822213e+01  1.141070e+01  1.200000e+01
     vertex  1.869617e+01  1.061617e+01  1.200000e+01
     vertex  1.873364e+01  1.153476e+01  1.150000e+01
   endloop
 endfacet
 facet normal  5.958715e-01  3.845702e-01  7.050127e-01
   outer loop
     vertex  1.822721e+01  1.231945e+01  1.150000e+01
     vertex  1.822213e+01  1.141070e+01  1.200000e+01
     vertex  1.873364e+01  1.153476e+01  1.150000e+01
   endloop
 endfacet
 facet normal  5.893126e-01  3.869245e-01  7.092250e-01
   outer loop
     vertex  1.771434e+01  1.218409e+01  1.200000e+01
     vertex  1.822213e+01  1.141070e+01  1.200000e+01
     vertex  1.822721e+01  1.231945e+01  1.150000e+01
   endloop
 endfacet
 facet normal  5.791098e-01  4.095817e-01  7.048934e-01
   outer loop
     vertex  1.768794e+01  1.308193e+01  1.150000e+01
     vertex  1.771434e+01  1.218409e+01  1.200000e+01
     vertex  1.822721e+01  1.231945e+01  1.150000e+01
   endloop
 endfacet
 facet normal  5.720248e-01  4.118509e-01  7.093423e-01
   outer loop
     vertex  1.717376e+01  1.293492e+01  1.200000e+01
     vertex  1.771434e+01  1.218409e+01  1.200000e+01
     vertex  1.768794e+01  1.308193e+01  1.150000e+01
   endloop
 endfacet
 facet normal  5.612947e-01  4.338601e-01  7.047791e-01
   outer loop
     vertex  1.711679e+01  1.382084e+01  1.150000e+01
     vertex  1.717376e+01  1.293492e+01  1.200000e+01
     vertex  1.768794e+01  1.308193e+01  1.150000e+01
   endloop
 endfacet
 facet normal  5.536879e-01  4.360096e-01  7.094543e-01
   outer loop
     vertex  1.660137e+01  1.366179e+01  1.200000e+01
     vertex  1.717376e+01  1.293492e+01  1.200000e+01
     vertex  1.711679e+01  1.382084e+01  1.150000e+01
   endloop
 endfacet
 facet normal  5.424582e-01  4.573611e-01  7.046701e-01
   outer loop
     vertex  1.651479e+01  1.453484e+01  1.150000e+01
     vertex  1.660137e+01  1.366179e+01  1.200000e+01
     vertex  1.711679e+01  1.382084e+01  1.150000e+01
   endloop
 endfacet
 facet normal  5.226345e-01  4.800414e-01  7.045662e-01
   outer loop
     vertex  1.599823e+01  1.436337e+01  1.200000e+01
     vertex  1.651479e+01  1.453484e+01  1.150000e+01
     vertex  1.588303e+01  1.522266e+01  1.150000e+01
   endloop
 endfacet
 facet normal  5.343356e-01  4.593567e-01  7.095611e-01
   outer loop
     vertex  1.599823e+01  1.436337e+01  1.200000e+01
     vertex  1.660137e+01  1.366179e+01  1.200000e+01
     vertex  1.651479e+01  1.453484e+01  1.150000e+01
   endloop
 endfacet
 facet normal  5.018594e-01  5.018594e-01  7.044674e-01
   outer loop
     vertex  1.536548e+01  1.503835e+01  1.200000e+01
     vertex  1.588303e+01  1.522266e+01  1.150000e+01
     vertex  1.522266e+01  1.588303e+01  1.150000e+01
   endloop
 endfacet
 facet normal  5.140037e-01  4.818498e-01  7.096626e-01
   outer loop
     vertex  1.536548e+01  1.503835e+01  1.200000e+01
     vertex  1.599823e+01  1.436337e+01  1.200000e+01
     vertex  1.588303e+01  1.522266e+01  1.150000e+01
   endloop
 endfacet
 facet normal  4.801705e-01  5.227751e-01  7.043738e-01
   outer loop
     vertex  1.470427e+01  1.568549e+01  1.200000e+01
     vertex  1.522266e+01  1.588303e+01  1.150000e+01
     vertex  1.453484e+01  1.651479e+01  1.150000e+01
   endloop
 endfacet
 facet normal  4.927297e-01  5.034479e-01  7.097588e-01
   outer loop
     vertex  1.470427e+01  1.568549e+01  1.200000e+01
     vertex  1.536548e+01  1.503835e+01  1.200000e+01
     vertex  1.522266e+01  1.588303e+01  1.150000e+01
   endloop
 endfacet
 facet normal  4.576072e-01  5.427502e-01  7.042854e-01
   outer loop
     vertex  1.401583e+01  1.630357e+01  1.200000e+01
     vertex  1.453484e+01  1.651479e+01  1.150000e+01
     vertex  1.382084e+01  1.711679e+01  1.150000e+01
   endloop
 endfacet
 facet normal  4.705528e-01  5.241119e-01  7.098499e-01
   outer loop
     vertex  1.401583e+01  1.630357e+01  1.200000e+01
     vertex  1.470427e+01  1.568549e+01  1.200000e+01
     vertex  1.453484e+01  1.651479e+01  1.150000e+01
   endloop
 endfacet
 facet normal  4.342104e-01  5.617479e-01  7.042021e-01
   outer loop
     vertex  1.330144e+01  1.689147e+01  1.200000e+01
     vertex  1.382084e+01  1.711679e+01  1.150000e+01
     vertex  1.308193e+01  1.768794e+01  1.150000e+01
   endloop
 endfacet
 facet normal  4.475137e-01  5.438041e-01  7.099356e-01
   outer loop
     vertex  1.330144e+01  1.689147e+01  1.200000e+01
     vertex  1.401583e+01  1.630357e+01  1.200000e+01
     vertex  1.382084e+01  1.711679e+01  1.150000e+01
   endloop
 endfacet
 facet normal  4.100227e-01  5.797334e-01  7.041240e-01
   outer loop
     vertex  1.256241e+01  1.744809e+01  1.200000e+01
     vertex  1.308193e+01  1.768794e+01  1.150000e+01
     vertex  1.231945e+01  1.822721e+01  1.150000e+01
   endloop
 endfacet
 facet normal  4.236549e-01  5.624887e-01  7.100162e-01
   outer loop
     vertex  1.256241e+01  1.744809e+01  1.200000e+01
     vertex  1.330144e+01  1.689147e+01  1.200000e+01
     vertex  1.308193e+01  1.768794e+01  1.150000e+01
   endloop
 endfacet
 facet normal  3.850878e-01  5.966736e-01  7.040511e-01
   outer loop
     vertex  1.180012e+01  1.797240e+01  1.200000e+01
     vertex  1.231945e+01  1.822721e+01  1.150000e+01
     vertex  1.153476e+01  1.873364e+01  1.150000e+01
   endloop
 endfacet
 facet normal  3.990200e-01  5.801319e-01  7.100915e-01
   outer loop
     vertex  1.180012e+01  1.797240e+01  1.200000e+01
     vertex  1.256241e+01  1.744809e+01  1.200000e+01
     vertex  1.231945e+01  1.822721e+01  1.150000e+01
   endloop
 endfacet
 facet normal  3.594513e-01  6.125375e-01  7.039834e-01
   outer loop
     vertex  1.101599e+01  1.846343e+01  1.200000e+01
     vertex  1.153476e+01  1.873364e+01  1.150000e+01
     vertex  1.072929e+01  1.920631e+01  1.150000e+01
   endloop
 endfacet
 facet normal  3.736545e-01  5.967016e-01  7.101616e-01
   outer loop
     vertex  1.101599e+01  1.846343e+01  1.200000e+01
     vertex  1.180012e+01  1.797240e+01  1.200000e+01
     vertex  1.153476e+01  1.873364e+01  1.150000e+01
   endloop
 endfacet
 facet normal  3.331597e-01  6.272959e-01  7.039208e-01
   outer loop
     vertex  1.021145e+01  1.892026e+01  1.200000e+01
     vertex  1.072929e+01  1.920631e+01  1.150000e+01
     vertex  9.904482e+00  1.964437e+01  1.150000e+01
   endloop
 endfacet
 facet normal  3.476047e-01  6.121676e-01  7.102266e-01
   outer loop
     vertex  1.021145e+01  1.892026e+01  1.200000e+01
     vertex  1.101599e+01  1.846343e+01  1.200000e+01
     vertex  1.072929e+01  1.920631e+01  1.150000e+01
   endloop
 endfacet
 facet normal  3.209186e-01  6.265019e-01  7.102862e-01
   outer loop
     vertex  9.388001e+00  1.934206e+01  1.200000e+01
     vertex  1.021145e+01  1.892026e+01  1.200000e+01
     vertex  9.904482e+00  1.964437e+01  1.150000e+01
   endloop
 endfacet
 facet normal  3.062608e-01  6.409216e-01  7.038635e-01
   outer loop
     vertex  9.388001e+00  1.934206e+01  1.200000e+01
     vertex  9.904482e+00  1.964437e+01  1.150000e+01
     vertex  9.061827e+00  2.004703e+01  1.150000e+01
   endloop
 endfacet
 facet normal  2.936450e-01  6.396785e-01  7.103407e-01
   outer loop
     vertex  8.547171e+00  1.972805e+01  1.200000e+01
     vertex  9.388001e+00  1.934206e+01  1.200000e+01
     vertex  9.061827e+00  2.004703e+01  1.150000e+01
   endloop
 endfacet
 facet normal  2.788036e-01  6.533897e-01  7.038114e-01
   outer loop
     vertex  8.547171e+00  1.972805e+01  1.200000e+01
     vertex  9.061827e+00  2.004703e+01  1.150000e+01
     vertex  8.202843e+00  2.041356e+01  1.150000e+01
   endloop
 endfacet
 facet normal  2.658340e-01  6.516735e-01  7.103900e-01
   outer loop
     vertex  7.690512e+00  2.007750e+01  1.200000e+01
     vertex  8.547171e+00  1.972805e+01  1.200000e+01
     vertex  8.202843e+00  2.041356e+01  1.150000e+01
   endloop
 endfacet
 facet normal  2.508382e-01  6.646772e-01  7.037645e-01
   outer loop
     vertex  7.690512e+00  2.007750e+01  1.200000e+01
     vertex  8.202843e+00  2.041356e+01  1.150000e+01
     vertex  7.329075e+00  2.074330e+01  1.150000e+01
   endloop
 endfacet
 facet normal  2.375364e-01  6.624650e-01  7.104341e-01
   outer loop
     vertex  6.819613e+00  2.038977e+01  1.200000e+01
     vertex  7.690512e+00  2.007750e+01  1.200000e+01
     vertex  7.329075e+00  2.074330e+01  1.150000e+01
   endloop
 endfacet
 facet normal  2.224154e-01  6.747634e-01  7.037227e-01
   outer loop
     vertex  6.819613e+00  2.038977e+01  1.200000e+01
     vertex  7.329075e+00  2.074330e+01  1.150000e+01
     vertex  6.442101e+00  2.103567e+01  1.150000e+01
   endloop
 endfacet
 facet normal  2.088041e-01  6.720334e-01  7.104730e-01
   outer loop
     vertex  5.936085e+00  2.066429e+01  1.200000e+01
     vertex  6.819613e+00  2.038977e+01  1.200000e+01
     vertex  6.442101e+00  2.103567e+01  1.150000e+01
   endloop
 endfacet
 facet normal  1.935871e-01  6.836298e-01  7.036862e-01
   outer loop
     vertex  5.936085e+00  2.066429e+01  1.200000e+01
     vertex  6.442101e+00  2.103567e+01  1.150000e+01
     vertex  5.543517e+00  2.129012e+01  1.150000e+01
   endloop
 endfacet
 facet normal  1.796897e-01  6.803615e-01  7.105067e-01
   outer loop
     vertex  5.041565e+00  2.090054e+01  1.200000e+01
     vertex  5.936085e+00  2.066429e+01  1.200000e+01
     vertex  5.543517e+00  2.129012e+01  1.150000e+01
   endloop
 endfacet
 facet normal  1.644057e-01  6.912601e-01  7.036549e-01
   outer loop
     vertex  5.041565e+00  2.090054e+01  1.200000e+01
     vertex  5.543517e+00  2.129012e+01  1.150000e+01
     vertex  4.634944e+00  2.150622e+01  1.150000e+01
   endloop
 endfacet
 facet normal  1.502465e-01  6.874341e-01  7.105353e-01
   outer loop
     vertex  4.137709e+00  2.109809e+01  1.200000e+01
     vertex  5.041565e+00  2.090054e+01  1.200000e+01
     vertex  4.634944e+00  2.150622e+01  1.150000e+01
   endloop
 endfacet
 facet normal  1.349246e-01  6.976402e-01  7.036288e-01
   outer loop
     vertex  4.137709e+00  2.109809e+01  1.200000e+01
     vertex  4.634944e+00  2.150622e+01  1.150000e+01
     vertex  3.718018e+00  2.168355e+01  1.150000e+01
   endloop
 endfacet
 facet normal  1.205284e-01  6.932384e-01  7.105586e-01
   outer loop
     vertex  3.226191e+00  2.125657e+01  1.200000e+01
     vertex  4.137709e+00  2.109809e+01  1.200000e+01
     vertex  3.718018e+00  2.168355e+01  1.150000e+01
   endloop
 endfacet
 facet normal  1.051974e-01  7.027584e-01  7.036080e-01
   outer loop
     vertex  3.226191e+00  2.125657e+01  1.200000e+01
     vertex  3.718018e+00  2.168355e+01  1.150000e+01
     vertex  2.794392e+00  2.182181e+01  1.150000e+01
   endloop
 endfacet
 facet normal  9.058976e-02  6.977637e-01  7.105767e-01
   outer loop
     vertex  2.308699e+00  2.137568e+01  1.200000e+01
     vertex  3.226191e+00  2.125657e+01  1.200000e+01
     vertex  2.794392e+00  2.182181e+01  1.150000e+01
   endloop
 endfacet
 facet normal  7.527835e-02  7.066053e-01  7.035923e-01
   outer loop
     vertex  2.308699e+00  2.137568e+01  1.200000e+01
     vertex  2.794392e+00  2.182181e+01  1.150000e+01
     vertex  1.865730e+00  2.192074e+01  1.150000e+01
   endloop
 endfacet
 facet normal  6.048540e-02  7.010020e-01  7.105897e-01
   outer loop
     vertex  1.386932e+00  2.145522e+01  1.200000e+01
     vertex  2.308699e+00  2.137568e+01  1.200000e+01
     vertex  1.865730e+00  2.192074e+01  1.150000e+01
   endloop
 endfacet
 facet normal  4.522200e-02  7.091738e-01  7.035819e-01
   outer loop
     vertex  1.386932e+00  2.145522e+01  1.200000e+01
     vertex  1.865730e+00  2.192074e+01  1.150000e+01
     vertex  9.337065e-01  2.198018e+01  1.150000e+01
   endloop
 endfacet
 facet normal  1.508317e-02  7.104593e-01  7.035767e-01
   outer loop
     vertex  4.625961e-01  2.149502e+01  1.200000e+01
     vertex  9.337065e-01  2.198018e+01  1.150000e+01
     vertex -2.307780e-14  2.200000e+01  1.150000e+01
   endloop
 endfacet
 facet normal  3.027039e-02  7.029473e-01  7.105975e-01
   outer loop
     vertex  4.625961e-01  2.149502e+01  1.200000e+01
     vertex  1.386932e+00  2.145522e+01  1.200000e+01
     vertex  9.337065e-01  2.198018e+01  1.150000e+01
   endloop
 endfacet
 facet normal -1.508317e-02  7.104593e-01  7.035767e-01
   outer loop
     vertex -4.625961e-01  2.149502e+01  1.200000e+01
     vertex -2.307780e-14  2.200000e+01  1.150000e+01
     vertex -9.337065e-01  2.198018e+01  1.150000e+01
   endloop
 endfacet
 facet normal -0.000000e+00  7.035962e-01  7.106001e-01
   outer loop
     vertex -4.625961e-01  2.149502e+01  1.200000e+01
     vertex  4.625961e-01  2.149502e+01  1.200000e+01
     vertex -2.307780e-14  2.200000e+01  1.150000e+01
   endloop
 endfacet
 facet normal -4.522200e-02  7.091738e-01  7.035819e-01
   outer loop
     vertex -1.386932e+00  2.145522e+01  1.200000e+01
     vertex -9.337065e-01  2.198018e+01  1.150000e+01
     vertex -1.865730e+00  2.192074e+01  1.150000e+01
   endloop
 endfacet
 facet normal -3.027039e-02  7.029473e-01  7.105975e-01
   outer loop
     vertex -1.386932e+00  2.145522e+01  1.200000e+01
     vertex -4.625961e-01  2.149502e+01  1.200000e+01
     vertex -9.337065e-01  2.198018e+01  1.150000e+01
   endloop
 endfacet
 facet normal -7.527835e-02  7.066053e-01  7.035923e-01
   outer loop
     vertex -2.308699e+00  2.137568e+01  1.200000e+01
     vertex -1.865730e+00  2.192074e+01  1.150000e+01
     vertex -2.794392e+00  2.182181e+01  1.150000e+01
   endloop
 endfacet
 facet normal -6.048540e-02  7.010020e-01  7.105897e-01
   outer loop
     vertex -2.308699e+00  2.137568e+01  1.200000e+01
     vertex -1.386932e+00  2.145522e+01  1.200000e+01
     vertex -1.865730e+00  2.192074e+01  1.150000e+01
   endloop
 endfacet
 facet normal -1.051974e-01  7.027584e-01  7.036080e-01
   outer loop
     vertex -3.226191e+00  2.125657e+01  1.200000e+01
     vertex -2.794392e+00  2.182181e+01  1.150000e+01
     vertex -3.718018e+00  2.168355e+01  1.150000e+01
   endloop
 endfacet
 facet normal -9.058976e-02  6.977637e-01  7.105767e-01
   outer loop
     vertex -3.226191e+00  2.125657e+01  1.200000e+01
     vertex -2.308699e+00  2.137568e+01  1.200000e+01
     vertex -2.794392e+00  2.182181e+01  1.150000e+01
   endloop
 endfacet
 facet normal -1.349246e-01  6.976402e-01  7.036288e-01
   outer loop
     vertex -4.137709e+00  2.109809e+01  1.200000e+01
     vertex -3.718018e+00  2.168355e+01  1.150000e+01
     vertex -4.634944e+00  2.150622e+01  1.150000e+01
   endloop
 endfacet
 facet normal -1.205284e-01  6.932384e-01  7.105586e-01
   outer loop
     vertex -4.137709e+00  2.109809e+01  1.200000e+01
     vertex -3.226191e+00  2.125657e+01  1.200000e+01
     vertex -3.718018e+00  2.168355e+01  1.150000e+01
   endloop
 endfacet
 facet normal -1.644057e-01  6.912601e-01  7.036549e-01
   outer loop
     vertex -5.041565e+00  2.090054e+01  1.200000e+01
     vertex -4.634944e+00  2.150622e+01  1.150000e+01
     vertex -5.543517e+00  2.129012e+01  1.150000e+01
   endloop
 endfacet
 facet normal -1.502465e-01  6.874341e-01  7.105353e-01
   outer loop
     vertex -5.041565e+00  2.090054e+01  1.200000e+01
     vertex -4.137709e+00  2.109809e+01  1.200000e+01
     vertex -4.634944e+00  2.150622e+01  1.150000e+01
   endloop
 endfacet
 facet normal -1.935871e-01  6.836298e-01  7.036862e-01
   outer loop
     vertex -5.936085e+00  2.066429e+01  1.200000e+01
     vertex -5.543517e+00  2.129012e+01  1.150000e+01
     vertex -6.442101e+00  2.103567e+01  1.150000e+01
   endloop
 endfacet
 facet normal -1.796897e-01  6.803615e-01  7.105067e-01
   outer loop
     vertex -5.936085e+00  2.066429e+01  1.200000e+01
     vertex -5.041565e+00  2.090054e+01  1.200000e+01
     vertex -5.543517e+00  2.129012e+01  1.150000e+01
   endloop
 endfacet
 facet normal -2.224154e-01  6.747634e-01  7.037227e-01
   outer loop
     vertex -6.819613e+00  2.038977e+01  1.200000e+01
     vertex -6.442101e+00  2.103567e+01  1.150000e+01
     vertex -7.329075e+00  2.074330e+01  1.150000e+01
   endloop
 endfacet
 facet normal -2.088041e-01  6.720334e-01  7.104730e-01
   outer loop
     vertex -6.819613e+00  2.038977e+01  1.200000e+01
     vertex -5.936085e+00  2.066429e+01  1.200000e+01
     vertex -6.442101e+00  2.103567e+01  1.150000e+01
   endloop
 endfacet
 facet normal -2.508382e-01  6.646772e-01  7.037645e-01
   outer loop
     vertex -7.690512e+00  2.007750e+01  1.200000e+01
     vertex -7.329075e+00  2.074330e+01  1.150000e+01
     vertex -8.202843e+00  2.041356e+01  1.150000e+01
   endloop
 endfacet
 facet normal -2.375364e-01  6.624650e-01  7.104341e-01
   outer loop
     vertex -7.690512e+00  2.007750e+01  1.200000e+01
     vertex -6.819613e+00  2.038977e+01  1.200000e+01
     vertex -7.329075e+00  2.074330e+01  1.150000e+01
   endloop
 endfacet
 facet normal -2.788036e-01  6.533897e-01  7.038114e-01
   outer loop
     vertex -8.547171e+00  1.972805e+01  1.200000e+01
     vertex -8.202843e+00  2.041356e+01  1.150000e+01
     vertex -9.061827e+00  2.004703e+01  1.150000e+01
   endloop
 endfacet
 facet normal -2.658340e-01  6.516735e-01  7.103900e-01
   outer loop
     vertex -8.547171e+00  1.972805e+01  1.200000e+01
     vertex -7.690512e+00  2.007750e+01  1.200000e+01
     vertex -8.202843e+00  2.041356e+01  1.150000e+01
   endloop
 endfacet
 facet normal -3.062608e-01  6.409216e-01  7.038635e-01
   outer loop
     vertex -9.388001e+00  1.934206e+01  1.200000e+01
     vertex -9.061827e+00  2.004703e+01  1.150000e+01
     vertex -9.904482e+00  1.964437e+01  1.150000e+01
   endloop
 endfacet
 facet normal -2.936450e-01  6.396785e-01  7.103407e-01
   outer loop
     vertex -9.388001e+00  1.934206e+01  1.200000e+01
     vertex -8.547171e+00  1.972805e+01  1.200000e+01
     vertex -9.061827e+00  2.004703e+01  1.150000e+01
   endloop
 endfacet
 facet normal -3.331597e-01  6.272959e-01  7.039208e-01
   outer loop
     vertex -1.021145e+01  1.892026e+01  1.200000e+01
     vertex -9.904482e+00  1.964437e+01  1.150000e+01
     vertex -1.072929e+01  1.920631e+01  1.150000e+01
   endloop
 endfacet
 facet normal -3.209186e-01  6.265019e-01  7.102862e-01
   outer loop
     vertex -1.021145e+01  1.892026e+01  1.200000e+01
     vertex -9.388001e+00  1.934206e+01  1.200000e+01
     vertex -9.904482e+00  1.964437e+01  1.150000e+01
   endloop
 endfacet
 facet normal -3.594513e-01  6.125375e-01  7.039834e-01
   outer loop
     vertex -1.101599e+01  1.846343e+01  1.200000e+01
     vertex -1.072929e+01  1.920631e+01  1.150000e+01
     vertex -1.153476e+01  1.873364e+01  1.150000e+01
   endloop
 endfacet
 facet normal -3.476047e-01  6.121676e-01  7.102266e-01
   outer loop
     vertex -1.101599e+01  1.846343e+01  1.200000e+01
     vertex -1.021145e+01  1.892026e+01  1.200000e+01
     vertex -1.072929e+01  1.920631e+01  1.150000e+01
   endloop
 endfacet
 facet normal -3.850878e-01  5.966736e-01  7.040511e-01
   outer loop
     vertex -1.180012e+01  1.797240e+01  1.200000e+01
     vertex -1.153476e+01  1.873364e+01  1.150000e+01
     vertex -1.231945e+01  1.822721e+01  1.150000e+01
   endloop
 endfacet
 facet normal -3.736545e-01  5.967016e-01  7.101616e-01
   outer loop
     vertex -1.180012e+01  1.797240e+01  1.200000e+01
     vertex -1.101599e+01  1.846343e+01  1.200000e+01
     vertex -1.153476e+01  1.873364e+01  1.150000e+01
   endloop
 endfacet
 facet normal -4.100227e-01  5.797334e-01  7.041240e-01
   outer loop
     vertex -1.256241e+01  1.744809e+01  1.200000e+01
     vertex -1.231945e+01  1.822721e+01  1.150000e+01
     vertex -1.308193e+01  1.768794e+01  1.150000e+01
   endloop
 endfacet
 facet normal -3.990200e-01  5.801319e-01  7.100915e-01
   outer loop
     vertex -1.256241e+01  1.744809e+01  1.200000e+01
     vertex -1.180012e+01  1.797240e+01  1.200000e+01
     vertex -1.231945e+01  1.822721e+01  1.150000e+01
   endloop
 endfacet
 facet normal -4.342104e-01  5.617479e-01  7.042021e-01
   outer loop
     vertex -1.330144e+01  1.689147e+01  1.200000e+01
     vertex -1.308193e+01  1.768794e+01  1.150000e+01
     vertex -1.382084e+01  1.711679e+01  1.150000e+01
   endloop
 endfacet
 facet normal -4.236549e-01  5.624887e-01  7.100162e-01
   outer loop
     vertex -1.330144e+01  1.689147e+01  1.200000e+01
     vertex -1.256241e+01  1.744809e+01  1.200000e+01
     vertex -1.308193e+01  1.768794e+01  1.150000e+01
   endloop
 endfacet
 facet normal -4.475137e-01  5.438041e-01  7.099356e-01
   outer loop
     vertex -1.401583e+01  1.630357e+01  1.200000e+01
     vertex -1.330144e+01  1.689147e+01  1.200000e+01
     vertex -1.382084e+01  1.711679e+01  1.150000e+01
   endloop
 endfacet
 facet normal -4.576072e-01  5.427502e-01  7.042854e-01
   outer loop
     vertex -1.401583e+01  1.630357e+01  1.200000e+01
     vertex -1.382084e+01  1.711679e+01  1.150000e+01
     vertex -1.453484e+01  1.651479e+01  1.150000e+01
   endloop
 endfacet
 facet normal -4.705528e-01  5.241119e-01  7.098499e-01
   outer loop
     vertex -1.470427e+01  1.568549e+01  1.200000e+01
     vertex -1.401583e+01  1.630357e+01  1.200000e+01
     vertex -1.453484e+01  1.651479e+01  1.150000e+01
   endloop
 endfacet
 facet normal -4.801705e-01  5.227751e-01  7.043738e-01
   outer loop
     vertex -1.470427e+01  1.568549e+01  1.200000e+01
     vertex -1.453484e+01  1.651479e+01  1.150000e+01
     vertex -1.522266e+01  1.588303e+01  1.150000e+01
   endloop
 endfacet
 facet normal -4.927297e-01  5.034479e-01  7.097588e-01
   outer loop
     vertex -1.536548e+01  1.503835e+01  1.200000e+01
     vertex -1.470427e+01  1.568549e+01  1.200000e+01
     vertex -1.522266e+01  1.588303e+01  1.150000e+01
   endloop
 endfacet
 facet normal -5.018594e-01  5.018594e-01  7.044674e-01
   outer loop
     vertex -1.536548e+01  1.503835e+01  1.200000e+01
     vertex -1.522266e+01  1.588303e+01  1.150000e+01
     vertex -1.588303e+01  1.522266e+01  1.150000e+01
   endloop
 endfacet
 facet normal -5.140037e-01  4.818498e-01  7.096626e-01
   outer loop
     vertex -1.599823e+01  1.436337e+01  1.200000e+01
     vertex -1.536548e+01  1.503835e+01  1.200000e+01
     vertex -1.588303e+01  1.522266e+01  1.150000e+01
   endloop
 endfacet
 facet normal -5.226345e-01  4.800414e-01  7.045662e-01
   outer loop
     vertex -1.599823e+01  1.436337e+01  1.200000e+01
     vertex -1.588303e+01  1.522266e+01  1.150000e+01
     vertex -1.651479e+01  1.453484e+01  1.150000e+01
   endloop
 endfacet
 facet normal -5.343356e-01  4.593567e-01  7.095611e-01
   outer loop
     vertex -1.660137e+01  1.366179e+01  1.200000e+01
     vertex -1.599823e+01  1.436337e+01  1.200000e+01
     vertex -1.651479e+01  1.453484e+01  1.150000e+01
   endloop
 endfacet
 facet normal -5.424582e-01  4.573611e-01  7.046701e-01
   outer loop
     vertex -1.660137e+01  1.366179e+01  1.200000e+01
     vertex -1.651479e+01  1.453484e+01  1.150000e+01
     vertex -1.711679e+01  1.382084e+01  1.150000e+01
   endloop
 endfacet
 facet normal -5.536879e-01  4.360096e-01  7.094543e-01
   outer loop
     vertex -1.717376e+01  1.293492e+01  1.200000e+01
     vertex -1.660137e+01  1.366179e+01  1.200000e+01
     vertex -1.711679e+01  1.382084e+01  1.150000e+01
   endloop
 endfacet
 facet normal -5.612947e-01  4.338601e-01  7.047791e-01
   outer loop
     vertex -1.717376e+01  1.293492e+01  1.200000e+01
     vertex -1.711679e+01  1.382084e+01  1.150000e+01
     vertex -1.768794e+01  1.308193e+01  1.150000e+01
   endloop
 endfacet
 facet normal -5.720248e-01  4.118509e-01  7.093423e-01
   outer loop
     vertex -1.771434e+01  1.218409e+01  1.200000e+01
     vertex -1.717376e+01  1.293492e+01  1.200000e+01
     vertex -1.768794e+01  1.308193e+01  1.150000e+01
   endloop
 endfacet
 facet normal -5.791098e-01  4.095817e-01  7.048934e-01
   outer loop
     vertex -1.771434e+01  1.218409e+01  1.200000e+01
     vertex -1.768794e+01  1.308193e+01  1.150000e+01
     vertex -1.822721e+01  1.231945e+01  1.150000e+01
   endloop
 endfacet
 facet normal -5.893126e-01  3.869245e-01  7.092250e-01
   outer loop
     vertex -1.822213e+01  1.141070e+01  1.200000e+01
     vertex -1.771434e+01  1.218409e+01  1.200000e+01
     vertex -1.822721e+01  1.231945e+01  1.150000e+01
   endloop
 endfacet
 facet normal -5.958715e-01  3.845702e-01  7.050127e-01
   outer loop
     vertex -1.822213e+01  1.141070e+01  1.200000e+01
     vertex -1.822721e+01  1.231945e+01  1.150000e+01
     vertex -1.873364e+01  1.153476e+01  1.150000e+01
   endloop
 endfacet
 facet normal -6.055192e-01  3.612759e-01  7.091025e-01
   outer loop
     vertex -1.869617e+01  1.061617e+01  1.200000e+01
     vertex -1.822213e+01  1.141070e+01  1.200000e+01
     vertex -1.873364e+01  1.153476e+01  1.150000e+01
   endloop
 endfacet
 facet normal -6.115495e-01  3.588715e-01  7.051372e-01
   outer loop
     vertex -1.869617e+01  1.061617e+01  1.200000e+01
     vertex -1.873364e+01  1.153476e+01  1.150000e+01
     vertex -1.920631e+01  1.072929e+01  1.150000e+01
   endloop
 endfacet
 facet normal -6.206145e-01  3.349516e-01  7.089746e-01
   outer loop
     vertex -1.913559e+01  9.801994e+00  1.200000e+01
     vertex -1.869617e+01  1.061617e+01  1.200000e+01
     vertex -1.920631e+01  1.072929e+01  1.150000e+01
   endloop
 endfacet
 facet normal -6.261156e-01  3.325328e-01  7.052667e-01
   outer loop
     vertex -1.913559e+01  9.801994e+00  1.200000e+01
     vertex -1.920631e+01  1.072929e+01  1.150000e+01
     vertex -1.964437e+01  9.904482e+00  1.150000e+01
   endloop
 endfacet
 facet normal -6.345707e-01  3.079997e-01  7.088415e-01
   outer loop
     vertex -1.953958e+01  8.969662e+00  1.200000e+01
     vertex -1.913559e+01  9.801994e+00  1.200000e+01
     vertex -1.964437e+01  9.904482e+00  1.150000e+01
   endloop
 endfacet
 facet normal -6.395436e-01  3.056023e-01  7.054014e-01
   outer loop
     vertex -1.953958e+01  8.969662e+00  1.200000e+01
     vertex -1.964437e+01  9.904482e+00  1.150000e+01
     vertex -2.004703e+01  9.061827e+00  1.150000e+01
   endloop
 endfacet
 facet normal -6.473616e-01  2.804692e-01  7.087030e-01
   outer loop
     vertex -1.990738e+01  8.120721e+00  1.200000e+01
     vertex -1.953958e+01  8.969662e+00  1.200000e+01
     vertex -2.004703e+01  9.061827e+00  1.150000e+01
   endloop
 endfacet
 facet normal -6.518095e-01  2.781294e-01  7.055412e-01
   outer loop
     vertex -1.990738e+01  8.120721e+00  1.200000e+01
     vertex -2.004703e+01  9.061827e+00  1.150000e+01
     vertex -2.041356e+01  8.202843e+00  1.150000e+01
   endloop
 endfacet
 facet normal -6.589634e-01  2.524102e-01  7.085593e-01
   outer loop
     vertex -2.023832e+01  7.256742e+00  1.200000e+01
     vertex -1.990738e+01  8.120721e+00  1.200000e+01
     vertex -2.041356e+01  8.202843e+00  1.150000e+01
   endloop
 endfacet
 facet normal -6.628914e-01  2.501642e-01  7.056861e-01
   outer loop
     vertex -2.023832e+01  7.256742e+00  1.200000e+01
     vertex -2.041356e+01  8.202843e+00  1.150000e+01
     vertex -2.074330e+01  7.329075e+00  1.150000e+01
   endloop
 endfacet
 facet normal -6.693545e-01  2.238739e-01  7.084102e-01
   outer loop
     vertex -2.053179e+01  6.379326e+00  1.200000e+01
     vertex -2.023832e+01  7.256742e+00  1.200000e+01
     vertex -2.074330e+01  7.329075e+00  1.150000e+01
   endloop
 endfacet
 facet normal -6.727695e-01  2.217582e-01  7.058360e-01
   outer loop
     vertex -2.053179e+01  6.379326e+00  1.200000e+01
     vertex -2.074330e+01  7.329075e+00  1.150000e+01
     vertex -2.103567e+01  6.442101e+00  1.150000e+01
   endloop
 endfacet
 facet normal -6.785152e-01  1.949123e-01  7.082558e-01
   outer loop
     vertex -2.078723e+01  5.490096e+00  1.200000e+01
     vertex -2.053179e+01  6.379326e+00  1.200000e+01
     vertex -2.103567e+01  6.442101e+00  1.150000e+01
   endloop
 endfacet
 facet normal -6.814263e-01  1.929631e-01  7.059911e-01
   outer loop
     vertex -2.078723e+01  5.490096e+00  1.200000e+01
     vertex -2.103567e+01  6.442101e+00  1.150000e+01
     vertex -2.129012e+01  5.543517e+00  1.150000e+01
   endloop
 endfacet
 facet normal -6.864283e-01  1.655781e-01  7.080961e-01
   outer loop
     vertex -2.100418e+01  4.590700e+00  1.200000e+01
     vertex -2.078723e+01  5.490096e+00  1.200000e+01
     vertex -2.129012e+01  5.543517e+00  1.150000e+01
   endloop
 endfacet
 facet normal -6.888467e-01  1.638317e-01  7.061512e-01
   outer loop
     vertex -2.100418e+01  4.590700e+00  1.200000e+01
     vertex -2.129012e+01  5.543517e+00  1.150000e+01
     vertex -2.150622e+01  4.634944e+00  1.150000e+01
   endloop
 endfacet
 facet normal -6.950175e-01  1.344174e-01  7.063163e-01
   outer loop
     vertex -2.118223e+01  3.682803e+00  1.200000e+01
     vertex -2.150622e+01  4.634944e+00  1.150000e+01
     vertex -2.168355e+01  3.718018e+00  1.150000e+01
   endloop
 endfacet
 facet normal -6.930787e-01  1.359250e-01  7.079310e-01
   outer loop
     vertex -2.118223e+01  3.682803e+00  1.200000e+01
     vertex -2.100418e+01  4.590700e+00  1.200000e+01
     vertex -2.150622e+01  4.634944e+00  1.150000e+01
   endloop
 endfacet
 facet normal -6.999281e-01  1.047737e-01  7.064865e-01
   outer loop
     vertex -2.132106e+01  2.768086e+00  1.200000e+01
     vertex -2.168355e+01  3.718018e+00  1.150000e+01
     vertex -2.182181e+01  2.794392e+00  1.150000e+01
   endloop
 endfacet
 facet normal -6.984536e-01  1.060070e-01  7.077606e-01
   outer loop
     vertex -2.132106e+01  2.768086e+00  1.200000e+01
     vertex -2.118223e+01  3.682803e+00  1.200000e+01
     vertex -2.168355e+01  3.718018e+00  1.150000e+01
   endloop
 endfacet
 facet normal -7.035702e-01  7.495500e-02  7.066617e-01
   outer loop
     vertex -2.142041e+01  1.848243e+00  1.200000e+01
     vertex -2.182181e+01  2.794392e+00  1.150000e+01
     vertex -2.192074e+01  1.865730e+00  1.150000e+01
   endloop
 endfacet
 facet normal -7.025427e-01  7.587872e-02  7.075847e-01
   outer loop
     vertex -2.142041e+01  1.848243e+00  1.200000e+01
     vertex -2.132106e+01  2.768086e+00  1.200000e+01
     vertex -2.182181e+01  2.794392e+00  1.150000e+01
   endloop
 endfacet
 facet normal -7.059378e-01  4.501564e-02  7.068419e-01
   outer loop
     vertex -2.148009e+01  9.249780e-01  1.200000e+01
     vertex -2.192074e+01  1.865730e+00  1.150000e+01
     vertex -2.198018e+01  9.337065e-01  1.150000e+01
   endloop
 endfacet
 facet normal -7.053377e-01  4.559521e-02  7.074035e-01
   outer loop
     vertex -2.148009e+01  9.249780e-01  1.200000e+01
     vertex -2.142041e+01  1.848243e+00  1.200000e+01
     vertex -2.192074e+01  1.865730e+00  1.150000e+01
   endloop
 endfacet
 facet normal -7.070271e-01  1.501030e-02  7.070271e-01
   outer loop
     vertex -2.150000e+01  2.632991e-15  1.200000e+01
     vertex -2.198018e+01  9.337065e-01  1.150000e+01
     vertex -2.200000e+01 -9.500540e-14  1.150000e+01
   endloop
 endfacet
 facet normal -7.068329e-01  1.521181e-02  7.072169e-01
   outer loop
     vertex -2.150000e+01  2.632991e-15  1.200000e+01
     vertex -2.148009e+01  9.249780e-01  1.200000e+01
     vertex -2.198018e+01  9.337065e-01  1.150000e+01
   endloop
 endfacet
 facet normal -7.070271e-01 -1.501030e-02  7.070271e-01
   outer loop
     vertex -2.198018e+01 -9.337065e-01  1.150000e+01
     vertex -2.150000e+01  2.632991e-15  1.200000e+01
     vertex -2.200000e+01 -9.500540e-14  1.150000e+01
   endloop
 endfacet
 facet normal -7.068329e-01 -1.521181e-02  7.072169e-01
   outer loop
     vertex -2.148009e+01 -9.249780e-01  1.200000e+01
     vertex -2.150000e+01  2.632991e-15  1.200000e+01
     vertex -2.198018e+01 -9.337065e-01  1.150000e+01
   endloop
 endfacet
 facet normal -7.059378e-01 -4.501564e-02  7.068419e-01
   outer loop
     vertex -2.192074e+01 -1.865730e+00  1.150000e+01
     vertex -2.148009e+01 -9.249780e-01  1.200000e+01
     vertex -2.198018e+01 -9.337065e-01  1.150000e+01
   endloop
 endfacet
 facet normal -7.053377e-01 -4.559521e-02  7.074035e-01
   outer loop
     vertex -2.142041e+01 -1.848243e+00  1.200000e+01
     vertex -2.148009e+01 -9.249780e-01  1.200000e+01
     vertex -2.192074e+01 -1.865730e+00  1.150000e+01
   endloop
 endfacet
 facet normal -7.035702e-01 -7.495500e-02  7.066617e-01
   outer loop
     vertex -2.182181e+01 -2.794392e+00  1.150000e+01
     vertex -2.142041e+01 -1.848243e+00  1.200000e+01
     vertex -2.192074e+01 -1.865730e+00  1.150000e+01
   endloop
 endfacet
 facet normal -7.025427e-01 -7.587872e-02  7.075847e-01
   outer loop
     vertex -2.132106e+01 -2.768086e+00  1.200000e+01
     vertex -2.142041e+01 -1.848243e+00  1.200000e+01
     vertex -2.182181e+01 -2.794392e+00  1.150000e+01
   endloop
 endfacet
 facet normal -6.999281e-01 -1.047737e-01  7.064865e-01
   outer loop
     vertex -2.168355e+01 -3.718018e+00  1.150000e+01
     vertex -2.132106e+01 -2.768086e+00  1.200000e+01
     vertex -2.182181e+01 -2.794392e+00  1.150000e+01
   endloop
 endfacet
 facet normal -6.984536e-01 -1.060070e-01  7.077606e-01
   outer loop
     vertex -2.118223e+01 -3.682803e+00  1.200000e+01
     vertex -2.132106e+01 -2.768086e+00  1.200000e+01
     vertex -2.168355e+01 -3.718018e+00  1.150000e+01
   endloop
 endfacet
 facet normal -6.950175e-01 -1.344174e-01  7.063163e-01
   outer loop
     vertex -2.150622e+01 -4.634944e+00  1.150000e+01
     vertex -2.118223e+01 -3.682803e+00  1.200000e+01
     vertex -2.168355e+01 -3.718018e+00  1.150000e+01
   endloop
 endfacet
 facet normal -6.930787e-01 -1.359250e-01  7.079310e-01
   outer loop
     vertex -2.100418e+01 -4.590700e+00  1.200000e+01
     vertex -2.118223e+01 -3.682803e+00  1.200000e+01
     vertex -2.150622e+01 -4.634944e+00  1.150000e+01
   endloop
 endfacet
 facet normal -6.888467e-01 -1.638317e-01  7.061512e-01
   outer loop
     vertex -2.129012e+01 -5.543517e+00  1.150000e+01
     vertex -2.100418e+01 -4.590700e+00  1.200000e+01
     vertex -2.150622e+01 -4.634944e+00  1.150000e+01
   endloop
 endfacet
 facet normal -6.864283e-01 -1.655781e-01  7.080961e-01
   outer loop
     vertex -2.078723e+01 -5.490096e+00  1.200000e+01
     vertex -2.100418e+01 -4.590700e+00  1.200000e+01
     vertex -2.129012e+01 -5.543517e+00  1.150000e+01
   endloop
 endfacet
 facet normal -6.814263e-01 -1.929631e-01  7.059911e-01
   outer loop
     vertex -2.103567e+01 -6.442101e+00  1.150000e+01
     vertex -2.078723e+01 -5.490096e+00  1.200000e+01
     vertex -2.129012e+01 -5.543517e+00  1.150000e+01
   endloop
 endfacet
 facet normal -6.785152e-01 -1.949123e-01  7.082558e-01
   outer loop
     vertex -2.053179e+01 -6.379326e+00  1.200000e+01
     vertex -2.078723e+01 -5.490096e+00  1.200000e+01
     vertex -2.103567e+01 -6.442101e+00  1.150000e+01
   endloop
 endfacet
 facet normal -6.727695e-01 -2.217582e-01  7.058360e-01
   outer loop
     vertex -2.074330e+01 -7.329075e+00  1.150000e+01
     vertex -2.053179e+01 -6.379326e+00  1.200000e+01
     vertex -2.103567e+01 -6.442101e+00  1.150000e+01
   endloop
 endfacet
 facet normal -6.693545e-01 -2.238739e-01  7.084102e-01
   outer loop
     vertex -2.023832e+01 -7.256742e+00  1.200000e+01
     vertex -2.053179e+01 -6.379326e+00  1.200000e+01
     vertex -2.074330e+01 -7.329075e+00  1.150000e+01
   endloop
 endfacet
 facet normal -6.628914e-01 -2.501642e-01  7.056861e-01
   outer loop
     vertex -2.041356e+01 -8.202843e+00  1.150000e+01
     vertex -2.023832e+01 -7.256742e+00  1.200000e+01
     vertex -2.074330e+01 -7.329075e+00  1.150000e+01
   endloop
 endfacet
 facet normal -6.589634e-01 -2.524102e-01  7.085593e-01
   outer loop
     vertex -1.990738e+01 -8.120721e+00  1.200000e+01
     vertex -2.023832e+01 -7.256742e+00  1.200000e+01
     vertex -2.041356e+01 -8.202843e+00  1.150000e+01
   endloop
 endfacet
 facet normal -6.518095e-01 -2.781294e-01  7.055412e-01
   outer loop
     vertex -2.004703e+01 -9.061827e+00  1.150000e+01
     vertex -1.990738e+01 -8.120721e+00  1.200000e+01
     vertex -2.041356e+01 -8.202843e+00  1.150000e+01
   endloop
 endfacet
 facet normal -6.473616e-01 -2.804692e-01  7.087030e-01
   outer loop
     vertex -1.953958e+01 -8.969662e+00  1.200000e+01
     vertex -1.990738e+01 -8.120721e+00  1.200000e+01
     vertex -2.004703e+01 -9.061827e+00  1.150000e+01
   endloop
 endfacet
 facet normal -6.395436e-01 -3.056023e-01  7.054014e-01
   outer loop
     vertex -1.964437e+01 -9.904482e+00  1.150000e+01
     vertex -1.953958e+01 -8.969662e+00  1.200000e+01
     vertex -2.004703e+01 -9.061827e+00  1.150000e+01
   endloop
 endfacet
 facet normal -6.345707e-01 -3.079997e-01  7.088415e-01
   outer loop
     vertex -1.913559e+01 -9.801994e+00  1.200000e+01
     vertex -1.953958e+01 -8.969662e+00  1.200000e+01
     vertex -1.964437e+01 -9.904482e+00  1.150000e+01
   endloop
 endfacet
 facet normal -6.261156e-01 -3.325328e-01  7.052667e-01
   outer loop
     vertex -1.920631e+01 -1.072929e+01  1.150000e+01
     vertex -1.913559e+01 -9.801994e+00  1.200000e+01
     vertex -1.964437e+01 -9.904482e+00  1.150000e+01
   endloop
 endfacet
 facet normal -6.206145e-01 -3.349516e-01  7.089746e-01
   outer loop
     vertex -1.869617e+01 -1.061617e+01  1.200000e+01
     vertex -1.913559e+01 -9.801994e+00  1.200000e+01
     vertex -1.920631e+01 -1.072929e+01  1.150000e+01
   endloop
 endfacet
 facet normal -6.115495e-01 -3.588715e-01  7.051372e-01
   outer loop
     vertex -1.873364e+01 -1.153476e+01  1.150000e+01
     vertex -1.869617e+01 -1.061617e+01  1.200000e+01
     vertex -1.920631e+01 -1.072929e+01  1.150000e+01
   endloop
 endfacet
 facet normal -6.055192e-01 -3.612759e-01  7.091025e-01
   outer loop
     vertex -1.822213e+01 -1.141070e+01  1.200000e+01
     vertex -1.869617e+01 -1.061617e+01  1.200000e+01
     vertex -1.873364e+01 -1.153476e+01  1.150000e+01
   endloop
 endfacet
 facet normal -5.958715e-01 -3.845702e-01  7.050127e-01
   outer loop
     vertex -1.822721e+01 -1.231945e+01  1.150000e+01
     vertex -1.822213e+01 -1.141070e+01  1.200000e+01
     vertex -1.873364e+01 -1.153476e+01  1.150000e+01
   endloop
 endfacet
 facet normal -5.893126e-01 -3.869245e-01  7.092250e-01
   outer loop
     vertex -1.771434e+01 -1.218409e+01  1.200000e+01
     vertex -1.822213e+01 -1.141070e+01  1.200000e+01
     vertex -1.822721e+01 -1.231945e+01  1.150000e+01
   endloop
 endfacet
 facet normal -5.791098e-01 -4.095817e-01  7.048934e-01
   outer loop
     vertex -1.768794e+01 -1.308193e+01  1.150000e+01
     vertex -1.771434e+01 -1.218409e+01  1.200000e+01
     vertex -1.822721e+01 -1.231945e+01  1.150000e+01
   endloop
 endfacet
 facet normal -5.720248e-01 -4.118509e-01  7.093423e-01
   outer loop
     vertex -1.717376e+01 -1.293492e+01  1.200000e+01
     vertex -1.771434e+01 -1.218409e+01  1.200000e+01
     vertex -1.768794e+01 -1.308193e+01  1.150000e+01
   endloop
 endfacet
 facet normal -5.612947e-01 -4.338601e-01  7.047791e-01
   outer loop
     vertex -1.711679e+01 -1.382084e+01  1.150000e+01
     vertex -1.717376e+01 -1.293492e+01  1.200000e+01
     vertex -1.768794e+01 -1.308193e+01  1.150000e+01
   endloop
 endfacet
 facet normal -5.536879e-01 -4.360096e-01  7.094543e-01
   outer loop
     vertex -1.660137e+01 -1.366179e+01  1.200000e+01
     vertex -1.717376e+01 -1.293492e+01  1.200000e+01
     vertex -1.711679e+01 -1.382084e+01  1.150000e+01
   endloop
 endfacet
 facet normal -5.424582e-01 -4.573611e-01  7.046701e-01
   outer loop
     vertex -1.651479e+01 -1.453484e+01  1.150000e+01
     vertex -1.660137e+01 -1.366179e+01  1.200000e+01
     vertex -1.711679e+01 -1.382084e+01  1.150000e+01
   endloop
 endfacet
 facet normal -5.343356e-01 -4.593567e-01  7.095611e-01
   outer loop
     vertex -1.599823e+01 -1.436337e+01  1.200000e+01
     vertex -1.660137e+01 -1.366179e+01  1.200000e+01
     vertex -1.651479e+01 -1.453484e+01  1.150000e+01
   endloop
 endfacet
 facet normal -5.226345e-01 -4.800414e-01  7.045662e-01
   outer loop
     vertex -1.599823e+01 -1.436337e+01  1.200000e+01
     vertex -1.651479e+01 -1.453484e+01  1.150000e+01
     vertex -1.588303e+01 -1.522266e+01  1.150000e+01
   endloop
 endfacet
 facet normal -5.140037e-01 -4.818498e-01  7.096626e-01
   outer loop
     vertex -1.536548e+01 -1.503835e+01  1.200000e+01
     vertex -1.599823e+01 -1.436337e+01  1.200000e+01
     vertex -1.588303e+01 -1.522266e+01  1.150000e+01
   endloop
 endfacet
 facet normal -5.018594e-01 -5.018594e-01  7.044674e-01
   outer loop
     vertex -1.536548e+01 -1.503835e+01  1.200000e+01
     vertex -1.588303e+01 -1.522266e+01  1.150000e+01
     vertex -1.522266e+01 -1.588303e+01  1.150000e+01
   endloop
 endfacet
 facet normal -4.927297e-01 -5.034479e-01  7.097588e-01
   outer loop
     vertex -1.470427e+01 -1.568549e+01  1.200000e+01
     vertex -1.536548e+01 -1.503835e+01  1.200000e+01
     vertex -1.522266e+01 -1.588303e+01  1.150000e+01
   endloop
 endfacet
 facet normal -4.801705e-01 -5.227751e-01  7.043738e-01
   outer loop
     vertex -1.470427e+01 -1.568549e+01  1.200000e+01
     vertex -1.522266e+01 -1.588303e+01  1.150000e+01
     vertex -1.453484e+01 -1.651479e+01  1.150000e+01
   endloop
 endfacet
 facet normal -4.705528e-01 -5.241119e-01  7.098499e-01
   outer loop
     vertex -1.401583e+01 -1.630357e+01  1.200000e+01
     vertex -1.470427e+01 -1.568549e+01  1.200000e+01
     vertex -1.453484e+01 -1.651479e+01  1.150000e+01
   endloop
 endfacet
 facet normal -4.576072e-01 -5.427502e-01  7.042854e-01
   outer loop
     vertex -1.401583e+01 -1.630357e+01  1.200000e+01
     vertex -1.453484e+01 -1.651479e+01  1.150000e+01
     vertex -1.382084e+01 -1.711679e+01  1.150000e+01
   endloop
 endfacet
 facet normal -4.475137e-01 -5.438041e-01  7.099356e-01
   outer loop
     vertex -1.330144e+01 -1.689147e+01  1.200000e+01
     vertex -1.401583e+01 -1.630357e+01  1.200000e+01
     vertex -1.382084e+01 -1.711679e+01  1.150000e+01
   endloop
 endfacet
 facet normal -4.342104e-01 -5.617479e-01  7.042021e-01
   outer loop
     vertex -1.330144e+01 -1.689147e+01  1.200000e+01
     vertex -1.382084e+01 -1.711679e+01  1.150000e+01
     vertex -1.308193e+01 -1.768794e+01  1.150000e+01
   endloop
 endfacet
 facet normal -4.236549e-01 -5.624887e-01  7.100162e-01
   outer loop
     vertex -1.256241e+01 -1.744809e+01  1.200000e+01
     vertex -1.330144e+01 -1.689147e+01  1.200000e+01
     vertex -1.308193e+01 -1.768794e+01  1.150000e+01
   endloop
 endfacet
 facet normal -4.100227e-01 -5.797334e-01  7.041240e-01
   outer loop
     vertex -1.256241e+01 -1.744809e+01  1.200000e+01
     vertex -1.308193e+01 -1.768794e+01  1.150000e+01
     vertex -1.231945e+01 -1.822721e+01  1.150000e+01
   endloop
 endfacet
 facet normal -3.990200e-01 -5.801319e-01  7.100915e-01
   outer loop
     vertex -1.180012e+01 -1.797240e+01  1.200000e+01
     vertex -1.256241e+01 -1.744809e+01  1.200000e+01
     vertex -1.231945e+01 -1.822721e+01  1.150000e+01
   endloop
 endfacet
 facet normal -3.850878e-01 -5.966736e-01  7.040511e-01
   outer loop
     vertex -1.180012e+01 -1.797240e+01  1.200000e+01
     vertex -1.231945e+01 -1.822721e+01  1.150000e+01
     vertex -1.153476e+01 -1.873364e+01  1.150000e+01
   endloop
 endfacet
 facet normal -3.736545e-01 -5.967016e-01  7.101616e-01
   outer loop
     vertex -1.101599e+01 -1.846343e+01  1.200000e+01
     vertex -1.180012e+01 -1.797240e+01  1.200000e+01
     vertex -1.153476e+01 -1.873364e+01  1.150000e+01
   endloop
 endfacet
 facet normal -3.594513e-01 -6.125375e-01  7.039834e-01
   outer loop
     vertex -1.101599e+01 -1.846343e+01  1.200000e+01
     vertex -1.153476e+01 -1.873364e+01  1.150000e+01
     vertex -1.072929e+01 -1.920631e+01  1.150000e+01
   endloop
 endfacet
 facet normal -3.331597e-01 -6.272959e-01  7.039208e-01
   outer loop
     vertex -1.021145e+01 -1.892026e+01  1.200000e+01
     vertex -1.072929e+01 -1.920631e+01  1.150000e+01
     vertex -9.904482e+00 -1.964437e+01  1.150000e+01
   endloop
 endfacet
 facet normal -3.476047e-01 -6.121676e-01  7.102266e-01
   outer loop
     vertex -1.021145e+01 -1.892026e+01  1.200000e+01
     vertex -1.101599e+01 -1.846343e+01  1.200000e+01
     vertex -1.072929e+01 -1.920631e+01  1.150000e+01
   endloop
 endfacet
 facet normal -3.062608e-01 -6.409216e-01  7.038635e-01
   outer loop
     vertex -9.388001e+00 -1.934206e+01  1.200000e+01
     vertex -9.904482e+00 -1.964437e+01  1.150000e+01
     vertex -9.061827e+00 -2.004703e+01  1.150000e+01
   endloop
 endfacet
 facet normal -3.209186e-01 -6.265019e-01  7.102862e-01
   outer loop
     vertex -9.388001e+00 -1.934206e+01  1.200000e+01
     vertex -1.021145e+01 -1.892026e+01  1.200000e+01
     vertex -9.904482e+00 -1.964437e+01  1.150000e+01
   endloop
 endfacet
 facet normal -2.788036e-01 -6.533897e-01  7.038114e-01
   outer loop
     vertex -8.547171e+00 -1.972805e+01  1.200000e+01
     vertex -9.061827e+00 -2.004703e+01  1.150000e+01
     vertex -8.202843e+00 -2.041356e+01  1.150000e+01
   endloop
 endfacet
 facet normal -2.936450e-01 -6.396785e-01  7.103407e-01
   outer loop
     vertex -8.547171e+00 -1.972805e+01  1.200000e+01
     vertex -9.388001e+00 -1.934206e+01  1.200000e+01
     vertex -9.061827e+00 -2.004703e+01  1.150000e+01
   endloop
 endfacet
 facet normal -2.508382e-01 -6.646772e-01  7.037645e-01
   outer loop
     vertex -7.690512e+00 -2.007750e+01  1.200000e+01
     vertex -8.202843e+00 -2.041356e+01  1.150000e+01
     vertex -7.329075e+00 -2.074330e+01  1.150000e+01
   endloop
 endfacet
 facet normal -2.658340e-01 -6.516735e-01  7.103900e-01
   outer loop
     vertex -7.690512e+00 -2.007750e+01  1.200000e+01
     vertex -8.547171e+00 -1.972805e+01  1.200000e+01
     vertex -8.202843e+00 -2.041356e+01  1.150000e+01
   endloop
 endfacet
 facet normal -2.375364e-01 -6.624650e-01  7.104341e-01
   outer loop
     vertex -6.819613e+00 -2.038977e+01  1.200000e+01
     vertex -7.690512e+00 -2.007750e+01  1.200000e+01
     vertex -7.329075e+00 -2.074330e+01  1.150000e+01
   endloop
 endfacet
 facet normal -2.224154e-01 -6.747634e-01  7.037227e-01
   outer loop
     vertex -6.819613e+00 -2.038977e+01  1.200000e+01
     vertex -7.329075e+00 -2.074330e+01  1.150000e+01
     vertex -6.442101e+00 -2.103567e+01  1.150000e+01
   endloop
 endfacet
 facet normal -1.935871e-01 -6.836298e-01  7.036862e-01
   outer loop
     vertex -5.936085e+00 -2.066429e+01  1.200000e+01
     vertex -6.442101e+00 -2.103567e+01  1.150000e+01
     vertex -5.543517e+00 -2.129012e+01  1.150000e+01
   endloop
 endfacet
 facet normal -2.088041e-01 -6.720334e-01  7.104730e-01
   outer loop
     vertex -5.936085e+00 -2.066429e+01  1.200000e+01
     vertex -6.819613e+00 -2.038977e+01  1.200000e+01
     vertex -6.442101e+00 -2.103567e+01  1.150000e+01
   endloop
 endfacet
 facet normal -1.644057e-01 -6.912601e-01  7.036549e-01
   outer loop
     vertex -5.041565e+00 -2.090054e+01  1.200000e+01
     vertex -5.543517e+00 -2.129012e+01  1.150000e+01
     vertex -4.634944e+00 -2.150622e+01  1.150000e+01
   endloop
 endfacet
 facet normal -1.796897e-01 -6.803615e-01  7.105067e-01
   outer loop
     vertex -5.041565e+00 -2.090054e+01  1.200000e+01
     vertex -5.936085e+00 -2.066429e+01  1.200000e+01
     vertex -5.543517e+00 -2.129012e+01  1.150000e+01
   endloop
 endfacet
 facet normal -1.349246e-01 -6.976402e-01  7.036288e-01
   outer loop
     vertex -4.137709e+00 -2.109809e+01  1.200000e+01
     vertex -4.634944e+00 -2.150622e+01  1.150000e+01
     vertex -3.718018e+00 -2.168355e+01  1.150000e+01
   endloop
 endfacet
 facet normal -1.502465e-01 -6.874341e-01  7.105353e-01
   outer loop
     vertex -4.137709e+00 -2.109809e+01  1.200000e+01
     vertex -5.041565e+00 -2.090054e+01  1.200000e+01
     vertex -4.634944e+00 -2.150622e+01  1.150000e+01
   endloop
 endfacet
 facet normal -1.051974e-01 -7.027584e-01  7.036080e-01
   outer loop
     vertex -3.226191e+00 -2.125657e+01  1.200000e+01
     vertex -3.718018e+00 -2.168355e+01  1.150000e+01
     vertex -2.794392e+00 -2.182181e+01  1.150000e+01
   endloop
 endfacet
 facet normal -1.205284e-01 -6.932384e-01  7.105586e-01
   outer loop
     vertex -3.226191e+00 -2.125657e+01  1.200000e+01
     vertex -4.137709e+00 -2.109809e+01  1.200000e+01
     vertex -3.718018e+00 -2.168355e+01  1.150000e+01
   endloop
 endfacet
 facet normal -7.527835e-02 -7.066053e-01  7.035923e-01
   outer loop
     vertex -2.308699e+00 -2.137568e+01  1.200000e+01
     vertex -2.794392e+00 -2.182181e+01  1.150000e+01
     vertex -1.865730e+00 -2.192074e+01  1.150000e+01
   endloop
 endfacet
 facet normal -9.058976e-02 -6.977637e-01  7.105767e-01
   outer loop
     vertex -2.308699e+00 -2.137568e+01  1.200000e+01
     vertex -3.226191e+00 -2.125657e+01  1.200000e+01
     vertex -2.794392e+00 -2.182181e+01  1.150000e+01
   endloop
 endfacet
 facet normal -4.522200e-02 -7.091738e-01  7.035819e-01
   outer loop
     vertex -1.386932e+00 -2.145522e+01  1.200000e+01
     vertex -1.865730e+00 -2.192074e+01  1.150000e+01
     vertex -9.337065e-01 -2.198018e+01  1.150000e+01
   endloop
 endfacet
 facet normal -6.048540e-02 -7.010020e-01  7.105897e-01
   outer loop
     vertex -1.386932e+00 -2.145522e+01  1.200000e+01
     vertex -2.308699e+00 -2.137568e+01  1.200000e+01
     vertex -1.865730e+00 -2.192074e+01  1.150000e+01
   endloop
 endfacet
 facet normal -1.508317e-02 -7.104593e-01  7.035767e-01
   outer loop
     vertex -4.625961e-01 -2.149502e+01  1.200000e+01
     vertex -9.337065e-01 -2.198018e+01  1.150000e+01
     vertex  1.718180e-13 -2.200000e+01  1.150000e+01
   endloop
 endfacet
 facet normal -3.027039e-02 -7.029473e-01  7.105975e-01
   outer loop
     vertex -4.625961e-01 -2.149502e+01  1.200000e+01
     vertex -1.386932e+00 -2.145522e+01  1.200000e+01
     vertex -9.337065e-01 -2.198018e+01  1.150000e+01
   endloop
 endfacet
 facet normal  1.508317e-02 -7.104593e-01  7.035767e-01
   outer loop
     vertex  4.625961e-01 -2.149502e+01  1.200000e+01
     vertex  1.718180e-13 -2.200000e+01  1.150000e+01
     vertex  9.337065e-01 -2.198018e+01  1.150000e+01
   endloop
 endfacet
 facet normal  5.403582e-15 -7.035962e-01  7.106001e-01
   outer loop
     vertex  4.625961e-01 -2.149502e+01  1.200000e+01
     vertex -4.625961e-01 -2.149502e+01  1.200000e+01
     vertex  1.718180e-13 -2.200000e+01  1.150000e+01
   endloop
 endfacet
 facet normal  4.522200e-02 -7.091738e-01  7.035819e-01
   outer loop
     vertex  1.386932e+00 -2.145522e+01  1.200000e+01
     vertex  9.337065e-01 -2.198018e+01  1.150000e+01
     vertex  1.865730e+00 -2.192074e+01  1.150000e+01
   endloop
 endfacet
 facet normal  3.027039e-02 -7.029473e-01  7.105975e-01
   outer loop
     vertex  1.386932e+00 -2.145522e+01  1.200000e+01
     vertex  4.625961e-01 -2.149502e+01  1.200000e+01
     vertex  9.337065e-01 -2.198018e+01  1.150000e+01
   endloop
 endfacet
 facet normal  7.527835e-02 -7.066053e-01  7.035923e-01
   outer loop
     vertex  2.308699e+00 -2.137568e+01  1.200000e+01
     vertex  1.865730e+00 -2.192074e+01  1.150000e+01
     vertex  2.794392e+00 -2.182181e+01  1.150000e+01
   endloop
 endfacet
 facet normal  6.048540e-02 -7.010020e-01  7.105897e-01
   outer loop
     vertex  2.308699e+00 -2.137568e+01  1.200000e+01
     vertex  1.386932e+00 -2.145522e+01  1.200000e+01
     vertex  1.865730e+00 -2.192074e+01  1.150000e+01
   endloop
 endfacet
 facet normal  1.051974e-01 -7.027584e-01  7.036080e-01
   outer loop
     vertex  3.226191e+00 -2.125657e+01  1.200000e+01
     vertex  2.794392e+00 -2.182181e+01  1.150000e+01
     vertex  3.718018e+00 -2.168355e+01  1.150000e+01
   endloop
 endfacet
 facet normal  9.058976e-02 -6.977637e-01  7.105767e-01
   outer loop
     vertex  3.226191e+00 -2.125657e+01  1.200000e+01
     vertex  2.308699e+00 -2.137568e+01  1.200000e+01
     vertex  2.794392e+00 -2.182181e+01  1.150000e+01
   endloop
 endfacet
 facet normal  1.349246e-01 -6.976402e-01  7.036288e-01
   outer loop
     vertex  4.137709e+00 -2.109809e+01  1.200000e+01
     vertex  3.718018e+00 -2.168355e+01  1.150000e+01
     vertex  4.634944e+00 -2.150622e+01  1.150000e+01
   endloop
 endfacet
 facet normal  1.205284e-01 -6.932384e-01  7.105586e-01
   outer loop
     vertex  4.137709e+00 -2.109809e+01  1.200000e+01
     vertex  3.226191e+00 -2.125657e+01  1.200000e+01
     vertex  3.718018e+00 -2.168355e+01  1.150000e+01
   endloop
 endfacet
 facet normal  1.644057e-01 -6.912601e-01  7.036549e-01
   outer loop
     vertex  5.041565e+00 -2.090054e+01  1.200000e+01
     vertex  4.634944e+00 -2.150622e+01  1.150000e+01
     vertex  5.543517e+00 -2.129012e+01  1.150000e+01
   endloop
 endfacet
 facet normal  1.502465e-01 -6.874341e-01  7.105353e-01
   outer loop
     vertex  5.041565e+00 -2.090054e+01  1.200000e+01
     vertex  4.137709e+00 -2.109809e+01  1.200000e+01
     vertex  4.634944e+00 -2.150622e+01  1.150000e+01
   endloop
 endfacet
 facet normal  1.935871e-01 -6.836298e-01  7.036862e-01
   outer loop
     vertex  5.936085e+00 -2.066429e+01  1.200000e+01
     vertex  5.543517e+00 -2.129012e+01  1.150000e+01
     vertex  6.442101e+00 -2.103567e+01  1.150000e+01
   endloop
 endfacet
 facet normal  1.796897e-01 -6.803615e-01  7.105067e-01
   outer loop
     vertex  5.936085e+00 -2.066429e+01  1.200000e+01
     vertex  5.041565e+00 -2.090054e+01  1.200000e+01
     vertex  5.543517e+00 -2.129012e+01  1.150000e+01
   endloop
 endfacet
 facet normal  2.224154e-01 -6.747634e-01  7.037227e-01
   outer loop
     vertex  6.819613e+00 -2.038977e+01  1.200000e+01
     vertex  6.442101e+00 -2.103567e+01  1.150000e+01
     vertex  7.329075e+00 -2.074330e+01  1.150000e+01
   endloop
 endfacet
 facet normal  2.088041e-01 -6.720334e-01  7.104730e-01
   outer loop
     vertex  6.819613e+00 -2.038977e+01  1.200000e+01
     vertex  5.936085e+00 -2.066429e+01  1.200000e+01
     vertex  6.442101e+00 -2.103567e+01  1.150000e+01
   endloop
 endfacet
 facet normal  2.508382e-01 -6.646772e-01  7.037645e-01
   outer loop
     vertex  7.690512e+00 -2.007750e+01  1.200000e+01
     vertex  7.329075e+00 -2.074330e+01  1.150000e+01
     vertex  8.202843e+00 -2.041356e+01  1.150000e+01
   endloop
 endfacet
 facet normal  2.375364e-01 -6.624650e-01  7.104341e-01
   outer loop
     vertex  7.690512e+00 -2.007750e+01  1.200000e+01
     vertex  6.819613e+00 -2.038977e+01  1.200000e+01
     vertex  7.329075e+00 -2.074330e+01  1.150000e+01
   endloop
 endfacet
 facet normal  2.788036e-01 -6.533897e-01  7.038114e-01
   outer loop
     vertex  8.547171e+00 -1.972805e+01  1.200000e+01
     vertex  8.202843e+00 -2.041356e+01  1.150000e+01
     vertex  9.061827e+00 -2.004703e+01  1.150000e+01
   endloop
 endfacet
 facet normal  2.658340e-01 -6.516735e-01  7.103900e-01
   outer loop
     vertex  8.547171e+00 -1.972805e+01  1.200000e+01
     vertex  7.690512e+00 -2.007750e+01  1.200000e+01
     vertex  8.202843e+00 -2.041356e+01  1.150000e+01
   endloop
 endfacet
 facet normal  3.062608e-01 -6.409216e-01  7.038635e-01
   outer loop
     vertex  9.388001e+00 -1.934206e+01  1.200000e+01
     vertex  9.061827e+00 -2.004703e+01  1.150000e+01
     vertex  9.904482e+00 -1.964437e+01  1.150000e+01
   endloop
 endfacet
 facet normal  2.936450e-01 -6.396785e-01  7.103407e-01
   outer loop
     vertex  9.388001e+00 -1.934206e+01  1.200000e+01
     vertex  8.547171e+00 -1.972805e+01  1.200000e+01
     vertex  9.061827e+00 -2.004703e+01  1.150000e+01
   endloop
 endfacet
 facet normal  3.331597e-01 -6.272959e-01  7.039208e-01
   outer loop
     vertex  1.021145e+01 -1.892026e+01  1.200000e+01
     vertex  9.904482e+00 -1.964437e+01  1.150000e+01
     vertex  1.072929e+01 -1.920631e+01  1.150000e+01
   endloop
 endfacet
 facet normal  3.209186e-01 -6.265019e-01  7.102862e-01
   outer loop
     vertex  1.021145e+01 -1.892026e+01  1.200000e+01
     vertex  9.388001e+00 -1.934206e+01  1.200000e+01
     vertex  9.904482e+00 -1.964437e+01  1.150000e+01
   endloop
 endfacet
 facet normal  3.594513e-01 -6.125375e-01  7.039834e-01
   outer loop
     vertex  1.101599e+01 -1.846343e+01  1.200000e+01
     vertex  1.072929e+01 -1.920631e+01  1.150000e+01
     vertex  1.153476e+01 -1.873364e+01  1.150000e+01
   endloop
 endfacet
 facet normal  3.476047e-01 -6.121676e-01  7.102266e-01
   outer loop
     vertex  1.101599e+01 -1.846343e+01  1.200000e+01
     vertex  1.021145e+01 -1.892026e+01  1.200000e+01
     vertex  1.072929e+01 -1.920631e+01  1.150000e+01
   endloop
 endfacet
 facet normal  3.850878e-01 -5.966736e-01  7.040511e-01
   outer loop
     vertex  1.180012e+01 -1.797240e+01  1.200000e+01
     vertex  1.153476e+01 -1.873364e+01  1.150000e+01
     vertex  1.231945e+01 -1.822721e+01  1.150000e+01
   endloop
 endfacet
 facet normal  3.736545e-01 -5.967016e-01  7.101616e-01
   outer loop
     vertex  1.180012e+01 -1.797240e+01  1.200000e+01
     vertex  1.101599e+01 -1.846343e+01  1.200000e+01
     vertex  1.153476e+01 -1.873364e+01  1.150000e+01
   endloop
 endfacet
 facet normal  4.100227e-01 -5.797334e-01  7.041240e-01
   outer loop
     vertex  1.256241e+01 -1.744809e+01  1.200000e+01
     vertex  1.231945e+01 -1.822721e+01  1.150000e+01
     vertex  1.308193e+01 -1.768794e+01  1.150000e+01
   endloop
 endfacet
 facet normal  3.990200e-01 -5.801319e-01  7.100915e-01
   outer loop
     vertex  1.256241e+01 -1.744809e+01  1.200000e+01
     vertex  1.180012e+01 -1.797240e+01  1.200000e+01
     vertex  1.231945e+01 -1.822721e+01  1.150000e+01
   endloop
 endfacet
 facet normal  4.342104e-01 -5.617479e-01  7.042021e-01
   outer loop
     vertex  1.330144e+01 -1.689147e+01  1.200000e+01
     vertex  1.308193e+01 -1.768794e+01  1.150000e+01
     vertex  1.382084e+01 -1.711679e+01  1.150000e+01
   endloop
 endfacet
 facet normal  4.236549e-01 -5.624887e-01  7.100162e-01
   outer loop
     vertex  1.330144e+01 -1.689147e+01  1.200000e+01
     vertex  1.256241e+01 -1.744809e+01  1.200000e+01
     vertex  1.308193e+01 -1.768794e+01  1.150000e+01
   endloop
 endfacet
 facet normal  4.576072e-01 -5.427502e-01  7.042854e-01
   outer loop
     vertex  1.401583e+01 -1.630357e+01  1.200000e+01
     vertex  1.382084e+01 -1.711679e+01  1.150000e+01
     vertex  1.453484e+01 -1.651479e+01  1.150000e+01
   endloop
 endfacet
 facet normal  4.475137e-01 -5.438041e-01  7.099356e-01
   outer loop
     vertex  1.401583e+01 -1.630357e+01  1.200000e+01
     vertex  1.330144e+01 -1.689147e+01  1.200000e+01
     vertex  1.382084e+01 -1.711679e+01  1.150000e+01
   endloop
 endfacet
 facet normal  4.705528e-01 -5.241119e-01  7.098499e-01
   outer loop
     vertex  1.470427e+01 -1.568549e+01  1.200000e+01
     vertex  1.401583e+01 -1.630357e+01  1.200000e+01
     vertex  1.453484e+01 -1.651479e+01  1.150000e+01
   endloop
 endfacet
 facet normal  4.801705e-01 -5.227751e-01  7.043738e-01
   outer loop
     vertex  1.470427e+01 -1.568549e+01  1.200000e+01
     vertex  1.453484e+01 -1.651479e+01  1.150000e+01
     vertex  1.522266e+01 -1.588303e+01  1.150000e+01
   endloop
 endfacet
 facet normal  4.927297e-01 -5.034479e-01  7.097588e-01
   outer loop
     vertex  1.536548e+01 -1.503835e+01  1.200000e+01
     vertex  1.470427e+01 -1.568549e+01  1.200000e+01
     vertex  1.522266e+01 -1.588303e+01  1.150000e+01
   endloop
 endfacet
 facet normal  5.018594e-01 -5.018594e-01  7.044674e-01
   outer loop
     vertex  1.536548e+01 -1.503835e+01  1.200000e+01
     vertex  1.522266e+01 -1.588303e+01  1.150000e+01
     vertex  1.588303e+01 -1.522266e+01  1.150000e+01
   endloop
 endfacet
 facet normal  5.140037e-01 -4.818498e-01  7.096626e-01
   outer loop
     vertex  1.599823e+01 -1.436337e+01  1.200000e+01
     vertex  1.536548e+01 -1.503835e+01  1.200000e+01
     vertex  1.588303e+01 -1.522266e+01  1.150000e+01
   endloop
 endfacet
 facet normal  5.226345e-01 -4.800414e-01  7.045662e-01
   outer loop
     vertex  1.599823e+01 -1.436337e+01  1.200000e+01
     vertex  1.588303e+01 -1.522266e+01  1.150000e+01
     vertex  1.651479e+01 -1.453484e+01  1.150000e+01
   endloop
 endfacet
 facet normal  5.343356e-01 -4.593567e-01  7.095611e-01
   outer loop
     vertex  1.660137e+01 -1.366179e+01  1.200000e+01
     vertex  1.599823e+01 -1.436337e+01  1.200000e+01
     vertex  1.651479e+01 -1.453484e+01  1.150000e+01
   endloop
 endfacet
 facet normal  5.424582e-01 -4.573611e-01  7.046701e-01
   outer loop
     vertex  1.660137e+01 -1.366179e+01  1.200000e+01
     vertex  1.651479e+01 -1.453484e+01  1.150000e+01
     vertex  1.711679e+01 -1.382084e+01  1.150000e+01
   endloop
 endfacet
 facet normal  5.536879e-01 -4.360096e-01  7.094543e-01
   outer loop
     vertex  1.717376e+01 -1.293492e+01  1.200000e+01
     vertex  1.660137e+01 -1.366179e+01  1.200000e+01
     vertex  1.711679e+01 -1.382084e+01  1.150000e+01
   endloop
 endfacet
 facet normal  5.612947e-01 -4.338601e-01  7.047791e-01
   outer loop
     vertex  1.717376e+01 -1.293492e+01  1.200000e+01
     vertex  1.711679e+01 -1.382084e+01  1.150000e+01
     vertex  1.768794e+01 -1.308193e+01  1.150000e+01
   endloop
 endfacet
 facet normal  5.720248e-01 -4.118509e-01  7.093423e-01
   outer loop
     vertex  1.771434e+01 -1.218409e+01  1.200000e+01
     vertex  1.717376e+01 -1.293492e+01  1.200000e+01
     vertex  1.768794e+01 -1.308193e+01  1.150000e+01
   endloop
 endfacet
 facet normal  5.791098e-01 -4.095817e-01  7.048934e-01
   outer loop
     vertex  1.771434e+01 -1.218409e+01  1.200000e+01
     vertex  1.768794e+01 -1.308193e+01  1.150000e+01
     vertex  1.822721e+01 -1.231945e+01  1.150000e+01
   endloop
 endfacet
 facet normal  5.893126e-01 -3.869245e-01  7.092250e-01
   outer loop
     vertex  1.822213e+01 -1.141070e+01  1.200000e+01
     vertex  1.771434e+01 -1.218409e+01  1.200000e+01
     vertex  1.822721e+01 -1.231945e+01  1.150000e+01
   endloop
 endfacet
 facet normal  5.958715e-01 -3.845702e-01  7.050127e-01
   outer loop
     vertex  1.822213e+01 -1.141070e+01  1.200000e+01
     vertex  1.822721e+01 -1.231945e+01  1.150000e+01
     vertex  1.873364e+01 -1.153476e+01  1.150000e+01
   endloop
 endfacet
 facet normal  6.055192e-01 -3.612759e-01  7.091025e-01
   outer loop
     vertex  1.869617e+01 -1.061617e+01  1.200000e+01
     vertex  1.822213e+01 -1.141070e+01  1.200000e+01
     vertex  1.873364e+01 -1.153476e+01  1.150000e+01
   endloop
 endfacet
 facet normal  6.115495e-01 -3.588715e-01  7.051372e-01
   outer loop
     vertex  1.869617e+01 -1.061617e+01  1.200000e+01
     vertex  1.873364e+01 -1.153476e+01  1.150000e+01
     vertex  1.920631e+01 -1.072929e+01  1.150000e+01
   endloop
 endfacet
 facet normal  6.206145e-01 -3.349516e-01  7.089746e-01
   outer loop
     vertex  1.913559e+01 -9.801994e+00  1.200000e+01
     vertex  1.869617e+01 -1.061617e+01  1.200000e+01
     vertex  1.920631e+01 -1.072929e+01  1.150000e+01
   endloop
 endfacet
 facet normal  6.261156e-01 -3.325328e-01  7.052667e-01
   outer loop
     vertex  1.913559e+01 -9.801994e+00  1.200000e+01
     vertex  1.920631e+01 -1.072929e+01  1.150000e+01
     vertex  1.964437e+01 -9.904482e+00  1.150000e+01
   endloop
 endfacet
 facet normal  6.345707e-01 -3.079997e-01  7.088415e-01
   outer loop
     vertex  1.953958e+01 -8.969662e+00  1.200000e+01
     vertex  1.913559e+01 -9.801994e+00  1.200000e+01
     vertex  1.964437e+01 -9.904482e+00  1.150000e+01
   endloop
 endfacet
 facet normal  6.395436e-01 -3.056023e-01  7.054014e-01
   outer loop
     vertex  1.953958e+01 -8.969662e+00  1.200000e+01
     vertex  1.964437e+01 -9.904482e+00  1.150000e+01
     vertex  2.004703e+01 -9.061827e+00  1.150000e+01
   endloop
 endfacet
 facet normal  6.518095e-01 -2.781294e-01  7.055412e-01
   outer loop
     vertex  1.990738e+01 -8.120721e+00  1.200000e+01
     vertex  2.004703e+01 -9.061827e+00  1.150000e+01
     vertex  2.041356e+01 -8.202843e+00  1.150000e+01
   endloop
 endfacet
 facet normal  6.473616e-01 -2.804692e-01  7.087030e-01
   outer loop
     vertex  1.990738e+01 -8.120721e+00  1.200000e+01
     vertex  1.953958e+01 -8.969662e+00  1.200000e+01
     vertex  2.004703e+01 -9.061827e+00  1.150000e+01
   endloop
 endfacet
 facet normal  6.628914e-01 -2.501642e-01  7.056861e-01
   outer loop
     vertex  2.023832e+01 -7.256742e+00  1.200000e+01
     vertex  2.041356e+01 -8.202843e+00  1.150000e+01
     vertex  2.074330e+01 -7.329075e+00  1.150000e+01
   endloop
 endfacet
 facet normal  6.589634e-01 -2.524102e-01  7.085593e-01
   outer loop
     vertex  2.023832e+01 -7.256742e+00  1.200000e+01
     vertex  1.990738e+01 -8.120721e+00  1.200000e+01
     vertex  2.041356e+01 -8.202843e+00  1.150000e+01
   endloop
 endfacet
 facet normal  6.727695e-01 -2.217582e-01  7.058360e-01
   outer loop
     vertex  2.053179e+01 -6.379326e+00  1.200000e+01
     vertex  2.074330e+01 -7.329075e+00  1.150000e+01
     vertex  2.103567e+01 -6.442101e+00  1.150000e+01
   endloop
 endfacet
 facet normal  6.693545e-01 -2.238739e-01  7.084102e-01
   outer loop
     vertex  2.053179e+01 -6.379326e+00  1.200000e+01
     vertex  2.023832e+01 -7.256742e+00  1.200000e+01
     vertex  2.074330e+01 -7.329075e+00  1.150000e+01
   endloop
 endfacet
 facet normal  6.814263e-01 -1.929631e-01  7.059911e-01
   outer loop
     vertex  2.078723e+01 -5.490096e+00  1.200000e+01
     vertex  2.103567e+01 -6.442101e+00  1.150000e+01
     vertex  2.129012e+01 -5.543517e+00  1.150000e+01
   endloop
 endfacet
 facet normal  6.785152e-01 -1.949123e-01  7.082558e-01
   outer loop
     vertex  2.078723e+01 -5.490096e+00  1.200000e+01
     vertex  2.053179e+01 -6.379326e+00  1.200000e+01
     vertex  2.103567e+01 -6.442101e+00  1.150000e+01
   endloop
 endfacet
 facet normal  6.888467e-01 -1.638317e-01  7.061512e-01
   outer loop
     vertex  2.100418e+01 -4.590700e+00  1.200000e+01
     vertex  2.129012e+01 -5.543517e+00  1.150000e+01
     vertex  2.150622e+01 -4.634944e+00  1.150000e+01
   endloop
 endfacet
 facet normal  6.864283e-01 -1.655781e-01  7.080961e-01
   outer loop
     vertex  2.100418e+01 -4.590700e+00  1.200000e+01
     vertex  2.078723e+01 -5.490096e+00  1.200000e+01
     vertex  2.129012e+01 -5.543517e+00  1.150000e+01
   endloop
 endfacet
 facet normal  6.950175e-01 -1.344174e-01  7.063163e-01
   outer loop
     vertex  2.118223e+01 -3.682803e+00  1.200000e+01
     vertex  2.150622e+01 -4.634944e+00  1.150000e+01
     vertex  2.168355e+01 -3.718018e+00  1.150000e+01
   endloop
 endfacet
 facet normal  6.930787e-01 -1.359250e-01  7.079310e-01
   outer loop
     vertex  2.118223e+01 -3.682803e+00  1.200000e+01
     vertex  2.100418e+01 -4.590700e+00  1.200000e+01
     vertex  2.150622e+01 -4.634944e+00  1.150000e+01
   endloop
 endfacet
 facet normal  6.999281e-01 -1.047737e-01  7.064865e-01
   outer loop
     vertex  2.132106e+01 -2.768086e+00  1.200000e+01
     vertex  2.168355e+01 -3.718018e+00  1.150000e+01
     vertex  2.182181e+01 -2.794392e+00  1.150000e+01
   endloop
 endfacet
 facet normal  6.984536e-01 -1.060070e-01  7.077606e-01
   outer loop
     vertex  2.132106e+01 -2.768086e+00  1.200000e+01
     vertex  2.118223e+01 -3.682803e+00  1.200000e+01
     vertex  2.168355e+01 -3.718018e+00  1.150000e+01
   endloop
 endfacet
 facet normal  7.035702e-01 -7.495500e-02  7.066617e-01
   outer loop
     vertex  2.142041e+01 -1.848243e+00  1.200000e+01
     vertex  2.182181e+01 -2.794392e+00  1.150000e+01
     vertex  2.192074e+01 -1.865730e+00  1.150000e+01
   endloop
 endfacet
 facet normal  7.025427e-01 -7.587872e-02  7.075847e-01
   outer loop
     vertex  2.142041e+01 -1.848243e+00  1.200000e+01
     vertex  2.132106e+01 -2.768086e+00  1.200000e+01
     vertex  2.182181e+01 -2.794392e+00  1.150000e+01
   endloop
 endfacet
 facet normal  7.059378e-01 -4.501564e-02  7.068419e-01
   outer loop
     vertex  2.148009e+01 -9.249780e-01  1.200000e+01
     vertex  2.192074e+01 -1.865730e+00  1.150000e+01
     vertex  2.198018e+01 -9.337065e-01  1.150000e+01
   endloop
 endfacet
 facet normal  7.053377e-01 -4.559521e-02  7.074035e-01
   outer loop
     vertex  2.148009e+01 -9.249780e-01  1.200000e+01
     vertex  2.142041e+01 -1.848243e+00  1.200000e+01
     vertex  2.192074e+01 -1.865730e+00  1.150000e+01
   endloop
 endfacet
 facet normal  7.070271e-01 -1.501030e-02  7.070271e-01
   outer loop
     vertex  2.150000e+01  0.000000e+00  1.200000e+01
     vertex  2.198018e+01 -9.337065e-01  1.150000e+01
     vertex  2.200000e+01  0.000000e+00  1.150000e+01
   endloop
 endfacet
 facet normal  7.068329e-01 -1.521181e-02  7.072169e-01
   outer loop
     vertex  2.150000e+01  0.000000e+00  1.200000e+01
     vertex  2.148009e+01 -9.249780e-01  1.200000e+01
     vertex  2.198018e+01 -9.337065e-01  1.150000e+01
   endloop
 endfacet
 facet normal  0.000000e+00  0.000000e+00 -1.000000e+00
   outer loop
     vertex  1.504289e+01 -1.220711e+01  1.100000e+01
     vertex  1.378055e+01 -1.376302e+01  1.100000e+01
     vertex  1.353539e+01 -1.352373e+01  1.100000e+01
   endloop
 endfacet
 facet normal  0.000000e+00 -0.000000e+00 -1.000000e+00
   outer loop
     vertex  1.491853e+01 -1.205557e+01  1.100000e+01
     vertex  1.504289e+01 -1.220711e+01  1.100000e+01
     vertex  1.353539e+01 -1.352373e+01  1.100000e+01
   endloop
 endfacet
 facet normal  0.000000e+00  0.000000e+00 -1.000000e+00
   outer loop
     vertex  1.491853e+01 -1.205557e+01  1.100000e+01
     vertex  1.331911e+01 -1.325805e+01  1.100000e+01
     vertex  1.313452e+01 -1.296945e+01  1.100000e+01
   endloop
 endfacet
 facet normal  0.000000e+00  0.000000e+00 -1.000000e+00
   outer loop
     vertex  1.491853e+01 -1.205557e+01  1.100000e+01
     vertex  1.353539e+01 -1.352373e+01  1.100000e+01
     vertex  1.331911e+01 -1.325805e+01  1.100000e+01
   endloop
 endfacet
 facet normal -0.000000e+00  0.000000e+00 -1.000000e+00
   outer loop
     vertex  1.519443e+01 -1.233147e+01  1.100000e+01
     vertex  1.378055e+01 -1.376302e+01  1.100000e+01
     vertex  1.504289e+01 -1.220711e+01  1.100000e+01
   endloop
 endfacet
 facet normal  0.000000e+00  0.000000e+00 -1.000000e+00
   outer loop
     vertex  1.519443e+01 -1.233147e+01  1.100000e+01
     vertex  1.405139e+01 -1.397280e+01  1.100000e+01
     vertex  1.378055e+01 -1.376302e+01  1.100000e+01
   endloop
 endfacet
 facet normal  0.000000e+00  0.000000e+00 -1.000000e+00
   outer loop
     vertex  1.519443e+01 -1.233147e+01  1.100000e+01
     vertex  1.434438e+01 -1.415033e+01  1.100000e+01
     vertex  1.405139e+01 -1.397280e+01  1.100000e+01
   endloop
 endfacet
 facet normal  0.000000e+00 -0.000000e+00 -1.000000e+00
   outer loop
     vertex  1.482612e+01 -1.188268e+01  1.100000e+01
     vertex  1.491853e+01 -1.205557e+01  1.100000e+01
     vertex  1.313452e+01 -1.296945e+01  1.100000e+01
   endloop
 endfacet
 facet normal  0.000000e+00  0.000000e+00 -1.000000e+00
   outer loop
     vertex  1.482612e+01 -1.188268e+01  1.100000e+01
     vertex  1.298405e+01 -1.266168e+01  1.100000e+01
     vertex  1.286964e+01 -1.233877e+01  1.100000e+01
   endloop
 endfacet
 facet normal  0.000000e+00  0.000000e+00 -1.000000e+00
   outer loop
     vertex  1.482612e+01 -1.188268e+01  1.100000e+01
     vertex  1.313452e+01 -1.296945e+01  1.100000e+01
     vertex  1.298405e+01 -1.266168e+01  1.100000e+01
   endloop
 endfacet
 facet normal  0.000000e+00  0.000000e+00 -1.000000e+00
   outer loop
     vertex  1.536732e+01 -1.242388e+01  1.100000e+01
     vertex  1.465571e+01 -1.429330e+01  1.100000e+01
     vertex  1.434438e+01 -1.415033e+01  1.100000e+01
   endloop
 endfacet
 facet normal  0.000000e+00  0.000000e+00 -1.000000e+00
   outer loop
     vertex  1.536732e+01 -1.242388e+01  1.100000e+01
     vertex  1.498130e+01 -1.439984e+01  1.100000e+01
     vertex  1.465571e+01 -1.429330e+01  1.100000e+01
   endloop
 endfacet
 facet normal -0.000000e+00  0.000000e+00 -1.000000e+00
   outer loop
     vertex  1.536732e+01 -1.242388e+01  1.100000e+01
     vertex  1.434438e+01 -1.415033e+01  1.100000e+01
     vertex  1.519443e+01 -1.233147e+01  1.100000e+01
   endloop
 endfacet
 facet normal  0.000000e+00 -0.000000e+00 -1.000000e+00
   outer loop
     vertex  1.476921e+01 -1.169509e+01  1.100000e+01
     vertex  1.482612e+01 -1.188268e+01  1.100000e+01
     vertex  1.286964e+01 -1.233877e+01  1.100000e+01
   endloop
 endfacet
 facet normal -0.000000e+00  0.000000e+00 -1.000000e+00
   outer loop
     vertex  1.476921e+01 -1.169509e+01  1.100000e+01
     vertex  1.279280e+01 -1.200492e+01  1.100000e+01
     vertex  1.275451e+01 -1.166448e+01  1.100000e+01
   endloop
 endfacet
 facet normal  0.000000e+00  0.000000e+00 -1.000000e+00
   outer loop
     vertex  1.476921e+01 -1.169509e+01  1.100000e+01
     vertex  1.286964e+01 -1.233877e+01  1.100000e+01
     vertex  1.279280e+01 -1.200492e+01  1.100000e+01
   endloop
 endfacet
 facet normal -0.000000e+00  0.000000e+00 -1.000000e+00
   outer loop
     vertex  1.555491e+01 -1.248079e+01  1.100000e+01
     vertex  1.498130e+01 -1.439984e+01  1.100000e+01
     vertex  1.536732e+01 -1.242388e+01  1.100000e+01
   endloop
 endfacet
 facet normal  0.000000e+00  0.000000e+00 -1.000000e+00
   outer loop
     vertex  1.555491e+01 -1.248079e+01  1.100000e+01
     vertex  1.531691e+01 -1.446857e+01  1.100000e+01
     vertex  1.498130e+01 -1.439984e+01  1.100000e+01
   endloop
 endfacet
 facet normal  0.000000e+00 -0.000000e+00 -1.000000e+00
   outer loop
     vertex  1.475000e+01 -1.150000e+01  1.100000e+01
     vertex  1.476921e+01 -1.169509e+01  1.100000e+01
     vertex  1.275451e+01 -1.166448e+01  1.100000e+01
   endloop
 endfacet
 facet normal -0.000000e+00  0.000000e+00 -1.000000e+00
   outer loop
     vertex  1.475000e+01 -1.150000e+01  1.100000e+01
     vertex  1.275451e+01 -1.166448e+01  1.100000e+01
     vertex  1.275529e+01 -1.132190e+01  1.100000e+01
   endloop
 endfacet
 facet normal  0.000000e+00  0.000000e+00 -1.000000e+00
   outer loop
     vertex  1.575000e+01 -1.250000e+01  1.100000e+01
     vertex  1.565818e+01 -1.449859e+01  1.100000e+01
     vertex  1.531691e+01 -1.446857e+01  1.100000e+01
   endloop
 endfacet
 facet normal  0.000000e+00 -0.000000e+00 -1.000000e+00
   outer loop
     vertex  1.575000e+01 -1.250000e+01  1.100000e+01
     vertex  1.600064e+01 -1.448951e+01  1.100000e+01
     vertex  1.565818e+01 -1.449859e+01  1.100000e+01
   endloop
 endfacet
 facet normal -0.000000e+00  0.000000e+00 -1.000000e+00
   outer loop
     vertex  1.575000e+01 -1.250000e+01  1.100000e+01
     vertex  1.531691e+01 -1.446857e+01  1.100000e+01
     vertex  1.555491e+01 -1.248079e+01  1.100000e+01
   endloop
 endfacet
 facet normal  0.000000e+00  0.000000e+00 -1.000000e+00
   outer loop
     vertex  1.476921e+01 -1.130491e+01  1.100000e+01
     vertex  1.475000e+01 -1.150000e+01  1.100000e+01
     vertex  1.275529e+01 -1.132190e+01  1.100000e+01
   endloop
 endfacet
 facet normal  0.000000e+00  0.000000e+00 -1.000000e+00
   outer loop
     vertex  1.476921e+01 -1.130491e+01  1.100000e+01
     vertex  1.279512e+01 -1.098164e+01  1.100000e+01
     vertex  1.287348e+01 -1.064814e+01  1.100000e+01
   endloop
 endfacet
 facet normal -0.000000e+00  0.000000e+00 -1.000000e+00
   outer loop
     vertex  1.476921e+01 -1.130491e+01  1.100000e+01
     vertex  1.275529e+01 -1.132190e+01  1.100000e+01
     vertex  1.279512e+01 -1.098164e+01  1.100000e+01
   endloop
 endfacet
 facet normal  0.000000e+00  0.000000e+00 -1.000000e+00
   outer loop
     vertex  1.594509e+01 -1.248079e+01  1.100000e+01
     vertex  1.633983e+01 -1.444144e+01  1.100000e+01
     vertex  1.600064e+01 -1.448951e+01  1.100000e+01
   endloop
 endfacet
 facet normal  0.000000e+00 -0.000000e+00 -1.000000e+00
   outer loop
     vertex  1.594509e+01 -1.248079e+01  1.100000e+01
     vertex  1.600064e+01 -1.448951e+01  1.100000e+01
     vertex  1.575000e+01 -1.250000e+01  1.100000e+01
   endloop
 endfacet
 facet normal -0.000000e+00  0.000000e+00 -1.000000e+00
   outer loop
     vertex  1.723341e+01 -1.367515e+01  1.100000e+01
     vertex  1.633983e+01 -1.444144e+01  1.100000e+01
     vertex  1.594509e+01 -1.248079e+01  1.100000e+01
   endloop
 endfacet
 facet normal  0.000000e+00  0.000000e+00 -1.000000e+00
   outer loop
     vertex  1.723341e+01 -1.367515e+01  1.100000e+01
     vertex  1.667133e+01 -1.435502e+01  1.100000e+01
     vertex  1.633983e+01 -1.444144e+01  1.100000e+01
   endloop
 endfacet
 facet normal  0.000000e+00  0.000000e+00 -1.000000e+00
   outer loop
     vertex  1.482612e+01 -1.111732e+01  1.100000e+01
     vertex  1.298936e+01 -1.032575e+01  1.100000e+01
     vertex  1.314123e+01 -1.001868e+01  1.100000e+01
   endloop
 endfacet
 facet normal  0.000000e+00  0.000000e+00 -1.000000e+00
   outer loop
     vertex  1.482612e+01 -1.111732e+01  1.100000e+01
     vertex  1.287348e+01 -1.064814e+01  1.100000e+01
     vertex  1.298936e+01 -1.032575e+01  1.100000e+01
   endloop
 endfacet
 facet normal -0.000000e+00  0.000000e+00 -1.000000e+00
   outer loop
     vertex  1.482612e+01 -1.111732e+01  1.100000e+01
     vertex  1.476921e+01 -1.130491e+01  1.100000e+01
     vertex  1.287348e+01 -1.064814e+01  1.100000e+01
   endloop
 endfacet
 facet normal  0.000000e+00 -0.000000e+00 -1.000000e+00
   outer loop
     vertex  1.613268e+01 -1.242388e+01  1.100000e+01
     vertex  1.723341e+01 -1.367515e+01  1.100000e+01
     vertex  1.594509e+01 -1.248079e+01  1.100000e+01
   endloop
 endfacet
 facet normal  0.000000e+00  0.000000e+00 -1.000000e+00
   outer loop
     vertex  1.491853e+01 -1.094443e+01  1.100000e+01
     vertex  1.314123e+01 -1.001868e+01  1.100000e+01
     vertex  1.332712e+01 -9.730915e+00  1.100000e+01
   endloop
 endfacet
 facet normal -0.000000e+00  0.000000e+00 -1.000000e+00
   outer loop
     vertex  1.491853e+01 -1.094443e+01  1.100000e+01
     vertex  1.482612e+01 -1.111732e+01  1.100000e+01
     vertex  1.314123e+01 -1.001868e+01  1.100000e+01
   endloop
 endfacet
 facet normal  0.000000e+00 -0.000000e+00 -1.000000e+00
   outer loop
     vertex  1.630557e+01 -1.233147e+01  1.100000e+01
     vertex  1.723341e+01 -1.367515e+01  1.100000e+01
     vertex  1.613268e+01 -1.242388e+01  1.100000e+01
   endloop
 endfacet
 facet normal  0.000000e+00  0.000000e+00 -1.000000e+00
   outer loop
     vertex  1.504289e+01 -1.079289e+01  1.100000e+01
     vertex  1.332712e+01 -9.730915e+00  1.100000e+01
     vertex  1.354461e+01 -9.466223e+00  1.100000e+01
   endloop
 endfacet
 facet normal -0.000000e+00  0.000000e+00 -1.000000e+00
   outer loop
     vertex  1.504289e+01 -1.079289e+01  1.100000e+01
     vertex  1.491853e+01 -1.094443e+01  1.100000e+01
     vertex  1.332712e+01 -9.730915e+00  1.100000e+01
   endloop
 endfacet
 facet normal  0.000000e+00 -0.000000e+00 -1.000000e+00
   outer loop
     vertex  1.645711e+01 -1.220711e+01  1.100000e+01
     vertex  1.723341e+01 -1.367515e+01  1.100000e+01
     vertex  1.630557e+01 -1.233147e+01  1.100000e+01
   endloop
 endfacet
 facet normal  0.000000e+00 -0.000000e+00 -1.000000e+00
   outer loop
     vertex  1.379085e+01 -9.228052e+00  1.100000e+01
     vertex  1.504289e+01 -1.079289e+01  1.100000e+01
     vertex  1.354461e+01 -9.466223e+00  1.100000e+01
   endloop
 endfacet
 facet normal  0.000000e+00  0.000000e+00 -1.000000e+00
   outer loop
     vertex  1.379085e+01 -9.228052e+00  1.100000e+01
     vertex  1.519443e+01 -1.066853e+01  1.100000e+01
     vertex  1.504289e+01 -1.079289e+01  1.100000e+01
   endloop
 endfacet
 facet normal -0.000000e+00  0.000000e+00 -1.000000e+00
   outer loop
     vertex  1.776777e+01 -1.297329e+01  1.100000e+01
     vertex  1.723341e+01 -1.367515e+01  1.100000e+01
     vertex  1.645711e+01 -1.220711e+01  1.100000e+01
   endloop
 endfacet
 facet normal  0.000000e+00  0.000000e+00 -1.000000e+00
   outer loop
     vertex  1.776777e+01 -1.297329e+01  1.100000e+01
     vertex  1.645711e+01 -1.220711e+01  1.100000e+01
     vertex  1.658147e+01 -1.205557e+01  1.100000e+01
   endloop
 endfacet
 facet normal  0.000000e+00  0.000000e+00 -1.000000e+00
   outer loop
     vertex  1.776777e+01 -1.297329e+01  1.100000e+01
     vertex  1.658147e+01 -1.205557e+01  1.100000e+01
     vertex  1.667388e+01 -1.188268e+01  1.100000e+01
   endloop
 endfacet
 facet normal  0.000000e+00 -0.000000e+00 -1.000000e+00
   outer loop
     vertex  1.406265e+01 -9.019508e+00  1.100000e+01
     vertex  1.519443e+01 -1.066853e+01  1.100000e+01
     vertex  1.379085e+01 -9.228052e+00  1.100000e+01
   endloop
 endfacet
 facet normal  0.000000e+00  0.000000e+00 -1.000000e+00
   outer loop
     vertex  1.435644e+01 -8.843310e+00  1.100000e+01
     vertex  1.536732e+01 -1.057612e+01  1.100000e+01
     vertex  1.519443e+01 -1.066853e+01  1.100000e+01
   endloop
 endfacet
 facet normal  0.000000e+00 -0.000000e+00 -1.000000e+00
   outer loop
     vertex  1.435644e+01 -8.843310e+00  1.100000e+01
     vertex  1.519443e+01 -1.066853e+01  1.100000e+01
     vertex  1.406265e+01 -9.019508e+00  1.100000e+01
   endloop
 endfacet
 facet normal  0.000000e+00 -0.000000e+00 -1.000000e+00
   outer loop
     vertex  1.466841e+01 -8.701756e+00  1.100000e+01
     vertex  1.536732e+01 -1.057612e+01  1.100000e+01
     vertex  1.435644e+01 -8.843310e+00  1.100000e+01
   endloop
 endfacet
 facet normal -0.000000e+00  0.000000e+00 -1.000000e+00
   outer loop
     vertex  1.827357e+01 -1.225058e+01  1.100000e+01
     vertex  1.776777e+01 -1.297329e+01  1.100000e+01
     vertex  1.667388e+01 -1.188268e+01  1.100000e+01
   endloop
 endfacet
 facet normal  0.000000e+00  0.000000e+00 -1.000000e+00
   outer loop
     vertex  1.827357e+01 -1.225058e+01  1.100000e+01
     vertex  1.667388e+01 -1.188268e+01  1.100000e+01
     vertex  1.673079e+01 -1.169509e+01  1.100000e+01
   endloop
 endfacet
 facet normal  0.000000e+00  0.000000e+00 -1.000000e+00
   outer loop
     vertex  1.827357e+01 -1.225058e+01  1.100000e+01
     vertex  1.673079e+01 -1.169509e+01  1.100000e+01
     vertex  1.675000e+01 -1.150000e+01  1.100000e+01
   endloop
 endfacet
 facet normal  0.000000e+00 -0.000000e+00 -1.000000e+00
   outer loop
     vertex  1.499449e+01 -8.596691e+00  1.100000e+01
     vertex  1.536732e+01 -1.057612e+01  1.100000e+01
     vertex  1.466841e+01 -8.701756e+00  1.100000e+01
   endloop
 endfacet
 facet normal  0.000000e+00  0.000000e+00 -1.000000e+00
   outer loop
     vertex  1.499449e+01 -8.596691e+00  1.100000e+01
     vertex  1.555491e+01 -1.051921e+01  1.100000e+01
     vertex  1.536732e+01 -1.057612e+01  1.100000e+01
   endloop
 endfacet
 facet normal  0.000000e+00 -0.000000e+00 -1.000000e+00
   outer loop
     vertex  1.533041e+01 -8.529487e+00  1.100000e+01
     vertex  1.555491e+01 -1.051921e+01  1.100000e+01
     vertex  1.499449e+01 -8.596691e+00  1.100000e+01
   endloop
 endfacet
 facet normal  0.000000e+00  0.000000e+00 -1.000000e+00
   outer loop
     vertex  1.533041e+01 -8.529487e+00  1.100000e+01
     vertex  1.575000e+01 -1.050000e+01  1.100000e+01
     vertex  1.555491e+01 -1.051921e+01  1.100000e+01
   endloop
 endfacet
 facet normal  0.000000e+00 -0.000000e+00 -1.000000e+00
   outer loop
     vertex  1.567181e+01 -8.501019e+00  1.100000e+01
     vertex  1.575000e+01 -1.050000e+01  1.100000e+01
     vertex  1.533041e+01 -8.529487e+00  1.100000e+01
   endloop
 endfacet
 facet normal -0.000000e+00  0.000000e+00 -1.000000e+00
   outer loop
     vertex  1.601423e+01 -8.511659e+00  1.100000e+01
     vertex  1.575000e+01 -1.050000e+01  1.100000e+01
     vertex  1.567181e+01 -8.501019e+00  1.100000e+01
   endloop
 endfacet
 facet normal  0.000000e+00  0.000000e+00 -1.000000e+00
   outer loop
     vertex  1.601423e+01 -8.511659e+00  1.100000e+01
     vertex  1.594509e+01 -1.051921e+01  1.100000e+01
     vertex  1.575000e+01 -1.050000e+01  1.100000e+01
   endloop
 endfacet
 facet normal  0.000000e+00 -0.000000e+00 -1.000000e+00
   outer loop
     vertex  1.873136e+01 -1.116609e+01  1.100000e+01
     vertex  1.874999e+01 -1.150817e+01  1.100000e+01
     vertex  1.827357e+01 -1.225058e+01  1.100000e+01
   endloop
 endfacet
 facet normal  0.000000e+00  0.000000e+00 -1.000000e+00
   outer loop
     vertex  1.873136e+01 -1.116609e+01  1.100000e+01
     vertex  1.675000e+01 -1.150000e+01  1.100000e+01
     vertex  1.673079e+01 -1.130491e+01  1.100000e+01
   endloop
 endfacet
 facet normal  0.000000e+00  0.000000e+00 -1.000000e+00
   outer loop
     vertex  1.873136e+01 -1.116609e+01  1.100000e+01
     vertex  1.827357e+01 -1.225058e+01  1.100000e+01
     vertex  1.675000e+01 -1.150000e+01  1.100000e+01
   endloop
 endfacet
 facet normal -0.000000e+00  0.000000e+00 -1.000000e+00
   outer loop
     vertex  1.635320e+01 -8.561267e+00  1.100000e+01
     vertex  1.594509e+01 -1.051921e+01  1.100000e+01
     vertex  1.601423e+01 -8.511659e+00  1.100000e+01
   endloop
 endfacet
 facet normal  0.000000e+00 -0.000000e+00 -1.000000e+00
   outer loop
     vertex  1.867385e+01 -1.082837e+01  1.100000e+01
     vertex  1.873136e+01 -1.116609e+01  1.100000e+01
     vertex  1.673079e+01 -1.130491e+01  1.100000e+01
   endloop
 endfacet
 facet normal -0.000000e+00  0.000000e+00 -1.000000e+00
   outer loop
     vertex  1.668430e+01 -8.649197e+00  1.100000e+01
     vertex  1.594509e+01 -1.051921e+01  1.100000e+01
     vertex  1.635320e+01 -8.561267e+00  1.100000e+01
   endloop
 endfacet
 facet normal  0.000000e+00  0.000000e+00 -1.000000e+00
   outer loop
     vertex  1.668430e+01 -8.649197e+00  1.100000e+01
     vertex  1.613268e+01 -1.057612e+01  1.100000e+01
     vertex  1.594509e+01 -1.051921e+01  1.100000e+01
   endloop
 endfacet
 facet normal  0.000000e+00 -0.000000e+00 -1.000000e+00
   outer loop
     vertex  1.857822e+01 -1.049941e+01  1.100000e+01
     vertex  1.867385e+01 -1.082837e+01  1.100000e+01
     vertex  1.673079e+01 -1.130491e+01  1.100000e+01
   endloop
 endfacet
 facet normal  0.000000e+00  0.000000e+00 -1.000000e+00
   outer loop
     vertex  1.857822e+01 -1.049941e+01  1.100000e+01
     vertex  1.673079e+01 -1.130491e+01  1.100000e+01
     vertex  1.667388e+01 -1.111732e+01  1.100000e+01
   endloop
 endfacet
 facet normal -0.000000e+00  0.000000e+00 -1.000000e+00
   outer loop
     vertex  1.700322e+01 -8.774302e+00  1.100000e+01
     vertex  1.613268e+01 -1.057612e+01  1.100000e+01
     vertex  1.668430e+01 -8.649197e+00  1.100000e+01
   endloop
 endfacet
 facet normal  0.000000e+00 -0.000000e+00 -1.000000e+00
   outer loop
     vertex  1.844570e+01 -1.018349e+01  1.100000e+01
     vertex  1.857822e+01 -1.049941e+01  1.100000e+01
     vertex  1.667388e+01 -1.111732e+01  1.100000e+01
   endloop
 endfacet
 facet normal  0.000000e+00  0.000000e+00 -1.000000e+00
   outer loop
     vertex  1.844570e+01 -1.018349e+01  1.100000e+01
     vertex  1.667388e+01 -1.111732e+01  1.100000e+01
     vertex  1.658147e+01 -1.094443e+01  1.100000e+01
   endloop
 endfacet
 facet normal -0.000000e+00  0.000000e+00 -1.000000e+00
   outer loop
     vertex  1.730580e+01 -8.934951e+00  1.100000e+01
     vertex  1.613268e+01 -1.057612e+01  1.100000e+01
     vertex  1.700322e+01 -8.774302e+00  1.100000e+01
   endloop
 endfacet
 facet normal  0.000000e+00  0.000000e+00 -1.000000e+00
   outer loop
     vertex  1.730580e+01 -8.934951e+00  1.100000e+01
     vertex  1.630557e+01 -1.066853e+01  1.100000e+01
     vertex  1.613268e+01 -1.057612e+01  1.100000e+01
   endloop
 endfacet
 facet normal  0.000000e+00 -0.000000e+00 -1.000000e+00
   outer loop
     vertex  1.827803e+01 -9.884748e+00  1.100000e+01
     vertex  1.844570e+01 -1.018349e+01  1.100000e+01
     vertex  1.658147e+01 -1.094443e+01  1.100000e+01
   endloop
 endfacet
 facet normal -0.000000e+00  0.000000e+00 -1.000000e+00
   outer loop
     vertex  1.758809e+01 -9.129049e+00  1.100000e+01
     vertex  1.630557e+01 -1.066853e+01  1.100000e+01
     vertex  1.730580e+01 -8.934951e+00  1.100000e+01
   endloop
 endfacet
 facet normal  0.000000e+00  0.000000e+00 -1.000000e+00
   outer loop
     vertex  1.758809e+01 -9.129049e+00  1.100000e+01
     vertex  1.645711e+01 -1.079289e+01  1.100000e+01
     vertex  1.630557e+01 -1.066853e+01  1.100000e+01
   endloop
 endfacet
 facet normal  0.000000e+00 -0.000000e+00 -1.000000e+00
   outer loop
     vertex  1.807740e+01 -9.607064e+00  1.100000e+01
     vertex  1.827803e+01 -9.884748e+00  1.100000e+01
     vertex  1.658147e+01 -1.094443e+01  1.100000e+01
   endloop
 endfacet
 facet normal  0.000000e+00  0.000000e+00 -1.000000e+00
   outer loop
     vertex  1.807740e+01 -9.607064e+00  1.100000e+01
     vertex  1.658147e+01 -1.094443e+01  1.100000e+01
     vertex  1.645711e+01 -1.079289e+01  1.100000e+01
   endloop
 endfacet
 facet normal  0.000000e+00 -0.000000e+00 -1.000000e+00
   outer loop
     vertex  1.784642e+01 -9.354065e+00  1.100000e+01
     vertex  1.807740e+01 -9.607064e+00  1.100000e+01
     vertex  1.645711e+01 -1.079289e+01  1.100000e+01
   endloop
 endfacet
 facet normal -0.000000e+00  0.000000e+00 -1.000000e+00
   outer loop
     vertex  1.784642e+01 -9.354065e+00  1.100000e+01
     vertex  1.645711e+01 -1.079289e+01  1.100000e+01
     vertex  1.758809e+01 -9.129049e+00  1.100000e+01
   endloop
 endfacet
 facet normal -5.322227e-01 -4.780750e-01 -6.987011e-01
   outer loop
     vertex -1.605469e+01 -1.504150e+01  9.500000e+00
     vertex -1.667133e+01 -1.435502e+01  9.500000e+00
     vertex -1.639525e+01 -1.442979e+01  9.340854e+00
   endloop
 endfacet
 facet normal -5.273765e-01 -4.765925e-01 -7.033730e-01
   outer loop
     vertex -1.605469e+01 -1.504150e+01  9.500000e+00
     vertex -1.639525e+01 -1.442979e+01  9.340854e+00
     vertex -1.613047e+01 -1.447578e+01  9.173492e+00
   endloop
 endfacet
 facet normal -5.235085e-01 -4.774171e-01 -7.056995e-01
   outer loop
     vertex -1.587696e+01 -1.449731e+01  9.000000e+00
     vertex -1.605469e+01 -1.504150e+01  9.500000e+00
     vertex -1.613047e+01 -1.447578e+01  9.173492e+00
   endloop
 endfacet
 facet normal -5.077940e-01 -4.961504e-01 -7.042585e-01
   outer loop
     vertex -1.524509e+01 -1.516038e+01  9.000000e+00
     vertex -1.540981e+01 -1.570152e+01  9.500000e+00
     vertex -1.605469e+01 -1.504150e+01  9.500000e+00
   endloop
 endfacet
 facet normal -5.098103e-01 -4.858227e-01 -7.099787e-01
   outer loop
     vertex -1.524509e+01 -1.516038e+01  9.000000e+00
     vertex -1.605469e+01 -1.504150e+01  9.500000e+00
     vertex -1.587696e+01 -1.449731e+01  9.000000e+00
   endloop
 endfacet
 facet normal -4.887180e-01 -5.071601e-01 -7.098897e-01
   outer loop
     vertex -1.458555e+01 -1.579594e+01  9.000000e+00
     vertex -1.540981e+01 -1.570152e+01  9.500000e+00
     vertex -1.524509e+01 -1.516038e+01  9.000000e+00
   endloop
 endfacet
 facet normal -4.864785e-01 -5.169414e-01 -7.043509e-01
   outer loop
     vertex -1.458555e+01 -1.579594e+01  9.000000e+00
     vertex -1.473781e+01 -1.633392e+01  9.500000e+00
     vertex -1.540981e+01 -1.570152e+01  9.500000e+00
   endloop
 endfacet
 facet normal -4.667376e-01 -5.275874e-01 -7.097940e-01
   outer loop
     vertex -1.389954e+01 -1.640283e+01  9.000000e+00
     vertex -1.473781e+01 -1.633392e+01  9.500000e+00
     vertex -1.458555e+01 -1.579594e+01  9.000000e+00
   endloop
 endfacet
 facet normal -4.643084e-01 -5.368128e-01 -7.044500e-01
   outer loop
     vertex -1.389954e+01 -1.640283e+01  9.000000e+00
     vertex -1.403989e+01 -1.693758e+01  9.500000e+00
     vertex -1.473781e+01 -1.633392e+01  9.500000e+00
   endloop
 endfacet
 facet normal -4.439083e-01 -5.470679e-01 -7.096916e-01
   outer loop
     vertex -1.318830e+01 -1.697995e+01  9.000000e+00
     vertex -1.403989e+01 -1.693758e+01  9.500000e+00
     vertex -1.389954e+01 -1.640283e+01  9.000000e+00
   endloop
 endfacet
 facet normal -4.413236e-01 -5.557291e-01 -7.045556e-01
   outer loop
     vertex -1.318830e+01 -1.697995e+01  9.000000e+00
     vertex -1.331726e+01 -1.751144e+01  9.500000e+00
     vertex -1.403989e+01 -1.693758e+01  9.500000e+00
   endloop
 endfacet
 facet normal -4.202704e-01 -5.655665e-01 -7.095825e-01
   outer loop
     vertex -1.245313e+01 -1.752625e+01  9.000000e+00
     vertex -1.331726e+01 -1.751144e+01  9.500000e+00
     vertex -1.318830e+01 -1.697995e+01  9.000000e+00
   endloop
 endfacet
 facet normal -4.175654e-01 -5.736570e-01 -7.046678e-01
   outer loop
     vertex -1.245313e+01 -1.752625e+01  9.000000e+00
     vertex -1.257121e+01 -1.805449e+01  9.500000e+00
     vertex -1.331726e+01 -1.751144e+01  9.500000e+00
   endloop
 endfacet
 facet normal -3.958662e-01 -5.830497e-01 -7.094667e-01
   outer loop
     vertex -1.169536e+01 -1.804075e+01  9.000000e+00
     vertex -1.257121e+01 -1.805449e+01  9.500000e+00
     vertex -1.245313e+01 -1.752625e+01  9.000000e+00
   endloop
 endfacet
 facet normal -3.930765e-01 -5.905647e-01 -7.047866e-01
   outer loop
     vertex -1.169536e+01 -1.804075e+01  9.000000e+00
     vertex -1.180304e+01 -1.856578e+01  9.500000e+00
     vertex -1.257121e+01 -1.805449e+01  9.500000e+00
   endloop
 endfacet
 facet normal -3.707387e-01 -5.994861e-01 -7.093442e-01
   outer loop
     vertex -1.091636e+01 -1.852250e+01  9.000000e+00
     vertex -1.180304e+01 -1.856578e+01  9.500000e+00
     vertex -1.169536e+01 -1.804075e+01  9.000000e+00
   endloop
 endfacet
 facet normal -3.679009e-01 -6.064223e-01 -7.049120e-01
   outer loop
     vertex -1.091636e+01 -1.852250e+01  9.000000e+00
     vertex -1.101410e+01 -1.904441e+01  9.500000e+00
     vertex -1.180304e+01 -1.856578e+01  9.500000e+00
   endloop
 endfacet
 facet normal -3.449328e-01 -6.148459e-01 -7.092149e-01
   outer loop
     vertex -1.011755e+01 -1.897064e+01  9.000000e+00
     vertex -1.101410e+01 -1.904441e+01  9.500000e+00
     vertex -1.091636e+01 -1.852250e+01  9.000000e+00
   endloop
 endfacet
 facet normal -3.420838e-01 -6.212018e-01 -7.050440e-01
   outer loop
     vertex -1.011755e+01 -1.897064e+01  9.000000e+00
     vertex -1.020579e+01 -1.948953e+01  9.500000e+00
     vertex -1.101410e+01 -1.904441e+01  9.500000e+00
   endloop
 endfacet
 facet normal -3.184943e-01 -6.291013e-01 -7.090789e-01
   outer loop
     vertex -9.300379e+00 -1.938435e+01  9.000000e+00
     vertex -1.020579e+01 -1.948953e+01  9.500000e+00
     vertex -1.011755e+01 -1.897064e+01  9.000000e+00
   endloop
 endfacet
 facet normal -3.156716e-01 -6.348772e-01 -7.051825e-01
   outer loop
     vertex -9.300379e+00 -1.938435e+01  9.000000e+00
     vertex -9.379523e+00 -1.990037e+01  9.500000e+00
     vertex -1.020579e+01 -1.948953e+01  9.500000e+00
   endloop
 endfacet
 facet normal -2.914701e-01 -6.422263e-01 -7.089362e-01
   outer loop
     vertex -8.466328e+00 -1.976288e+01  9.000000e+00
     vertex -9.379523e+00 -1.990037e+01  9.500000e+00
     vertex -9.300379e+00 -1.938435e+01  9.000000e+00
   endloop
 endfacet
 facet normal -2.887116e-01 -6.474246e-01 -7.053275e-01
   outer loop
     vertex -8.466328e+00 -1.976288e+01  9.000000e+00
     vertex -8.536754e+00 -2.027619e+01  9.500000e+00
     vertex -9.379523e+00 -1.990037e+01  9.500000e+00
   endloop
 endfacet
 facet normal -2.639084e-01 -6.541971e-01 -7.087867e-01
   outer loop
     vertex -7.616912e+00 -2.010554e+01  9.000000e+00
     vertex -8.536754e+00 -2.027619e+01  9.500000e+00
     vertex -8.466328e+00 -1.976288e+01  9.000000e+00
   endloop
 endfacet
 facet normal -2.612524e-01 -6.588220e-01 -7.054791e-01
   outer loop
     vertex -7.616912e+00 -2.010554e+01  9.000000e+00
     vertex -7.678966e+00 -2.061634e+01  9.500000e+00
     vertex -8.536754e+00 -2.027619e+01  9.500000e+00
   endloop
 endfacet
 facet normal -2.358580e-01 -6.649917e-01 -7.086304e-01
   outer loop
     vertex -6.753672e+00 -2.041171e+01  9.000000e+00
     vertex -7.678966e+00 -2.061634e+01  9.500000e+00
     vertex -7.616912e+00 -2.010554e+01  9.000000e+00
   endloop
 endfacet
 facet normal -2.333432e-01 -6.690494e-01 -7.056372e-01
   outer loop
     vertex -6.753672e+00 -2.041171e+01  9.000000e+00
     vertex -6.807668e+00 -2.092022e+01  9.500000e+00
     vertex -7.678966e+00 -2.061634e+01  9.500000e+00
   endloop
 endfacet
 facet normal -2.073690e-01 -6.745903e-01 -7.084674e-01
   outer loop
     vertex -5.878175e+00 -2.068084e+01  9.000000e+00
     vertex -6.807668e+00 -2.092022e+01  9.500000e+00
     vertex -6.753672e+00 -2.041171e+01  9.000000e+00
   endloop
 endfacet
 facet normal -2.050340e-01 -6.780892e-01 -7.058018e-01
   outer loop
     vertex -5.878175e+00 -2.068084e+01  9.000000e+00
     vertex -5.924394e+00 -2.118730e+01  9.500000e+00
     vertex -6.807668e+00 -2.092022e+01  9.500000e+00
   endloop
 endfacet
 facet normal -1.784920e-01 -6.829753e-01 -7.082975e-01
   outer loop
     vertex -4.992009e+00 -2.091243e+01  9.000000e+00
     vertex -5.924394e+00 -2.118730e+01  9.500000e+00
     vertex -5.878175e+00 -2.068084e+01  9.000000e+00
   endloop
 endfacet
 facet normal -1.763756e-01 -6.859256e-01 -7.059728e-01
   outer loop
     vertex -4.992009e+00 -2.091243e+01  9.000000e+00
     vertex -5.030697e+00 -2.141710e+01  9.500000e+00
     vertex -5.924394e+00 -2.118730e+01  9.500000e+00
   endloop
 endfacet
 facet normal -1.492785e-01 -6.901310e-01 -7.081208e-01
   outer loop
     vertex -4.096784e+00 -2.110607e+01  9.000000e+00
     vertex -5.030697e+00 -2.141710e+01  9.500000e+00
     vertex -4.992009e+00 -2.091243e+01  9.000000e+00
   endloop
 endfacet
 facet normal -1.474195e-01 -6.925454e-01 -7.061504e-01
   outer loop
     vertex -4.096784e+00 -2.110607e+01  9.000000e+00
     vertex -4.128149e+00 -2.160922e+01  9.500000e+00
     vertex -5.030697e+00 -2.141710e+01  9.500000e+00
   endloop
 endfacet
 facet normal -1.197804e-01 -6.960441e-01 -7.079373e-01
   outer loop
     vertex -3.194124e+00 -2.126141e+01  9.000000e+00
     vertex -4.128149e+00 -2.160922e+01  9.500000e+00
     vertex -4.096784e+00 -2.110607e+01  9.000000e+00
   endloop
 endfacet
 facet normal -1.182173e-01 -6.979373e-01 -7.063344e-01
   outer loop
     vertex -3.194124e+00 -2.126141e+01  9.000000e+00
     vertex -3.218338e+00 -2.176332e+01  9.500000e+00
     vertex -4.128149e+00 -2.160922e+01  9.500000e+00
   endloop
 endfacet
 facet normal -9.005034e-02 -7.007033e-01 -7.077470e-01
   outer loop
     vertex -2.285667e+00 -2.137816e+01  9.000000e+00
     vertex -3.218338e+00 -2.176332e+01  9.500000e+00
     vertex -3.194124e+00 -2.126141e+01  9.000000e+00
   endloop
 endfacet
 facet normal -8.882162e-02 -7.020922e-01 -7.065248e-01
   outer loop
     vertex -2.285667e+00 -2.137816e+01  9.000000e+00
     vertex -2.302866e+00 -2.187914e+01  9.500000e+00
     vertex -3.218338e+00 -2.176332e+01  9.500000e+00
   endloop
 endfacet
 facet normal -5.928489e-02 -7.050034e-01 -7.067217e-01
   outer loop
     vertex -1.373062e+00 -2.145611e+01  9.000000e+00
     vertex -1.383342e+00 -2.195647e+01  9.500000e+00
     vertex -2.302866e+00 -2.187914e+01  9.500000e+00
   endloop
 endfacet
 facet normal -6.014132e-02 -7.040997e-01 -7.075497e-01
   outer loop
     vertex -1.373062e+00 -2.145611e+01  9.000000e+00
     vertex -2.302866e+00 -2.187914e+01  9.500000e+00
     vertex -2.285667e+00 -2.137816e+01  9.000000e+00
   endloop
 endfacet
 facet normal -2.966003e-02 -7.066664e-01 -7.069250e-01
   outer loop
     vertex -4.579642e-01 -2.149512e+01  9.000000e+00
     vertex -4.613846e-01 -2.199516e+01  9.500000e+00
     vertex -1.383342e+00 -2.195647e+01  9.500000e+00
   endloop
 endfacet
 facet normal -3.010667e-02 -7.062264e-01 -7.073456e-01
   outer loop
     vertex -4.579642e-01 -2.149512e+01  9.000000e+00
     vertex -1.383342e+00 -2.195647e+01  9.500000e+00
     vertex -1.373062e+00 -2.145611e+01  9.000000e+00
   endloop
 endfacet
 facet normal -0.000000e+00 -7.070789e-01 -7.071346e-01
   outer loop
     vertex  4.613846e-01 -2.199516e+01  9.500000e+00
     vertex -4.613846e-01 -2.199516e+01  9.500000e+00
     vertex -4.579642e-01 -2.149512e+01  9.000000e+00
   endloop
 endfacet
 facet normal -0.000000e+00 -7.070789e-01 -7.071346e-01
   outer loop
     vertex  4.579642e-01 -2.149512e+01  9.000000e+00
     vertex  4.613846e-01 -2.199516e+01  9.500000e+00
     vertex -4.579642e-01 -2.149512e+01  9.000000e+00
   endloop
 endfacet
 facet normal  2.966003e-02 -7.066664e-01 -7.069250e-01
   outer loop
     vertex  1.383342e+00 -2.195647e+01  9.500000e+00
     vertex  4.613846e-01 -2.199516e+01  9.500000e+00
     vertex  4.579642e-01 -2.149512e+01  9.000000e+00
   endloop
 endfacet
 facet normal  3.010667e-02 -7.062264e-01 -7.073456e-01
   outer loop
     vertex  1.373062e+00 -2.145611e+01  9.000000e+00
     vertex  1.383342e+00 -2.195647e+01  9.500000e+00
     vertex  4.579642e-01 -2.149512e+01  9.000000e+00
   endloop
 endfacet
 facet normal  5.928489e-02 -7.050034e-01 -7.067217e-01
   outer loop
     vertex  2.302866e+00 -2.187914e+01  9.500000e+00
     vertex  1.383342e+00 -2.195647e+01  9.500000e+00
     vertex  1.373062e+00 -2.145611e+01  9.000000e+00
   endloop
 endfacet
 facet normal  6.014132e-02 -7.040997e-01 -7.075497e-01
   outer loop
     vertex  2.285667e+00 -2.137816e+01  9.000000e+00
     vertex  2.302866e+00 -2.187914e+01  9.500000e+00
     vertex  1.373062e+00 -2.145611e+01  9.000000e+00
   endloop
 endfacet
 facet normal  8.882162e-02 -7.020922e-01 -7.065248e-01
   outer loop
     vertex  3.218338e+00 -2.176332e+01  9.500000e+00
     vertex  2.302866e+00 -2.187914e+01  9.500000e+00
     vertex  2.285667e+00 -2.137816e+01  9.000000e+00
   endloop
 endfacet
 facet normal  9.005034e-02 -7.007033e-01 -7.077470e-01
   outer loop
     vertex  3.194124e+00 -2.126141e+01  9.000000e+00
     vertex  3.218338e+00 -2.176332e+01  9.500000e+00
     vertex  2.285667e+00 -2.137816e+01  9.000000e+00
   endloop
 endfacet
 facet normal  1.182173e-01 -6.979373e-01 -7.063344e-01
   outer loop
     vertex  4.128149e+00 -2.160922e+01  9.500000e+00
     vertex  3.218338e+00 -2.176332e+01  9.500000e+00
     vertex  3.194124e+00 -2.126141e+01  9.000000e+00
   endloop
 endfacet
 facet normal  1.197804e-01 -6.960441e-01 -7.079373e-01
   outer loop
     vertex  4.096784e+00 -2.110607e+01  9.000000e+00
     vertex  4.128149e+00 -2.160922e+01  9.500000e+00
     vertex  3.194124e+00 -2.126141e+01  9.000000e+00
   endloop
 endfacet
 facet normal  1.474195e-01 -6.925454e-01 -7.061504e-01
   outer loop
     vertex  5.030697e+00 -2.141710e+01  9.500000e+00
     vertex  4.128149e+00 -2.160922e+01  9.500000e+00
     vertex  4.096784e+00 -2.110607e+01  9.000000e+00
   endloop
 endfacet
 facet normal  1.492785e-01 -6.901310e-01 -7.081208e-01
   outer loop
     vertex  4.992009e+00 -2.091243e+01  9.000000e+00
     vertex  5.030697e+00 -2.141710e+01  9.500000e+00
     vertex  4.096784e+00 -2.110607e+01  9.000000e+00
   endloop
 endfacet
 facet normal  1.763756e-01 -6.859256e-01 -7.059728e-01
   outer loop
     vertex  5.924394e+00 -2.118730e+01  9.500000e+00
     vertex  5.030697e+00 -2.141710e+01  9.500000e+00
     vertex  4.992009e+00 -2.091243e+01  9.000000e+00
   endloop
 endfacet
 facet normal  1.784920e-01 -6.829753e-01 -7.082975e-01
   outer loop
     vertex  5.878175e+00 -2.068084e+01  9.000000e+00
     vertex  5.924394e+00 -2.118730e+01  9.500000e+00
     vertex  4.992009e+00 -2.091243e+01  9.000000e+00
   endloop
 endfacet
 facet normal  2.050340e-01 -6.780892e-01 -7.058018e-01
   outer loop
     vertex  6.807668e+00 -2.092022e+01  9.500000e+00
     vertex  5.924394e+00 -2.118730e+01  9.500000e+00
     vertex  5.878175e+00 -2.068084e+01  9.000000e+00
   endloop
 endfacet
 facet normal  2.073690e-01 -6.745903e-01 -7.084674e-01
   outer loop
     vertex  6.753672e+00 -2.041171e+01  9.000000e+00
     vertex  6.807668e+00 -2.092022e+01  9.500000e+00
     vertex  5.878175e+00 -2.068084e+01  9.000000e+00
   endloop
 endfacet
 facet normal  2.333432e-01 -6.690494e-01 -7.056372e-01
   outer loop
     vertex  7.678966e+00 -2.061634e+01  9.500000e+00
     vertex  6.807668e+00 -2.092022e+01  9.500000e+00
     vertex  6.753672e+00 -2.041171e+01  9.000000e+00
   endloop
 endfacet
 facet normal  2.358580e-01 -6.649917e-01 -7.086304e-01
   outer loop
     vertex  7.616912e+00 -2.010554e+01  9.000000e+00
     vertex  7.678966e+00 -2.061634e+01  9.500000e+00
     vertex  6.753672e+00 -2.041171e+01  9.000000e+00
   endloop
 endfacet
 facet normal  2.612524e-01 -6.588220e-01 -7.054791e-01
   outer loop
     vertex  8.536754e+00 -2.027619e+01  9.500000e+00
     vertex  7.678966e+00 -2.061634e+01  9.500000e+00
     vertex  7.616912e+00 -2.010554e+01  9.000000e+00
   endloop
 endfacet
 facet normal  2.639084e-01 -6.541971e-01 -7.087867e-01
   outer loop
     vertex  8.466328e+00 -1.976288e+01  9.000000e+00
     vertex  8.536754e+00 -2.027619e+01  9.500000e+00
     vertex  7.616912e+00 -2.010554e+01  9.000000e+00
   endloop
 endfacet
 facet normal  2.887116e-01 -6.474246e-01 -7.053275e-01
   outer loop
     vertex  9.379523e+00 -1.990037e+01  9.500000e+00
     vertex  8.536754e+00 -2.027619e+01  9.500000e+00
     vertex  8.466328e+00 -1.976288e+01  9.000000e+00
   endloop
 endfacet
 facet normal  2.914701e-01 -6.422263e-01 -7.089362e-01
   outer loop
     vertex  9.300379e+00 -1.938435e+01  9.000000e+00
     vertex  9.379523e+00 -1.990037e+01  9.500000e+00
     vertex  8.466328e+00 -1.976288e+01  9.000000e+00
   endloop
 endfacet
 facet normal  3.156716e-01 -6.348772e-01 -7.051825e-01
   outer loop
     vertex  1.020579e+01 -1.948953e+01  9.500000e+00
     vertex  9.379523e+00 -1.990037e+01  9.500000e+00
     vertex  9.300379e+00 -1.938435e+01  9.000000e+00
   endloop
 endfacet
 facet normal  3.184943e-01 -6.291013e-01 -7.090789e-01
   outer loop
     vertex  1.011755e+01 -1.897064e+01  9.000000e+00
     vertex  1.020579e+01 -1.948953e+01  9.500000e+00
     vertex  9.300379e+00 -1.938435e+01  9.000000e+00
   endloop
 endfacet
 facet normal  3.420838e-01 -6.212018e-01 -7.050440e-01
   outer loop
     vertex  1.101410e+01 -1.904441e+01  9.500000e+00
     vertex  1.020579e+01 -1.948953e+01  9.500000e+00
     vertex  1.011755e+01 -1.897064e+01  9.000000e+00
   endloop
 endfacet
 facet normal  3.449328e-01 -6.148459e-01 -7.092149e-01
   outer loop
     vertex  1.091636e+01 -1.852250e+01  9.000000e+00
     vertex  1.101410e+01 -1.904441e+01  9.500000e+00
     vertex  1.011755e+01 -1.897064e+01  9.000000e+00
   endloop
 endfacet
 facet normal  3.679009e-01 -6.064223e-01 -7.049120e-01
   outer loop
     vertex  1.180304e+01 -1.856578e+01  9.500000e+00
     vertex  1.101410e+01 -1.904441e+01  9.500000e+00
     vertex  1.091636e+01 -1.852250e+01  9.000000e+00
   endloop
 endfacet
 facet normal  3.707387e-01 -5.994861e-01 -7.093442e-01
   outer loop
     vertex  1.169536e+01 -1.804075e+01  9.000000e+00
     vertex  1.180304e+01 -1.856578e+01  9.500000e+00
     vertex  1.091636e+01 -1.852250e+01  9.000000e+00
   endloop
 endfacet
 facet normal  3.930765e-01 -5.905647e-01 -7.047866e-01
   outer loop
     vertex  1.257121e+01 -1.805449e+01  9.500000e+00
     vertex  1.180304e+01 -1.856578e+01  9.500000e+00
     vertex  1.169536e+01 -1.804075e+01  9.000000e+00
   endloop
 endfacet
 facet normal  3.958662e-01 -5.830497e-01 -7.094667e-01
   outer loop
     vertex  1.245313e+01 -1.752625e+01  9.000000e+00
     vertex  1.257121e+01 -1.805449e+01  9.500000e+00
     vertex  1.169536e+01 -1.804075e+01  9.000000e+00
   endloop
 endfacet
 facet normal  4.175654e-01 -5.736570e-01 -7.046678e-01
   outer loop
     vertex  1.245313e+01 -1.752625e+01  9.000000e+00
     vertex  1.331726e+01 -1.751144e+01  9.500000e+00
     vertex  1.257121e+01 -1.805449e+01  9.500000e+00
   endloop
 endfacet
 facet normal  4.202704e-01 -5.655665e-01 -7.095825e-01
   outer loop
     vertex  1.318830e+01 -1.697995e+01  9.000000e+00
     vertex  1.331726e+01 -1.751144e+01  9.500000e+00
     vertex  1.245313e+01 -1.752625e+01  9.000000e+00
   endloop
 endfacet
 facet normal  4.413236e-01 -5.557291e-01 -7.045556e-01
   outer loop
     vertex  1.318830e+01 -1.697995e+01  9.000000e+00
     vertex  1.403989e+01 -1.693758e+01  9.500000e+00
     vertex  1.331726e+01 -1.751144e+01  9.500000e+00
   endloop
 endfacet
 facet normal  4.439083e-01 -5.470679e-01 -7.096916e-01
   outer loop
     vertex  1.389954e+01 -1.640283e+01  9.000000e+00
     vertex  1.403989e+01 -1.693758e+01  9.500000e+00
     vertex  1.318830e+01 -1.697995e+01  9.000000e+00
   endloop
 endfacet
 facet normal  4.643084e-01 -5.368128e-01 -7.044500e-01
   outer loop
     vertex  1.389954e+01 -1.640283e+01  9.000000e+00
     vertex  1.473781e+01 -1.633392e+01  9.500000e+00
     vertex  1.403989e+01 -1.693758e+01  9.500000e+00
   endloop
 endfacet
 facet normal  4.667376e-01 -5.275874e-01 -7.097940e-01
   outer loop
     vertex  1.458555e+01 -1.579594e+01  9.000000e+00
     vertex  1.473781e+01 -1.633392e+01  9.500000e+00
     vertex  1.389954e+01 -1.640283e+01  9.000000e+00
   endloop
 endfacet
 facet normal  4.864785e-01 -5.169414e-01 -7.043509e-01
   outer loop
     vertex  1.458555e+01 -1.579594e+01  9.000000e+00
     vertex  1.540981e+01 -1.570152e+01  9.500000e+00
     vertex  1.473781e+01 -1.633392e+01  9.500000e+00
   endloop
 endfacet
 facet normal  4.887180e-01 -5.071601e-01 -7.098897e-01
   outer loop
     vertex  1.524509e+01 -1.516038e+01  9.000000e+00
     vertex  1.540981e+01 -1.570152e+01  9.500000e+00
     vertex  1.458555e+01 -1.579594e+01  9.000000e+00
   endloop
 endfacet
 facet normal  5.077940e-01 -4.961504e-01 -7.042585e-01
   outer loop
     vertex  1.524509e+01 -1.516038e+01  9.000000e+00
     vertex  1.605469e+01 -1.504150e+01  9.500000e+00
     vertex  1.540981e+01 -1.570152e+01  9.500000e+00
   endloop
 endfacet
 facet normal  5.322227e-01 -4.780750e-01 -6.987011e-01
   outer loop
     vertex  1.667133e+01 -1.435502e+01  9.500000e+00
     vertex  1.605469e+01 -1.504150e+01  9.500000e+00
     vertex  1.639525e+01 -1.442979e+01  9.340854e+00
   endloop
 endfacet
 facet normal  5.273765e-01 -4.765925e-01 -7.033730e-01
   outer loop
     vertex  1.613047e+01 -1.447578e+01  9.173492e+00
     vertex  1.639525e+01 -1.442979e+01  9.340854e+00
     vertex  1.605469e+01 -1.504150e+01  9.500000e+00
   endloop
 endfacet
 facet normal  5.098103e-01 -4.858227e-01 -7.099787e-01
   outer loop
     vertex  1.587696e+01 -1.449731e+01  9.000000e+00
     vertex  1.605469e+01 -1.504150e+01  9.500000e+00
     vertex  1.524509e+01 -1.516038e+01  9.000000e+00
   endloop
 endfacet
 facet normal  5.235085e-01 -4.774171e-01 -7.056995e-01
   outer loop
     vertex  1.587696e+01 -1.449731e+01  9.000000e+00
     vertex  1.613047e+01 -1.447578e+01  9.173492e+00
     vertex  1.605469e+01 -1.504150e+01  9.500000e+00
   endloop
 endfacet
 facet normal  0.000000e+00  0.000000e+00 -1.000000e+00
   outer loop
     vertex -1.633983e+01 -1.444144e+01  1.100000e+01
     vertex -1.667133e+01 -1.435502e+01  1.100000e+01
     vertex -1.723341e+01 -1.367515e+01  1.100000e+01
   endloop
 endfacet
 facet normal  0.000000e+00 -0.000000e+00 -1.000000e+00
   outer loop
     vertex -1.873136e+01 -1.116609e+01  1.100000e+01
     vertex -1.827357e+01 -1.225058e+01  1.100000e+01
     vertex -1.874999e+01 -1.150817e+01  1.100000e+01
   endloop
 endfacet
 facet normal  0.000000e+00  0.000000e+00 -1.000000e+00
   outer loop
     vertex -1.645711e+01 -1.220711e+01  1.100000e+01
     vertex -1.723341e+01 -1.367515e+01  1.100000e+01
     vertex -1.776777e+01 -1.297329e+01  1.100000e+01
   endloop
 endfacet
 facet normal  0.000000e+00 -0.000000e+00 -1.000000e+00
   outer loop
     vertex -1.658147e+01 -1.205557e+01  1.100000e+01
     vertex -1.645711e+01 -1.220711e+01  1.100000e+01
     vertex -1.776777e+01 -1.297329e+01  1.100000e+01
   endloop
 endfacet
 facet normal -0.000000e+00  0.000000e+00 -1.000000e+00
   outer loop
     vertex -1.630557e+01 -1.233147e+01  1.100000e+01
     vertex -1.723341e+01 -1.367515e+01  1.100000e+01
     vertex -1.645711e+01 -1.220711e+01  1.100000e+01
   endloop
 endfacet
 facet normal  0.000000e+00  0.000000e+00 -1.000000e+00
   outer loop
     vertex -1.667388e+01 -1.188268e+01  1.100000e+01
     vertex -1.776777e+01 -1.297329e+01  1.100000e+01
     vertex -1.827357e+01 -1.225058e+01  1.100000e+01
   endloop
 endfacet
 facet normal  0.000000e+00 -0.000000e+00 -1.000000e+00
   outer loop
     vertex -1.667388e+01 -1.188268e+01  1.100000e+01
     vertex -1.658147e+01 -1.205557e+01  1.100000e+01
     vertex -1.776777e+01 -1.297329e+01  1.100000e+01
   endloop
 endfacet
 facet normal -0.000000e+00  0.000000e+00 -1.000000e+00
   outer loop
     vertex -1.613268e+01 -1.242388e+01  1.100000e+01
     vertex -1.723341e+01 -1.367515e+01  1.100000e+01
     vertex -1.630557e+01 -1.233147e+01  1.100000e+01
   endloop
 endfacet
 facet normal  0.000000e+00 -0.000000e+00 -1.000000e+00
   outer loop
     vertex -1.673079e+01 -1.169509e+01  1.100000e+01
     vertex -1.667388e+01 -1.188268e+01  1.100000e+01
     vertex -1.827357e+01 -1.225058e+01  1.100000e+01
   endloop
 endfacet
 facet normal  0.000000e+00  0.000000e+00 -1.000000e+00
   outer loop
     vertex -1.594509e+01 -1.248079e+01  1.100000e+01
     vertex -1.600064e+01 -1.448951e+01  1.100000e+01
     vertex -1.633983e+01 -1.444144e+01  1.100000e+01
   endloop
 endfacet
 facet normal -0.000000e+00  0.000000e+00 -1.000000e+00
   outer loop
     vertex -1.594509e+01 -1.248079e+01  1.100000e+01
     vertex -1.723341e+01 -1.367515e+01  1.100000e+01
     vertex -1.613268e+01 -1.242388e+01  1.100000e+01
   endloop
 endfacet
 facet normal  0.000000e+00  0.000000e+00 -1.000000e+00
   outer loop
     vertex -1.594509e+01 -1.248079e+01  1.100000e+01
     vertex -1.633983e+01 -1.444144e+01  1.100000e+01
     vertex -1.723341e+01 -1.367515e+01  1.100000e+01
   endloop
 endfacet
 facet normal  0.000000e+00 -0.000000e+00 -1.000000e+00
   outer loop
     vertex -1.675000e+01 -1.150000e+01  1.100000e+01
     vertex -1.673079e+01 -1.169509e+01  1.100000e+01
     vertex -1.827357e+01 -1.225058e+01  1.100000e+01
   endloop
 endfacet
 facet normal -0.000000e+00  0.000000e+00 -1.000000e+00
   outer loop
     vertex -1.675000e+01 -1.150000e+01  1.100000e+01
     vertex -1.827357e+01 -1.225058e+01  1.100000e+01
     vertex -1.873136e+01 -1.116609e+01  1.100000e+01
   endloop
 endfacet
 facet normal -0.000000e+00  0.000000e+00 -1.000000e+00
   outer loop
     vertex -1.575000e+01 -1.250000e+01  1.100000e+01
     vertex -1.600064e+01 -1.448951e+01  1.100000e+01
     vertex -1.594509e+01 -1.248079e+01  1.100000e+01
   endloop
 endfacet
 facet normal  0.000000e+00 -0.000000e+00 -1.000000e+00
   outer loop
     vertex -1.575000e+01 -1.250000e+01  1.100000e+01
     vertex -1.565818e+01 -1.449859e+01  1.100000e+01
     vertex -1.600064e+01 -1.448951e+01  1.100000e+01
   endloop
 endfacet
 facet normal  0.000000e+00  0.000000e+00 -1.000000e+00
   outer loop
     vertex -1.575000e+01 -1.250000e+01  1.100000e+01
     vertex -1.531691e+01 -1.446857e+01  1.100000e+01
     vertex -1.565818e+01 -1.449859e+01  1.100000e+01
   endloop
 endfacet
 facet normal -0.000000e+00  0.000000e+00 -1.000000e+00
   outer loop
     vertex -1.673079e+01 -1.130491e+01  1.100000e+01
     vertex -1.675000e+01 -1.150000e+01  1.100000e+01
     vertex -1.873136e+01 -1.116609e+01  1.100000e+01
   endloop
 endfacet
 facet normal  0.000000e+00  0.000000e+00 -1.000000e+00
   outer loop
     vertex -1.673079e+01 -1.130491e+01  1.100000e+01
     vertex -1.867385e+01 -1.082837e+01  1.100000e+01
     vertex -1.857822e+01 -1.049941e+01  1.100000e+01
   endloop
 endfacet
 facet normal  0.000000e+00  0.000000e+00 -1.000000e+00
   outer loop
     vertex -1.673079e+01 -1.130491e+01  1.100000e+01
     vertex -1.873136e+01 -1.116609e+01  1.100000e+01
     vertex -1.867385e+01 -1.082837e+01  1.100000e+01
   endloop
 endfacet
 facet normal  0.000000e+00  0.000000e+00 -1.000000e+00
   outer loop
     vertex -1.555491e+01 -1.248079e+01  1.100000e+01
     vertex -1.498130e+01 -1.439984e+01  1.100000e+01
     vertex -1.531691e+01 -1.446857e+01  1.100000e+01
   endloop
 endfacet
 facet normal  0.000000e+00 -0.000000e+00 -1.000000e+00
   outer loop
     vertex -1.555491e+01 -1.248079e+01  1.100000e+01
     vertex -1.531691e+01 -1.446857e+01  1.100000e+01
     vertex -1.575000e+01 -1.250000e+01  1.100000e+01
   endloop
 endfacet
 facet normal -0.000000e+00  0.000000e+00 -1.000000e+00
   outer loop
     vertex -1.667388e+01 -1.111732e+01  1.100000e+01
     vertex -1.673079e+01 -1.130491e+01  1.100000e+01
     vertex -1.857822e+01 -1.049941e+01  1.100000e+01
   endloop
 endfacet
 facet normal  0.000000e+00  0.000000e+00 -1.000000e+00
   outer loop
     vertex -1.667388e+01 -1.111732e+01  1.100000e+01
     vertex -1.857822e+01 -1.049941e+01  1.100000e+01
     vertex -1.844570e+01 -1.018349e+01  1.100000e+01
   endloop
 endfacet
 facet normal  0.000000e+00  0.000000e+00 -1.000000e+00
   outer loop
     vertex -1.536732e+01 -1.242388e+01  1.100000e+01
     vertex -1.465571e+01 -1.429330e+01  1.100000e+01
     vertex -1.498130e+01 -1.439984e+01  1.100000e+01
   endloop
 endfacet
 facet normal  0.000000e+00  0.000000e+00 -1.000000e+00
   outer loop
     vertex -1.536732e+01 -1.242388e+01  1.100000e+01
     vertex -1.434438e+01 -1.415033e+01  1.100000e+01
     vertex -1.465571e+01 -1.429330e+01  1.100000e+01
   endloop
 endfacet
 facet normal  0.000000e+00 -0.000000e+00 -1.000000e+00
   outer loop
     vertex -1.536732e+01 -1.242388e+01  1.100000e+01
     vertex -1.498130e+01 -1.439984e+01  1.100000e+01
     vertex -1.555491e+01 -1.248079e+01  1.100000e+01
   endloop
 endfacet
 facet normal  0.000000e+00  0.000000e+00 -1.000000e+00
   outer loop
     vertex -1.658147e+01 -1.094443e+01  1.100000e+01
     vertex -1.827803e+01 -9.884748e+00  1.100000e+01
     vertex -1.807740e+01 -9.607064e+00  1.100000e+01
   endloop
 endfacet
 facet normal  0.000000e+00  0.000000e+00 -1.000000e+00
   outer loop
     vertex -1.658147e+01 -1.094443e+01  1.100000e+01
     vertex -1.844570e+01 -1.018349e+01  1.100000e+01
     vertex -1.827803e+01 -9.884748e+00  1.100000e+01
   endloop
 endfacet
 facet normal -0.000000e+00  0.000000e+00 -1.000000e+00
   outer loop
     vertex -1.658147e+01 -1.094443e+01  1.100000e+01
     vertex -1.667388e+01 -1.111732e+01  1.100000e+01
     vertex -1.844570e+01 -1.018349e+01  1.100000e+01
   endloop
 endfacet
 facet normal  0.000000e+00  0.000000e+00 -1.000000e+00
   outer loop
     vertex -1.519443e+01 -1.233147e+01  1.100000e+01
     vertex -1.405139e+01 -1.397280e+01  1.100000e+01
     vertex -1.434438e+01 -1.415033e+01  1.100000e+01
   endloop
 endfacet
 facet normal  0.000000e+00  0.000000e+00 -1.000000e+00
   outer loop
     vertex -1.519443e+01 -1.233147e+01  1.100000e+01
     vertex -1.378055e+01 -1.376302e+01  1.100000e+01
     vertex -1.405139e+01 -1.397280e+01  1.100000e+01
   endloop
 endfacet
 facet normal  0.000000e+00 -0.000000e+00 -1.000000e+00
   outer loop
     vertex -1.519443e+01 -1.233147e+01  1.100000e+01
     vertex -1.434438e+01 -1.415033e+01  1.100000e+01
     vertex -1.536732e+01 -1.242388e+01  1.100000e+01
   endloop
 endfacet
 facet normal -0.000000e+00  0.000000e+00 -1.000000e+00
   outer loop
     vertex -1.645711e+01 -1.079289e+01  1.100000e+01
     vertex -1.658147e+01 -1.094443e+01  1.100000e+01
     vertex -1.807740e+01 -9.607064e+00  1.100000e+01
   endloop
 endfacet
 facet normal  0.000000e+00 -0.000000e+00 -1.000000e+00
   outer loop
     vertex -1.504289e+01 -1.220711e+01  1.100000e+01
     vertex -1.378055e+01 -1.376302e+01  1.100000e+01
     vertex -1.519443e+01 -1.233147e+01  1.100000e+01
   endloop
 endfacet
 facet normal  0.000000e+00 -0.000000e+00 -1.000000e+00
   outer loop
     vertex -1.784642e+01 -9.354065e+00  1.100000e+01
     vertex -1.645711e+01 -1.079289e+01  1.100000e+01
     vertex -1.807740e+01 -9.607064e+00  1.100000e+01
   endloop
 endfacet
 facet normal -0.000000e+00  0.000000e+00 -1.000000e+00
   outer loop
     vertex -1.353539e+01 -1.352373e+01  1.100000e+01
     vertex -1.378055e+01 -1.376302e+01  1.100000e+01
     vertex -1.504289e+01 -1.220711e+01  1.100000e+01
   endloop
 endfacet
 facet normal  0.000000e+00 -0.000000e+00 -1.000000e+00
   outer loop
     vertex -1.491853e+01 -1.205557e+01  1.100000e+01
     vertex -1.353539e+01 -1.352373e+01  1.100000e+01
     vertex -1.504289e+01 -1.220711e+01  1.100000e+01
   endloop
 endfacet
 facet normal  0.000000e+00  0.000000e+00 -1.000000e+00
   outer loop
     vertex -1.758809e+01 -9.129049e+00  1.100000e+01
     vertex -1.630557e+01 -1.066853e+01  1.100000e+01
     vertex -1.645711e+01 -1.079289e+01  1.100000e+01
   endloop
 endfacet
 facet normal  0.000000e+00 -0.000000e+00 -1.000000e+00
   outer loop
     vertex -1.758809e+01 -9.129049e+00  1.100000e+01
     vertex -1.645711e+01 -1.079289e+01  1.100000e+01
     vertex -1.784642e+01 -9.354065e+00  1.100000e+01
   endloop
 endfacet
 facet normal -0.000000e+00  0.000000e+00 -1.000000e+00
   outer loop
     vertex -1.331911e+01 -1.325805e+01  1.100000e+01
     vertex -1.353539e+01 -1.352373e+01  1.100000e+01
     vertex -1.491853e+01 -1.205557e+01  1.100000e+01
   endloop
 endfacet
 facet normal  0.000000e+00  0.000000e+00 -1.000000e+00
   outer loop
     vertex -1.730580e+01 -8.934951e+00  1.100000e+01
     vertex -1.613268e+01 -1.057612e+01  1.100000e+01
     vertex -1.630557e+01 -1.066853e+01  1.100000e+01
   endloop
 endfacet
 facet normal  0.000000e+00 -0.000000e+00 -1.000000e+00
   outer loop
     vertex -1.730580e+01 -8.934951e+00  1.100000e+01
     vertex -1.630557e+01 -1.066853e+01  1.100000e+01
     vertex -1.758809e+01 -9.129049e+00  1.100000e+01
   endloop
 endfacet
 facet normal -0.000000e+00  0.000000e+00 -1.000000e+00
   outer loop
     vertex -1.313452e+01 -1.296945e+01  1.100000e+01
     vertex -1.331911e+01 -1.325805e+01  1.100000e+01
     vertex -1.491853e+01 -1.205557e+01  1.100000e+01
   endloop
 endfacet
 facet normal  0.000000e+00  0.000000e+00 -1.000000e+00
   outer loop
     vertex -1.313452e+01 -1.296945e+01  1.100000e+01
     vertex -1.491853e+01 -1.205557e+01  1.100000e+01
     vertex -1.482612e+01 -1.188268e+01  1.100000e+01
   endloop
 endfacet
 facet normal  0.000000e+00 -0.000000e+00 -1.000000e+00
   outer loop
     vertex -1.700322e+01 -8.774302e+00  1.100000e+01
     vertex -1.613268e+01 -1.057612e+01  1.100000e+01
     vertex -1.730580e+01 -8.934951e+00  1.100000e+01
   endloop
 endfacet
 facet normal -0.000000e+00  0.000000e+00 -1.000000e+00
   outer loop
     vertex -1.298405e+01 -1.266168e+01  1.100000e+01
     vertex -1.313452e+01 -1.296945e+01  1.100000e+01
     vertex -1.482612e+01 -1.188268e+01  1.100000e+01
   endloop
 endfacet
 facet normal  0.000000e+00  0.000000e+00 -1.000000e+00
   outer loop
     vertex -1.668430e+01 -8.649197e+00  1.100000e+01
     vertex -1.594509e+01 -1.051921e+01  1.100000e+01
     vertex -1.613268e+01 -1.057612e+01  1.100000e+01
   endloop
 endfacet
 facet normal  0.000000e+00 -0.000000e+00 -1.000000e+00
   outer loop
     vertex -1.668430e+01 -8.649197e+00  1.100000e+01
     vertex -1.613268e+01 -1.057612e+01  1.100000e+01
     vertex -1.700322e+01 -8.774302e+00  1.100000e+01
   endloop
 endfacet
 facet normal -0.000000e+00  0.000000e+00 -1.000000e+00
   outer loop
     vertex -1.286964e+01 -1.233877e+01  1.100000e+01
     vertex -1.298405e+01 -1.266168e+01  1.100000e+01
     vertex -1.482612e+01 -1.188268e+01  1.100000e+01
   endloop
 endfacet
 facet normal  0.000000e+00  0.000000e+00 -1.000000e+00
   outer loop
     vertex -1.286964e+01 -1.233877e+01  1.100000e+01
     vertex -1.482612e+01 -1.188268e+01  1.100000e+01
     vertex -1.476921e+01 -1.169509e+01  1.100000e+01
   endloop
 endfacet
 facet normal  0.000000e+00 -0.000000e+00 -1.000000e+00
   outer loop
     vertex -1.635320e+01 -8.561267e+00  1.100000e+01
     vertex -1.594509e+01 -1.051921e+01  1.100000e+01
     vertex -1.668430e+01 -8.649197e+00  1.100000e+01
   endloop
 endfacet
 facet normal -0.000000e+00  0.000000e+00 -1.000000e+00
   outer loop
     vertex -1.279280e+01 -1.200492e+01  1.100000e+01
     vertex -1.286964e+01 -1.233877e+01  1.100000e+01
     vertex -1.476921e+01 -1.169509e+01  1.100000e+01
   endloop
 endfacet
 facet normal  0.000000e+00  0.000000e+00 -1.000000e+00
   outer loop
     vertex -1.601423e+01 -8.511659e+00  1.100000e+01
     vertex -1.575000e+01 -1.050000e+01  1.100000e+01
     vertex -1.594509e+01 -1.051921e+01  1.100000e+01
   endloop
 endfacet
 facet normal  0.000000e+00 -0.000000e+00 -1.000000e+00
   outer loop
     vertex -1.601423e+01 -8.511659e+00  1.100000e+01
     vertex -1.594509e+01 -1.051921e+01  1.100000e+01
     vertex -1.635320e+01 -8.561267e+00  1.100000e+01
   endloop
 endfacet
 facet normal  0.000000e+00  0.000000e+00 -1.000000e+00
   outer loop
     vertex -1.275451e+01 -1.166448e+01  1.100000e+01
     vertex -1.279280e+01 -1.200492e+01  1.100000e+01
     vertex -1.476921e+01 -1.169509e+01  1.100000e+01
   endloop
 endfacet
 facet normal -0.000000e+00  0.000000e+00 -1.000000e+00
   outer loop
     vertex -1.275451e+01 -1.166448e+01  1.100000e+01
     vertex -1.476921e+01 -1.169509e+01  1.100000e+01
     vertex -1.475000e+01 -1.150000e+01  1.100000e+01
   endloop
 endfacet
 facet normal  0.000000e+00  0.000000e+00 -1.000000e+00
   outer loop
     vertex -1.567181e+01 -8.501019e+00  1.100000e+01
     vertex -1.575000e+01 -1.050000e+01  1.100000e+01
     vertex -1.601423e+01 -8.511659e+00  1.100000e+01
   endloop
 endfacet
 facet normal -0.000000e+00  0.000000e+00 -1.000000e+00
   outer loop
     vertex -1.275529e+01 -1.132190e+01  1.100000e+01
     vertex -1.475000e+01 -1.150000e+01  1.100000e+01
     vertex -1.476921e+01 -1.130491e+01  1.100000e+01
   endloop
 endfacet
 facet normal  0.000000e+00 -0.000000e+00 -1.000000e+00
   outer loop
     vertex -1.275529e+01 -1.132190e+01  1.100000e+01
     vertex -1.275451e+01 -1.166448e+01  1.100000e+01
     vertex -1.475000e+01 -1.150000e+01  1.100000e+01
   endloop
 endfacet
 facet normal -0.000000e+00  0.000000e+00 -1.000000e+00
   outer loop
     vertex -1.533041e+01 -8.529487e+00  1.100000e+01
     vertex -1.575000e+01 -1.050000e+01  1.100000e+01
     vertex -1.567181e+01 -8.501019e+00  1.100000e+01
   endloop
 endfacet
 facet normal  0.000000e+00  0.000000e+00 -1.000000e+00
   outer loop
     vertex -1.533041e+01 -8.529487e+00  1.100000e+01
     vertex -1.555491e+01 -1.051921e+01  1.100000e+01
     vertex -1.575000e+01 -1.050000e+01  1.100000e+01
   endloop
 endfacet
 facet normal  0.000000e+00 -0.000000e+00 -1.000000e+00
   outer loop
     vertex -1.279512e+01 -1.098164e+01  1.100000e+01
     vertex -1.275529e+01 -1.132190e+01  1.100000e+01
     vertex -1.476921e+01 -1.130491e+01  1.100000e+01
   endloop
 endfacet
 facet normal -0.000000e+00  0.000000e+00 -1.000000e+00
   outer loop
     vertex -1.499449e+01 -8.596691e+00  1.100000e+01
     vertex -1.555491e+01 -1.051921e+01  1.100000e+01
     vertex -1.533041e+01 -8.529487e+00  1.100000e+01
   endloop
 endfacet
 facet normal  0.000000e+00  0.000000e+00 -1.000000e+00
   outer loop
     vertex -1.499449e+01 -8.596691e+00  1.100000e+01
     vertex -1.536732e+01 -1.057612e+01  1.100000e+01
     vertex -1.555491e+01 -1.051921e+01  1.100000e+01
   endloop
 endfacet
 facet normal  0.000000e+00 -0.000000e+00 -1.000000e+00
   outer loop
     vertex -1.287348e+01 -1.064814e+01  1.100000e+01
     vertex -1.279512e+01 -1.098164e+01  1.100000e+01
     vertex -1.476921e+01 -1.130491e+01  1.100000e+01
   endloop
 endfacet
 facet normal  0.000000e+00  0.000000e+00 -1.000000e+00
   outer loop
     vertex -1.287348e+01 -1.064814e+01  1.100000e+01
     vertex -1.476921e+01 -1.130491e+01  1.100000e+01
     vertex -1.482612e+01 -1.111732e+01  1.100000e+01
   endloop
 endfacet
 facet normal -0.000000e+00  0.000000e+00 -1.000000e+00
   outer loop
     vertex -1.466841e+01 -8.701756e+00  1.100000e+01
     vertex -1.536732e+01 -1.057612e+01  1.100000e+01
     vertex -1.499449e+01 -8.596691e+00  1.100000e+01
   endloop
 endfacet
 facet normal  0.000000e+00 -0.000000e+00 -1.000000e+00
   outer loop
     vertex -1.298936e+01 -1.032575e+01  1.100000e+01
     vertex -1.287348e+01 -1.064814e+01  1.100000e+01
     vertex -1.482612e+01 -1.111732e+01  1.100000e+01
   endloop
 endfacet
 facet normal -0.000000e+00  0.000000e+00 -1.000000e+00
   outer loop
     vertex -1.435644e+01 -8.843310e+00  1.100000e+01
     vertex -1.536732e+01 -1.057612e+01  1.100000e+01
     vertex -1.466841e+01 -8.701756e+00  1.100000e+01
   endloop
 endfacet
 facet normal  0.000000e+00  0.000000e+00 -1.000000e+00
   outer loop
     vertex -1.435644e+01 -8.843310e+00  1.100000e+01
     vertex -1.519443e+01 -1.066853e+01  1.100000e+01
     vertex -1.536732e+01 -1.057612e+01  1.100000e+01
   endloop
 endfacet
 facet normal  0.000000e+00 -0.000000e+00 -1.000000e+00
   outer loop
     vertex -1.314123e+01 -1.001868e+01  1.100000e+01
     vertex -1.298936e+01 -1.032575e+01  1.100000e+01
     vertex -1.482612e+01 -1.111732e+01  1.100000e+01
   endloop
 endfacet
 facet normal  0.000000e+00  0.000000e+00 -1.000000e+00
   outer loop
     vertex -1.314123e+01 -1.001868e+01  1.100000e+01
     vertex -1.482612e+01 -1.111732e+01  1.100000e+01
     vertex -1.491853e+01 -1.094443e+01  1.100000e+01
   endloop
 endfacet
 facet normal -0.000000e+00  0.000000e+00 -1.000000e+00
   outer loop
     vertex -1.406265e+01 -9.019508e+00  1.100000e+01
     vertex -1.519443e+01 -1.066853e+01  1.100000e+01
     vertex -1.435644e+01 -8.843310e+00  1.100000e+01
   endloop
 endfacet
 facet normal  0.000000e+00 -0.000000e+00 -1.000000e+00
   outer loop
     vertex -1.332712e+01 -9.730915e+00  1.100000e+01
     vertex -1.314123e+01 -1.001868e+01  1.100000e+01
     vertex -1.491853e+01 -1.094443e+01  1.100000e+01
   endloop
 endfacet
 facet normal  0.000000e+00  0.000000e+00 -1.000000e+00
   outer loop
     vertex -1.332712e+01 -9.730915e+00  1.100000e+01
     vertex -1.491853e+01 -1.094443e+01  1.100000e+01
     vertex -1.504289e+01 -1.079289e+01  1.100000e+01
   endloop
 endfacet
 facet normal -0.000000e+00  0.000000e+00 -1.000000e+00
   outer loop
     vertex -1.379085e+01 -9.228052e+00  1.100000e+01
     vertex -1.519443e+01 -1.066853e+01  1.100000e+01
     vertex -1.406265e+01 -9.019508e+00  1.100000e+01
   endloop
 endfacet
 facet normal  0.000000e+00  0.000000e+00 -1.000000e+00
   outer loop
     vertex -1.379085e+01 -9.228052e+00  1.100000e+01
     vertex -1.504289e+01 -1.079289e+01  1.100000e+01
     vertex -1.519443e+01 -1.066853e+01  1.100000e+01
   endloop
 endfacet
 facet normal  0.000000e+00 -0.000000e+00 -1.000000e+00
   outer loop
     vertex -1.354461e+01 -9.466223e+00  1.100000e+01
     vertex -1.332712e+01 -9.730915e+00  1.100000e+01
     vertex -1.504289e+01 -1.079289e+01  1.100000e+01
   endloop
 endfacet
 facet normal -0.000000e+00  0.000000e+00 -1.000000e+00
   outer loop
     vertex -1.354461e+01 -9.466223e+00  1.100000e+01
     vertex -1.504289e+01 -1.079289e+01  1.100000e+01
     vertex -1.379085e+01 -9.228052e+00  1.100000e+01
   endloop
 endfacet
 facet normal -9.951847e-01 -9.801714e-02  0.000000e+00
   outer loop
     vertex -1.476921e+01  1.169509e+01  1.200000e+01
     vertex -1.475000e+01  1.150000e+01  1.100000e+01
     vertex -1.475000e+01  1.150000e+01  1.200000e+01
   endloop
 endfacet
 facet normal -9.951847e-01 -9.801714e-02 -0.000000e+00
   outer loop
     vertex -1.476921e+01  1.169509e+01  1.200000e+01
     vertex -1.476921e+01  1.169509e+01  1.100000e+01
     vertex -1.475000e+01  1.150000e+01  1.100000e+01
   endloop
 endfacet
 facet normal -9.569403e-01 -2.902847e-01 -0.000000e+00
   outer loop
     vertex -1.482612e+01  1.188268e+01  1.200000e+01
     vertex -1.482612e+01  1.188268e+01  1.100000e+01
     vertex -1.476921e+01  1.169509e+01  1.100000e+01
   endloop
 endfacet
 facet normal -9.569403e-01 -2.902847e-01  0.000000e+00
   outer loop
     vertex -1.482612e+01  1.188268e+01  1.200000e+01
     vertex -1.476921e+01  1.169509e+01  1.100000e+01
     vertex -1.476921e+01  1.169509e+01  1.200000e+01
   endloop
 endfacet
 facet normal -8.819213e-01 -4.713967e-01 -0.000000e+00
   outer loop
     vertex -1.491853e+01  1.205557e+01  1.200000e+01
     vertex -1.491853e+01  1.205557e+01  1.100000e+01
     vertex -1.482612e+01  1.188268e+01  1.100000e+01
   endloop
 endfacet
 facet normal -8.819213e-01 -4.713967e-01  0.000000e+00
   outer loop
     vertex -1.491853e+01  1.205557e+01  1.200000e+01
     vertex -1.482612e+01  1.188268e+01  1.100000e+01
     vertex -1.482612e+01  1.188268e+01  1.200000e+01
   endloop
 endfacet
 facet normal -7.730105e-01 -6.343933e-01 -0.000000e+00
   outer loop
     vertex -1.504289e+01  1.220711e+01  1.200000e+01
     vertex -1.504289e+01  1.220711e+01  1.100000e+01
     vertex -1.491853e+01  1.205557e+01  1.100000e+01
   endloop
 endfacet
 facet normal -7.730105e-01 -6.343933e-01  0.000000e+00
   outer loop
     vertex -1.504289e+01  1.220711e+01  1.200000e+01
     vertex -1.491853e+01  1.205557e+01  1.100000e+01
     vertex -1.491853e+01  1.205557e+01  1.200000e+01
   endloop
 endfacet
 facet normal -6.343933e-01 -7.730105e-01 -0.000000e+00
   outer loop
     vertex -1.519443e+01  1.233147e+01  1.200000e+01
     vertex -1.519443e+01  1.233147e+01  1.100000e+01
     vertex -1.504289e+01  1.220711e+01  1.100000e+01
   endloop
 endfacet
 facet normal -6.343933e-01 -7.730105e-01  0.000000e+00
   outer loop
     vertex -1.519443e+01  1.233147e+01  1.200000e+01
     vertex -1.504289e+01  1.220711e+01  1.100000e+01
     vertex -1.504289e+01  1.220711e+01  1.200000e+01
   endloop
 endfacet
 facet normal -4.713967e-01 -8.819213e-01 -0.000000e+00
   outer loop
     vertex -1.536732e+01  1.242388e+01  1.200000e+01
     vertex -1.536732e+01  1.242388e+01  1.100000e+01
     vertex -1.519443e+01  1.233147e+01  1.100000e+01
   endloop
 endfacet
 facet normal -4.713967e-01 -8.819213e-01  0.000000e+00
   outer loop
     vertex -1.536732e+01  1.242388e+01  1.200000e+01
     vertex -1.519443e+01  1.233147e+01  1.100000e+01
     vertex -1.519443e+01  1.233147e+01  1.200000e+01
   endloop
 endfacet
 facet normal -2.902847e-01 -9.569403e-01 -0.000000e+00
   outer loop
     vertex -1.555491e+01  1.248079e+01  1.200000e+01
     vertex -1.555491e+01  1.248079e+01  1.100000e+01
     vertex -1.536732e+01  1.242388e+01  1.100000e+01
   endloop
 endfacet
 facet normal -2.902847e-01 -9.569403e-01  0.000000e+00
   outer loop
     vertex -1.555491e+01  1.248079e+01  1.200000e+01
     vertex -1.536732e+01  1.242388e+01  1.100000e+01
     vertex -1.536732e+01  1.242388e+01  1.200000e+01
   endloop
 endfacet
 facet normal -9.801714e-02 -9.951847e-01  0.000000e+00
   outer loop
     vertex -1.575000e+01  1.250000e+01  1.200000e+01
     vertex -1.555491e+01  1.248079e+01  1.100000e+01
     vertex -1.555491e+01  1.248079e+01  1.200000e+01
   endloop
 endfacet
 facet normal -9.801714e-02 -9.951847e-01 -0.000000e+00
   outer loop
     vertex -1.575000e+01  1.250000e+01  1.200000e+01
     vertex -1.575000e+01  1.250000e+01  1.100000e+01
     vertex -1.555491e+01  1.248079e+01  1.100000e+01
   endloop
 endfacet
 facet normal  9.801714e-02 -9.951847e-01  0.000000e+00
   outer loop
     vertex -1.594509e+01  1.248079e+01  1.200000e+01
     vertex -1.575000e+01  1.250000e+01  1.100000e+01
     vertex -1.575000e+01  1.250000e+01  1.200000e+01
   endloop
 endfacet
 facet normal  9.801714e-02 -9.951847e-01  0.000000e+00
   outer loop
     vertex -1.594509e+01  1.248079e+01  1.200000e+01
     vertex -1.594509e+01  1.248079e+01  1.100000e+01
     vertex -1.575000e+01  1.250000e+01  1.100000e+01
   endloop
 endfacet
 facet normal  2.902847e-01 -9.569403e-01  0.000000e+00
   outer loop
     vertex -1.613268e+01  1.242388e+01  1.200000e+01
     vertex -1.594509e+01  1.248079e+01  1.100000e+01
     vertex -1.594509e+01  1.248079e+01  1.200000e+01
   endloop
 endfacet
 facet normal  2.902847e-01 -9.569403e-01  0.000000e+00
   outer loop
     vertex -1.613268e+01  1.242388e+01  1.200000e+01
     vertex -1.613268e+01  1.242388e+01  1.100000e+01
     vertex -1.594509e+01  1.248079e+01  1.100000e+01
   endloop
 endfacet
 facet normal  4.713967e-01 -8.819213e-01  0.000000e+00
   outer loop
     vertex -1.630557e+01  1.233147e+01  1.200000e+01
     vertex -1.613268e+01  1.242388e+01  1.100000e+01
     vertex -1.613268e+01  1.242388e+01  1.200000e+01
   endloop
 endfacet
 facet normal  4.713967e-01 -8.819213e-01  0.000000e+00
   outer loop
     vertex -1.630557e+01  1.233147e+01  1.200000e+01
     vertex -1.630557e+01  1.233147e+01  1.100000e+01
     vertex -1.613268e+01  1.242388e+01  1.100000e+01
   endloop
 endfacet
 facet normal  6.343933e-01 -7.730105e-01  0.000000e+00
   outer loop
     vertex -1.645711e+01  1.220711e+01  1.200000e+01
     vertex -1.630557e+01  1.233147e+01  1.100000e+01
     vertex -1.630557e+01  1.233147e+01  1.200000e+01
   endloop
 endfacet
 facet normal  6.343933e-01 -7.730105e-01  0.000000e+00
   outer loop
     vertex -1.645711e+01  1.220711e+01  1.200000e+01
     vertex -1.645711e+01  1.220711e+01  1.100000e+01
     vertex -1.630557e+01  1.233147e+01  1.100000e+01
   endloop
 endfacet
 facet normal  7.730105e-01 -6.343933e-01  0.000000e+00
   outer loop
     vertex -1.658147e+01  1.205557e+01  1.200000e+01
     vertex -1.645711e+01  1.220711e+01  1.100000e+01
     vertex -1.645711e+01  1.220711e+01  1.200000e+01
   endloop
 endfacet
 facet normal  7.730105e-01 -6.343933e-01  0.000000e+00
   outer loop
     vertex -1.658147e+01  1.205557e+01  1.200000e+01
     vertex -1.658147e+01  1.205557e+01  1.100000e+01
     vertex -1.645711e+01  1.220711e+01  1.100000e+01
   endloop
 endfacet
 facet normal  8.819213e-01 -4.713967e-01  0.000000e+00
   outer loop
     vertex -1.658147e+01  1.205557e+01  1.200000e+01
     vertex -1.667388e+01  1.188268e+01  1.100000e+01
     vertex -1.658147e+01  1.205557e+01  1.100000e+01
   endloop
 endfacet
 facet normal  8.819213e-01 -4.713967e-01  0.000000e+00
   outer loop
     vertex -1.667388e+01  1.188268e+01  1.200000e+01
     vertex -1.667388e+01  1.188268e+01  1.100000e+01
     vertex -1.658147e+01  1.205557e+01  1.200000e+01
   endloop
 endfacet
 facet normal  9.569403e-01 -2.902847e-01  0.000000e+00
   outer loop
     vertex -1.673079e+01  1.169509e+01  1.200000e+01
     vertex -1.667388e+01  1.188268e+01  1.100000e+01
     vertex -1.667388e+01  1.188268e+01  1.200000e+01
   endloop
 endfacet
 facet normal  9.569403e-01 -2.902847e-01  0.000000e+00
   outer loop
     vertex -1.673079e+01  1.169509e+01  1.200000e+01
     vertex -1.673079e+01  1.169509e+01  1.100000e+01
     vertex -1.667388e+01  1.188268e+01  1.100000e+01
   endloop
 endfacet
 facet normal  9.951847e-01 -9.801714e-02  0.000000e+00
   outer loop
     vertex -1.675000e+01  1.150000e+01  1.200000e+01
     vertex -1.673079e+01  1.169509e+01  1.100000e+01
     vertex -1.673079e+01  1.169509e+01  1.200000e+01
   endloop
 endfacet
 facet normal  9.951847e-01 -9.801714e-02  0.000000e+00
   outer loop
     vertex -1.675000e+01  1.150000e+01  1.200000e+01
     vertex -1.675000e+01  1.150000e+01  1.100000e+01
     vertex -1.673079e+01  1.169509e+01  1.100000e+01
   endloop
 endfacet
 facet normal  9.951847e-01  9.801714e-02  0.000000e+00
   outer loop
     vertex -1.673079e+01  1.130491e+01  1.200000e+01
     vertex -1.675000e+01  1.150000e+01  1.100000e+01
     vertex -1.675000e+01  1.150000e+01  1.200000e+01
   endloop
 endfacet
 facet normal  9.951847e-01  9.801714e-02  0.000000e+00
   outer loop
     vertex -1.673079e+01  1.130491e+01  1.200000e+01
     vertex -1.673079e+01  1.130491e+01  1.100000e+01
     vertex -1.675000e+01  1.150000e+01  1.100000e+01
   endloop
 endfacet
 facet normal  9.569403e-01  2.902847e-01  0.000000e+00
   outer loop
     vertex -1.673079e+01  1.130491e+01  1.200000e+01
     vertex -1.667388e+01  1.111732e+01  1.100000e+01
     vertex -1.673079e+01  1.130491e+01  1.100000e+01
   endloop
 endfacet
 facet normal  9.569403e-01  2.902847e-01  0.000000e+00
   outer loop
     vertex -1.667388e+01  1.111732e+01  1.200000e+01
     vertex -1.667388e+01  1.111732e+01  1.100000e+01
     vertex -1.673079e+01  1.130491e+01  1.200000e+01
   endloop
 endfacet
 facet normal  8.819213e-01  4.713967e-01  0.000000e+00
   outer loop
     vertex -1.658147e+01  1.094443e+01  1.200000e+01
     vertex -1.667388e+01  1.111732e+01  1.100000e+01
     vertex -1.667388e+01  1.111732e+01  1.200000e+01
   endloop
 endfacet
 facet normal  8.819213e-01  4.713967e-01  0.000000e+00
   outer loop
     vertex -1.658147e+01  1.094443e+01  1.200000e+01
     vertex -1.658147e+01  1.094443e+01  1.100000e+01
     vertex -1.667388e+01  1.111732e+01  1.100000e+01
   endloop
 endfacet
 facet normal  7.730105e-01  6.343933e-01  0.000000e+00
   outer loop
     vertex -1.645711e+01  1.079289e+01  1.200000e+01
     vertex -1.658147e+01  1.094443e+01  1.100000e+01
     vertex -1.658147e+01  1.094443e+01  1.200000e+01
   endloop
 endfacet
 facet normal  7.730105e-01  6.343933e-01  0.000000e+00
   outer loop
     vertex -1.645711e+01  1.079289e+01  1.200000e+01
     vertex -1.645711e+01  1.079289e+01  1.100000e+01
     vertex -1.658147e+01  1.094443e+01  1.100000e+01
   endloop
 endfacet
 facet normal  6.343933e-01  7.730105e-01  0.000000e+00
   outer loop
     vertex -1.630557e+01  1.066853e+01  1.200000e+01
     vertex -1.630557e+01  1.066853e+01  1.100000e+01
     vertex -1.645711e+01  1.079289e+01  1.100000e+01
   endloop
 endfacet
 facet normal  6.343933e-01  7.730105e-01  0.000000e+00
   outer loop
     vertex -1.630557e+01  1.066853e+01  1.200000e+01
     vertex -1.645711e+01  1.079289e+01  1.100000e+01
     vertex -1.645711e+01  1.079289e+01  1.200000e+01
   endloop
 endfacet
 facet normal  4.713967e-01  8.819213e-01  0.000000e+00
   outer loop
     vertex -1.613268e+01  1.057612e+01  1.200000e+01
     vertex -1.630557e+01  1.066853e+01  1.100000e+01
     vertex -1.630557e+01  1.066853e+01  1.200000e+01
   endloop
 endfacet
 facet normal  4.713967e-01  8.819213e-01  0.000000e+00
   outer loop
     vertex -1.613268e+01  1.057612e+01  1.200000e+01
     vertex -1.613268e+01  1.057612e+01  1.100000e+01
     vertex -1.630557e+01  1.066853e+01  1.100000e+01
   endloop
 endfacet
 facet normal  2.902847e-01  9.569403e-01  0.000000e+00
   outer loop
     vertex -1.613268e+01  1.057612e+01  1.200000e+01
     vertex -1.594509e+01  1.051921e+01  1.100000e+01
     vertex -1.613268e+01  1.057612e+01  1.100000e+01
   endloop
 endfacet
 facet normal  2.902847e-01  9.569403e-01  0.000000e+00
   outer loop
     vertex -1.594509e+01  1.051921e+01  1.200000e+01
     vertex -1.594509e+01  1.051921e+01  1.100000e+01
     vertex -1.613268e+01  1.057612e+01  1.200000e+01
   endloop
 endfacet
 facet normal  9.801714e-02  9.951847e-01  0.000000e+00
   outer loop
     vertex -1.575000e+01  1.050000e+01  1.200000e+01
     vertex -1.575000e+01  1.050000e+01  1.100000e+01
     vertex -1.594509e+01  1.051921e+01  1.100000e+01
   endloop
 endfacet
 facet normal  9.801714e-02  9.951847e-01  0.000000e+00
   outer loop
     vertex -1.575000e+01  1.050000e+01  1.200000e+01
     vertex -1.594509e+01  1.051921e+01  1.100000e+01
     vertex -1.594509e+01  1.051921e+01  1.200000e+01
   endloop
 endfacet
 facet normal -9.801714e-02  9.951847e-01  0.000000e+00
   outer loop
     vertex -1.555491e+01  1.051921e+01  1.200000e+01
     vertex -1.555491e+01  1.051921e+01  1.100000e+01
     vertex -1.575000e+01  1.050000e+01  1.100000e+01
   endloop
 endfacet
 facet normal -9.801714e-02  9.951847e-01  0.000000e+00
   outer loop
     vertex -1.555491e+01  1.051921e+01  1.200000e+01
     vertex -1.575000e+01  1.050000e+01  1.100000e+01
     vertex -1.575000e+01  1.050000e+01  1.200000e+01
   endloop
 endfacet
 facet normal -2.902847e-01  9.569403e-01  0.000000e+00
   outer loop
     vertex -1.536732e+01  1.057612e+01  1.200000e+01
     vertex -1.536732e+01  1.057612e+01  1.100000e+01
     vertex -1.555491e+01  1.051921e+01  1.100000e+01
   endloop
 endfacet
 facet normal -2.902847e-01  9.569403e-01  0.000000e+00
   outer loop
     vertex -1.536732e+01  1.057612e+01  1.200000e+01
     vertex -1.555491e+01  1.051921e+01  1.100000e+01
     vertex -1.555491e+01  1.051921e+01  1.200000e+01
   endloop
 endfacet
 facet normal -4.713967e-01  8.819213e-01  0.000000e+00
   outer loop
     vertex -1.519443e+01  1.066853e+01  1.200000e+01
     vertex -1.519443e+01  1.066853e+01  1.100000e+01
     vertex -1.536732e+01  1.057612e+01  1.100000e+01
   endloop
 endfacet
 facet normal -4.713967e-01  8.819213e-01  0.000000e+00
   outer loop
     vertex -1.519443e+01  1.066853e+01  1.200000e+01
     vertex -1.536732e+01  1.057612e+01  1.100000e+01
     vertex -1.536732e+01  1.057612e+01  1.200000e+01
   endloop
 endfacet
 facet normal -6.343933e-01  7.730105e-01  0.000000e+00
   outer loop
     vertex -1.504289e+01  1.079289e+01  1.200000e+01
     vertex -1.504289e+01  1.079289e+01  1.100000e+01
     vertex -1.519443e+01  1.066853e+01  1.100000e+01
   endloop
 endfacet
 facet normal -6.343933e-01  7.730105e-01  0.000000e+00
   outer loop
     vertex -1.504289e+01  1.079289e+01  1.200000e+01
     vertex -1.519443e+01  1.066853e+01  1.100000e+01
     vertex -1.519443e+01  1.066853e+01  1.200000e+01
   endloop
 endfacet
 facet normal -7.730105e-01  6.343933e-01  0.000000e+00
   outer loop
     vertex -1.491853e+01  1.094443e+01  1.200000e+01
     vertex -1.491853e+01  1.094443e+01  1.100000e+01
     vertex -1.504289e+01  1.079289e+01  1.100000e+01
   endloop
 endfacet
 facet normal -7.730105e-01  6.343933e-01  0.000000e+00
   outer loop
     vertex -1.491853e+01  1.094443e+01  1.200000e+01
     vertex -1.504289e+01  1.079289e+01  1.100000e+01
     vertex -1.504289e+01  1.079289e+01  1.200000e+01
   endloop
 endfacet
 facet normal -8.819213e-01  4.713967e-01  0.000000e+00
   outer loop
     vertex -1.482612e+01  1.111732e+01  1.200000e+01
     vertex -1.482612e+01  1.111732e+01  1.100000e+01
     vertex -1.491853e+01  1.094443e+01  1.100000e+01
   endloop
 endfacet
 facet normal -8.819213e-01  4.713967e-01  0.000000e+00
   outer loop
     vertex -1.482612e+01  1.111732e+01  1.200000e+01
     vertex -1.491853e+01  1.094443e+01  1.100000e+01
     vertex -1.491853e+01  1.094443e+01  1.200000e+01
   endloop
 endfacet
 facet normal -9.569403e-01  2.902847e-01  0.000000e+00
   outer loop
     vertex -1.476921e+01  1.130491e+01  1.200000e+01
     vertex -1.476921e+01  1.130491e+01  1.100000e+01
     vertex -1.482612e+01  1.111732e+01  1.100000e+01
   endloop
 endfacet
 facet normal -9.569403e-01  2.902847e-01  0.000000e+00
   outer loop
     vertex -1.476921e+01  1.130491e+01  1.200000e+01
     vertex -1.482612e+01  1.111732e+01  1.100000e+01
     vertex -1.482612e+01  1.111732e+01  1.200000e+01
   endloop
 endfacet
 facet normal -9.951847e-01  9.801714e-02  0.000000e+00
   outer loop
     vertex -1.475000e+01  1.150000e+01  1.200000e+01
     vertex -1.475000e+01  1.150000e+01  1.100000e+01
     vertex -1.476921e+01  1.130491e+01  1.100000e+01
   endloop
 endfacet
 facet normal -9.951847e-01  9.801714e-02  0.000000e+00
   outer loop
     vertex -1.475000e+01  1.150000e+01  1.200000e+01
     vertex -1.476921e+01  1.130491e+01  1.100000e+01
     vertex -1.476921e+01  1.130491e+01  1.200000e+01
   endloop
 endfacet
 facet normal -6.976754e-01  1.054014e-01 -7.086181e-01
   outer loop
     vertex -1.951000e+01  2.494299e+00  3.687984e-01
     vertex -1.963670e+01  2.537717e+00  5.000000e-01
     vertex -1.951000e+01  3.376374e+00  5.000000e-01
   endloop
 endfacet
 facet normal -7.046277e-01  7.575611e-02 -7.055216e-01
   outer loop
     vertex -1.972737e+01  1.694403e+00  5.000000e-01
     vertex -1.963670e+01  2.537717e+00  5.000000e-01
     vertex -1.951000e+01  2.494299e+00  3.687984e-01
   endloop
 endfacet
 facet normal -7.012854e-01  7.427723e-02 -7.090005e-01
   outer loop
     vertex -1.951000e+01  1.617211e+00  2.769117e-01
     vertex -1.972737e+01  1.694403e+00  5.000000e-01
     vertex -1.951000e+01  2.494299e+00  3.687984e-01
   endloop
 endfacet
 facet normal -7.117312e-01  4.579927e-02 -7.009573e-01
   outer loop
     vertex -1.951000e+01  1.174061e+00  2.452940e-01
     vertex -1.978183e+01  8.479793e-01  5.000000e-01
     vertex -1.972737e+01  1.694403e+00  5.000000e-01
   endloop
 endfacet
 facet normal -7.065571e-01  5.036147e-02 -7.058618e-01
   outer loop
     vertex -1.951000e+01  1.174061e+00  2.452940e-01
     vertex -1.972737e+01  1.694403e+00  5.000000e-01
     vertex -1.951000e+01  1.617211e+00  2.769117e-01
   endloop
 endfacet
 facet normal -7.050897e-01  3.454586e-02 -7.082761e-01
   outer loop
     vertex -1.951000e+01  7.315130e-01  2.237090e-01
     vertex -1.978183e+01  8.479793e-01  5.000000e-01
     vertex -1.951000e+01  1.174061e+00  2.452940e-01
   endloop
 endfacet
 facet normal -7.120222e-01  1.525397e-02 -7.019912e-01
   outer loop
     vertex -1.951000e+01  2.896376e-01  2.121498e-01
     vertex -1.980000e+01  3.552714e-15  5.000000e-01
     vertex -1.978183e+01  8.479793e-01  5.000000e-01
   endloop
 endfacet
 facet normal -7.088142e-01  1.844633e-02 -7.051540e-01
   outer loop
     vertex -1.951000e+01  2.896376e-01  2.121498e-01
     vertex -1.978183e+01  8.479793e-01  5.000000e-01
     vertex -1.951000e+01  7.315130e-01  2.237090e-01
   endloop
 endfacet
 facet normal -7.057243e-01  2.497277e-03 -7.084822e-01
   outer loop
     vertex -1.951000e+01 -1.520892e-01  2.105928e-01
     vertex -1.980000e+01  3.552714e-15  5.000000e-01
     vertex -1.951000e+01  2.896376e-01  2.121498e-01
   endloop
 endfacet
 facet normal -7.102883e-01 -1.521682e-02 -7.037464e-01
   outer loop
     vertex -1.978183e+01 -8.479793e-01  5.000000e-01
     vertex -1.980000e+01  3.552714e-15  5.000000e-01
     vertex -1.951000e+01 -1.520892e-01  2.105928e-01
   endloop
 endfacet
 facet normal -7.042953e-01 -2.000270e-02 -7.096252e-01
   outer loop
     vertex -1.951000e+01 -9.484610e-01  2.330407e-01
     vertex -1.978183e+01 -8.479793e-01  5.000000e-01
     vertex -1.951000e+01 -1.520892e-01  2.105928e-01
   endloop
 endfacet
 facet normal -7.084807e-01 -4.559010e-02 -7.042561e-01
   outer loop
     vertex -1.972737e+01 -1.694403e+00  5.000000e-01
     vertex -1.978183e+01 -8.479793e-01  5.000000e-01
     vertex -1.951000e+01 -9.484610e-01  2.330407e-01
   endloop
 endfacet
 facet normal -7.032616e-01 -4.889733e-02 -7.092476e-01
   outer loop
     vertex -1.951000e+01 -1.748657e+00  2.882082e-01
     vertex -1.972737e+01 -1.694403e+00  5.000000e-01
     vertex -1.951000e+01 -9.484610e-01  2.330407e-01
   endloop
 endfacet
 facet normal -7.054994e-01 -7.584982e-02 -7.046399e-01
   outer loop
     vertex -1.963670e+01 -2.537717e+00  5.000000e-01
     vertex -1.972737e+01 -1.694403e+00  5.000000e-01
     vertex -1.951000e+01 -1.748657e+00  2.882082e-01
   endloop
 endfacet
 facet normal -7.007532e-01 -7.782154e-02 -7.091465e-01
   outer loop
     vertex -1.951000e+01 -2.560327e+00  3.772806e-01
     vertex -1.963670e+01 -2.537717e+00  5.000000e-01
     vertex -1.951000e+01 -1.748657e+00  2.882082e-01
   endloop
 endfacet
 facet normal -7.015078e-01 -1.059803e-01 -7.047375e-01
   outer loop
     vertex -1.951000e+01 -3.376374e+00  5.000000e-01
     vertex -1.963670e+01 -2.537717e+00  5.000000e-01
     vertex -1.951000e+01 -2.560327e+00  3.772806e-01
   endloop
 endfacet
 facet normal  0.000000e+00 -0.000000e+00 -1.000000e+00
   outer loop
     vertex -1.555229e+01 -1.449348e+01  9.000000e+00
     vertex -1.524509e+01 -1.516038e+01  9.000000e+00
     vertex -1.587696e+01 -1.449731e+01  9.000000e+00
   endloop
 endfacet
 facet normal  0.000000e+00  0.000000e+00 -1.000000e+00
   outer loop
     vertex -1.522994e+01 -1.445458e+01  9.000000e+00
     vertex -1.524509e+01 -1.516038e+01  9.000000e+00
     vertex -1.555229e+01 -1.449348e+01  9.000000e+00
   endloop
 endfacet
 facet normal  0.000000e+00  0.000000e+00 -1.000000e+00
   outer loop
     vertex -1.491368e+01 -1.438107e+01  9.000000e+00
     vertex -1.524509e+01 -1.516038e+01  9.000000e+00
     vertex -1.522994e+01 -1.445458e+01  9.000000e+00
   endloop
 endfacet
 facet normal  0.000000e+00 -0.000000e+00 -1.000000e+00
   outer loop
     vertex -1.460721e+01 -1.427381e+01  9.000000e+00
     vertex -1.458555e+01 -1.579594e+01  9.000000e+00
     vertex -1.524509e+01 -1.516038e+01  9.000000e+00
   endloop
 endfacet
 facet normal  0.000000e+00  0.000000e+00 -1.000000e+00
   outer loop
     vertex -1.460721e+01 -1.427381e+01  9.000000e+00
     vertex -1.524509e+01 -1.516038e+01  9.000000e+00
     vertex -1.491368e+01 -1.438107e+01  9.000000e+00
   endloop
 endfacet
 facet normal  0.000000e+00  0.000000e+00 -1.000000e+00
   outer loop
     vertex -1.341328e+01 -1.456447e+01  9.000000e+00
     vertex -1.460721e+01 -1.427381e+01  9.000000e+00
     vertex -1.431413e+01 -1.413406e+01  9.000000e+00
   endloop
 endfacet
 facet normal  0.000000e+00  0.000000e+00 -1.000000e+00
   outer loop
     vertex -1.341328e+01 -1.456447e+01  9.000000e+00
     vertex -1.431413e+01 -1.413406e+01  9.000000e+00
     vertex -1.403787e+01 -1.396346e+01  9.000000e+00
   endloop
 endfacet
 facet normal -0.000000e+00  0.000000e+00 -1.000000e+00
   outer loop
     vertex -1.341328e+01 -1.456447e+01  9.000000e+00
     vertex -1.458555e+01 -1.579594e+01  9.000000e+00
     vertex -1.460721e+01 -1.427381e+01  9.000000e+00
   endloop
 endfacet
 facet normal  0.000000e+00  0.000000e+00 -1.000000e+00
   outer loop
     vertex -1.341328e+01 -1.456447e+01  9.000000e+00
     vertex -1.389954e+01 -1.640283e+01  9.000000e+00
     vertex -1.458555e+01 -1.579594e+01  9.000000e+00
   endloop
 endfacet
 facet normal -0.000000e+00  0.000000e+00 -1.000000e+00
   outer loop
     vertex -1.276299e+01 -1.513757e+01  9.000000e+00
     vertex -1.389954e+01 -1.640283e+01  9.000000e+00
     vertex -1.341328e+01 -1.456447e+01  9.000000e+00
   endloop
 endfacet
 facet normal  0.000000e+00  0.000000e+00 -1.000000e+00
   outer loop
     vertex -1.276299e+01 -1.513757e+01  9.000000e+00
     vertex -1.318830e+01 -1.697995e+01  9.000000e+00
     vertex -1.389954e+01 -1.640283e+01  9.000000e+00
   endloop
 endfacet
 facet normal -0.000000e+00  0.000000e+00 -1.000000e+00
   outer loop
     vertex -1.208824e+01 -1.568166e+01  9.000000e+00
     vertex -1.318830e+01 -1.697995e+01  9.000000e+00
     vertex -1.276299e+01 -1.513757e+01  9.000000e+00
   endloop
 endfacet
 facet normal  0.000000e+00  0.000000e+00 -1.000000e+00
   outer loop
     vertex -1.208824e+01 -1.568166e+01  9.000000e+00
     vertex -1.245313e+01 -1.752625e+01  9.000000e+00
     vertex -1.318830e+01 -1.697995e+01  9.000000e+00
   endloop
 endfacet
 facet normal -0.000000e+00  0.000000e+00 -1.000000e+00
   outer loop
     vertex -1.139031e+01 -1.619570e+01  9.000000e+00
     vertex -1.245313e+01 -1.752625e+01  9.000000e+00
     vertex -1.208824e+01 -1.568166e+01  9.000000e+00
   endloop
 endfacet
 facet normal  0.000000e+00  0.000000e+00 -1.000000e+00
   outer loop
     vertex -1.139031e+01 -1.619570e+01  9.000000e+00
     vertex -1.169536e+01 -1.804075e+01  9.000000e+00
     vertex -1.245313e+01 -1.752625e+01  9.000000e+00
   endloop
 endfacet
 facet normal -0.000000e+00  0.000000e+00 -1.000000e+00
   outer loop
     vertex -1.067056e+01 -1.667870e+01  9.000000e+00
     vertex -1.169536e+01 -1.804075e+01  9.000000e+00
     vertex -1.139031e+01 -1.619570e+01  9.000000e+00
   endloop
 endfacet
 facet normal  0.000000e+00  0.000000e+00 -1.000000e+00
   outer loop
     vertex -1.067056e+01 -1.667870e+01  9.000000e+00
     vertex -1.091636e+01 -1.852250e+01  9.000000e+00
     vertex -1.169536e+01 -1.804075e+01  9.000000e+00
   endloop
 endfacet
 facet normal -0.000000e+00  0.000000e+00 -1.000000e+00
   outer loop
     vertex -9.930365e+00 -1.712974e+01  9.000000e+00
     vertex -1.091636e+01 -1.852250e+01  9.000000e+00
     vertex -1.067056e+01 -1.667870e+01  9.000000e+00
   endloop
 endfacet
 facet normal  0.000000e+00  0.000000e+00 -1.000000e+00
   outer loop
     vertex -9.930365e+00 -1.712974e+01  9.000000e+00
     vertex -1.011755e+01 -1.897064e+01  9.000000e+00
     vertex -1.091636e+01 -1.852250e+01  9.000000e+00
   endloop
 endfacet
 facet normal  0.000000e+00  0.000000e+00 -1.000000e+00
   outer loop
     vertex -9.171134e+00 -1.754794e+01  9.000000e+00
     vertex -9.300379e+00 -1.938435e+01  9.000000e+00
     vertex -1.011755e+01 -1.897064e+01  9.000000e+00
   endloop
 endfacet
 facet normal -0.000000e+00  0.000000e+00 -1.000000e+00
   outer loop
     vertex -9.171134e+00 -1.754794e+01  9.000000e+00
     vertex -1.011755e+01 -1.897064e+01  9.000000e+00
     vertex -9.930365e+00 -1.712974e+01  9.000000e+00
   endloop
 endfacet
 facet normal  0.000000e+00  0.000000e+00 -1.000000e+00
   outer loop
     vertex -8.394327e+00 -1.793252e+01  9.000000e+00
     vertex -8.466328e+00 -1.976288e+01  9.000000e+00
     vertex -9.300379e+00 -1.938435e+01  9.000000e+00
   endloop
 endfacet
 facet normal -0.000000e+00  0.000000e+00 -1.000000e+00
   outer loop
     vertex -8.394327e+00 -1.793252e+01  9.000000e+00
     vertex -9.300379e+00 -1.938435e+01  9.000000e+00
     vertex -9.171134e+00 -1.754794e+01  9.000000e+00
   endloop
 endfacet
 facet normal  0.000000e+00  0.000000e+00 -1.000000e+00
   outer loop
     vertex -7.601433e+00 -1.828273e+01  9.000000e+00
     vertex -7.616912e+00 -2.010554e+01  9.000000e+00
     vertex -8.466328e+00 -1.976288e+01  9.000000e+00
   endloop
 endfacet
 facet normal -0.000000e+00  0.000000e+00 -1.000000e+00
   outer loop
     vertex -7.601433e+00 -1.828273e+01  9.000000e+00
     vertex -8.466328e+00 -1.976288e+01  9.000000e+00
     vertex -8.394327e+00 -1.793252e+01  9.000000e+00
   endloop
 endfacet
 facet normal  0.000000e+00 -0.000000e+00 -1.000000e+00
   outer loop
     vertex -6.793970e+00 -1.859790e+01  9.000000e+00
     vertex -6.753672e+00 -2.041171e+01  9.000000e+00
     vertex -7.616912e+00 -2.010554e+01  9.000000e+00
   endloop
 endfacet
 facet normal -0.000000e+00  0.000000e+00 -1.000000e+00
   outer loop
     vertex -6.793970e+00 -1.859790e+01  9.000000e+00
     vertex -7.616912e+00 -2.010554e+01  9.000000e+00
     vertex -7.601433e+00 -1.828273e+01  9.000000e+00
   endloop
 endfacet
 facet normal  0.000000e+00 -0.000000e+00 -1.000000e+00
   outer loop
     vertex -5.973488e+00 -1.887743e+01  9.000000e+00
     vertex -5.878175e+00 -2.068084e+01  9.000000e+00
     vertex -6.753672e+00 -2.041171e+01  9.000000e+00
   endloop
 endfacet
 facet normal -0.000000e+00  0.000000e+00 -1.000000e+00
   outer loop
     vertex -5.973488e+00 -1.887743e+01  9.000000e+00
     vertex -6.753672e+00 -2.041171e+01  9.000000e+00
     vertex -6.793970e+00 -1.859790e+01  9.000000e+00
   endloop
 endfacet
 facet normal  0.000000e+00 -0.000000e+00 -1.000000e+00
   outer loop
     vertex -5.141557e+00 -1.912078e+01  9.000000e+00
     vertex -4.992009e+00 -2.091243e+01  9.000000e+00
     vertex -5.878175e+00 -2.068084e+01  9.000000e+00
   endloop
 endfacet
 facet normal -0.000000e+00  0.000000e+00 -1.000000e+00
   outer loop
     vertex -5.141557e+00 -1.912078e+01  9.000000e+00
     vertex -5.878175e+00 -2.068084e+01  9.000000e+00
     vertex -5.973488e+00 -1.887743e+01  9.000000e+00
   endloop
 endfacet
 facet normal  0.000000e+00 -0.000000e+00 -1.000000e+00
   outer loop
     vertex -4.299773e+00 -1.932749e+01  9.000000e+00
     vertex -4.096784e+00 -2.110607e+01  9.000000e+00
     vertex -4.992009e+00 -2.091243e+01  9.000000e+00
   endloop
 endfacet
 facet normal -0.000000e+00  0.000000e+00 -1.000000e+00
   outer loop
     vertex -4.299773e+00 -1.932749e+01  9.000000e+00
     vertex -4.992009e+00 -2.091243e+01  9.000000e+00
     vertex -5.141557e+00 -1.912078e+01  9.000000e+00
   endloop
 endfacet
 facet normal  0.000000e+00 -0.000000e+00 -1.000000e+00
   outer loop
     vertex -3.449749e+00 -1.949716e+01  9.000000e+00
     vertex -3.194124e+00 -2.126141e+01  9.000000e+00
     vertex -4.096784e+00 -2.110607e+01  9.000000e+00
   endloop
 endfacet
 facet normal -0.000000e+00  0.000000e+00 -1.000000e+00
   outer loop
     vertex -3.449749e+00 -1.949716e+01  9.000000e+00
     vertex -4.096784e+00 -2.110607e+01  9.000000e+00
     vertex -4.299773e+00 -1.932749e+01  9.000000e+00
   endloop
 endfacet
 facet normal  0.000000e+00 -0.000000e+00 -1.000000e+00
   outer loop
     vertex -2.593113e+00 -1.962946e+01  9.000000e+00
     vertex -2.285667e+00 -2.137816e+01  9.000000e+00
     vertex -3.194124e+00 -2.126141e+01  9.000000e+00
   endloop
 endfacet
 facet normal -0.000000e+00  0.000000e+00 -1.000000e+00
   outer loop
     vertex -2.593113e+00 -1.962946e+01  9.000000e+00
     vertex -3.194124e+00 -2.126141e+01  9.000000e+00
     vertex -3.449749e+00 -1.949716e+01  9.000000e+00
   endloop
 endfacet
 facet normal  0.000000e+00 -0.000000e+00 -1.000000e+00
   outer loop
     vertex -1.731508e+00 -1.972414e+01  9.000000e+00
     vertex -1.373062e+00 -2.145611e+01  9.000000e+00
     vertex -2.285667e+00 -2.137816e+01  9.000000e+00
   endloop
 endfacet
 facet normal -0.000000e+00  0.000000e+00 -1.000000e+00
   outer loop
     vertex -1.731508e+00 -1.972414e+01  9.000000e+00
     vertex -2.285667e+00 -2.137816e+01  9.000000e+00
     vertex -2.593113e+00 -1.962946e+01  9.000000e+00
   endloop
 endfacet
 facet normal  0.000000e+00 -0.000000e+00 -1.000000e+00
   outer loop
     vertex -8.665844e-01 -1.978103e+01  9.000000e+00
     vertex -4.579642e-01 -2.149512e+01  9.000000e+00
     vertex -1.373062e+00 -2.145611e+01  9.000000e+00
   endloop
 endfacet
 facet normal -0.000000e+00  0.000000e+00 -1.000000e+00
   outer loop
     vertex -8.665844e-01 -1.978103e+01  9.000000e+00
     vertex -1.373062e+00 -2.145611e+01  9.000000e+00
     vertex -1.731508e+00 -1.972414e+01  9.000000e+00
   endloop
 endfacet
 facet normal  0.000000e+00 -0.000000e+00 -1.000000e+00
   outer loop
     vertex  3.552714e-15 -1.980000e+01  9.000000e+00
     vertex  4.579642e-01 -2.149512e+01  9.000000e+00
     vertex -4.579642e-01 -2.149512e+01  9.000000e+00
   endloop
 endfacet
 facet normal -0.000000e+00  0.000000e+00 -1.000000e+00
   outer loop
     vertex  3.552714e-15 -1.980000e+01  9.000000e+00
     vertex -4.579642e-01 -2.149512e+01  9.000000e+00
     vertex -8.665844e-01 -1.978103e+01  9.000000e+00
   endloop
 endfacet
 facet normal  0.000000e+00 -0.000000e+00 -1.000000e+00
   outer loop
     vertex  8.665844e-01 -1.978103e+01  9.000000e+00
     vertex  1.373062e+00 -2.145611e+01  9.000000e+00
     vertex  4.579642e-01 -2.149512e+01  9.000000e+00
   endloop
 endfacet
 facet normal  0.000000e+00  0.000000e+00 -1.000000e+00
   outer loop
     vertex  8.665844e-01 -1.978103e+01  9.000000e+00
     vertex  4.579642e-01 -2.149512e+01  9.000000e+00
     vertex  3.552714e-15 -1.980000e+01  9.000000e+00
   endloop
 endfacet
 facet normal  0.000000e+00 -0.000000e+00 -1.000000e+00
   outer loop
     vertex  1.731508e+00 -1.972414e+01  9.000000e+00
     vertex  2.285667e+00 -2.137816e+01  9.000000e+00
     vertex  1.373062e+00 -2.145611e+01  9.000000e+00
   endloop
 endfacet
 facet normal  0.000000e+00  0.000000e+00 -1.000000e+00
   outer loop
     vertex  1.731508e+00 -1.972414e+01  9.000000e+00
     vertex  1.373062e+00 -2.145611e+01  9.000000e+00
     vertex  8.665844e-01 -1.978103e+01  9.000000e+00
   endloop
 endfacet
 facet normal  0.000000e+00 -0.000000e+00 -1.000000e+00
   outer loop
     vertex  2.593113e+00 -1.962946e+01  9.000000e+00
     vertex  3.194124e+00 -2.126141e+01  9.000000e+00
     vertex  2.285667e+00 -2.137816e+01  9.000000e+00
   endloop
 endfacet
 facet normal  0.000000e+00  0.000000e+00 -1.000000e+00
   outer loop
     vertex  2.593113e+00 -1.962946e+01  9.000000e+00
     vertex  2.285667e+00 -2.137816e+01  9.000000e+00
     vertex  1.731508e+00 -1.972414e+01  9.000000e+00
   endloop
 endfacet
 facet normal  0.000000e+00 -0.000000e+00 -1.000000e+00
   outer loop
     vertex  3.449749e+00 -1.949716e+01  9.000000e+00
     vertex  4.096784e+00 -2.110607e+01  9.000000e+00
     vertex  3.194124e+00 -2.126141e+01  9.000000e+00
   endloop
 endfacet
 facet normal  0.000000e+00  0.000000e+00 -1.000000e+00
   outer loop
     vertex  3.449749e+00 -1.949716e+01  9.000000e+00
     vertex  3.194124e+00 -2.126141e+01  9.000000e+00
     vertex  2.593113e+00 -1.962946e+01  9.000000e+00
   endloop
 endfacet
 facet normal  0.000000e+00 -0.000000e+00 -1.000000e+00
   outer loop
     vertex  4.299773e+00 -1.932749e+01  9.000000e+00
     vertex  4.992009e+00 -2.091243e+01  9.000000e+00
     vertex  4.096784e+00 -2.110607e+01  9.000000e+00
   endloop
 endfacet
 facet normal  0.000000e+00  0.000000e+00 -1.000000e+00
   outer loop
     vertex  4.299773e+00 -1.932749e+01  9.000000e+00
     vertex  4.096784e+00 -2.110607e+01  9.000000e+00
     vertex  3.449749e+00 -1.949716e+01  9.000000e+00
   endloop
 endfacet
 facet normal  0.000000e+00 -0.000000e+00 -1.000000e+00
   outer loop
     vertex  5.141557e+00 -1.912078e+01  9.000000e+00
     vertex  5.878175e+00 -2.068084e+01  9.000000e+00
     vertex  4.992009e+00 -2.091243e+01  9.000000e+00
   endloop
 endfacet
 facet normal  0.000000e+00  0.000000e+00 -1.000000e+00
   outer loop
     vertex  5.141557e+00 -1.912078e+01  9.000000e+00
     vertex  4.992009e+00 -2.091243e+01  9.000000e+00
     vertex  4.299773e+00 -1.932749e+01  9.000000e+00
   endloop
 endfacet
 facet normal  0.000000e+00  0.000000e+00 -1.000000e+00
   outer loop
     vertex  5.973488e+00 -1.887743e+01  9.000000e+00
     vertex  5.878175e+00 -2.068084e+01  9.000000e+00
     vertex  5.141557e+00 -1.912078e+01  9.000000e+00
   endloop
 endfacet
 facet normal  0.000000e+00 -0.000000e+00 -1.000000e+00
   outer loop
     vertex  5.973488e+00 -1.887743e+01  9.000000e+00
     vertex  6.753672e+00 -2.041171e+01  9.000000e+00
     vertex  5.878175e+00 -2.068084e+01  9.000000e+00
   endloop
 endfacet
 facet normal  0.000000e+00  0.000000e+00 -1.000000e+00
   outer loop
     vertex  6.793970e+00 -1.859790e+01  9.000000e+00
     vertex  6.753672e+00 -2.041171e+01  9.000000e+00
     vertex  5.973488e+00 -1.887743e+01  9.000000e+00
   endloop
 endfacet
 facet normal  0.000000e+00 -0.000000e+00 -1.000000e+00
   outer loop
     vertex  6.793970e+00 -1.859790e+01  9.000000e+00
     vertex  7.616912e+00 -2.010554e+01  9.000000e+00
     vertex  6.753672e+00 -2.041171e+01  9.000000e+00
   endloop
 endfacet
 facet normal  0.000000e+00 -0.000000e+00 -1.000000e+00
   outer loop
     vertex  7.601433e+00 -1.828273e+01  9.000000e+00
     vertex  7.616912e+00 -2.010554e+01  9.000000e+00
     vertex  6.793970e+00 -1.859790e+01  9.000000e+00
   endloop
 endfacet
 facet normal  0.000000e+00  0.000000e+00 -1.000000e+00
   outer loop
     vertex  7.601433e+00 -1.828273e+01  9.000000e+00
     vertex  8.466328e+00 -1.976288e+01  9.000000e+00
     vertex  7.616912e+00 -2.010554e+01  9.000000e+00
   endloop
 endfacet
 facet normal  0.000000e+00 -0.000000e+00 -1.000000e+00
   outer loop
     vertex  8.394327e+00 -1.793252e+01  9.000000e+00
     vertex  8.466328e+00 -1.976288e+01  9.000000e+00
     vertex  7.601433e+00 -1.828273e+01  9.000000e+00
   endloop
 endfacet
 facet normal  0.000000e+00  0.000000e+00 -1.000000e+00
   outer loop
     vertex  8.394327e+00 -1.793252e+01  9.000000e+00
     vertex  9.300379e+00 -1.938435e+01  9.000000e+00
     vertex  8.466328e+00 -1.976288e+01  9.000000e+00
   endloop
 endfacet
 facet normal  0.000000e+00  0.000000e+00 -1.000000e+00
   outer loop
     vertex  9.171134e+00 -1.754794e+01  9.000000e+00
     vertex  1.011755e+01 -1.897064e+01  9.000000e+00
     vertex  9.300379e+00 -1.938435e+01  9.000000e+00
   endloop
 endfacet
 facet normal  0.000000e+00 -0.000000e+00 -1.000000e+00
   outer loop
     vertex  9.171134e+00 -1.754794e+01  9.000000e+00
     vertex  9.300379e+00 -1.938435e+01  9.000000e+00
     vertex  8.394327e+00 -1.793252e+01  9.000000e+00
   endloop
 endfacet
 facet normal  0.000000e+00  0.000000e+00 -1.000000e+00
   outer loop
     vertex  9.930365e+00 -1.712974e+01  9.000000e+00
     vertex  1.091636e+01 -1.852250e+01  9.000000e+00
     vertex  1.011755e+01 -1.897064e+01  9.000000e+00
   endloop
 endfacet
 facet normal  0.000000e+00 -0.000000e+00 -1.000000e+00
   outer loop
     vertex  9.930365e+00 -1.712974e+01  9.000000e+00
     vertex  1.011755e+01 -1.897064e+01  9.000000e+00
     vertex  9.171134e+00 -1.754794e+01  9.000000e+00
   endloop
 endfacet
 facet normal  0.000000e+00  0.000000e+00 -1.000000e+00
   outer loop
     vertex  1.067056e+01 -1.667870e+01  9.000000e+00
     vertex  1.169536e+01 -1.804075e+01  9.000000e+00
     vertex  1.091636e+01 -1.852250e+01  9.000000e+00
   endloop
 endfacet
 facet normal  0.000000e+00 -0.000000e+00 -1.000000e+00
   outer loop
     vertex  1.067056e+01 -1.667870e+01  9.000000e+00
     vertex  1.091636e+01 -1.852250e+01  9.000000e+00
     vertex  9.930365e+00 -1.712974e+01  9.000000e+00
   endloop
 endfacet
 facet normal  0.000000e+00  0.000000e+00 -1.000000e+00
   outer loop
     vertex  1.139031e+01 -1.619570e+01  9.000000e+00
     vertex  1.245313e+01 -1.752625e+01  9.000000e+00
     vertex  1.169536e+01 -1.804075e+01  9.000000e+00
   endloop
 endfacet
 facet normal  0.000000e+00 -0.000000e+00 -1.000000e+00
   outer loop
     vertex  1.139031e+01 -1.619570e+01  9.000000e+00
     vertex  1.169536e+01 -1.804075e+01  9.000000e+00
     vertex  1.067056e+01 -1.667870e+01  9.000000e+00
   endloop
 endfacet
 facet normal  0.000000e+00  0.000000e+00 -1.000000e+00
   outer loop
     vertex  1.208824e+01 -1.568166e+01  9.000000e+00
     vertex  1.318830e+01 -1.697995e+01  9.000000e+00
     vertex  1.245313e+01 -1.752625e+01  9.000000e+00
   endloop
 endfacet
 facet normal  0.000000e+00 -0.000000e+00 -1.000000e+00
   outer loop
     vertex  1.208824e+01 -1.568166e+01  9.000000e+00
     vertex  1.245313e+01 -1.752625e+01  9.000000e+00
     vertex  1.139031e+01 -1.619570e+01  9.000000e+00
   endloop
 endfacet
 facet normal  0.000000e+00  0.000000e+00 -1.000000e+00
   outer loop
     vertex  1.276299e+01 -1.513757e+01  9.000000e+00
     vertex  1.389954e+01 -1.640283e+01  9.000000e+00
     vertex  1.318830e+01 -1.697995e+01  9.000000e+00
   endloop
 endfacet
 facet normal  0.000000e+00 -0.000000e+00 -1.000000e+00
   outer loop
     vertex  1.276299e+01 -1.513757e+01  9.000000e+00
     vertex  1.318830e+01 -1.697995e+01  9.000000e+00
     vertex  1.208824e+01 -1.568166e+01  9.000000e+00
   endloop
 endfacet
 facet normal  0.000000e+00  0.000000e+00 -1.000000e+00
   outer loop
     vertex  1.341328e+01 -1.456447e+01  9.000000e+00
     vertex  1.458555e+01 -1.579594e+01  9.000000e+00
     vertex  1.389954e+01 -1.640283e+01  9.000000e+00
   endloop
 endfacet
 facet normal  0.000000e+00 -0.000000e+00 -1.000000e+00
   outer loop
     vertex  1.341328e+01 -1.456447e+01  9.000000e+00
     vertex  1.389954e+01 -1.640283e+01  9.000000e+00
     vertex  1.276299e+01 -1.513757e+01  9.000000e+00
   endloop
 endfacet
 facet normal -0.000000e+00  0.000000e+00 -1.000000e+00
   outer loop
     vertex  1.431413e+01 -1.413406e+01  9.000000e+00
     vertex  1.341328e+01 -1.456447e+01  9.000000e+00
     vertex  1.403787e+01 -1.396346e+01  9.000000e+00
   endloop
 endfacet
 facet normal  0.000000e+00 -0.000000e+00 -1.000000e+00
   outer loop
     vertex  1.460721e+01 -1.427381e+01  9.000000e+00
     vertex  1.524509e+01 -1.516038e+01  9.000000e+00
     vertex  1.458555e+01 -1.579594e+01  9.000000e+00
   endloop
 endfacet
 facet normal  0.000000e+00  0.000000e+00 -1.000000e+00
   outer loop
     vertex  1.460721e+01 -1.427381e+01  9.000000e+00
     vertex  1.458555e+01 -1.579594e+01  9.000000e+00
     vertex  1.341328e+01 -1.456447e+01  9.000000e+00
   endloop
 endfacet
 facet normal -0.000000e+00  0.000000e+00 -1.000000e+00
   outer loop
     vertex  1.460721e+01 -1.427381e+01  9.000000e+00
     vertex  1.341328e+01 -1.456447e+01  9.000000e+00
     vertex  1.431413e+01 -1.413406e+01  9.000000e+00
   endloop
 endfacet
 facet normal -0.000000e+00 -0.000000e+00 -1.000000e+00
   outer loop
     vertex  1.491368e+01 -1.438107e+01  9.000000e+00
     vertex  1.524509e+01 -1.516038e+01  9.000000e+00
     vertex  1.460721e+01 -1.427381e+01  9.000000e+00
   endloop
 endfacet
 facet normal -0.000000e+00 -0.000000e+00 -1.000000e+00
   outer loop
     vertex  1.522994e+01 -1.445458e+01  9.000000e+00
     vertex  1.524509e+01 -1.516038e+01  9.000000e+00
     vertex  1.491368e+01 -1.438107e+01  9.000000e+00
   endloop
 endfacet
 facet normal -0.000000e+00  0.000000e+00 -1.000000e+00
   outer loop
     vertex  1.555229e+01 -1.449348e+01  9.000000e+00
     vertex  1.524509e+01 -1.516038e+01  9.000000e+00
     vertex  1.522994e+01 -1.445458e+01  9.000000e+00
   endloop
 endfacet
 facet normal -0.000000e+00  0.000000e+00 -1.000000e+00
   outer loop
     vertex  1.587696e+01 -1.449731e+01  9.000000e+00
     vertex  1.524509e+01 -1.516038e+01  9.000000e+00
     vertex  1.555229e+01 -1.449348e+01  9.000000e+00
   endloop
 endfacet
 facet normal -6.933772e-01 -7.205749e-01  3.164431e-16
   outer loop
     vertex -1.341328e+01 -1.456447e+01  9.000000e+00
     vertex -1.403787e+01 -1.396346e+01  9.000000e+00
     vertex -1.403787e+01 -1.396346e+01  5.000000e-01
   endloop
 endfacet
 facet normal -6.933772e-01 -7.205749e-01 -1.051171e-16
   outer loop
     vertex -1.341328e+01 -1.456447e+01  9.000000e+00
     vertex -1.403787e+01 -1.396346e+01  5.000000e-01
     vertex -1.341328e+01 -1.456447e+01  5.000000e-01
   endloop
 endfacet
 facet normal -6.611754e-01 -7.502313e-01 -4.410310e-16
   outer loop
     vertex -1.276299e+01 -1.513757e+01  9.000000e+00
     vertex -1.341328e+01 -1.456447e+01  5.000000e-01
     vertex -1.276299e+01 -1.513757e+01  5.000000e-01
   endloop
 endfacet
 facet normal -6.611754e-01 -7.502313e-01 -7.534360e-18
   outer loop
     vertex -1.276299e+01 -1.513757e+01  9.000000e+00
     vertex -1.341328e+01 -1.456447e+01  9.000000e+00
     vertex -1.341328e+01 -1.456447e+01  5.000000e-01
   endloop
 endfacet
 facet normal -6.277066e-01 -7.784500e-01 -2.045232e-16
   outer loop
     vertex -1.208824e+01 -1.568166e+01  9.000000e+00
     vertex -1.276299e+01 -1.513757e+01  5.000000e-01
     vertex -1.208824e+01 -1.568166e+01  5.000000e-01
   endloop
 endfacet
 facet normal -6.277066e-01 -7.784500e-01 -3.315118e-16
   outer loop
     vertex -1.208824e+01 -1.568166e+01  9.000000e+00
     vertex -1.276299e+01 -1.513757e+01  9.000000e+00
     vertex -1.276299e+01 -1.513757e+01  5.000000e-01
   endloop
 endfacet
 facet normal -5.930347e-01 -8.051769e-01 -2.297323e-16
   outer loop
     vertex -1.139031e+01 -1.619570e+01  9.000000e+00
     vertex -1.208824e+01 -1.568166e+01  5.000000e-01
     vertex -1.139031e+01 -1.619570e+01  5.000000e-01
   endloop
 endfacet
 facet normal -5.930347e-01 -8.051769e-01 -1.054810e-16
   outer loop
     vertex -1.139031e+01 -1.619570e+01  9.000000e+00
     vertex -1.208824e+01 -1.568166e+01  9.000000e+00
     vertex -1.208824e+01 -1.568166e+01  5.000000e-01
   endloop
 endfacet
 facet normal -5.572264e-01 -8.303606e-01 -6.870094e-18
   outer loop
     vertex -1.067056e+01 -1.667870e+01  9.000000e+00
     vertex -1.139031e+01 -1.619570e+01  5.000000e-01
     vertex -1.067056e+01 -1.667870e+01  5.000000e-01
   endloop
 endfacet
 facet normal -5.572264e-01 -8.303606e-01 -1.205498e-16
   outer loop
     vertex -1.067056e+01 -1.667870e+01  9.000000e+00
     vertex -1.139031e+01 -1.619570e+01  9.000000e+00
     vertex -1.139031e+01 -1.619570e+01  5.000000e-01
   endloop
 endfacet
 facet normal -5.203501e-01 -8.539530e-01  9.041232e-17
   outer loop
     vertex -9.930365e+00 -1.712974e+01  9.000000e+00
     vertex -1.067056e+01 -1.667870e+01  9.000000e+00
     vertex -1.067056e+01 -1.667870e+01  5.000000e-01
   endloop
 endfacet
 facet normal -5.203501e-01 -8.539530e-01  2.008154e-16
   outer loop
     vertex -9.930365e+00 -1.712974e+01  9.000000e+00
     vertex -1.067056e+01 -1.667870e+01  5.000000e-01
     vertex -9.930365e+00 -1.712974e+01  5.000000e-01
   endloop
 endfacet
 facet normal -4.824767e-01 -8.759088e-01  2.863057e-16
   outer loop
     vertex -9.171134e+00 -1.754794e+01  9.000000e+00
     vertex -9.930365e+00 -1.712974e+01  9.000000e+00
     vertex -9.930365e+00 -1.712974e+01  5.000000e-01
   endloop
 endfacet
 facet normal -4.824767e-01 -8.759088e-01  1.908357e-16
   outer loop
     vertex -9.171134e+00 -1.754794e+01  9.000000e+00
     vertex -9.930365e+00 -1.712974e+01  5.000000e-01
     vertex -9.171134e+00 -1.754794e+01  5.000000e-01
   endloop
 endfacet
 facet normal -4.436785e-01 -8.961860e-01 -3.635050e-16
   outer loop
     vertex -8.394327e+00 -1.793252e+01  9.000000e+00
     vertex -9.171134e+00 -1.754794e+01  5.000000e-01
     vertex -8.394327e+00 -1.793252e+01  5.000000e-01
   endloop
 endfacet
 facet normal -4.436785e-01 -8.961860e-01  2.863057e-16
   outer loop
     vertex -8.394327e+00 -1.793252e+01  9.000000e+00
     vertex -9.171134e+00 -1.754794e+01  9.000000e+00
     vertex -9.171134e+00 -1.754794e+01  5.000000e-01
   endloop
 endfacet
 facet normal -4.040301e-01 -9.147457e-01 -7.968913e-17
   outer loop
     vertex -7.601433e+00 -1.828273e+01  9.000000e+00
     vertex -8.394327e+00 -1.793252e+01  5.000000e-01
     vertex -7.601433e+00 -1.828273e+01  5.000000e-01
   endloop
 endfacet
 facet normal -4.040301e-01 -9.147457e-01 -2.486339e-16
   outer loop
     vertex -7.601433e+00 -1.828273e+01  9.000000e+00
     vertex -8.394327e+00 -1.793252e+01  9.000000e+00
     vertex -8.394327e+00 -1.793252e+01  5.000000e-01
   endloop
 endfacet
 facet normal -3.636074e-01 -9.315523e-01 -1.711328e-16
   outer loop
     vertex -6.793970e+00 -1.859790e+01  9.000000e+00
     vertex -7.601433e+00 -1.828273e+01  5.000000e-01
     vertex -6.793970e+00 -1.859790e+01  5.000000e-01
   endloop
 endfacet
 facet normal -3.636074e-01 -9.315523e-01  2.260308e-17
   outer loop
     vertex -6.793970e+00 -1.859790e+01  9.000000e+00
     vertex -7.601433e+00 -1.828273e+01  9.000000e+00
     vertex -7.601433e+00 -1.828273e+01  5.000000e-01
   endloop
 endfacet
 facet normal -3.224878e-01 -9.465736e-01 -2.783094e-16
   outer loop
     vertex -5.973488e+00 -1.887743e+01  9.000000e+00
     vertex -6.793970e+00 -1.859790e+01  5.000000e-01
     vertex -5.973488e+00 -1.887743e+01  5.000000e-01
   endloop
 endfacet
 facet normal -3.224878e-01 -9.465736e-01 -4.897334e-17
   outer loop
     vertex -5.973488e+00 -1.887743e+01  9.000000e+00
     vertex -6.793970e+00 -1.859790e+01  9.000000e+00
     vertex -6.793970e+00 -1.859790e+01  5.000000e-01
   endloop
 endfacet
 facet normal -2.807502e-01 -9.597809e-01 -2.149006e-16
   outer loop
     vertex -5.141557e+00 -1.912078e+01  9.000000e+00
     vertex -5.973488e+00 -1.887743e+01  5.000000e-01
     vertex -5.141557e+00 -1.912078e+01  5.000000e-01
   endloop
 endfacet
 facet normal -2.807502e-01 -9.597809e-01 -1.845918e-16
   outer loop
     vertex -5.141557e+00 -1.912078e+01  9.000000e+00
     vertex -5.973488e+00 -1.887743e+01  9.000000e+00
     vertex -5.973488e+00 -1.887743e+01  5.000000e-01
   endloop
 endfacet
 facet normal -2.384746e-01 -9.711487e-01  2.885246e-16
   outer loop
     vertex -4.299773e+00 -1.932749e+01  9.000000e+00
     vertex -5.141557e+00 -1.912078e+01  5.000000e-01
     vertex -4.299773e+00 -1.932749e+01  5.000000e-01
   endloop
 endfacet
 facet normal -2.384746e-01 -9.711487e-01 -1.167826e-16
   outer loop
     vertex -4.299773e+00 -1.932749e+01  9.000000e+00
     vertex -5.141557e+00 -1.912078e+01  9.000000e+00
     vertex -5.141557e+00 -1.912078e+01  5.000000e-01
   endloop
 endfacet
 facet normal -1.957419e-01 -9.806554e-01  2.126671e-17
   outer loop
     vertex -3.449749e+00 -1.949716e+01  9.000000e+00
     vertex -4.299773e+00 -1.932749e+01  5.000000e-01
     vertex -3.449749e+00 -1.949716e+01  5.000000e-01
   endloop
 endfacet
 facet normal -1.957419e-01 -9.806554e-01  3.917867e-16
   outer loop
     vertex -3.449749e+00 -1.949716e+01  9.000000e+00
     vertex -4.299773e+00 -1.932749e+01  9.000000e+00
     vertex -4.299773e+00 -1.932749e+01  5.000000e-01
   endloop
 endfacet
 facet normal -1.526341e-01 -9.882828e-01  4.752603e-16
   outer loop
     vertex -2.593113e+00 -1.962946e+01  9.000000e+00
     vertex -3.449749e+00 -1.949716e+01  5.000000e-01
     vertex -2.593113e+00 -1.962946e+01  5.000000e-01
   endloop
 endfacet
 facet normal -1.526341e-01 -9.882828e-01  1.111318e-16
   outer loop
     vertex -2.593113e+00 -1.962946e+01  9.000000e+00
     vertex -3.449749e+00 -1.949716e+01  9.000000e+00
     vertex -3.449749e+00 -1.949716e+01  5.000000e-01
   endloop
 endfacet
 facet normal -1.092338e-01 -9.940161e-01 -6.665735e-16
   outer loop
     vertex -1.731508e+00 -1.972414e+01  9.000000e+00
     vertex -2.593113e+00 -1.962946e+01  5.000000e-01
     vertex -1.731508e+00 -1.972414e+01  5.000000e-01
   endloop
 endfacet
 facet normal -6.562412e-02 -9.978444e-01 -5.679230e-16
   outer loop
     vertex -1.731508e+00 -1.972414e+01  9.000000e+00
     vertex -1.731508e+00 -1.972414e+01  5.000000e-01
     vertex -8.665844e-01 -1.978103e+01  5.000000e-01
   endloop
 endfacet
 facet normal -1.092338e-01 -9.940161e-01  5.801457e-16
   outer loop
     vertex -1.731508e+00 -1.972414e+01  9.000000e+00
     vertex -2.593113e+00 -1.962946e+01  9.000000e+00
     vertex -2.593113e+00 -1.962946e+01  5.000000e-01
   endloop
 endfacet
 facet normal -6.562412e-02 -9.978444e-01 -5.679230e-16
   outer loop
     vertex -8.665844e-01 -1.978103e+01  9.000000e+00
     vertex -1.731508e+00 -1.972414e+01  9.000000e+00
     vertex -8.665844e-01 -1.978103e+01  5.000000e-01
   endloop
 endfacet
 facet normal -2.188869e-02 -9.997604e-01 -4.407380e-16
   outer loop
     vertex  3.552714e-15 -1.980000e+01  9.000000e+00
     vertex -8.665844e-01 -1.978103e+01  5.000000e-01
     vertex  1.243450e-14 -1.980000e+01  5.000000e-01
   endloop
 endfacet
 facet normal -2.188869e-02 -9.997604e-01 -4.680721e-16
   outer loop
     vertex  3.552714e-15 -1.980000e+01  9.000000e+00
     vertex -8.665844e-01 -1.978103e+01  9.000000e+00
     vertex -8.665844e-01 -1.978103e+01  5.000000e-01
   endloop
 endfacet
 facet normal  2.188869e-02 -9.997604e-01  4.574367e-18
   outer loop
     vertex  8.665844e-01 -1.978103e+01  9.000000e+00
     vertex  1.243450e-14 -1.980000e+01  5.000000e-01
     vertex  8.665844e-01 -1.978103e+01  5.000000e-01
   endloop
 endfacet
 facet normal  6.562412e-02 -9.978444e-01  1.371434e-17
   outer loop
     vertex  8.665844e-01 -1.978103e+01  9.000000e+00
     vertex  8.665844e-01 -1.978103e+01  5.000000e-01
     vertex  1.731508e+00 -1.972414e+01  5.000000e-01
   endloop
 endfacet
 facet normal  2.188869e-02 -9.997604e-01 -3.946121e-16
   outer loop
     vertex  8.665844e-01 -1.978103e+01  9.000000e+00
     vertex  3.552714e-15 -1.980000e+01  9.000000e+00
     vertex  1.243450e-14 -1.980000e+01  5.000000e-01
   endloop
 endfacet
 facet normal  1.092338e-01 -9.940161e-01 -6.848406e-17
   outer loop
     vertex  1.731508e+00 -1.972414e+01  9.000000e+00
     vertex  1.731508e+00 -1.972414e+01  5.000000e-01
     vertex  2.593113e+00 -1.962946e+01  5.000000e-01
   endloop
 endfacet
 facet normal  6.562412e-02 -9.978444e-01 -4.114301e-17
   outer loop
     vertex  1.731508e+00 -1.972414e+01  9.000000e+00
     vertex  8.665844e-01 -1.978103e+01  9.000000e+00
     vertex  1.731508e+00 -1.972414e+01  5.000000e-01
   endloop
 endfacet
 facet normal  1.092338e-01 -9.940161e-01  6.368923e-16
   outer loop
     vertex  2.593113e+00 -1.962946e+01  9.000000e+00
     vertex  1.731508e+00 -1.972414e+01  9.000000e+00
     vertex  2.593113e+00 -1.962946e+01  5.000000e-01
   endloop
 endfacet
 facet normal  1.526341e-01 -9.882828e-01 -4.306224e-16
   outer loop
     vertex  3.449749e+00 -1.949716e+01  9.000000e+00
     vertex  2.593113e+00 -1.962946e+01  5.000000e-01
     vertex  3.449749e+00 -1.949716e+01  5.000000e-01
   endloop
 endfacet
 facet normal  1.957419e-01 -9.806554e-01 -5.522413e-16
   outer loop
     vertex  3.449749e+00 -1.949716e+01  9.000000e+00
     vertex  3.449749e+00 -1.949716e+01  5.000000e-01
     vertex  4.299773e+00 -1.932749e+01  5.000000e-01
   endloop
 endfacet
 facet normal  1.526341e-01 -9.882828e-01  5.537755e-16
   outer loop
     vertex  3.449749e+00 -1.949716e+01  9.000000e+00
     vertex  2.593113e+00 -1.962946e+01  9.000000e+00
     vertex  2.593113e+00 -1.962946e+01  5.000000e-01
   endloop
 endfacet
 facet normal  2.384746e-01 -9.711487e-01 -8.525415e-17
   outer loop
     vertex  4.299773e+00 -1.932749e+01  9.000000e+00
     vertex  4.299773e+00 -1.932749e+01  5.000000e-01
     vertex  5.141557e+00 -1.912078e+01  5.000000e-01
   endloop
 endfacet
 facet normal  1.957419e-01 -9.806554e-01  8.344018e-17
   outer loop
     vertex  4.299773e+00 -1.932749e+01  9.000000e+00
     vertex  3.449749e+00 -1.949716e+01  9.000000e+00
     vertex  4.299773e+00 -1.932749e+01  5.000000e-01
   endloop
 endfacet
 facet normal  2.384746e-01 -9.711487e-01  9.638604e-17
   outer loop
     vertex  5.141557e+00 -1.912078e+01  9.000000e+00
     vertex  4.299773e+00 -1.932749e+01  9.000000e+00
     vertex  5.141557e+00 -1.912078e+01  5.000000e-01
   endloop
 endfacet
 facet normal  2.807502e-01 -9.597809e-01 -3.806776e-16
   outer loop
     vertex  5.973488e+00 -1.887743e+01  9.000000e+00
     vertex  5.141557e+00 -1.912078e+01  5.000000e-01
     vertex  5.973488e+00 -1.887743e+01  5.000000e-01
   endloop
 endfacet
 facet normal  3.224878e-01 -9.465736e-01 -6.327445e-16
   outer loop
     vertex  5.973488e+00 -1.887743e+01  9.000000e+00
     vertex  5.973488e+00 -1.887743e+01  5.000000e-01
     vertex  6.793970e+00 -1.859790e+01  5.000000e-01
   endloop
 endfacet
 facet normal  2.807502e-01 -9.597809e-01 -1.167826e-16
   outer loop
     vertex  5.973488e+00 -1.887743e+01  9.000000e+00
     vertex  5.141557e+00 -1.912078e+01  9.000000e+00
     vertex  5.141557e+00 -1.912078e+01  5.000000e-01
   endloop
 endfacet
 facet normal  3.636074e-01 -9.315523e-01  1.851634e-17
   outer loop
     vertex  6.793970e+00 -1.859790e+01  9.000000e+00
     vertex  6.793970e+00 -1.859790e+01  5.000000e-01
     vertex  7.601433e+00 -1.828273e+01  5.000000e-01
   endloop
 endfacet
 facet normal  3.224878e-01 -9.465736e-01  3.182823e-16
   outer loop
     vertex  6.793970e+00 -1.859790e+01  9.000000e+00
     vertex  5.973488e+00 -1.887743e+01  9.000000e+00
     vertex  6.793970e+00 -1.859790e+01  5.000000e-01
   endloop
 endfacet
 facet normal  4.040301e-01 -9.147457e-01  1.456387e-16
   outer loop
     vertex  7.601433e+00 -1.828273e+01  9.000000e+00
     vertex  7.601433e+00 -1.828273e+01  5.000000e-01
     vertex  8.394327e+00 -1.793252e+01  5.000000e-01
   endloop
 endfacet
 facet normal  3.636074e-01 -9.315523e-01  4.932800e-16
   outer loop
     vertex  7.601433e+00 -1.828273e+01  9.000000e+00
     vertex  6.793970e+00 -1.859790e+01  9.000000e+00
     vertex  7.601433e+00 -1.828273e+01  5.000000e-01
   endloop
 endfacet
 facet normal  4.436785e-01 -8.961860e-01 -2.449523e-16
   outer loop
     vertex  8.394327e+00 -1.793252e+01  9.000000e+00
     vertex  8.394327e+00 -1.793252e+01  5.000000e-01
     vertex  9.171134e+00 -1.754794e+01  5.000000e-01
   endloop
 endfacet
 facet normal  4.040301e-01 -9.147457e-01  1.480119e-16
   outer loop
     vertex  8.394327e+00 -1.793252e+01  9.000000e+00
     vertex  7.601433e+00 -1.828273e+01  9.000000e+00
     vertex  8.394327e+00 -1.793252e+01  5.000000e-01
   endloop
 endfacet
 facet normal  4.824767e-01 -8.759088e-01 -2.077346e-16
   outer loop
     vertex  9.171134e+00 -1.754794e+01  9.000000e+00
     vertex  9.171134e+00 -1.754794e+01  5.000000e-01
     vertex  9.930365e+00 -1.712974e+01  5.000000e-01
   endloop
 endfacet
 facet normal  4.436785e-01 -8.961860e-01  2.260348e-16
   outer loop
     vertex  9.171134e+00 -1.754794e+01  9.000000e+00
     vertex  8.394327e+00 -1.793252e+01  9.000000e+00
     vertex  9.171134e+00 -1.754794e+01  5.000000e-01
   endloop
 endfacet
 facet normal  4.824767e-01 -8.759088e-01 -3.457817e-16
   outer loop
     vertex  9.930365e+00 -1.712974e+01  9.000000e+00
     vertex  9.171134e+00 -1.754794e+01  9.000000e+00
     vertex  9.930365e+00 -1.712974e+01  5.000000e-01
   endloop
 endfacet
 facet normal  5.203501e-01 -8.539530e-01 -8.287796e-16
   outer loop
     vertex  1.067056e+01 -1.667870e+01  9.000000e+00
     vertex  9.930365e+00 -1.712974e+01  9.000000e+00
     vertex  9.930365e+00 -1.712974e+01  5.000000e-01
   endloop
 endfacet
 facet normal  5.203501e-01 -8.539530e-01  2.537743e-17
   outer loop
     vertex  1.067056e+01 -1.667870e+01  9.000000e+00
     vertex  9.930365e+00 -1.712974e+01  5.000000e-01
     vertex  1.067056e+01 -1.667870e+01  5.000000e-01
   endloop
 endfacet
 facet normal  5.572264e-01 -8.303606e-01 -5.001542e-16
   outer loop
     vertex  1.067056e+01 -1.667870e+01  9.000000e+00
     vertex  1.067056e+01 -1.667870e+01  5.000000e-01
     vertex  1.139031e+01 -1.619570e+01  5.000000e-01
   endloop
 endfacet
 facet normal  5.930347e-01 -8.051769e-01 -5.108540e-16
   outer loop
     vertex  1.139031e+01 -1.619570e+01  9.000000e+00
     vertex  1.139031e+01 -1.619570e+01  5.000000e-01
     vertex  1.208824e+01 -1.568166e+01  5.000000e-01
   endloop
 endfacet
 facet normal  5.572264e-01 -8.303606e-01  7.523037e-17
   outer loop
     vertex  1.139031e+01 -1.619570e+01  9.000000e+00
     vertex  1.067056e+01 -1.667870e+01  9.000000e+00
     vertex  1.139031e+01 -1.619570e+01  5.000000e-01
   endloop
 endfacet
 facet normal  5.930347e-01 -8.051769e-01  2.065538e-16
   outer loop
     vertex  1.208824e+01 -1.568166e+01  9.000000e+00
     vertex  1.139031e+01 -1.619570e+01  9.000000e+00
     vertex  1.208824e+01 -1.568166e+01  5.000000e-01
   endloop
 endfacet
 facet normal  6.277066e-01 -7.784500e-01 -4.137246e-16
   outer loop
     vertex  1.208824e+01 -1.568166e+01  9.000000e+00
     vertex  1.208824e+01 -1.568166e+01  5.000000e-01
     vertex  1.276299e+01 -1.513757e+01  5.000000e-01
   endloop
 endfacet
 facet normal  6.277066e-01 -7.784500e-01  5.938759e-16
   outer loop
     vertex  1.276299e+01 -1.513757e+01  9.000000e+00
     vertex  1.208824e+01 -1.568166e+01  9.000000e+00
     vertex  1.276299e+01 -1.513757e+01  5.000000e-01
   endloop
 endfacet
 facet normal  6.611754e-01 -7.502313e-01 -7.388470e-17
   outer loop
     vertex  1.276299e+01 -1.513757e+01  9.000000e+00
     vertex  1.276299e+01 -1.513757e+01  5.000000e-01
     vertex  1.341328e+01 -1.456447e+01  5.000000e-01
   endloop
 endfacet
 facet normal  6.611754e-01 -7.502313e-01 -1.562257e-16
   outer loop
     vertex  1.341328e+01 -1.456447e+01  9.000000e+00
     vertex  1.276299e+01 -1.513757e+01  9.000000e+00
     vertex  1.341328e+01 -1.456447e+01  5.000000e-01
   endloop
 endfacet
 facet normal  6.933772e-01 -7.205749e-01 -8.693563e-16
   outer loop
     vertex  1.341328e+01 -1.456447e+01  9.000000e+00
     vertex  1.341328e+01 -1.456447e+01  5.000000e-01
     vertex  1.403787e+01 -1.396346e+01  5.000000e-01
   endloop
 endfacet
 facet normal  6.933772e-01 -7.205749e-01  5.427058e-16
   outer loop
     vertex  1.403787e+01 -1.396346e+01  9.000000e+00
     vertex  1.341328e+01 -1.456447e+01  9.000000e+00
     vertex  1.403787e+01 -1.396346e+01  5.000000e-01
   endloop
 endfacet
 facet normal -9.951847e-01 -9.801714e-02  0.000000e+00
   outer loop
     vertex -1.476921e+01 -1.130491e+01  1.200000e+01
     vertex -1.475000e+01 -1.150000e+01  1.100000e+01
     vertex -1.475000e+01 -1.150000e+01  1.200000e+01
   endloop
 endfacet
 facet normal -9.951847e-01 -9.801714e-02 -0.000000e+00
   outer loop
     vertex -1.476921e+01 -1.130491e+01  1.200000e+01
     vertex -1.476921e+01 -1.130491e+01  1.100000e+01
     vertex -1.475000e+01 -1.150000e+01  1.100000e+01
   endloop
 endfacet
 facet normal -9.569403e-01 -2.902847e-01 -0.000000e+00
   outer loop
     vertex -1.482612e+01 -1.111732e+01  1.200000e+01
     vertex -1.482612e+01 -1.111732e+01  1.100000e+01
     vertex -1.476921e+01 -1.130491e+01  1.100000e+01
   endloop
 endfacet
 facet normal -9.569403e-01 -2.902847e-01  0.000000e+00
   outer loop
     vertex -1.482612e+01 -1.111732e+01  1.200000e+01
     vertex -1.476921e+01 -1.130491e+01  1.100000e+01
     vertex -1.476921e+01 -1.130491e+01  1.200000e+01
   endloop
 endfacet
 facet normal -8.819213e-01 -4.713967e-01 -0.000000e+00
   outer loop
     vertex -1.491853e+01 -1.094443e+01  1.200000e+01
     vertex -1.491853e+01 -1.094443e+01  1.100000e+01
     vertex -1.482612e+01 -1.111732e+01  1.100000e+01
   endloop
 endfacet
 facet normal -8.819213e-01 -4.713967e-01  0.000000e+00
   outer loop
     vertex -1.491853e+01 -1.094443e+01  1.200000e+01
     vertex -1.482612e+01 -1.111732e+01  1.100000e+01
     vertex -1.482612e+01 -1.111732e+01  1.200000e+01
   endloop
 endfacet
 facet normal -7.730105e-01 -6.343933e-01 -0.000000e+00
   outer loop
     vertex -1.504289e+01 -1.079289e+01  1.200000e+01
     vertex -1.504289e+01 -1.079289e+01  1.100000e+01
     vertex -1.491853e+01 -1.094443e+01  1.100000e+01
   endloop
 endfacet
 facet normal -7.730105e-01 -6.343933e-01  0.000000e+00
   outer loop
     vertex -1.504289e+01 -1.079289e+01  1.200000e+01
     vertex -1.491853e+01 -1.094443e+01  1.100000e+01
     vertex -1.491853e+01 -1.094443e+01  1.200000e+01
   endloop
 endfacet
 facet normal -6.343933e-01 -7.730105e-01 -0.000000e+00
   outer loop
     vertex -1.519443e+01 -1.066853e+01  1.200000e+01
     vertex -1.519443e+01 -1.066853e+01  1.100000e+01
     vertex -1.504289e+01 -1.079289e+01  1.100000e+01
   endloop
 endfacet
 facet normal -6.343933e-01 -7.730105e-01  0.000000e+00
   outer loop
     vertex -1.519443e+01 -1.066853e+01  1.200000e+01
     vertex -1.504289e+01 -1.079289e+01  1.100000e+01
     vertex -1.504289e+01 -1.079289e+01  1.200000e+01
   endloop
 endfacet
 facet normal -4.713967e-01 -8.819213e-01 -0.000000e+00
   outer loop
     vertex -1.536732e+01 -1.057612e+01  1.200000e+01
     vertex -1.536732e+01 -1.057612e+01  1.100000e+01
     vertex -1.519443e+01 -1.066853e+01  1.100000e+01
   endloop
 endfacet
 facet normal -4.713967e-01 -8.819213e-01  0.000000e+00
   outer loop
     vertex -1.536732e+01 -1.057612e+01  1.200000e+01
     vertex -1.519443e+01 -1.066853e+01  1.100000e+01
     vertex -1.519443e+01 -1.066853e+01  1.200000e+01
   endloop
 endfacet
 facet normal -2.902847e-01 -9.569403e-01 -0.000000e+00
   outer loop
     vertex -1.555491e+01 -1.051921e+01  1.200000e+01
     vertex -1.555491e+01 -1.051921e+01  1.100000e+01
     vertex -1.536732e+01 -1.057612e+01  1.100000e+01
   endloop
 endfacet
 facet normal -2.902847e-01 -9.569403e-01  0.000000e+00
   outer loop
     vertex -1.555491e+01 -1.051921e+01  1.200000e+01
     vertex -1.536732e+01 -1.057612e+01  1.100000e+01
     vertex -1.536732e+01 -1.057612e+01  1.200000e+01
   endloop
 endfacet
 facet normal -9.801714e-02 -9.951847e-01  0.000000e+00
   outer loop
     vertex -1.575000e+01 -1.050000e+01  1.200000e+01
     vertex -1.555491e+01 -1.051921e+01  1.100000e+01
     vertex -1.555491e+01 -1.051921e+01  1.200000e+01
   endloop
 endfacet
 facet normal -9.801714e-02 -9.951847e-01 -0.000000e+00
   outer loop
     vertex -1.575000e+01 -1.050000e+01  1.200000e+01
     vertex -1.575000e+01 -1.050000e+01  1.100000e+01
     vertex -1.555491e+01 -1.051921e+01  1.100000e+01
   endloop
 endfacet
 facet normal  9.801714e-02 -9.951847e-01  0.000000e+00
   outer loop
     vertex -1.594509e+01 -1.051921e+01  1.200000e+01
     vertex -1.575000e+01 -1.050000e+01  1.100000e+01
     vertex -1.575000e+01 -1.050000e+01  1.200000e+01
   endloop
 endfacet
 facet normal  9.801714e-02 -9.951847e-01  0.000000e+00
   outer loop
     vertex -1.594509e+01 -1.051921e+01  1.200000e+01
     vertex -1.594509e+01 -1.051921e+01  1.100000e+01
     vertex -1.575000e+01 -1.050000e+01  1.100000e+01
   endloop
 endfacet
 facet normal  2.902847e-01 -9.569403e-01  0.000000e+00
   outer loop
     vertex -1.613268e+01 -1.057612e+01  1.200000e+01
     vertex -1.594509e+01 -1.051921e+01  1.100000e+01
     vertex -1.594509e+01 -1.051921e+01  1.200000e+01
   endloop
 endfacet
 facet normal  2.902847e-01 -9.569403e-01  0.000000e+00
   outer loop
     vertex -1.613268e+01 -1.057612e+01  1.200000e+01
     vertex -1.613268e+01 -1.057612e+01  1.100000e+01
     vertex -1.594509e+01 -1.051921e+01  1.100000e+01
   endloop
 endfacet
 facet normal  4.713967e-01 -8.819213e-01  0.000000e+00
   outer loop
     vertex -1.630557e+01 -1.066853e+01  1.200000e+01
     vertex -1.613268e+01 -1.057612e+01  1.100000e+01
     vertex -1.613268e+01 -1.057612e+01  1.200000e+01
   endloop
 endfacet
 facet normal  4.713967e-01 -8.819213e-01  0.000000e+00
   outer loop
     vertex -1.630557e+01 -1.066853e+01  1.200000e+01
     vertex -1.630557e+01 -1.066853e+01  1.100000e+01
     vertex -1.613268e+01 -1.057612e+01  1.100000e+01
   endloop
 endfacet
 facet normal  6.343933e-01 -7.730105e-01  0.000000e+00
   outer loop
     vertex -1.645711e+01 -1.079289e+01  1.200000e+01
     vertex -1.630557e+01 -1.066853e+01  1.100000e+01
     vertex -1.630557e+01 -1.066853e+01  1.200000e+01
   endloop
 endfacet
 facet normal  6.343933e-01 -7.730105e-01  0.000000e+00
   outer loop
     vertex -1.645711e+01 -1.079289e+01  1.200000e+01
     vertex -1.645711e+01 -1.079289e+01  1.100000e+01
     vertex -1.630557e+01 -1.066853e+01  1.100000e+01
   endloop
 endfacet
 facet normal  7.730105e-01 -6.343933e-01  0.000000e+00
   outer loop
     vertex -1.658147e+01 -1.094443e+01  1.200000e+01
     vertex -1.645711e+01 -1.079289e+01  1.100000e+01
     vertex -1.645711e+01 -1.079289e+01  1.200000e+01
   endloop
 endfacet
 facet normal  7.730105e-01 -6.343933e-01  0.000000e+00
   outer loop
     vertex -1.658147e+01 -1.094443e+01  1.200000e+01
     vertex -1.658147e+01 -1.094443e+01  1.100000e+01
     vertex -1.645711e+01 -1.079289e+01  1.100000e+01
   endloop
 endfacet
 facet normal  8.819213e-01 -4.713967e-01  0.000000e+00
   outer loop
     vertex -1.658147e+01 -1.094443e+01  1.200000e+01
     vertex -1.667388e+01 -1.111732e+01  1.100000e+01
     vertex -1.658147e+01 -1.094443e+01  1.100000e+01
   endloop
 endfacet
 facet normal  8.819213e-01 -4.713967e-01  0.000000e+00
   outer loop
     vertex -1.667388e+01 -1.111732e+01  1.200000e+01
     vertex -1.667388e+01 -1.111732e+01  1.100000e+01
     vertex -1.658147e+01 -1.094443e+01  1.200000e+01
   endloop
 endfacet
 facet normal  9.569403e-01 -2.902847e-01  0.000000e+00
   outer loop
     vertex -1.673079e+01 -1.130491e+01  1.200000e+01
     vertex -1.667388e+01 -1.111732e+01  1.100000e+01
     vertex -1.667388e+01 -1.111732e+01  1.200000e+01
   endloop
 endfacet
 facet normal  9.569403e-01 -2.902847e-01  0.000000e+00
   outer loop
     vertex -1.673079e+01 -1.130491e+01  1.200000e+01
     vertex -1.673079e+01 -1.130491e+01  1.100000e+01
     vertex -1.667388e+01 -1.111732e+01  1.100000e+01
   endloop
 endfacet
 facet normal  9.951847e-01 -9.801714e-02  0.000000e+00
   outer loop
     vertex -1.675000e+01 -1.150000e+01  1.200000e+01
     vertex -1.673079e+01 -1.130491e+01  1.100000e+01
     vertex -1.673079e+01 -1.130491e+01  1.200000e+01
   endloop
 endfacet
 facet normal  9.951847e-01 -9.801714e-02  0.000000e+00
   outer loop
     vertex -1.675000e+01 -1.150000e+01  1.200000e+01
     vertex -1.675000e+01 -1.150000e+01  1.100000e+01
     vertex -1.673079e+01 -1.130491e+01  1.100000e+01
   endloop
 endfacet
 facet normal  9.951847e-01  9.801714e-02  0.000000e+00
   outer loop
     vertex -1.673079e+01 -1.169509e+01  1.200000e+01
     vertex -1.675000e+01 -1.150000e+01  1.100000e+01
     vertex -1.675000e+01 -1.150000e+01  1.200000e+01
   endloop
 endfacet
 facet normal  9.951847e-01  9.801714e-02  0.000000e+00
   outer loop
     vertex -1.673079e+01 -1.169509e+01  1.200000e+01
     vertex -1.673079e+01 -1.169509e+01  1.100000e+01
     vertex -1.675000e+01 -1.150000e+01  1.100000e+01
   endloop
 endfacet
 facet normal  9.569403e-01  2.902847e-01  0.000000e+00
   outer loop
     vertex -1.673079e+01 -1.169509e+01  1.200000e+01
     vertex -1.667388e+01 -1.188268e+01  1.100000e+01
     vertex -1.673079e+01 -1.169509e+01  1.100000e+01
   endloop
 endfacet
 facet normal  9.569403e-01  2.902847e-01  0.000000e+00
   outer loop
     vertex -1.667388e+01 -1.188268e+01  1.200000e+01
     vertex -1.667388e+01 -1.188268e+01  1.100000e+01
     vertex -1.673079e+01 -1.169509e+01  1.200000e+01
   endloop
 endfacet
 facet normal  8.819213e-01  4.713967e-01  0.000000e+00
   outer loop
     vertex -1.658147e+01 -1.205557e+01  1.200000e+01
     vertex -1.667388e+01 -1.188268e+01  1.100000e+01
     vertex -1.667388e+01 -1.188268e+01  1.200000e+01
   endloop
 endfacet
 facet normal  8.819213e-01  4.713967e-01  0.000000e+00
   outer loop
     vertex -1.658147e+01 -1.205557e+01  1.200000e+01
     vertex -1.658147e+01 -1.205557e+01  1.100000e+01
     vertex -1.667388e+01 -1.188268e+01  1.100000e+01
   endloop
 endfacet
 facet normal  7.730105e-01  6.343933e-01  0.000000e+00
   outer loop
     vertex -1.645711e+01 -1.220711e+01  1.200000e+01
     vertex -1.658147e+01 -1.205557e+01  1.100000e+01
     vertex -1.658147e+01 -1.205557e+01  1.200000e+01
   endloop
 endfacet
 facet normal  7.730105e-01  6.343933e-01  0.000000e+00
   outer loop
     vertex -1.645711e+01 -1.220711e+01  1.200000e+01
     vertex -1.645711e+01 -1.220711e+01  1.100000e+01
     vertex -1.658147e+01 -1.205557e+01  1.100000e+01
   endloop
 endfacet
 facet normal  6.343933e-01  7.730105e-01  0.000000e+00
   outer loop
     vertex -1.630557e+01 -1.233147e+01  1.200000e+01
     vertex -1.630557e+01 -1.233147e+01  1.100000e+01
     vertex -1.645711e+01 -1.220711e+01  1.100000e+01
   endloop
 endfacet
 facet normal  6.343933e-01  7.730105e-01  0.000000e+00
   outer loop
     vertex -1.630557e+01 -1.233147e+01  1.200000e+01
     vertex -1.645711e+01 -1.220711e+01  1.100000e+01
     vertex -1.645711e+01 -1.220711e+01  1.200000e+01
   endloop
 endfacet
 facet normal  4.713967e-01  8.819213e-01  0.000000e+00
   outer loop
     vertex -1.613268e+01 -1.242388e+01  1.200000e+01
     vertex -1.630557e+01 -1.233147e+01  1.100000e+01
     vertex -1.630557e+01 -1.233147e+01  1.200000e+01
   endloop
 endfacet
 facet normal  4.713967e-01  8.819213e-01  0.000000e+00
   outer loop
     vertex -1.613268e+01 -1.242388e+01  1.200000e+01
     vertex -1.613268e+01 -1.242388e+01  1.100000e+01
     vertex -1.630557e+01 -1.233147e+01  1.100000e+01
   endloop
 endfacet
 facet normal  2.902847e-01  9.569403e-01  0.000000e+00
   outer loop
     vertex -1.613268e+01 -1.242388e+01  1.200000e+01
     vertex -1.594509e+01 -1.248079e+01  1.100000e+01
     vertex -1.613268e+01 -1.242388e+01  1.100000e+01
   endloop
 endfacet
 facet normal  2.902847e-01  9.569403e-01  0.000000e+00
   outer loop
     vertex -1.594509e+01 -1.248079e+01  1.200000e+01
     vertex -1.594509e+01 -1.248079e+01  1.100000e+01
     vertex -1.613268e+01 -1.242388e+01  1.200000e+01
   endloop
 endfacet
 facet normal  9.801714e-02  9.951847e-01  0.000000e+00
   outer loop
     vertex -1.575000e+01 -1.250000e+01  1.200000e+01
     vertex -1.575000e+01 -1.250000e+01  1.100000e+01
     vertex -1.594509e+01 -1.248079e+01  1.100000e+01
   endloop
 endfacet
 facet normal  9.801714e-02  9.951847e-01  0.000000e+00
   outer loop
     vertex -1.575000e+01 -1.250000e+01  1.200000e+01
     vertex -1.594509e+01 -1.248079e+01  1.100000e+01
     vertex -1.594509e+01 -1.248079e+01  1.200000e+01
   endloop
 endfacet
 facet normal -9.801714e-02  9.951847e-01  0.000000e+00
   outer loop
     vertex -1.555491e+01 -1.248079e+01  1.200000e+01
     vertex -1.555491e+01 -1.248079e+01  1.100000e+01
     vertex -1.575000e+01 -1.250000e+01  1.100000e+01
   endloop
 endfacet
 facet normal -9.801714e-02  9.951847e-01  0.000000e+00
   outer loop
     vertex -1.555491e+01 -1.248079e+01  1.200000e+01
     vertex -1.575000e+01 -1.250000e+01  1.100000e+01
     vertex -1.575000e+01 -1.250000e+01  1.200000e+01
   endloop
 endfacet
 facet normal -2.902847e-01  9.569403e-01  0.000000e+00
   outer loop
     vertex -1.536732e+01 -1.242388e+01  1.200000e+01
     vertex -1.536732e+01 -1.242388e+01  1.100000e+01
     vertex -1.555491e+01 -1.248079e+01  1.100000e+01
   endloop
 endfacet
 facet normal -2.902847e-01  9.569403e-01  0.000000e+00
   outer loop
     vertex -1.536732e+01 -1.242388e+01  1.200000e+01
     vertex -1.555491e+01 -1.248079e+01  1.100000e+01
     vertex -1.555491e+01 -1.248079e+01  1.200000e+01
   endloop
 endfacet
 facet normal -4.713967e-01  8.819213e-01  0.000000e+00
   outer loop
     vertex -1.519443e+01 -1.233147e+01  1.200000e+01
     vertex -1.519443e+01 -1.233147e+01  1.100000e+01
     vertex -1.536732e+01 -1.242388e+01  1.100000e+01
   endloop
 endfacet
 facet normal -4.713967e-01  8.819213e-01  0.000000e+00
   outer loop
     vertex -1.519443e+01 -1.233147e+01  1.200000e+01
     vertex -1.536732e+01 -1.242388e+01  1.100000e+01
     vertex -1.536732e+01 -1.242388e+01  1.200000e+01
   endloop
 endfacet
 facet normal -6.343933e-01  7.730105e-01  0.000000e+00
   outer loop
     vertex -1.504289e+01 -1.220711e+01  1.200000e+01
     vertex -1.504289e+01 -1.220711e+01  1.100000e+01
     vertex -1.519443e+01 -1.233147e+01  1.100000e+01
   endloop
 endfacet
 facet normal -6.343933e-01  7.730105e-01  0.000000e+00
   outer loop
     vertex -1.504289e+01 -1.220711e+01  1.200000e+01
     vertex -1.519443e+01 -1.233147e+01  1.100000e+01
     vertex -1.519443e+01 -1.233147e+01  1.200000e+01
   endloop
 endfacet
 facet normal -7.730105e-01  6.343933e-01  0.000000e+00
   outer loop
     vertex -1.491853e+01 -1.205557e+01  1.200000e+01
     vertex -1.491853e+01 -1.205557e+01  1.100000e+01
     vertex -1.504289e+01 -1.220711e+01  1.100000e+01
   endloop
 endfacet
 facet normal -7.730105e-01  6.343933e-01  0.000000e+00
   outer loop
     vertex -1.491853e+01 -1.205557e+01  1.200000e+01
     vertex -1.504289e+01 -1.220711e+01  1.100000e+01
     vertex -1.504289e+01 -1.220711e+01  1.200000e+01
   endloop
 endfacet
 facet normal -8.819213e-01  4.713967e-01  0.000000e+00
   outer loop
     vertex -1.482612e+01 -1.188268e+01  1.200000e+01
     vertex -1.482612e+01 -1.188268e+01  1.100000e+01
     vertex -1.491853e+01 -1.205557e+01  1.100000e+01
   endloop
 endfacet
 facet normal -8.819213e-01  4.713967e-01  0.000000e+00
   outer loop
     vertex -1.482612e+01 -1.188268e+01  1.200000e+01
     vertex -1.491853e+01 -1.205557e+01  1.100000e+01
     vertex -1.491853e+01 -1.205557e+01  1.200000e+01
   endloop
 endfacet
 facet normal -9.569403e-01  2.902847e-01  0.000000e+00
   outer loop
     vertex -1.476921e+01 -1.169509e+01  1.200000e+01
     vertex -1.476921e+01 -1.169509e+01  1.100000e+01
     vertex -1.482612e+01 -1.188268e+01  1.100000e+01
   endloop
 endfacet
 facet normal -9.569403e-01  2.902847e-01  0.000000e+00
   outer loop
     vertex -1.476921e+01 -1.169509e+01  1.200000e+01
     vertex -1.482612e+01 -1.188268e+01  1.100000e+01
     vertex -1.482612e+01 -1.188268e+01  1.200000e+01
   endloop
 endfacet
 facet normal -9.951847e-01  9.801714e-02  0.000000e+00
   outer loop
     vertex -1.475000e+01 -1.150000e+01  1.200000e+01
     vertex -1.475000e+01 -1.150000e+01  1.100000e+01
     vertex -1.476921e+01 -1.169509e+01  1.100000e+01
   endloop
 endfacet
 facet normal -9.951847e-01  9.801714e-02  0.000000e+00
   outer loop
     vertex -1.475000e+01 -1.150000e+01  1.200000e+01
     vertex -1.476921e+01 -1.169509e+01  1.100000e+01
     vertex -1.476921e+01 -1.169509e+01  1.200000e+01
   endloop
 endfacet
 facet normal -9.951847e-01 -9.801714e-02  0.000000e+00
   outer loop
     vertex  1.673079e+01 -1.130491e+01  1.200000e+01
     vertex  1.675000e+01 -1.150000e+01  1.100000e+01
     vertex  1.675000e+01 -1.150000e+01  1.200000e+01
   endloop
 endfacet
 facet normal -9.951847e-01 -9.801714e-02 -0.000000e+00
   outer loop
     vertex  1.673079e+01 -1.130491e+01  1.200000e+01
     vertex  1.673079e+01 -1.130491e+01  1.100000e+01
     vertex  1.675000e+01 -1.150000e+01  1.100000e+01
   endloop
 endfacet
 facet normal -9.569403e-01 -2.902847e-01 -0.000000e+00
   outer loop
     vertex  1.667388e+01 -1.111732e+01  1.200000e+01
     vertex  1.667388e+01 -1.111732e+01  1.100000e+01
     vertex  1.673079e+01 -1.130491e+01  1.100000e+01
   endloop
 endfacet
 facet normal -9.569403e-01 -2.902847e-01  0.000000e+00
   outer loop
     vertex  1.667388e+01 -1.111732e+01  1.200000e+01
     vertex  1.673079e+01 -1.130491e+01  1.100000e+01
     vertex  1.673079e+01 -1.130491e+01  1.200000e+01
   endloop
 endfacet
 facet normal -8.819213e-01 -4.713967e-01 -0.000000e+00
   outer loop
     vertex  1.658147e+01 -1.094443e+01  1.200000e+01
     vertex  1.658147e+01 -1.094443e+01  1.100000e+01
     vertex  1.667388e+01 -1.111732e+01  1.100000e+01
   endloop
 endfacet
 facet normal -8.819213e-01 -4.713967e-01  0.000000e+00
   outer loop
     vertex  1.658147e+01 -1.094443e+01  1.200000e+01
     vertex  1.667388e+01 -1.111732e+01  1.100000e+01
     vertex  1.667388e+01 -1.111732e+01  1.200000e+01
   endloop
 endfacet
 facet normal -7.730105e-01 -6.343933e-01 -0.000000e+00
   outer loop
     vertex  1.645711e+01 -1.079289e+01  1.200000e+01
     vertex  1.645711e+01 -1.079289e+01  1.100000e+01
     vertex  1.658147e+01 -1.094443e+01  1.100000e+01
   endloop
 endfacet
 facet normal -7.730105e-01 -6.343933e-01  0.000000e+00
   outer loop
     vertex  1.645711e+01 -1.079289e+01  1.200000e+01
     vertex  1.658147e+01 -1.094443e+01  1.100000e+01
     vertex  1.658147e+01 -1.094443e+01  1.200000e+01
   endloop
 endfacet
 facet normal -6.343933e-01 -7.730105e-01 -0.000000e+00
   outer loop
     vertex  1.630557e+01 -1.066853e+01  1.200000e+01
     vertex  1.630557e+01 -1.066853e+01  1.100000e+01
     vertex  1.645711e+01 -1.079289e+01  1.100000e+01
   endloop
 endfacet
 facet normal -6.343933e-01 -7.730105e-01  0.000000e+00
   outer loop
     vertex  1.630557e+01 -1.066853e+01  1.200000e+01
     vertex  1.645711e+01 -1.079289e+01  1.100000e+01
     vertex  1.645711e+01 -1.079289e+01  1.200000e+01
   endloop
 endfacet
 facet normal -4.713967e-01 -8.819213e-01 -0.000000e+00
   outer loop
     vertex  1.613268e+01 -1.057612e+01  1.200000e+01
     vertex  1.613268e+01 -1.057612e+01  1.100000e+01
     vertex  1.630557e+01 -1.066853e+01  1.100000e+01
   endloop
 endfacet
 facet normal -4.713967e-01 -8.819213e-01  0.000000e+00
   outer loop
     vertex  1.613268e+01 -1.057612e+01  1.200000e+01
     vertex  1.630557e+01 -1.066853e+01  1.100000e+01
     vertex  1.630557e+01 -1.066853e+01  1.200000e+01
   endloop
 endfacet
 facet normal -2.902847e-01 -9.569403e-01 -0.000000e+00
   outer loop
     vertex  1.594509e+01 -1.051921e+01  1.200000e+01
     vertex  1.594509e+01 -1.051921e+01  1.100000e+01
     vertex  1.613268e+01 -1.057612e+01  1.100000e+01
   endloop
 endfacet
 facet normal -2.902847e-01 -9.569403e-01  0.000000e+00
   outer loop
     vertex  1.594509e+01 -1.051921e+01  1.200000e+01
     vertex  1.613268e+01 -1.057612e+01  1.100000e+01
     vertex  1.613268e+01 -1.057612e+01  1.200000e+01
   endloop
 endfacet
 facet normal -9.801714e-02 -9.951847e-01  0.000000e+00
   outer loop
     vertex  1.575000e+01 -1.050000e+01  1.200000e+01
     vertex  1.594509e+01 -1.051921e+01  1.100000e+01
     vertex  1.594509e+01 -1.051921e+01  1.200000e+01
   endloop
 endfacet
 facet normal -9.801714e-02 -9.951847e-01 -0.000000e+00
   outer loop
     vertex  1.575000e+01 -1.050000e+01  1.200000e+01
     vertex  1.575000e+01 -1.050000e+01  1.100000e+01
     vertex  1.594509e+01 -1.051921e+01  1.100000e+01
   endloop
 endfacet
 facet normal  9.801714e-02 -9.951847e-01  0.000000e+00
   outer loop
     vertex  1.555491e+01 -1.051921e+01  1.200000e+01
     vertex  1.575000e+01 -1.050000e+01  1.100000e+01
     vertex  1.575000e+01 -1.050000e+01  1.200000e+01
   endloop
 endfacet
 facet normal  9.801714e-02 -9.951847e-01  0.000000e+00
   outer loop
     vertex  1.555491e+01 -1.051921e+01  1.200000e+01
     vertex  1.555491e+01 -1.051921e+01  1.100000e+01
     vertex  1.575000e+01 -1.050000e+01  1.100000e+01
   endloop
 endfacet
 facet normal  2.902847e-01 -9.569403e-01  0.000000e+00
   outer loop
     vertex  1.536732e+01 -1.057612e+01  1.200000e+01
     vertex  1.555491e+01 -1.051921e+01  1.100000e+01
     vertex  1.555491e+01 -1.051921e+01  1.200000e+01
   endloop
 endfacet
 facet normal  2.902847e-01 -9.569403e-01  0.000000e+00
   outer loop
     vertex  1.536732e+01 -1.057612e+01  1.200000e+01
     vertex  1.536732e+01 -1.057612e+01  1.100000e+01
     vertex  1.555491e+01 -1.051921e+01  1.100000e+01
   endloop
 endfacet
 facet normal  4.713967e-01 -8.819213e-01  0.000000e+00
   outer loop
     vertex  1.519443e+01 -1.066853e+01  1.200000e+01
     vertex  1.536732e+01 -1.057612e+01  1.100000e+01
     vertex  1.536732e+01 -1.057612e+01  1.200000e+01
   endloop
 endfacet
 facet normal  4.713967e-01 -8.819213e-01  0.000000e+00
   outer loop
     vertex  1.519443e+01 -1.066853e+01  1.200000e+01
     vertex  1.519443e+01 -1.066853e+01  1.100000e+01
     vertex  1.536732e+01 -1.057612e+01  1.100000e+01
   endloop
 endfacet
 facet normal  6.343933e-01 -7.730105e-01  0.000000e+00
   outer loop
     vertex  1.504289e+01 -1.079289e+01  1.200000e+01
     vertex  1.519443e+01 -1.066853e+01  1.100000e+01
     vertex  1.519443e+01 -1.066853e+01  1.200000e+01
   endloop
 endfacet
 facet normal  6.343933e-01 -7.730105e-01  0.000000e+00
   outer loop
     vertex  1.504289e+01 -1.079289e+01  1.200000e+01
     vertex  1.504289e+01 -1.079289e+01  1.100000e+01
     vertex  1.519443e+01 -1.066853e+01  1.100000e+01
   endloop
 endfacet
 facet normal  7.730105e-01 -6.343933e-01  0.000000e+00
   outer loop
     vertex  1.491853e+01 -1.094443e+01  1.200000e+01
     vertex  1.504289e+01 -1.079289e+01  1.100000e+01
     vertex  1.504289e+01 -1.079289e+01  1.200000e+01
   endloop
 endfacet
 facet normal  7.730105e-01 -6.343933e-01  0.000000e+00
   outer loop
     vertex  1.491853e+01 -1.094443e+01  1.200000e+01
     vertex  1.491853e+01 -1.094443e+01  1.100000e+01
     vertex  1.504289e+01 -1.079289e+01  1.100000e+01
   endloop
 endfacet
 facet normal  8.819213e-01 -4.713967e-01  0.000000e+00
   outer loop
     vertex  1.491853e+01 -1.094443e+01  1.200000e+01
     vertex  1.482612e+01 -1.111732e+01  1.100000e+01
     vertex  1.491853e+01 -1.094443e+01  1.100000e+01
   endloop
 endfacet
 facet normal  8.819213e-01 -4.713967e-01  0.000000e+00
   outer loop
     vertex  1.482612e+01 -1.111732e+01  1.200000e+01
     vertex  1.482612e+01 -1.111732e+01  1.100000e+01
     vertex  1.491853e+01 -1.094443e+01  1.200000e+01
   endloop
 endfacet
 facet normal  9.569403e-01 -2.902847e-01  0.000000e+00
   outer loop
     vertex  1.476921e+01 -1.130491e+01  1.200000e+01
     vertex  1.482612e+01 -1.111732e+01  1.100000e+01
     vertex  1.482612e+01 -1.111732e+01  1.200000e+01
   endloop
 endfacet
 facet normal  9.569403e-01 -2.902847e-01  0.000000e+00
   outer loop
     vertex  1.476921e+01 -1.130491e+01  1.200000e+01
     vertex  1.476921e+01 -1.130491e+01  1.100000e+01
     vertex  1.482612e+01 -1.111732e+01  1.100000e+01
   endloop
 endfacet
 facet normal  9.951847e-01 -9.801714e-02  0.000000e+00
   outer loop
     vertex  1.475000e+01 -1.150000e+01  1.200000e+01
     vertex  1.476921e+01 -1.130491e+01  1.100000e+01
     vertex  1.476921e+01 -1.130491e+01  1.200000e+01
   endloop
 endfacet
 facet normal  9.951847e-01 -9.801714e-02  0.000000e+00
   outer loop
     vertex  1.475000e+01 -1.150000e+01  1.200000e+01
     vertex  1.475000e+01 -1.150000e+01  1.100000e+01
     vertex  1.476921e+01 -1.130491e+01  1.100000e+01
   endloop
 endfacet
 facet normal  9.951847e-01  9.801714e-02  0.000000e+00
   outer loop
     vertex  1.476921e+01 -1.169509e+01  1.200000e+01
     vertex  1.475000e+01 -1.150000e+01  1.100000e+01
     vertex  1.475000e+01 -1.150000e+01  1.200000e+01
   endloop
 endfacet
 facet normal  9.951847e-01  9.801714e-02  0.000000e+00
   outer loop
     vertex  1.476921e+01 -1.169509e+01  1.200000e+01
     vertex  1.476921e+01 -1.169509e+01  1.100000e+01
     vertex  1.475000e+01 -1.150000e+01  1.100000e+01
   endloop
 endfacet
 facet normal  9.569403e-01  2.902847e-01  0.000000e+00
   outer loop
     vertex  1.476921e+01 -1.169509e+01  1.200000e+01
     vertex  1.482612e+01 -1.188268e+01  1.100000e+01
     vertex  1.476921e+01 -1.169509e+01  1.100000e+01
   endloop
 endfacet
 facet normal  9.569403e-01  2.902847e-01  0.000000e+00
   outer loop
     vertex  1.482612e+01 -1.188268e+01  1.200000e+01
     vertex  1.482612e+01 -1.188268e+01  1.100000e+01
     vertex  1.476921e+01 -1.169509e+01  1.200000e+01
   endloop
 endfacet
 facet normal  8.819213e-01  4.713967e-01  0.000000e+00
   outer loop
     vertex  1.491853e+01 -1.205557e+01  1.200000e+01
     vertex  1.482612e+01 -1.188268e+01  1.100000e+01
     vertex  1.482612e+01 -1.188268e+01  1.200000e+01
   endloop
 endfacet
 facet normal  8.819213e-01  4.713967e-01  0.000000e+00
   outer loop
     vertex  1.491853e+01 -1.205557e+01  1.200000e+01
     vertex  1.491853e+01 -1.205557e+01  1.100000e+01
     vertex  1.482612e+01 -1.188268e+01  1.100000e+01
   endloop
 endfacet
 facet normal  7.730105e-01  6.343933e-01  0.000000e+00
   outer loop
     vertex  1.504289e+01 -1.220711e+01  1.200000e+01
     vertex  1.491853e+01 -1.205557e+01  1.100000e+01
     vertex  1.491853e+01 -1.205557e+01  1.200000e+01
   endloop
 endfacet
 facet normal  7.730105e-01  6.343933e-01  0.000000e+00
   outer loop
     vertex  1.504289e+01 -1.220711e+01  1.200000e+01
     vertex  1.504289e+01 -1.220711e+01  1.100000e+01
     vertex  1.491853e+01 -1.205557e+01  1.100000e+01
   endloop
 endfacet
 facet normal  6.343933e-01  7.730105e-01  0.000000e+00
   outer loop
     vertex  1.519443e+01 -1.233147e+01  1.200000e+01
     vertex  1.519443e+01 -1.233147e+01  1.100000e+01
     vertex  1.504289e+01 -1.220711e+01  1.100000e+01
   endloop
 endfacet
 facet normal  6.343933e-01  7.730105e-01  0.000000e+00
   outer loop
     vertex  1.519443e+01 -1.233147e+01  1.200000e+01
     vertex  1.504289e+01 -1.220711e+01  1.100000e+01
     vertex  1.504289e+01 -1.220711e+01  1.200000e+01
   endloop
 endfacet
 facet normal  4.713967e-01  8.819213e-01  0.000000e+00
   outer loop
     vertex  1.536732e+01 -1.242388e+01  1.200000e+01
     vertex  1.519443e+01 -1.233147e+01  1.100000e+01
     vertex  1.519443e+01 -1.233147e+01  1.200000e+01
   endloop
 endfacet
 facet normal  4.713967e-01  8.819213e-01  0.000000e+00
   outer loop
     vertex  1.536732e+01 -1.242388e+01  1.200000e+01
     vertex  1.536732e+01 -1.242388e+01  1.100000e+01
     vertex  1.519443e+01 -1.233147e+01  1.100000e+01
   endloop
 endfacet
 facet normal  2.902847e-01  9.569403e-01  0.000000e+00
   outer loop
     vertex  1.536732e+01 -1.242388e+01  1.200000e+01
     vertex  1.555491e+01 -1.248079e+01  1.100000e+01
     vertex  1.536732e+01 -1.242388e+01  1.100000e+01
   endloop
 endfacet
 facet normal  2.902847e-01  9.569403e-01  0.000000e+00
   outer loop
     vertex  1.555491e+01 -1.248079e+01  1.200000e+01
     vertex  1.555491e+01 -1.248079e+01  1.100000e+01
     vertex  1.536732e+01 -1.242388e+01  1.200000e+01
   endloop
 endfacet
 facet normal  9.801714e-02  9.951847e-01  0.000000e+00
   outer loop
     vertex  1.575000e+01 -1.250000e+01  1.200000e+01
     vertex  1.575000e+01 -1.250000e+01  1.100000e+01
     vertex  1.555491e+01 -1.248079e+01  1.100000e+01
   endloop
 endfacet
 facet normal  9.801714e-02  9.951847e-01  0.000000e+00
   outer loop
     vertex  1.575000e+01 -1.250000e+01  1.200000e+01
     vertex  1.555491e+01 -1.248079e+01  1.100000e+01
     vertex  1.555491e+01 -1.248079e+01  1.200000e+01
   endloop
 endfacet
 facet normal -9.801714e-02  9.951847e-01  0.000000e+00
   outer loop
     vertex  1.594509e+01 -1.248079e+01  1.200000e+01
     vertex  1.594509e+01 -1.248079e+01  1.100000e+01
     vertex  1.575000e+01 -1.250000e+01  1.100000e+01
   endloop
 endfacet
 facet normal -9.801714e-02  9.951847e-01  0.000000e+00
   outer loop
     vertex  1.594509e+01 -1.248079e+01  1.200000e+01
     vertex  1.575000e+01 -1.250000e+01  1.100000e+01
     vertex  1.575000e+01 -1.250000e+01  1.200000e+01
   endloop
 endfacet
 facet normal -2.902847e-01  9.569403e-01  0.000000e+00
   outer loop
     vertex  1.613268e+01 -1.242388e+01  1.200000e+01
     vertex  1.613268e+01 -1.242388e+01  1.100000e+01
     vertex  1.594509e+01 -1.248079e+01  1.100000e+01
   endloop
 endfacet
 facet normal -2.902847e-01  9.569403e-01  0.000000e+00
   outer loop
     vertex  1.613268e+01 -1.242388e+01  1.200000e+01
     vertex  1.594509e+01 -1.248079e+01  1.100000e+01
     vertex  1.594509e+01 -1.248079e+01  1.200000e+01
   endloop
 endfacet
 facet normal -4.713967e-01  8.819213e-01  0.000000e+00
   outer loop
     vertex  1.630557e+01 -1.233147e+01  1.200000e+01
     vertex  1.630557e+01 -1.233147e+01  1.100000e+01
     vertex  1.613268e+01 -1.242388e+01  1.100000e+01
   endloop
 endfacet
 facet normal -4.713967e-01  8.819213e-01  0.000000e+00
   outer loop
     vertex  1.630557e+01 -1.233147e+01  1.200000e+01
     vertex  1.613268e+01 -1.242388e+01  1.100000e+01
     vertex  1.613268e+01 -1.242388e+01  1.200000e+01
   endloop
 endfacet
 facet normal -6.343933e-01  7.730105e-01  0.000000e+00
   outer loop
     vertex  1.645711e+01 -1.220711e+01  1.200000e+01
     vertex  1.645711e+01 -1.220711e+01  1.100000e+01
     vertex  1.630557e+01 -1.233147e+01  1.100000e+01
   endloop
 endfacet
 facet normal -6.343933e-01  7.730105e-01  0.000000e+00
   outer loop
     vertex  1.645711e+01 -1.220711e+01  1.200000e+01
     vertex  1.630557e+01 -1.233147e+01  1.100000e+01
     vertex  1.630557e+01 -1.233147e+01  1.200000e+01
   endloop
 endfacet
 facet normal -7.730105e-01  6.343933e-01  0.000000e+00
   outer loop
     vertex  1.658147e+01 -1.205557e+01  1.200000e+01
     vertex  1.658147e+01 -1.205557e+01  1.100000e+01
     vertex  1.645711e+01 -1.220711e+01  1.100000e+01
   endloop
 endfacet
 facet normal -7.730105e-01  6.343933e-01  0.000000e+00
   outer loop
     vertex  1.658147e+01 -1.205557e+01  1.200000e+01
     vertex  1.645711e+01 -1.220711e+01  1.100000e+01
     vertex  1.645711e+01 -1.220711e+01  1.200000e+01
   endloop
 endfacet
 facet normal -8.819213e-01  4.713967e-01  0.000000e+00
   outer loop
     vertex  1.667388e+01 -1.188268e+01  1.200000e+01
     vertex  1.667388e+01 -1.188268e+01  1.100000e+01
     vertex  1.658147e+01 -1.205557e+01  1.100000e+01
   endloop
 endfacet
 facet normal -8.819213e-01  4.713967e-01  0.000000e+00
   outer loop
     vertex  1.667388e+01 -1.188268e+01  1.200000e+01
     vertex  1.658147e+01 -1.205557e+01  1.100000e+01
     vertex  1.658147e+01 -1.205557e+01  1.200000e+01
   endloop
 endfacet
 facet normal -9.569403e-01  2.902847e-01  0.000000e+00
   outer loop
     vertex  1.673079e+01 -1.169509e+01  1.200000e+01
     vertex  1.673079e+01 -1.169509e+01  1.100000e+01
     vertex  1.667388e+01 -1.188268e+01  1.100000e+01
   endloop
 endfacet
 facet normal -9.569403e-01  2.902847e-01  0.000000e+00
   outer loop
     vertex  1.673079e+01 -1.169509e+01  1.200000e+01
     vertex  1.667388e+01 -1.188268e+01  1.100000e+01
     vertex  1.667388e+01 -1.188268e+01  1.200000e+01
   endloop
 endfacet
 facet normal -9.951847e-01  9.801714e-02  0.000000e+00
   outer loop
     vertex  1.675000e+01 -1.150000e+01  1.200000e+01
     vertex  1.675000e+01 -1.150000e+01  1.100000e+01
     vertex  1.673079e+01 -1.169509e+01  1.100000e+01
   endloop
 endfacet
 facet normal -9.951847e-01  9.801714e-02  0.000000e+00
   outer loop
     vertex  1.675000e+01 -1.150000e+01  1.200000e+01
     vertex  1.673079e+01 -1.169509e+01  1.100000e+01
     vertex  1.673079e+01 -1.169509e+01  1.200000e+01
   endloop
 endfacet
 facet normal -1.000000e+00 -2.657599e-15  0.000000e+00
   outer loop
     vertex  1.951000e+01  3.376374e+00  9.000000e+00
     vertex  1.951000e+01  6.050000e+00  1.200000e+01
     vertex  1.951000e+01  6.050000e+00  9.000000e+00
   endloop
 endfacet
 facet normal -1.000000e+00  0.000000e+00 -2.368476e-15
   outer loop
     vertex  1.951000e+01 -5.450000e+00  1.200000e+01
     vertex  1.951000e+01  6.050000e+00  1.200000e+01
     vertex  1.951000e+01  3.376374e+00  9.000000e+00
   endloop
 endfacet
 facet normal -1.000000e+00  5.261138e-16 -8.205834e-16
   outer loop
     vertex  1.951000e+01 -3.376374e+00  9.000000e+00
     vertex  1.951000e+01 -5.450000e+00  1.200000e+01
     vertex  1.951000e+01  3.376374e+00  9.000000e+00
   endloop
 endfacet
 facet normal -1.000000e+00  1.713285e-15  0.000000e+00
   outer loop
     vertex  1.951000e+01 -5.450000e+00  9.000000e+00
     vertex  1.951000e+01 -5.450000e+00  1.200000e+01
     vertex  1.951000e+01 -3.376374e+00  9.000000e+00
   endloop
 endfacet
 facet normal -1.000000e+00  4.290709e-15  4.179663e-16
   outer loop
     vertex  1.951000e+01  2.560327e+00  3.772806e-01
     vertex  1.951000e+01  3.376374e+00  9.000000e+00
     vertex  1.951000e+01  3.376374e+00  5.000000e-01
   endloop
 endfacet
 facet normal -1.000000e+00 -9.137846e-17  8.326835e-16
   outer loop
     vertex  1.951000e+01  1.748657e+00  2.882082e-01
     vertex  1.951000e+01  3.376374e+00  9.000000e+00
     vertex  1.951000e+01  2.560327e+00  3.772806e-01
   endloop
 endfacet
 facet normal -1.000000e+00 -5.696402e-17  8.262535e-16
   outer loop
     vertex  1.951000e+01  9.484610e-01  2.330407e-01
     vertex  1.951000e+01  3.376374e+00  9.000000e+00
     vertex  1.951000e+01  1.748657e+00  2.882082e-01
   endloop
 endfacet
 facet normal -1.000000e+00  5.261138e-16  6.154097e-16
   outer loop
     vertex  1.951000e+01  1.520892e-01  2.105928e-01
     vertex  1.951000e+01 -3.376374e+00  9.000000e+00
     vertex  1.951000e+01  3.376374e+00  9.000000e+00
   endloop
 endfacet
 facet normal -1.000000e+00 -2.302525e-17  8.168546e-16
   outer loop
     vertex  1.951000e+01  1.520892e-01  2.105928e-01
     vertex  1.951000e+01  3.376374e+00  9.000000e+00
     vertex  1.951000e+01  9.484610e-01  2.330407e-01
   endloop
 endfacet
 facet normal -1.000000e+00  1.426768e-18  4.047768e-16
   outer loop
     vertex  1.951000e+01 -2.896376e-01  2.121498e-01
     vertex  1.951000e+01 -3.376374e+00  9.000000e+00
     vertex  1.951000e+01  1.520892e-01  2.105928e-01
   endloop
 endfacet
 facet normal -1.000000e+00  1.067364e-17  4.080248e-16
   outer loop
     vertex  1.951000e+01 -7.315130e-01  2.237090e-01
     vertex  1.951000e+01 -3.376374e+00  9.000000e+00
     vertex  1.951000e+01 -2.896376e-01  2.121498e-01
   endloop
 endfacet
 facet normal -1.000000e+00  2.003889e-17  4.108471e-16
   outer loop
     vertex  1.951000e+01 -1.174061e+00  2.452940e-01
     vertex  1.951000e+01 -3.376374e+00  9.000000e+00
     vertex  1.951000e+01 -7.315130e-01  2.237090e-01
   endloop
 endfacet
 facet normal -1.000000e+00  2.948240e-17  4.132227e-16
   outer loop
     vertex  1.951000e+01 -1.617211e+00  2.769117e-01
     vertex  1.951000e+01 -3.376374e+00  9.000000e+00
     vertex  1.951000e+01 -1.174061e+00  2.452940e-01
   endloop
 endfacet
 facet normal -1.000000e+00  4.358860e-17  4.160675e-16
   outer loop
     vertex  1.951000e+01 -2.494299e+00  3.687984e-01
     vertex  1.951000e+01 -3.376374e+00  9.000000e+00
     vertex  1.951000e+01 -1.617211e+00  2.769117e-01
   endloop
 endfacet
 facet normal -1.000000e+00 -4.027680e-15 -8.417174e-31
   outer loop
     vertex  1.951000e+01 -3.376374e+00  5.000000e-01
     vertex  1.951000e+01 -3.376374e+00  9.000000e+00
     vertex  1.951000e+01 -2.494299e+00  3.687984e-01
   endloop
 endfacet
 facet normal -9.951847e-01 -9.801714e-02  0.000000e+00
   outer loop
     vertex  1.673079e+01  1.169509e+01  1.200000e+01
     vertex  1.675000e+01  1.150000e+01  1.100000e+01
     vertex  1.675000e+01  1.150000e+01  1.200000e+01
   endloop
 endfacet
 facet normal -9.951847e-01 -9.801714e-02 -0.000000e+00
   outer loop
     vertex  1.673079e+01  1.169509e+01  1.200000e+01
     vertex  1.673079e+01  1.169509e+01  1.100000e+01
     vertex  1.675000e+01  1.150000e+01  1.100000e+01
   endloop
 endfacet
 facet normal -9.569403e-01 -2.902847e-01 -0.000000e+00
   outer loop
     vertex  1.667388e+01  1.188268e+01  1.200000e+01
     vertex  1.667388e+01  1.188268e+01  1.100000e+01
     vertex  1.673079e+01  1.169509e+01  1.100000e+01
   endloop
 endfacet
 facet normal -9.569403e-01 -2.902847e-01  0.000000e+00
   outer loop
     vertex  1.667388e+01  1.188268e+01  1.200000e+01
     vertex  1.673079e+01  1.169509e+01  1.100000e+01
     vertex  1.673079e+01  1.169509e+01  1.200000e+01
   endloop
 endfacet
 facet normal -8.819213e-01 -4.713967e-01 -0.000000e+00
   outer loop
     vertex  1.658147e+01  1.205557e+01  1.200000e+01
     vertex  1.658147e+01  1.205557e+01  1.100000e+01
     vertex  1.667388e+01  1.188268e+01  1.100000e+01
   endloop
 endfacet
 facet normal -8.819213e-01 -4.713967e-01  0.000000e+00
   outer loop
     vertex  1.658147e+01  1.205557e+01  1.200000e+01
     vertex  1.667388e+01  1.188268e+01  1.100000e+01
     vertex  1.667388e+01  1.188268e+01  1.200000e+01
   endloop
 endfacet
 facet normal -7.730105e-01 -6.343933e-01 -0.000000e+00
   outer loop
     vertex  1.645711e+01  1.220711e+01  1.200000e+01
     vertex  1.645711e+01  1.220711e+01  1.100000e+01
     vertex  1.658147e+01  1.205557e+01  1.100000e+01
   endloop
 endfacet
 facet normal -7.730105e-01 -6.343933e-01  0.000000e+00
   outer loop
     vertex  1.645711e+01  1.220711e+01  1.200000e+01
     vertex  1.658147e+01  1.205557e+01  1.100000e+01
     vertex  1.658147e+01  1.205557e+01  1.200000e+01
   endloop
 endfacet
 facet normal -6.343933e-01 -7.730105e-01 -0.000000e+00
   outer loop
     vertex  1.630557e+01  1.233147e+01  1.200000e+01
     vertex  1.630557e+01  1.233147e+01  1.100000e+01
     vertex  1.645711e+01  1.220711e+01  1.100000e+01
   endloop
 endfacet
 facet normal -6.343933e-01 -7.730105e-01  0.000000e+00
   outer loop
     vertex  1.630557e+01  1.233147e+01  1.200000e+01
     vertex  1.645711e+01  1.220711e+01  1.100000e+01
     vertex  1.645711e+01  1.220711e+01  1.200000e+01
   endloop
 endfacet
 facet normal -4.713967e-01 -8.819213e-01 -0.000000e+00
   outer loop
     vertex  1.613268e+01  1.242388e+01  1.200000e+01
     vertex  1.613268e+01  1.242388e+01  1.100000e+01
     vertex  1.630557e+01  1.233147e+01  1.100000e+01
   endloop
 endfacet
 facet normal -4.713967e-01 -8.819213e-01  0.000000e+00
   outer loop
     vertex  1.613268e+01  1.242388e+01  1.200000e+01
     vertex  1.630557e+01  1.233147e+01  1.100000e+01
     vertex  1.630557e+01  1.233147e+01  1.200000e+01
   endloop
 endfacet
 facet normal -2.902847e-01 -9.569403e-01 -0.000000e+00
   outer loop
     vertex  1.594509e+01  1.248079e+01  1.200000e+01
     vertex  1.594509e+01  1.248079e+01  1.100000e+01
     vertex  1.613268e+01  1.242388e+01  1.100000e+01
   endloop
 endfacet
 facet normal -2.902847e-01 -9.569403e-01  0.000000e+00
   outer loop
     vertex  1.594509e+01  1.248079e+01  1.200000e+01
     vertex  1.613268e+01  1.242388e+01  1.100000e+01
     vertex  1.613268e+01  1.242388e+01  1.200000e+01
   endloop
 endfacet
 facet normal -9.801714e-02 -9.951847e-01  0.000000e+00
   outer loop
     vertex  1.575000e+01  1.250000e+01  1.200000e+01
     vertex  1.594509e+01  1.248079e+01  1.100000e+01
     vertex  1.594509e+01  1.248079e+01  1.200000e+01
   endloop
 endfacet
 facet normal -9.801714e-02 -9.951847e-01 -0.000000e+00
   outer loop
     vertex  1.575000e+01  1.250000e+01  1.200000e+01
     vertex  1.575000e+01  1.250000e+01  1.100000e+01
     vertex  1.594509e+01  1.248079e+01  1.100000e+01
   endloop
 endfacet
 facet normal  9.801714e-02 -9.951847e-01  0.000000e+00
   outer loop
     vertex  1.555491e+01  1.248079e+01  1.200000e+01
     vertex  1.575000e+01  1.250000e+01  1.100000e+01
     vertex  1.575000e+01  1.250000e+01  1.200000e+01
   endloop
 endfacet
 facet normal  9.801714e-02 -9.951847e-01  0.000000e+00
   outer loop
     vertex  1.555491e+01  1.248079e+01  1.200000e+01
     vertex  1.555491e+01  1.248079e+01  1.100000e+01
     vertex  1.575000e+01  1.250000e+01  1.100000e+01
   endloop
 endfacet
 facet normal  2.902847e-01 -9.569403e-01  0.000000e+00
   outer loop
     vertex  1.536732e+01  1.242388e+01  1.200000e+01
     vertex  1.555491e+01  1.248079e+01  1.100000e+01
     vertex  1.555491e+01  1.248079e+01  1.200000e+01
   endloop
 endfacet
 facet normal  2.902847e-01 -9.569403e-01  0.000000e+00
   outer loop
     vertex  1.536732e+01  1.242388e+01  1.200000e+01
     vertex  1.536732e+01  1.242388e+01  1.100000e+01
     vertex  1.555491e+01  1.248079e+01  1.100000e+01
   endloop
 endfacet
 facet normal  4.713967e-01 -8.819213e-01  0.000000e+00
   outer loop
     vertex  1.519443e+01  1.233147e+01  1.200000e+01
     vertex  1.536732e+01  1.242388e+01  1.100000e+01
     vertex  1.536732e+01  1.242388e+01  1.200000e+01
   endloop
 endfacet
 facet normal  4.713967e-01 -8.819213e-01  0.000000e+00
   outer loop
     vertex  1.519443e+01  1.233147e+01  1.200000e+01
     vertex  1.519443e+01  1.233147e+01  1.100000e+01
     vertex  1.536732e+01  1.242388e+01  1.100000e+01
   endloop
 endfacet
 facet normal  6.343933e-01 -7.730105e-01  0.000000e+00
   outer loop
     vertex  1.504289e+01  1.220711e+01  1.200000e+01
     vertex  1.519443e+01  1.233147e+01  1.100000e+01
     vertex  1.519443e+01  1.233147e+01  1.200000e+01
   endloop
 endfacet
 facet normal  6.343933e-01 -7.730105e-01  0.000000e+00
   outer loop
     vertex  1.504289e+01  1.220711e+01  1.200000e+01
     vertex  1.504289e+01  1.220711e+01  1.100000e+01
     vertex  1.519443e+01  1.233147e+01  1.100000e+01
   endloop
 endfacet
 facet normal  7.730105e-01 -6.343933e-01  0.000000e+00
   outer loop
     vertex  1.491853e+01  1.205557e+01  1.200000e+01
     vertex  1.504289e+01  1.220711e+01  1.100000e+01
     vertex  1.504289e+01  1.220711e+01  1.200000e+01
   endloop
 endfacet
 facet normal  7.730105e-01 -6.343933e-01  0.000000e+00
   outer loop
     vertex  1.491853e+01  1.205557e+01  1.200000e+01
     vertex  1.491853e+01  1.205557e+01  1.100000e+01
     vertex  1.504289e+01  1.220711e+01  1.100000e+01
   endloop
 endfacet
 facet normal  8.819213e-01 -4.713967e-01  0.000000e+00
   outer loop
     vertex  1.491853e+01  1.205557e+01  1.200000e+01
     vertex  1.482612e+01  1.188268e+01  1.100000e+01
     vertex  1.491853e+01  1.205557e+01  1.100000e+01
   endloop
 endfacet
 facet normal  8.819213e-01 -4.713967e-01  0.000000e+00
   outer loop
     vertex  1.482612e+01  1.188268e+01  1.200000e+01
     vertex  1.482612e+01  1.188268e+01  1.100000e+01
     vertex  1.491853e+01  1.205557e+01  1.200000e+01
   endloop
 endfacet
 facet normal  9.569403e-01 -2.902847e-01  0.000000e+00
   outer loop
     vertex  1.476921e+01  1.169509e+01  1.200000e+01
     vertex  1.482612e+01  1.188268e+01  1.100000e+01
     vertex  1.482612e+01  1.188268e+01  1.200000e+01
   endloop
 endfacet
 facet normal  9.569403e-01 -2.902847e-01  0.000000e+00
   outer loop
     vertex  1.476921e+01  1.169509e+01  1.200000e+01
     vertex  1.476921e+01  1.169509e+01  1.100000e+01
     vertex  1.482612e+01  1.188268e+01  1.100000e+01
   endloop
 endfacet
 facet normal  9.951847e-01 -9.801714e-02  0.000000e+00
   outer loop
     vertex  1.475000e+01  1.150000e+01  1.200000e+01
     vertex  1.476921e+01  1.169509e+01  1.100000e+01
     vertex  1.476921e+01  1.169509e+01  1.200000e+01
   endloop
 endfacet
 facet normal  9.951847e-01 -9.801714e-02  0.000000e+00
   outer loop
     vertex  1.475000e+01  1.150000e+01  1.200000e+01
     vertex  1.475000e+01  1.150000e+01  1.100000e+01
     vertex  1.476921e+01  1.169509e+01  1.100000e+01
   endloop
 endfacet
 facet normal  9.951847e-01  9.801714e-02  0.000000e+00
   outer loop
     vertex  1.476921e+01  1.130491e+01  1.200000e+01
     vertex  1.475000e+01  1.150000e+01  1.100000e+01
     vertex  1.475000e+01  1.150000e+01  1.200000e+01
   endloop
 endfacet
 facet normal  9.951847e-01  9.801714e-02  0.000000e+00
   outer loop
     vertex  1.476921e+01  1.130491e+01  1.200000e+01
     vertex  1.476921e+01  1.130491e+01  1.100000e+01
     vertex  1.475000e+01  1.150000e+01  1.100000e+01
   endloop
 endfacet
 facet normal  9.569403e-01  2.902847e-01  0.000000e+00
   outer loop
     vertex  1.476921e+01  1.130491e+01  1.200000e+01
     vertex  1.482612e+01  1.111732e+01  1.100000e+01
     vertex  1.476921e+01  1.130491e+01  1.100000e+01
   endloop
 endfacet
 facet normal  9.569403e-01  2.902847e-01  0.000000e+00
   outer loop
     vertex  1.482612e+01  1.111732e+01  1.200000e+01
     vertex  1.482612e+01  1.111732e+01  1.100000e+01
     vertex  1.476921e+01  1.130491e+01  1.200000e+01
   endloop
 endfacet
 facet normal  8.819213e-01  4.713967e-01  0.000000e+00
   outer loop
     vertex  1.491853e+01  1.094443e+01  1.200000e+01
     vertex  1.482612e+01  1.111732e+01  1.100000e+01
     vertex  1.482612e+01  1.111732e+01  1.200000e+01
   endloop
 endfacet
 facet normal  8.819213e-01  4.713967e-01  0.000000e+00
   outer loop
     vertex  1.491853e+01  1.094443e+01  1.200000e+01
     vertex  1.491853e+01  1.094443e+01  1.100000e+01
     vertex  1.482612e+01  1.111732e+01  1.100000e+01
   endloop
 endfacet
 facet normal  7.730105e-01  6.343933e-01  0.000000e+00
   outer loop
     vertex  1.504289e+01  1.079289e+01  1.200000e+01
     vertex  1.491853e+01  1.094443e+01  1.100000e+01
     vertex  1.491853e+01  1.094443e+01  1.200000e+01
   endloop
 endfacet
 facet normal  7.730105e-01  6.343933e-01  0.000000e+00
   outer loop
     vertex  1.504289e+01  1.079289e+01  1.200000e+01
     vertex  1.504289e+01  1.079289e+01  1.100000e+01
     vertex  1.491853e+01  1.094443e+01  1.100000e+01
   endloop
 endfacet
 facet normal  6.343933e-01  7.730105e-01  0.000000e+00
   outer loop
     vertex  1.519443e+01  1.066853e+01  1.200000e+01
     vertex  1.519443e+01  1.066853e+01  1.100000e+01
     vertex  1.504289e+01  1.079289e+01  1.100000e+01
   endloop
 endfacet
 facet normal  6.343933e-01  7.730105e-01  0.000000e+00
   outer loop
     vertex  1.519443e+01  1.066853e+01  1.200000e+01
     vertex  1.504289e+01  1.079289e+01  1.100000e+01
     vertex  1.504289e+01  1.079289e+01  1.200000e+01
   endloop
 endfacet
 facet normal  4.713967e-01  8.819213e-01  0.000000e+00
   outer loop
     vertex  1.536732e+01  1.057612e+01  1.200000e+01
     vertex  1.519443e+01  1.066853e+01  1.100000e+01
     vertex  1.519443e+01  1.066853e+01  1.200000e+01
   endloop
 endfacet
 facet normal  4.713967e-01  8.819213e-01  0.000000e+00
   outer loop
     vertex  1.536732e+01  1.057612e+01  1.200000e+01
     vertex  1.536732e+01  1.057612e+01  1.100000e+01
     vertex  1.519443e+01  1.066853e+01  1.100000e+01
   endloop
 endfacet
 facet normal  2.902847e-01  9.569403e-01  0.000000e+00
   outer loop
     vertex  1.536732e+01  1.057612e+01  1.200000e+01
     vertex  1.555491e+01  1.051921e+01  1.100000e+01
     vertex  1.536732e+01  1.057612e+01  1.100000e+01
   endloop
 endfacet
 facet normal  2.902847e-01  9.569403e-01  0.000000e+00
   outer loop
     vertex  1.555491e+01  1.051921e+01  1.200000e+01
     vertex  1.555491e+01  1.051921e+01  1.100000e+01
     vertex  1.536732e+01  1.057612e+01  1.200000e+01
   endloop
 endfacet
 facet normal  9.801714e-02  9.951847e-01  0.000000e+00
   outer loop
     vertex  1.575000e+01  1.050000e+01  1.200000e+01
     vertex  1.575000e+01  1.050000e+01  1.100000e+01
     vertex  1.555491e+01  1.051921e+01  1.100000e+01
   endloop
 endfacet
 facet normal  9.801714e-02  9.951847e-01  0.000000e+00
   outer loop
     vertex  1.575000e+01  1.050000e+01  1.200000e+01
     vertex  1.555491e+01  1.051921e+01  1.100000e+01
     vertex  1.555491e+01  1.051921e+01  1.200000e+01
   endloop
 endfacet
 facet normal -9.801714e-02  9.951847e-01  0.000000e+00
   outer loop
     vertex  1.594509e+01  1.051921e+01  1.200000e+01
     vertex  1.594509e+01  1.051921e+01  1.100000e+01
     vertex  1.575000e+01  1.050000e+01  1.100000e+01
   endloop
 endfacet
 facet normal -9.801714e-02  9.951847e-01  0.000000e+00
   outer loop
     vertex  1.594509e+01  1.051921e+01  1.200000e+01
     vertex  1.575000e+01  1.050000e+01  1.100000e+01
     vertex  1.575000e+01  1.050000e+01  1.200000e+01
   endloop
 endfacet
 facet normal -2.902847e-01  9.569403e-01  0.000000e+00
   outer loop
     vertex  1.613268e+01  1.057612e+01  1.200000e+01
     vertex  1.613268e+01  1.057612e+01  1.100000e+01
     vertex  1.594509e+01  1.051921e+01  1.100000e+01
   endloop
 endfacet
 facet normal -2.902847e-01  9.569403e-01  0.000000e+00
   outer loop
     vertex  1.613268e+01  1.057612e+01  1.200000e+01
     vertex  1.594509e+01  1.051921e+01  1.100000e+01
     vertex  1.594509e+01  1.051921e+01  1.200000e+01
   endloop
 endfacet
 facet normal -4.713967e-01  8.819213e-01  0.000000e+00
   outer loop
     vertex  1.630557e+01  1.066853e+01  1.200000e+01
     vertex  1.630557e+01  1.066853e+01  1.100000e+01
     vertex  1.613268e+01  1.057612e+01  1.100000e+01
   endloop
 endfacet
 facet normal -4.713967e-01  8.819213e-01  0.000000e+00
   outer loop
     vertex  1.630557e+01  1.066853e+01  1.200000e+01
     vertex  1.613268e+01  1.057612e+01  1.100000e+01
     vertex  1.613268e+01  1.057612e+01  1.200000e+01
   endloop
 endfacet
 facet normal -6.343933e-01  7.730105e-01  0.000000e+00
   outer loop
     vertex  1.645711e+01  1.079289e+01  1.200000e+01
     vertex  1.645711e+01  1.079289e+01  1.100000e+01
     vertex  1.630557e+01  1.066853e+01  1.100000e+01
   endloop
 endfacet
 facet normal -6.343933e-01  7.730105e-01  0.000000e+00
   outer loop
     vertex  1.645711e+01  1.079289e+01  1.200000e+01
     vertex  1.630557e+01  1.066853e+01  1.100000e+01
     vertex  1.630557e+01  1.066853e+01  1.200000e+01
   endloop
 endfacet
 facet normal -7.730105e-01  6.343933e-01  0.000000e+00
   outer loop
     vertex  1.658147e+01  1.094443e+01  1.200000e+01
     vertex  1.658147e+01  1.094443e+01  1.100000e+01
     vertex  1.645711e+01  1.079289e+01  1.100000e+01
   endloop
 endfacet
 facet normal -7.730105e-01  6.343933e-01  0.000000e+00
   outer loop
     vertex  1.658147e+01  1.094443e+01  1.200000e+01
     vertex  1.645711e+01  1.079289e+01  1.100000e+01
     vertex  1.645711e+01  1.079289e+01  1.200000e+01
   endloop
 endfacet
 facet normal -8.819213e-01  4.713967e-01  0.000000e+00
   outer loop
     vertex  1.667388e+01  1.111732e+01  1.200000e+01
     vertex  1.667388e+01  1.111732e+01  1.100000e+01
     vertex  1.658147e+01  1.094443e+01  1.100000e+01
   endloop
 endfacet
 facet normal -8.819213e-01  4.713967e-01  0.000000e+00
   outer loop
     vertex  1.667388e+01  1.111732e+01  1.200000e+01
     vertex  1.658147e+01  1.094443e+01  1.100000e+01
     vertex  1.658147e+01  1.094443e+01  1.200000e+01
   endloop
 endfacet
 facet normal -9.569403e-01  2.902847e-01  0.000000e+00
   outer loop
     vertex  1.673079e+01  1.130491e+01  1.200000e+01
     vertex  1.673079e+01  1.130491e+01  1.100000e+01
     vertex  1.667388e+01  1.111732e+01  1.100000e+01
   endloop
 endfacet
 facet normal -9.569403e-01  2.902847e-01  0.000000e+00
   outer loop
     vertex  1.673079e+01  1.130491e+01  1.200000e+01
     vertex  1.667388e+01  1.111732e+01  1.100000e+01
     vertex  1.667388e+01  1.111732e+01  1.200000e+01
   endloop
 endfacet
 facet normal -9.951847e-01  9.801714e-02  0.000000e+00
   outer loop
     vertex  1.675000e+01  1.150000e+01  1.200000e+01
     vertex  1.675000e+01  1.150000e+01  1.100000e+01
     vertex  1.673079e+01  1.130491e+01  1.100000e+01
   endloop
 endfacet
 facet normal -9.951847e-01  9.801714e-02  0.000000e+00
   outer loop
     vertex  1.675000e+01  1.150000e+01  1.200000e+01
     vertex  1.673079e+01  1.130491e+01  1.100000e+01
     vertex  1.673079e+01  1.130491e+01  1.200000e+01
   endloop
 endfacet
 facet normal  9.455440e-01  3.254942e-01 -4.632284e-16
   outer loop
     vertex  1.885305e+01  6.050000e+00  9.000000e+00
     vertex  1.885305e+01  6.050000e+00  5.000000e-01
     vertex  1.858223e+01  6.836725e+00  5.000000e-01
   endloop
 endfacet
 facet normal  9.310343e-01  3.649317e-01 -1.065787e-16
   outer loop
     vertex  1.858223e+01  6.836725e+00  9.000000e+00
     vertex  1.858223e+01  6.836725e+00  5.000000e-01
     vertex  1.827859e+01  7.611378e+00  5.000000e-01
   endloop
 endfacet
 facet normal  9.455440e-01  3.254942e-01 -4.694270e-17
   outer loop
     vertex  1.858223e+01  6.836725e+00  9.000000e+00
     vertex  1.885305e+01  6.050000e+00  9.000000e+00
     vertex  1.858223e+01  6.836725e+00  5.000000e-01
   endloop
 endfacet
 facet normal  9.148805e-01  4.037247e-01  2.612653e-16
   outer loop
     vertex  1.827859e+01  7.611378e+00  9.000000e+00
     vertex  1.827859e+01  7.611378e+00  5.000000e-01
     vertex  1.794268e+01  8.372590e+00  5.000000e-01
   endloop
 endfacet
 facet normal  9.310343e-01  3.649317e-01  3.666449e-16
   outer loop
     vertex  1.827859e+01  7.611378e+00  9.000000e+00
     vertex  1.858223e+01  6.836725e+00  9.000000e+00
     vertex  1.827859e+01  7.611378e+00  5.000000e-01
   endloop
 endfacet
 facet normal  8.971112e-01  4.418048e-01 -6.975695e-17
   outer loop
     vertex  1.794268e+01  8.372590e+00  9.000000e+00
     vertex  1.794268e+01  8.372590e+00  5.000000e-01
     vertex  1.757508e+01  9.119018e+00  5.000000e-01
   endloop
 endfacet
 facet normal  9.148805e-01  4.037247e-01  9.523872e-17
   outer loop
     vertex  1.794268e+01  8.372590e+00  9.000000e+00
     vertex  1.827859e+01  7.611378e+00  9.000000e+00
     vertex  1.794268e+01  8.372590e+00  5.000000e-01
   endloop
 endfacet
 facet normal  8.971112e-01  4.418048e-01  2.995621e-16
   outer loop
     vertex  1.757508e+01  9.119018e+00  9.000000e+00
     vertex  1.794268e+01  8.372590e+00  9.000000e+00
     vertex  1.757508e+01  9.119018e+00  5.000000e-01
   endloop
 endfacet
 facet normal  0.000000e+00  0.000000e+00 -1.000000e+00
   outer loop
     vertex  1.907390e+01 -9.921511e+00  9.000000e+00
     vertex  1.864362e+01 -1.070819e+01  9.000000e+00
     vertex  1.854110e+01 -1.040011e+01  9.000000e+00
   endloop
 endfacet
 facet normal  0.000000e+00  0.000000e+00 -1.000000e+00
   outer loop
     vertex  1.907390e+01 -9.921511e+00  9.000000e+00
     vertex  1.854110e+01 -1.040011e+01  9.000000e+00
     vertex  1.840589e+01 -1.010491e+01  9.000000e+00
   endloop
 endfacet
 facet normal -0.000000e+00  0.000000e+00 -1.000000e+00
   outer loop
     vertex  1.907390e+01 -9.921511e+00  9.000000e+00
     vertex  1.840589e+01 -1.010491e+01  9.000000e+00
     vertex  1.823956e+01 -9.826055e+00  9.000000e+00
   endloop
 endfacet
 facet normal  0.000000e+00  0.000000e+00 -1.000000e+00
   outer loop
     vertex  1.907390e+01 -9.921511e+00  9.000000e+00
     vertex  1.823956e+01 -9.826055e+00  9.000000e+00
     vertex  1.804407e+01 -9.566807e+00  9.000000e+00
   endloop
 endfacet
 facet normal  0.000000e+00 -0.000000e+00 -1.000000e+00
   outer loop
     vertex  1.792530e+01 -8.409734e+00  9.000000e+00
     vertex  1.804407e+01 -9.566807e+00  9.000000e+00
     vertex  1.782171e+01 -9.330204e+00  9.000000e+00
   endloop
 endfacet
 facet normal  0.000000e+00  0.000000e+00 -1.000000e+00
   outer loop
     vertex  1.792530e+01 -8.409734e+00  9.000000e+00
     vertex  1.782171e+01 -9.330204e+00  9.000000e+00
     vertex  1.757508e+01 -9.119018e+00  9.000000e+00
   endloop
 endfacet
 facet normal -0.000000e+00  0.000000e+00 -1.000000e+00
   outer loop
     vertex  1.947100e+01 -9.117571e+00  9.000000e+00
     vertex  1.804407e+01 -9.566807e+00  9.000000e+00
     vertex  1.792530e+01 -8.409734e+00  9.000000e+00
   endloop
 endfacet
 facet normal  0.000000e+00  0.000000e+00 -1.000000e+00
   outer loop
     vertex  1.947100e+01 -9.117571e+00  9.000000e+00
     vertex  1.907390e+01 -9.921511e+00  9.000000e+00
     vertex  1.804407e+01 -9.566807e+00  9.000000e+00
   endloop
 endfacet
 facet normal  0.000000e+00 -0.000000e+00 -1.000000e+00
   outer loop
     vertex  1.824691e+01 -7.687027e+00  9.000000e+00
     vertex  1.947100e+01 -9.117571e+00  9.000000e+00
     vertex  1.792530e+01 -8.409734e+00  9.000000e+00
   endloop
 endfacet
 facet normal -0.000000e+00  0.000000e+00 -1.000000e+00
   outer loop
     vertex  1.983424e+01 -8.297773e+00  9.000000e+00
     vertex  1.947100e+01 -9.117571e+00  9.000000e+00
     vertex  1.824691e+01 -7.687027e+00  9.000000e+00
   endloop
 endfacet
 facet normal  0.000000e+00 -0.000000e+00 -1.000000e+00
   outer loop
     vertex  1.853939e+01 -6.952050e+00  9.000000e+00
     vertex  1.983424e+01 -8.297773e+00  9.000000e+00
     vertex  1.824691e+01 -7.687027e+00  9.000000e+00
   endloop
 endfacet
 facet normal  0.000000e+00  0.000000e+00 -1.000000e+00
   outer loop
     vertex  2.016297e+01 -7.463542e+00  9.000000e+00
     vertex  1.853939e+01 -6.952050e+00  9.000000e+00
     vertex  1.880228e+01 -6.205978e+00  9.000000e+00
   endloop
 endfacet
 facet normal -0.000000e+00  0.000000e+00 -1.000000e+00
   outer loop
     vertex  2.016297e+01 -7.463542e+00  9.000000e+00
     vertex  1.983424e+01 -8.297773e+00  9.000000e+00
     vertex  1.853939e+01 -6.952050e+00  9.000000e+00
   endloop
 endfacet
 facet normal -0.000000e+00  0.000000e+00 -1.000000e+00
   outer loop
     vertex  2.045664e+01 -6.616330e+00  9.000000e+00
     vertex  2.016297e+01 -7.463542e+00  9.000000e+00
     vertex  1.880228e+01 -6.205978e+00  9.000000e+00
   endloop
 endfacet
 facet normal  0.000000e+00  0.000000e+00 -1.000000e+00
   outer loop
     vertex  1.951000e+01 -5.450000e+00  9.000000e+00
     vertex  1.880228e+01 -6.205978e+00  9.000000e+00
     vertex  1.903516e+01 -5.450000e+00  9.000000e+00
   endloop
 endfacet
 facet normal  0.000000e+00 -0.000000e+00 -1.000000e+00
   outer loop
     vertex  1.951000e+01 -5.450000e+00  9.000000e+00
     vertex  2.045664e+01 -6.616330e+00  9.000000e+00
     vertex  1.880228e+01 -6.205978e+00  9.000000e+00
   endloop
 endfacet
 facet normal -0.000000e+00  0.000000e+00 -1.000000e+00
   outer loop
     vertex  2.071473e+01 -5.757610e+00  9.000000e+00
     vertex  2.045664e+01 -6.616330e+00  9.000000e+00
     vertex  1.951000e+01 -5.450000e+00  9.000000e+00
   endloop
 endfacet
 facet normal  0.000000e+00  0.000000e+00 -1.000000e+00
   outer loop
     vertex  2.093678e+01 -4.888875e+00  9.000000e+00
     vertex  2.071473e+01 -5.757610e+00  9.000000e+00
     vertex  1.951000e+01 -5.450000e+00  9.000000e+00
   endloop
 endfacet
 facet normal  0.000000e+00 -0.000000e+00 -1.000000e+00
   outer loop
     vertex  1.951000e+01 -3.376374e+00  9.000000e+00
     vertex  2.093678e+01 -4.888875e+00  9.000000e+00
     vertex  1.951000e+01 -5.450000e+00  9.000000e+00
   endloop
 endfacet
 facet normal -0.000000e+00  0.000000e+00 -1.000000e+00
   outer loop
     vertex  2.112242e+01 -4.011637e+00  9.000000e+00
     vertex  2.093678e+01 -4.888875e+00  9.000000e+00
     vertex  1.951000e+01 -3.376374e+00  9.000000e+00
   endloop
 endfacet
 facet normal  0.000000e+00  0.000000e+00 -1.000000e+00
   outer loop
     vertex  2.127132e+01 -3.127421e+00  9.000000e+00
     vertex  2.112242e+01 -4.011637e+00  9.000000e+00
     vertex  1.951000e+01 -3.376374e+00  9.000000e+00
   endloop
 endfacet
 facet normal -0.000000e+00  0.000000e+00 -1.000000e+00
   outer loop
     vertex  2.127132e+01 -3.127421e+00  9.000000e+00
     vertex  1.951000e+01 -3.376374e+00  9.000000e+00
     vertex  1.963670e+01 -2.537717e+00  9.000000e+00
   endloop
 endfacet
 facet normal  0.000000e+00  0.000000e+00 -1.000000e+00
   outer loop
     vertex  2.138323e+01 -2.237766e+00  9.000000e+00
     vertex  2.127132e+01 -3.127421e+00  9.000000e+00
     vertex  1.963670e+01 -2.537717e+00  9.000000e+00
   endloop
 endfacet
 facet normal -0.000000e+00  0.000000e+00 -1.000000e+00
   outer loop
     vertex  2.138323e+01 -2.237766e+00  9.000000e+00
     vertex  1.963670e+01 -2.537717e+00  9.000000e+00
     vertex  1.972737e+01 -1.694403e+00  9.000000e+00
   endloop
 endfacet
 facet normal  0.000000e+00  0.000000e+00 -1.000000e+00
   outer loop
     vertex  2.145794e+01 -1.344218e+00  9.000000e+00
     vertex  2.138323e+01 -2.237766e+00  9.000000e+00
     vertex  1.972737e+01 -1.694403e+00  9.000000e+00
   endloop
 endfacet
 facet normal -0.000000e+00  0.000000e+00 -1.000000e+00
   outer loop
     vertex  2.145794e+01 -1.344218e+00  9.000000e+00
     vertex  1.972737e+01 -1.694403e+00  9.000000e+00
     vertex  1.978183e+01 -8.479793e-01  9.000000e+00
   endloop
 endfacet
 facet normal  0.000000e+00  0.000000e+00 -1.000000e+00
   outer loop
     vertex  2.149533e+01 -4.483327e-01  9.000000e+00
     vertex  2.145794e+01 -1.344218e+00  9.000000e+00
     vertex  1.978183e+01 -8.479793e-01  9.000000e+00
   endloop
 endfacet
 facet normal -0.000000e+00  0.000000e+00 -1.000000e+00
   outer loop
     vertex  2.149533e+01 -4.483327e-01  9.000000e+00
     vertex  1.978183e+01 -8.479793e-01  9.000000e+00
     vertex  1.980000e+01 -1.776357e-15  9.000000e+00
   endloop
 endfacet
 facet normal  0.000000e+00 -0.000000e+00 -1.000000e+00
   outer loop
     vertex  2.149533e+01  4.483327e-01  9.000000e+00
     vertex  2.149533e+01 -4.483327e-01  9.000000e+00
     vertex  1.980000e+01 -1.776357e-15  9.000000e+00
   endloop
 endfacet
 facet normal -0.000000e+00  0.000000e+00 -1.000000e+00
   outer loop
     vertex  2.149533e+01  4.483327e-01  9.000000e+00
     vertex  1.980000e+01 -1.776357e-15  9.000000e+00
     vertex  1.978183e+01  8.479793e-01  9.000000e+00
   endloop
 endfacet
 facet normal  0.000000e+00 -0.000000e+00 -1.000000e+00
   outer loop
     vertex  2.145794e+01  1.344218e+00  9.000000e+00
     vertex  2.149533e+01  4.483327e-01  9.000000e+00
     vertex  1.978183e+01  8.479793e-01  9.000000e+00
   endloop
 endfacet
 facet normal -0.000000e+00  0.000000e+00 -1.000000e+00
   outer loop
     vertex  2.145794e+01  1.344218e+00  9.000000e+00
     vertex  1.978183e+01  8.479793e-01  9.000000e+00
     vertex  1.972737e+01  1.694403e+00  9.000000e+00
   endloop
 endfacet
 facet normal  0.000000e+00 -0.000000e+00 -1.000000e+00
   outer loop
     vertex  2.138323e+01  2.237766e+00  9.000000e+00
     vertex  2.145794e+01  1.344218e+00  9.000000e+00
     vertex  1.972737e+01  1.694403e+00  9.000000e+00
   endloop
 endfacet
 facet normal -0.000000e+00  0.000000e+00 -1.000000e+00
   outer loop
     vertex  2.138323e+01  2.237766e+00  9.000000e+00
     vertex  1.972737e+01  1.694403e+00  9.000000e+00
     vertex  1.963670e+01  2.537717e+00  9.000000e+00
   endloop
 endfacet
 facet normal  0.000000e+00 -0.000000e+00 -1.000000e+00
   outer loop
     vertex  2.127132e+01  3.127421e+00  9.000000e+00
     vertex  2.138323e+01  2.237766e+00  9.000000e+00
     vertex  1.963670e+01  2.537717e+00  9.000000e+00
   endloop
 endfacet
 facet normal -0.000000e+00  0.000000e+00 -1.000000e+00
   outer loop
     vertex  2.127132e+01  3.127421e+00  9.000000e+00
     vertex  1.963670e+01  2.537717e+00  9.000000e+00
     vertex  1.951000e+01  3.376374e+00  9.000000e+00
   endloop
 endfacet
 facet normal  0.000000e+00 -0.000000e+00 -1.000000e+00
   outer loop
     vertex  2.112242e+01  4.011637e+00  9.000000e+00
     vertex  2.127132e+01  3.127421e+00  9.000000e+00
     vertex  1.951000e+01  3.376374e+00  9.000000e+00
   endloop
 endfacet
 facet normal  0.000000e+00  0.000000e+00 -1.000000e+00
   outer loop
     vertex  1.951000e+01  6.050000e+00  9.000000e+00
     vertex  1.885305e+01  6.050000e+00  9.000000e+00
     vertex  1.858223e+01  6.836725e+00  9.000000e+00
   endloop
 endfacet
 facet normal  0.000000e+00 -0.000000e+00 -1.000000e+00
   outer loop
     vertex  2.093678e+01  4.888875e+00  9.000000e+00
     vertex  2.112242e+01  4.011637e+00  9.000000e+00
     vertex  1.951000e+01  3.376374e+00  9.000000e+00
   endloop
 endfacet
 facet normal -0.000000e+00  0.000000e+00 -1.000000e+00
   outer loop
     vertex  2.093678e+01  4.888875e+00  9.000000e+00
     vertex  1.951000e+01  3.376374e+00  9.000000e+00
     vertex  1.951000e+01  6.050000e+00  9.000000e+00
   endloop
 endfacet
 facet normal -0.000000e+00 -0.000000e+00 -1.000000e+00
   outer loop
     vertex  2.071473e+01  5.757610e+00  9.000000e+00
     vertex  2.093678e+01  4.888875e+00  9.000000e+00
     vertex  1.951000e+01  6.050000e+00  9.000000e+00
   endloop
 endfacet
 facet normal  0.000000e+00 -0.000000e+00 -1.000000e+00
   outer loop
     vertex  2.045664e+01  6.616330e+00  9.000000e+00
     vertex  2.071473e+01  5.757610e+00  9.000000e+00
     vertex  1.951000e+01  6.050000e+00  9.000000e+00
   endloop
 endfacet
 facet normal  0.000000e+00 -0.000000e+00 -1.000000e+00
   outer loop
     vertex  1.782171e+01  9.330204e+00  9.000000e+00
     vertex  1.794268e+01  8.372590e+00  9.000000e+00
     vertex  1.757508e+01  9.119018e+00  9.000000e+00
   endloop
 endfacet
 facet normal  0.000000e+00  0.000000e+00 -1.000000e+00
   outer loop
     vertex  1.804407e+01  9.566807e+00  9.000000e+00
     vertex  1.794268e+01  8.372590e+00  9.000000e+00
     vertex  1.782171e+01  9.330204e+00  9.000000e+00
   endloop
 endfacet
 facet normal -0.000000e+00  0.000000e+00 -1.000000e+00
   outer loop
     vertex  2.016297e+01  7.463542e+00  9.000000e+00
     vertex  1.858223e+01  6.836725e+00  9.000000e+00
     vertex  1.827859e+01  7.611378e+00  9.000000e+00
   endloop
 endfacet
 facet normal  0.000000e+00  0.000000e+00 -1.000000e+00
   outer loop
     vertex  2.016297e+01  7.463542e+00  9.000000e+00
     vertex  1.951000e+01  6.050000e+00  9.000000e+00
     vertex  1.858223e+01  6.836725e+00  9.000000e+00
   endloop
 endfacet
 facet normal  0.000000e+00 -0.000000e+00 -1.000000e+00
   outer loop
     vertex  2.016297e+01  7.463542e+00  9.000000e+00
     vertex  2.045664e+01  6.616330e+00  9.000000e+00
     vertex  1.951000e+01  6.050000e+00  9.000000e+00
   endloop
 endfacet
 facet normal -0.000000e+00  0.000000e+00 -1.000000e+00
   outer loop
     vertex  1.983424e+01  8.297773e+00  9.000000e+00
     vertex  1.827859e+01  7.611378e+00  9.000000e+00
     vertex  1.794268e+01  8.372590e+00  9.000000e+00
   endloop
 endfacet
 facet normal  0.000000e+00 -0.000000e+00 -1.000000e+00
   outer loop
     vertex  1.983424e+01  8.297773e+00  9.000000e+00
     vertex  2.016297e+01  7.463542e+00  9.000000e+00
     vertex  1.827859e+01  7.611378e+00  9.000000e+00
   endloop
 endfacet
 facet normal -0.000000e+00  0.000000e+00 -1.000000e+00
   outer loop
     vertex  1.947100e+01  9.117571e+00  9.000000e+00
     vertex  1.794268e+01  8.372590e+00  9.000000e+00
     vertex  1.804407e+01  9.566807e+00  9.000000e+00
   endloop
 endfacet
 facet normal  0.000000e+00 -0.000000e+00 -1.000000e+00
   outer loop
     vertex  1.947100e+01  9.117571e+00  9.000000e+00
     vertex  1.983424e+01  8.297773e+00  9.000000e+00
     vertex  1.794268e+01  8.372590e+00  9.000000e+00
   endloop
 endfacet
 facet normal  0.000000e+00  0.000000e+00 -1.000000e+00
   outer loop
     vertex  1.907390e+01  9.921511e+00  9.000000e+00
     vertex  1.804407e+01  9.566807e+00  9.000000e+00
     vertex  1.823956e+01  9.826055e+00  9.000000e+00
   endloop
 endfacet
 facet normal -0.000000e+00  0.000000e+00 -1.000000e+00
   outer loop
     vertex  1.907390e+01  9.921511e+00  9.000000e+00
     vertex  1.823956e+01  9.826055e+00  9.000000e+00
     vertex  1.840589e+01  1.010491e+01  9.000000e+00
   endloop
 endfacet
 facet normal  0.000000e+00  0.000000e+00 -1.000000e+00
   outer loop
     vertex  1.907390e+01  9.921511e+00  9.000000e+00
     vertex  1.840589e+01  1.010491e+01  9.000000e+00
     vertex  1.854110e+01  1.040011e+01  9.000000e+00
   endloop
 endfacet
 facet normal  0.000000e+00 -0.000000e+00 -1.000000e+00
   outer loop
     vertex  1.907390e+01  9.921511e+00  9.000000e+00
     vertex  1.947100e+01  9.117571e+00  9.000000e+00
     vertex  1.804407e+01  9.566807e+00  9.000000e+00
   endloop
 endfacet
 facet normal  0.000000e+00 -0.000000e+00 -1.000000e+00
   outer loop
     vertex  1.864362e+01  1.070819e+01  9.000000e+00
     vertex  1.907390e+01  9.921511e+00  9.000000e+00
     vertex  1.854110e+01  1.040011e+01  9.000000e+00
   endloop
 endfacet
 facet normal  8.966532e-01 -4.427336e-01  0.000000e+00
   outer loop
     vertex  1.792530e+01 -8.409734e+00  9.000000e+00
     vertex  1.757508e+01 -9.119018e+00  9.000000e+00
     vertex  1.757508e+01 -9.119018e+00  5.000000e-01
   endloop
 endfacet
 facet normal  8.966532e-01 -4.427336e-01 -4.719701e-16
   outer loop
     vertex  1.792530e+01 -8.409734e+00  9.000000e+00
     vertex  1.757508e+01 -9.119018e+00  5.000000e-01
     vertex  1.792530e+01 -8.409734e+00  5.000000e-01
   endloop
 endfacet
 facet normal  9.136219e-01 -4.065650e-01 -5.088306e-16
   outer loop
     vertex  1.792530e+01 -8.409734e+00  9.000000e+00
     vertex  1.792530e+01 -8.409734e+00  5.000000e-01
     vertex  1.824691e+01 -7.687027e+00  5.000000e-01
   endloop
 endfacet
 facet normal  9.291323e-01 -3.697474e-01  3.843639e-16
   outer loop
     vertex  1.824691e+01 -7.687027e+00  9.000000e+00
     vertex  1.824691e+01 -7.687027e+00  5.000000e-01
     vertex  1.853939e+01 -6.952050e+00  5.000000e-01
   endloop
 endfacet
 facet normal  9.136219e-01 -4.065650e-01  4.677892e-16
   outer loop
     vertex  1.824691e+01 -7.687027e+00  9.000000e+00
     vertex  1.792530e+01 -8.409734e+00  9.000000e+00
     vertex  1.824691e+01 -7.687027e+00  5.000000e-01
   endloop
 endfacet
 facet normal  9.431597e-01 -3.323398e-01 -1.286106e-16
   outer loop
     vertex  1.853939e+01 -6.952050e+00  9.000000e+00
     vertex  1.853939e+01 -6.952050e+00  5.000000e-01
     vertex  1.880228e+01 -6.205978e+00  5.000000e-01
   endloop
 endfacet
 facet normal  9.291323e-01 -3.697474e-01 -4.261762e-17
   outer loop
     vertex  1.853939e+01 -6.952050e+00  9.000000e+00
     vertex  1.824691e+01 -7.687027e+00  9.000000e+00
     vertex  1.853939e+01 -6.952050e+00  5.000000e-01
   endloop
 endfacet
 facet normal  9.556818e-01 -2.944016e-01 -2.139287e-16
   outer loop
     vertex  1.880228e+01 -6.205978e+00  9.000000e+00
     vertex  1.880228e+01 -6.205978e+00  5.000000e-01
     vertex  1.903516e+01 -5.450000e+00  5.000000e-01
   endloop
 endfacet
 facet normal  9.431597e-01 -3.323398e-01 -7.137241e-17
   outer loop
     vertex  1.880228e+01 -6.205978e+00  9.000000e+00
     vertex  1.853939e+01 -6.952050e+00  9.000000e+00
     vertex  1.880228e+01 -6.205978e+00  5.000000e-01
   endloop
 endfacet
 facet normal  9.556818e-01 -2.944016e-01 -9.228747e-17
   outer loop
     vertex  1.903516e+01 -5.450000e+00  9.000000e+00
     vertex  1.880228e+01 -6.205978e+00  9.000000e+00
     vertex  1.903516e+01 -5.450000e+00  5.000000e-01
   endloop
 endfacet
 facet normal  9.887799e-01 -1.493800e-01 -3.121790e-17
   outer loop
     vertex  1.951000e+01 -3.376374e+00  9.000000e+00
     vertex  1.951000e+01 -3.376374e+00  5.000000e-01
     vertex  1.963670e+01 -2.537717e+00  5.000000e-01
   endloop
 endfacet
 facet normal  9.887799e-01 -1.493800e-01 -6.243580e-17
   outer loop
     vertex  1.963670e+01 -2.537717e+00  9.000000e+00
     vertex  1.951000e+01 -3.376374e+00  9.000000e+00
     vertex  1.963670e+01 -2.537717e+00  5.000000e-01
   endloop
 endfacet
 facet normal  9.942702e-01 -1.068962e-01 -8.311429e-16
   outer loop
     vertex  1.972737e+01 -1.694403e+00  9.000000e+00
     vertex  1.963670e+01 -2.537717e+00  5.000000e-01
     vertex  1.972737e+01 -1.694403e+00  5.000000e-01
   endloop
 endfacet
 facet normal  9.942702e-01 -1.068962e-01 -4.427354e-17
   outer loop
     vertex  1.972737e+01 -1.694403e+00  9.000000e+00
     vertex  1.963670e+01 -2.537717e+00  9.000000e+00
     vertex  1.963670e+01 -2.537717e+00  5.000000e-01
   endloop
 endfacet
 facet normal  9.979360e-01 -6.421629e-02 -4.036835e-16
   outer loop
     vertex  1.978183e+01 -8.479793e-01  9.000000e+00
     vertex  1.972737e+01 -1.694403e+00  5.000000e-01
     vertex  1.978183e+01 -8.479793e-01  5.000000e-01
   endloop
 endfacet
 facet normal  9.997706e-01 -2.141853e-02 -4.133943e-16
   outer loop
     vertex  1.978183e+01 -8.479793e-01  9.000000e+00
     vertex  1.978183e+01 -8.479793e-01  5.000000e-01
     vertex  1.980000e+01 -3.552714e-15  5.000000e-01
   endloop
 endfacet
 facet normal  9.979360e-01 -6.421629e-02 -8.334975e-16
   outer loop
     vertex  1.978183e+01 -8.479793e-01  9.000000e+00
     vertex  1.972737e+01 -1.694403e+00  9.000000e+00
     vertex  1.972737e+01 -1.694403e+00  5.000000e-01
   endloop
 endfacet
 facet normal  9.997706e-01  2.141853e-02 -4.223465e-16
   outer loop
     vertex  1.980000e+01 -1.776357e-15  9.000000e+00
     vertex  1.980000e+01 -3.552714e-15  5.000000e-01
     vertex  1.978183e+01  8.479793e-01  5.000000e-01
   endloop
 endfacet
 facet normal  9.997706e-01 -2.141853e-02 -4.133943e-16
   outer loop
     vertex  1.980000e+01 -1.776357e-15  9.000000e+00
     vertex  1.978183e+01 -8.479793e-01  9.000000e+00
     vertex  1.980000e+01 -3.552714e-15  5.000000e-01
   endloop
 endfacet
 facet normal  9.979360e-01  6.421629e-02 -4.026037e-17
   outer loop
     vertex  1.978183e+01  8.479793e-01  9.000000e+00
     vertex  1.978183e+01  8.479793e-01  5.000000e-01
     vertex  1.972737e+01  1.694403e+00  5.000000e-01
   endloop
 endfacet
 facet normal  9.997706e-01  2.141853e-02 -1.342834e-17
   outer loop
     vertex  1.978183e+01  8.479793e-01  9.000000e+00
     vertex  1.980000e+01 -1.776357e-15  9.000000e+00
     vertex  1.978183e+01  8.479793e-01  5.000000e-01
   endloop
 endfacet
 facet normal  9.942702e-01  1.068962e-01  7.194453e-16
   outer loop
     vertex  1.972737e+01  1.694403e+00  9.000000e+00
     vertex  1.972737e+01  1.694403e+00  5.000000e-01
     vertex  1.963670e+01  2.537717e+00  5.000000e-01
   endloop
 endfacet
 facet normal  9.979360e-01  6.421629e-02  7.671066e-16
   outer loop
     vertex  1.972737e+01  1.694403e+00  9.000000e+00
     vertex  1.978183e+01  8.479793e-01  9.000000e+00
     vertex  1.972737e+01  1.694403e+00  5.000000e-01
   endloop
 endfacet
 facet normal  9.887799e-01  1.493800e-01  2.103603e-16
   outer loop
     vertex  1.963670e+01  2.537717e+00  9.000000e+00
     vertex  1.963670e+01  2.537717e+00  5.000000e-01
     vertex  1.951000e+01  3.376374e+00  5.000000e-01
   endloop
 endfacet
 facet normal  9.942702e-01  1.068962e-01  2.703646e-16
   outer loop
     vertex  1.963670e+01  2.537717e+00  9.000000e+00
     vertex  1.972737e+01  1.694403e+00  9.000000e+00
     vertex  1.963670e+01  2.537717e+00  5.000000e-01
   endloop
 endfacet
 facet normal  9.887799e-01  1.493800e-01 -6.630199e-16
   outer loop
     vertex  1.951000e+01  3.376374e+00  9.000000e+00
     vertex  1.963670e+01  2.537717e+00  9.000000e+00
     vertex  1.951000e+01  3.376374e+00  5.000000e-01
   endloop
 endfacet
 facet normal  6.976754e-01 -1.054014e-01 -7.086181e-01
   outer loop
     vertex  1.951000e+01 -2.494299e+00  3.687984e-01
     vertex  1.963670e+01 -2.537717e+00  5.000000e-01
     vertex  1.951000e+01 -3.376374e+00  5.000000e-01
   endloop
 endfacet
 facet normal  7.046277e-01 -7.575611e-02 -7.055216e-01
   outer loop
     vertex  1.972737e+01 -1.694403e+00  5.000000e-01
     vertex  1.963670e+01 -2.537717e+00  5.000000e-01
     vertex  1.951000e+01 -2.494299e+00  3.687984e-01
   endloop
 endfacet
 facet normal  7.012854e-01 -7.427723e-02 -7.090005e-01
   outer loop
     vertex  1.951000e+01 -1.617211e+00  2.769117e-01
     vertex  1.972737e+01 -1.694403e+00  5.000000e-01
     vertex  1.951000e+01 -2.494299e+00  3.687984e-01
   endloop
 endfacet
 facet normal  7.117312e-01 -4.579927e-02 -7.009573e-01
   outer loop
     vertex  1.951000e+01 -1.174061e+00  2.452940e-01
     vertex  1.978183e+01 -8.479793e-01  5.000000e-01
     vertex  1.972737e+01 -1.694403e+00  5.000000e-01
   endloop
 endfacet
 facet normal  7.065571e-01 -5.036147e-02 -7.058618e-01
   outer loop
     vertex  1.951000e+01 -1.174061e+00  2.452940e-01
     vertex  1.972737e+01 -1.694403e+00  5.000000e-01
     vertex  1.951000e+01 -1.617211e+00  2.769117e-01
   endloop
 endfacet
 facet normal  7.050897e-01 -3.454586e-02 -7.082761e-01
   outer loop
     vertex  1.951000e+01 -7.315130e-01  2.237090e-01
     vertex  1.978183e+01 -8.479793e-01  5.000000e-01
     vertex  1.951000e+01 -1.174061e+00  2.452940e-01
   endloop
 endfacet
 facet normal  7.120222e-01 -1.525397e-02 -7.019912e-01
   outer loop
     vertex  1.951000e+01 -2.896376e-01  2.121498e-01
     vertex  1.980000e+01 -3.552714e-15  5.000000e-01
     vertex  1.978183e+01 -8.479793e-01  5.000000e-01
   endloop
 endfacet
 facet normal  7.088142e-01 -1.844633e-02 -7.051540e-01
   outer loop
     vertex  1.951000e+01 -2.896376e-01  2.121498e-01
     vertex  1.978183e+01 -8.479793e-01  5.000000e-01
     vertex  1.951000e+01 -7.315130e-01  2.237090e-01
   endloop
 endfacet
 facet normal  7.057243e-01 -2.497277e-03 -7.084822e-01
   outer loop
     vertex  1.951000e+01  1.520892e-01  2.105928e-01
     vertex  1.980000e+01 -3.552714e-15  5.000000e-01
     vertex  1.951000e+01 -2.896376e-01  2.121498e-01
   endloop
 endfacet
 facet normal  7.102883e-01  1.521682e-02 -7.037464e-01
   outer loop
     vertex  1.978183e+01  8.479793e-01  5.000000e-01
     vertex  1.980000e+01 -3.552714e-15  5.000000e-01
     vertex  1.951000e+01  1.520892e-01  2.105928e-01
   endloop
 endfacet
 facet normal  7.042953e-01  2.000270e-02 -7.096252e-01
   outer loop
     vertex  1.951000e+01  9.484610e-01  2.330407e-01
     vertex  1.978183e+01  8.479793e-01  5.000000e-01
     vertex  1.951000e+01  1.520892e-01  2.105928e-01
   endloop
 endfacet
 facet normal  7.084807e-01  4.559010e-02 -7.042561e-01
   outer loop
     vertex  1.972737e+01  1.694403e+00  5.000000e-01
     vertex  1.978183e+01  8.479793e-01  5.000000e-01
     vertex  1.951000e+01  9.484610e-01  2.330407e-01
   endloop
 endfacet
 facet normal  7.032616e-01  4.889733e-02 -7.092476e-01
   outer loop
     vertex  1.951000e+01  1.748657e+00  2.882082e-01
     vertex  1.972737e+01  1.694403e+00  5.000000e-01
     vertex  1.951000e+01  9.484610e-01  2.330407e-01
   endloop
 endfacet
 facet normal  7.054994e-01  7.584982e-02 -7.046399e-01
   outer loop
     vertex  1.963670e+01  2.537717e+00  5.000000e-01
     vertex  1.972737e+01  1.694403e+00  5.000000e-01
     vertex  1.951000e+01  1.748657e+00  2.882082e-01
   endloop
 endfacet
 facet normal  7.007532e-01  7.782154e-02 -7.091465e-01
   outer loop
     vertex  1.951000e+01  2.560327e+00  3.772806e-01
     vertex  1.963670e+01  2.537717e+00  5.000000e-01
     vertex  1.951000e+01  1.748657e+00  2.882082e-01
   endloop
 endfacet
 facet normal  7.015078e-01  1.059803e-01 -7.047375e-01
   outer loop
     vertex  1.951000e+01  3.376374e+00  5.000000e-01
     vertex  1.963670e+01  2.537717e+00  5.000000e-01
     vertex  1.951000e+01  2.560327e+00  3.772806e-01
   endloop
 endfacet
endsolid
