solid 
 facet normal  9.997919e-01  2.039854e-02  0.000000e+00
   outer loop
     vertex  2.398003e+01  9.789261e-01  2.200000e+01
     vertex  2.400000e+01  0.000000e+00  2.200000e+01
     vertex  2.400000e+01  0.000000e+00  2.000000e+00
   endloop
 endfacet
 facet normal  9.997919e-01  2.039854e-02  0.000000e+00
   outer loop
     vertex  2.398003e+01  9.789261e-01  2.200000e+01
     vertex  2.400000e+01  0.000000e+00  2.000000e+00
     vertex  2.398003e+01  9.789261e-01  2.000000e+00
   endloop
 endfacet
 facet normal  9.981279e-01  6.116166e-02  0.000000e+00
   outer loop
     vertex  2.392014e+01  1.956223e+00  2.200000e+01
     vertex  2.398003e+01  9.789261e-01  2.200000e+01
     vertex  2.398003e+01  9.789261e-01  2.000000e+00
   endloop
 endfacet
 facet normal  9.981279e-01  6.116166e-02  0.000000e+00
   outer loop
     vertex  2.392014e+01  1.956223e+00  2.200000e+01
     vertex  2.398003e+01  9.789261e-01  2.000000e+00
     vertex  2.392014e+01  1.956223e+00  2.000000e+00
   endloop
 endfacet
 facet normal  9.948025e-01  1.018230e-01  0.000000e+00
   outer loop
     vertex  2.382044e+01  2.930264e+00  2.200000e+01
     vertex  2.392014e+01  1.956223e+00  2.200000e+01
     vertex  2.392014e+01  1.956223e+00  2.000000e+00
   endloop
 endfacet
 facet normal  9.948025e-01  1.018230e-01  0.000000e+00
   outer loop
     vertex  2.382044e+01  2.930264e+00  2.200000e+01
     vertex  2.392014e+01  1.956223e+00  2.000000e+00
     vertex  2.382044e+01  2.930264e+00  2.000000e+00
   endloop
 endfacet
 facet normal  9.898214e-01  1.423148e-01  0.000000e+00
   outer loop
     vertex  2.368110e+01  3.899427e+00  2.200000e+01
     vertex  2.382044e+01  2.930264e+00  2.200000e+01
     vertex  2.382044e+01  2.930264e+00  2.000000e+00
   endloop
 endfacet
 facet normal  9.898214e-01  1.423148e-01  0.000000e+00
   outer loop
     vertex  2.368110e+01  3.899427e+00  2.200000e+01
     vertex  2.382044e+01  2.930264e+00  2.000000e+00
     vertex  2.368110e+01  3.899427e+00  2.000000e+00
   endloop
 endfacet
 facet normal  9.831929e-01  1.825698e-01  0.000000e+00
   outer loop
     vertex  2.350234e+01  4.862101e+00  2.200000e+01
     vertex  2.368110e+01  3.899427e+00  2.200000e+01
     vertex  2.368110e+01  3.899427e+00  2.000000e+00
   endloop
 endfacet
 facet normal  9.831929e-01  1.825698e-01  0.000000e+00
   outer loop
     vertex  2.350234e+01  4.862101e+00  2.200000e+01
     vertex  2.368110e+01  3.899427e+00  2.000000e+00
     vertex  2.350234e+01  4.862101e+00  2.000000e+00
   endloop
 endfacet
 facet normal  9.749279e-01  2.225209e-01  0.000000e+00
   outer loop
     vertex  2.328446e+01  5.816682e+00  2.200000e+01
     vertex  2.350234e+01  4.862101e+00  2.200000e+01
     vertex  2.350234e+01  4.862101e+00  2.000000e+00
   endloop
 endfacet
 facet normal  9.749279e-01  2.225209e-01  0.000000e+00
   outer loop
     vertex  2.328446e+01  5.816682e+00  2.200000e+01
     vertex  2.350234e+01  4.862101e+00  2.000000e+00
     vertex  2.328446e+01  5.816682e+00  2.000000e+00
   endloop
 endfacet
 facet normal  9.650403e-01  2.621017e-01  0.000000e+00
   outer loop
     vertex  2.302783e+01  6.761581e+00  2.200000e+01
     vertex  2.328446e+01  5.816682e+00  2.200000e+01
     vertex  2.328446e+01  5.816682e+00  2.000000e+00
   endloop
 endfacet
 facet normal  9.650403e-01  2.621017e-01  0.000000e+00
   outer loop
     vertex  2.302783e+01  6.761581e+00  2.200000e+01
     vertex  2.328446e+01  5.816682e+00  2.000000e+00
     vertex  2.302783e+01  6.761581e+00  2.000000e+00
   endloop
 endfacet
 facet normal  9.535464e-01  3.012462e-01  0.000000e+00
   outer loop
     vertex  2.273287e+01  7.695227e+00  2.200000e+01
     vertex  2.302783e+01  6.761581e+00  2.200000e+01
     vertex  2.302783e+01  6.761581e+00  2.000000e+00
   endloop
 endfacet
 facet normal  9.535464e-01  3.012462e-01  0.000000e+00
   outer loop
     vertex  2.273287e+01  7.695227e+00  2.200000e+01
     vertex  2.302783e+01  6.761581e+00  2.000000e+00
     vertex  2.273287e+01  7.695227e+00  2.000000e+00
   endloop
 endfacet
 facet normal  9.404655e-01  3.398893e-01  0.000000e+00
   outer loop
     vertex  2.240008e+01  8.616065e+00  2.200000e+01
     vertex  2.273287e+01  7.695227e+00  2.200000e+01
     vertex  2.273287e+01  7.695227e+00  2.000000e+00
   endloop
 endfacet
 facet normal  9.404655e-01  3.398893e-01  0.000000e+00
   outer loop
     vertex  2.240008e+01  8.616065e+00  2.200000e+01
     vertex  2.273287e+01  7.695227e+00  2.000000e+00
     vertex  2.240008e+01  8.616065e+00  2.000000e+00
   endloop
 endfacet
 facet normal  9.258192e-01  3.779667e-01  0.000000e+00
   outer loop
     vertex  2.203000e+01  9.522562e+00  2.200000e+01
     vertex  2.240008e+01  8.616065e+00  2.200000e+01
     vertex  2.240008e+01  8.616065e+00  2.000000e+00
   endloop
 endfacet
 facet normal  9.258192e-01  3.779667e-01  0.000000e+00
   outer loop
     vertex  2.203000e+01  9.522562e+00  2.200000e+01
     vertex  2.240008e+01  8.616065e+00  2.000000e+00
     vertex  2.203000e+01  9.522562e+00  2.000000e+00
   endloop
 endfacet
 facet normal  9.096320e-01  4.154150e-01  0.000000e+00
   outer loop
     vertex  2.162325e+01  1.041321e+01  2.200000e+01
     vertex  2.203000e+01  9.522562e+00  2.200000e+01
     vertex  2.203000e+01  9.522562e+00  2.000000e+00
   endloop
 endfacet
 facet normal  9.096320e-01  4.154150e-01  0.000000e+00
   outer loop
     vertex  2.162325e+01  1.041321e+01  2.200000e+01
     vertex  2.203000e+01  9.522562e+00  2.000000e+00
     vertex  2.162325e+01  1.041321e+01  2.000000e+00
   endloop
 endfacet
 facet normal  8.919308e-01  4.521719e-01  0.000000e+00
   outer loop
     vertex  2.118052e+01  1.128653e+01  2.200000e+01
     vertex  2.162325e+01  1.041321e+01  2.200000e+01
     vertex  2.162325e+01  1.041321e+01  2.000000e+00
   endloop
 endfacet
 facet normal  8.919308e-01  4.521719e-01  0.000000e+00
   outer loop
     vertex  2.118052e+01  1.128653e+01  2.200000e+01
     vertex  2.162325e+01  1.041321e+01  2.000000e+00
     vertex  2.118052e+01  1.128653e+01  2.000000e+00
   endloop
 endfacet
 facet normal  8.727451e-01  4.881762e-01  0.000000e+00
   outer loop
     vertex  2.070253e+01  1.214106e+01  2.200000e+01
     vertex  2.118052e+01  1.128653e+01  2.200000e+01
     vertex  2.118052e+01  1.128653e+01  2.000000e+00
   endloop
 endfacet
 facet normal  8.727451e-01  4.881762e-01  0.000000e+00
   outer loop
     vertex  2.070253e+01  1.214106e+01  2.200000e+01
     vertex  2.118052e+01  1.128653e+01  2.000000e+00
     vertex  2.070253e+01  1.214106e+01  2.000000e+00
   endloop
 endfacet
 facet normal  8.521068e-01  5.233680e-01  0.000000e+00
   outer loop
     vertex  2.070253e+01  1.214106e+01  2.200000e+01
     vertex  2.070253e+01  1.214106e+01  2.000000e+00
     vertex  2.019008e+01  1.297538e+01  2.000000e+00
   endloop
 endfacet
 facet normal  8.521068e-01  5.233680e-01  0.000000e+00
   outer loop
     vertex  2.019008e+01  1.297538e+01  2.200000e+01
     vertex  2.070253e+01  1.214106e+01  2.200000e+01
     vertex  2.019008e+01  1.297538e+01  2.000000e+00
   endloop
 endfacet
 facet normal  8.300502e-01  5.576887e-01  0.000000e+00
   outer loop
     vertex  2.019008e+01  1.297538e+01  2.200000e+01
     vertex  2.019008e+01  1.297538e+01  2.000000e+00
     vertex  1.964404e+01  1.378811e+01  2.000000e+00
   endloop
 endfacet
 facet normal  8.300502e-01  5.576887e-01  0.000000e+00
   outer loop
     vertex  1.964404e+01  1.378811e+01  2.200000e+01
     vertex  2.019008e+01  1.297538e+01  2.200000e+01
     vertex  1.964404e+01  1.378811e+01  2.000000e+00
   endloop
 endfacet
 facet normal  8.066121e-01  5.910811e-01  0.000000e+00
   outer loop
     vertex  1.906529e+01  1.457788e+01  2.200000e+01
     vertex  1.964404e+01  1.378811e+01  2.000000e+00
     vertex  1.906529e+01  1.457788e+01  2.000000e+00
   endloop
 endfacet
 facet normal  8.066121e-01  5.910811e-01  0.000000e+00
   outer loop
     vertex  1.906529e+01  1.457788e+01  2.200000e+01
     vertex  1.964404e+01  1.378811e+01  2.200000e+01
     vertex  1.964404e+01  1.378811e+01  2.000000e+00
   endloop
 endfacet
 facet normal  7.818315e-01  6.234898e-01  0.000000e+00
   outer loop
     vertex  1.845481e+01  1.534340e+01  2.200000e+01
     vertex  1.906529e+01  1.457788e+01  2.000000e+00
     vertex  1.845481e+01  1.534340e+01  2.000000e+00
   endloop
 endfacet
 facet normal  7.818315e-01  6.234898e-01  0.000000e+00
   outer loop
     vertex  1.845481e+01  1.534340e+01  2.200000e+01
     vertex  1.906529e+01  1.457788e+01  2.200000e+01
     vertex  1.906529e+01  1.457788e+01  2.000000e+00
   endloop
 endfacet
 facet normal  7.557496e-01  6.548607e-01  0.000000e+00
   outer loop
     vertex  1.781362e+01  1.608338e+01  2.200000e+01
     vertex  1.845481e+01  1.534340e+01  2.000000e+00
     vertex  1.781362e+01  1.608338e+01  2.000000e+00
   endloop
 endfacet
 facet normal  7.284098e-01  6.851417e-01  0.000000e+00
   outer loop
     vertex  1.781362e+01  1.608338e+01  2.200000e+01
     vertex  1.781362e+01  1.608338e+01  2.000000e+00
     vertex  1.714278e+01  1.679658e+01  2.000000e+00
   endloop
 endfacet
 facet normal  7.557496e-01  6.548607e-01  0.000000e+00
   outer loop
     vertex  1.781362e+01  1.608338e+01  2.200000e+01
     vertex  1.845481e+01  1.534340e+01  2.200000e+01
     vertex  1.845481e+01  1.534340e+01  2.000000e+00
   endloop
 endfacet
 facet normal  7.284098e-01  6.851417e-01  0.000000e+00
   outer loop
     vertex  1.714278e+01  1.679658e+01  2.200000e+01
     vertex  1.781362e+01  1.608338e+01  2.200000e+01
     vertex  1.714278e+01  1.679658e+01  2.000000e+00
   endloop
 endfacet
 facet normal  6.998577e-01  7.142823e-01  0.000000e+00
   outer loop
     vertex  1.644340e+01  1.748184e+01  2.200000e+01
     vertex  1.714278e+01  1.679658e+01  2.000000e+00
     vertex  1.644340e+01  1.748184e+01  2.000000e+00
   endloop
 endfacet
 facet normal  6.998577e-01  7.142823e-01  0.000000e+00
   outer loop
     vertex  1.644340e+01  1.748184e+01  2.200000e+01
     vertex  1.714278e+01  1.679658e+01  2.200000e+01
     vertex  1.714278e+01  1.679658e+01  2.000000e+00
   endloop
 endfacet
 facet normal  6.701407e-01  7.422341e-01  0.000000e+00
   outer loop
     vertex  1.571666e+01  1.813799e+01  2.200000e+01
     vertex  1.644340e+01  1.748184e+01  2.000000e+00
     vertex  1.571666e+01  1.813799e+01  2.000000e+00
   endloop
 endfacet
 facet normal  6.701407e-01  7.422341e-01  0.000000e+00
   outer loop
     vertex  1.571666e+01  1.813799e+01  2.200000e+01
     vertex  1.644340e+01  1.748184e+01  2.200000e+01
     vertex  1.644340e+01  1.748184e+01  2.000000e+00
   endloop
 endfacet
 facet normal  6.393083e-01  7.689505e-01  0.000000e+00
   outer loop
     vertex  1.496376e+01  1.876396e+01  2.200000e+01
     vertex  1.571666e+01  1.813799e+01  2.000000e+00
     vertex  1.496376e+01  1.876396e+01  2.000000e+00
   endloop
 endfacet
 facet normal  6.074119e-01  7.943871e-01  0.000000e+00
   outer loop
     vertex  1.496376e+01  1.876396e+01  2.200000e+01
     vertex  1.496376e+01  1.876396e+01  2.000000e+00
     vertex  1.418595e+01  1.935869e+01  2.000000e+00
   endloop
 endfacet
 facet normal  6.393083e-01  7.689505e-01  0.000000e+00
   outer loop
     vertex  1.496376e+01  1.876396e+01  2.200000e+01
     vertex  1.571666e+01  1.813799e+01  2.200000e+01
     vertex  1.571666e+01  1.813799e+01  2.000000e+00
   endloop
 endfacet
 facet normal  6.074119e-01  7.943871e-01  0.000000e+00
   outer loop
     vertex  1.418595e+01  1.935869e+01  2.200000e+01
     vertex  1.496376e+01  1.876396e+01  2.200000e+01
     vertex  1.418595e+01  1.935869e+01  2.000000e+00
   endloop
 endfacet
 facet normal  5.745044e-01  8.185015e-01  0.000000e+00
   outer loop
     vertex  1.338453e+01  1.992121e+01  2.200000e+01
     vertex  1.418595e+01  1.935869e+01  2.200000e+01
     vertex  1.418595e+01  1.935869e+01  2.000000e+00
   endloop
 endfacet
 facet normal  5.745044e-01  8.185015e-01  0.000000e+00
   outer loop
     vertex  1.338453e+01  1.992121e+01  2.200000e+01
     vertex  1.418595e+01  1.935869e+01  2.000000e+00
     vertex  1.338453e+01  1.992121e+01  2.000000e+00
   endloop
 endfacet
 facet normal  5.406408e-01  8.412535e-01  0.000000e+00
   outer loop
     vertex  1.256083e+01  2.045056e+01  2.200000e+01
     vertex  1.338453e+01  1.992121e+01  2.200000e+01
     vertex  1.338453e+01  1.992121e+01  2.000000e+00
   endloop
 endfacet
 facet normal  5.406408e-01  8.412535e-01  0.000000e+00
   outer loop
     vertex  1.256083e+01  2.045056e+01  2.200000e+01
     vertex  1.338453e+01  1.992121e+01  2.000000e+00
     vertex  1.256083e+01  2.045056e+01  2.000000e+00
   endloop
 endfacet
 facet normal  5.058774e-01  8.626054e-01  0.000000e+00
   outer loop
     vertex  1.171623e+01  2.094588e+01  2.200000e+01
     vertex  1.256083e+01  2.045056e+01  2.200000e+01
     vertex  1.256083e+01  2.045056e+01  2.000000e+00
   endloop
 endfacet
 facet normal  5.058774e-01  8.626054e-01  0.000000e+00
   outer loop
     vertex  1.171623e+01  2.094588e+01  2.200000e+01
     vertex  1.256083e+01  2.045056e+01  2.000000e+00
     vertex  1.171623e+01  2.094588e+01  2.000000e+00
   endloop
 endfacet
 facet normal  4.702719e-01  8.825216e-01  0.000000e+00
   outer loop
     vertex  1.085213e+01  2.140634e+01  2.200000e+01
     vertex  1.171623e+01  2.094588e+01  2.200000e+01
     vertex  1.171623e+01  2.094588e+01  2.000000e+00
   endloop
 endfacet
 facet normal  4.702719e-01  8.825216e-01  0.000000e+00
   outer loop
     vertex  1.085213e+01  2.140634e+01  2.200000e+01
     vertex  1.171623e+01  2.094588e+01  2.000000e+00
     vertex  1.085213e+01  2.140634e+01  2.000000e+00
   endloop
 endfacet
 facet normal  4.338837e-01  9.009689e-01  0.000000e+00
   outer loop
     vertex  9.969960e+00  2.183117e+01  2.200000e+01
     vertex  1.085213e+01  2.140634e+01  2.200000e+01
     vertex  1.085213e+01  2.140634e+01  2.000000e+00
   endloop
 endfacet
 facet normal  4.338837e-01  9.009689e-01  0.000000e+00
   outer loop
     vertex  9.969960e+00  2.183117e+01  2.200000e+01
     vertex  1.085213e+01  2.140634e+01  2.000000e+00
     vertex  9.969960e+00  2.183117e+01  2.000000e+00
   endloop
 endfacet
 facet normal  3.967734e-01  9.179166e-01  0.000000e+00
   outer loop
     vertex  9.071201e+00  2.221966e+01  2.200000e+01
     vertex  9.969960e+00  2.183117e+01  2.200000e+01
     vertex  9.969960e+00  2.183117e+01  2.000000e+00
   endloop
 endfacet
 facet normal  3.967734e-01  9.179166e-01  0.000000e+00
   outer loop
     vertex  9.071201e+00  2.221966e+01  2.200000e+01
     vertex  9.969960e+00  2.183117e+01  2.000000e+00
     vertex  9.071201e+00  2.221966e+01  2.000000e+00
   endloop
 endfacet
 facet normal  3.590027e-01  9.333365e-01  0.000000e+00
   outer loop
     vertex  8.157343e+00  2.257117e+01  2.200000e+01
     vertex  9.071201e+00  2.221966e+01  2.200000e+01
     vertex  9.071201e+00  2.221966e+01  2.000000e+00
   endloop
 endfacet
 facet normal  3.590027e-01  9.333365e-01  0.000000e+00
   outer loop
     vertex  8.157343e+00  2.257117e+01  2.200000e+01
     vertex  9.071201e+00  2.221966e+01  2.000000e+00
     vertex  8.157343e+00  2.257117e+01  2.000000e+00
   endloop
 endfacet
 facet normal  3.206345e-01  9.472030e-01  0.000000e+00
   outer loop
     vertex  7.229909e+00  2.288511e+01  2.200000e+01
     vertex  8.157343e+00  2.257117e+01  2.200000e+01
     vertex  8.157343e+00  2.257117e+01  2.000000e+00
   endloop
 endfacet
 facet normal  3.206345e-01  9.472030e-01  0.000000e+00
   outer loop
     vertex  7.229909e+00  2.288511e+01  2.200000e+01
     vertex  8.157343e+00  2.257117e+01  2.000000e+00
     vertex  7.229909e+00  2.288511e+01  2.000000e+00
   endloop
 endfacet
 facet normal  2.817326e-01  9.594930e-01  0.000000e+00
   outer loop
     vertex  6.290440e+00  2.316097e+01  2.200000e+01
     vertex  7.229909e+00  2.288511e+01  2.200000e+01
     vertex  7.229909e+00  2.288511e+01  2.000000e+00
   endloop
 endfacet
 facet normal  2.817326e-01  9.594930e-01  0.000000e+00
   outer loop
     vertex  6.290440e+00  2.316097e+01  2.200000e+01
     vertex  7.229909e+00  2.288511e+01  2.000000e+00
     vertex  6.290440e+00  2.316097e+01  2.000000e+00
   endloop
 endfacet
 facet normal  2.423617e-01  9.701860e-01  0.000000e+00
   outer loop
     vertex  5.340502e+00  2.339827e+01  2.200000e+01
     vertex  6.290440e+00  2.316097e+01  2.200000e+01
     vertex  6.290440e+00  2.316097e+01  2.000000e+00
   endloop
 endfacet
 facet normal  2.423617e-01  9.701860e-01  0.000000e+00
   outer loop
     vertex  5.340502e+00  2.339827e+01  2.200000e+01
     vertex  6.290440e+00  2.316097e+01  2.000000e+00
     vertex  5.340502e+00  2.339827e+01  2.000000e+00
   endloop
 endfacet
 facet normal  2.025875e-01  9.792642e-01  0.000000e+00
   outer loop
     vertex  5.340502e+00  2.339827e+01  2.200000e+01
     vertex  5.340502e+00  2.339827e+01  2.000000e+00
     vertex  4.381676e+00  2.359663e+01  2.000000e+00
   endloop
 endfacet
 facet normal  2.025875e-01  9.792642e-01  0.000000e+00
   outer loop
     vertex  4.381676e+00  2.359663e+01  2.200000e+01
     vertex  5.340502e+00  2.339827e+01  2.200000e+01
     vertex  4.381676e+00  2.359663e+01  2.000000e+00
   endloop
 endfacet
 facet normal  1.624761e-01  9.867125e-01  0.000000e+00
   outer loop
     vertex  4.381676e+00  2.359663e+01  2.200000e+01
     vertex  4.381676e+00  2.359663e+01  2.000000e+00
     vertex  3.415556e+00  2.375571e+01  2.000000e+00
   endloop
 endfacet
 facet normal  1.624761e-01  9.867125e-01  0.000000e+00
   outer loop
     vertex  3.415556e+00  2.375571e+01  2.200000e+01
     vertex  4.381676e+00  2.359663e+01  2.200000e+01
     vertex  3.415556e+00  2.375571e+01  2.000000e+00
   endloop
 endfacet
 facet normal  1.220943e-01  9.925185e-01  0.000000e+00
   outer loop
     vertex  2.443752e+00  2.387526e+01  2.200000e+01
     vertex  3.415556e+00  2.375571e+01  2.200000e+01
     vertex  3.415556e+00  2.375571e+01  2.000000e+00
   endloop
 endfacet
 facet normal  1.220943e-01  9.925185e-01  0.000000e+00
   outer loop
     vertex  2.443752e+00  2.387526e+01  2.200000e+01
     vertex  3.415556e+00  2.375571e+01  2.000000e+00
     vertex  2.443752e+00  2.387526e+01  2.000000e+00
   endloop
 endfacet
 facet normal  8.150928e-02  9.966726e-01  0.000000e+00
   outer loop
     vertex  1.467880e+00  2.395507e+01  2.200000e+01
     vertex  2.443752e+00  2.387526e+01  2.200000e+01
     vertex  2.443752e+00  2.387526e+01  2.000000e+00
   endloop
 endfacet
 facet normal  8.150928e-02  9.966726e-01  0.000000e+00
   outer loop
     vertex  1.467880e+00  2.395507e+01  2.200000e+01
     vertex  2.443752e+00  2.387526e+01  2.000000e+00
     vertex  1.467880e+00  2.395507e+01  2.000000e+00
   endloop
 endfacet
 facet normal  4.078859e-02  9.991678e-01  0.000000e+00
   outer loop
     vertex  4.895649e-01  2.399501e+01  2.200000e+01
     vertex  1.467880e+00  2.395507e+01  2.200000e+01
     vertex  1.467880e+00  2.395507e+01  2.000000e+00
   endloop
 endfacet
 facet normal  4.078859e-02  9.991678e-01  0.000000e+00
   outer loop
     vertex  4.895649e-01  2.399501e+01  2.200000e+01
     vertex  1.467880e+00  2.395507e+01  2.000000e+00
     vertex  4.895649e-01  2.399501e+01  2.000000e+00
   endloop
 endfacet
 facet normal -0.000000e+00  1.000000e+00  0.000000e+00
   outer loop
     vertex -4.895649e-01  2.399501e+01  2.200000e+01
     vertex  4.895649e-01  2.399501e+01  2.200000e+01
     vertex  4.895649e-01  2.399501e+01  2.000000e+00
   endloop
 endfacet
 facet normal  0.000000e+00  1.000000e+00  0.000000e+00
   outer loop
     vertex -4.895649e-01  2.399501e+01  2.200000e+01
     vertex  4.895649e-01  2.399501e+01  2.000000e+00
     vertex -4.895649e-01  2.399501e+01  2.000000e+00
   endloop
 endfacet
 facet normal -4.078859e-02  9.991678e-01  0.000000e+00
   outer loop
     vertex -1.467880e+00  2.395507e+01  2.200000e+01
     vertex -4.895649e-01  2.399501e+01  2.200000e+01
     vertex -4.895649e-01  2.399501e+01  2.000000e+00
   endloop
 endfacet
 facet normal -4.078859e-02  9.991678e-01  0.000000e+00
   outer loop
     vertex -1.467880e+00  2.395507e+01  2.200000e+01
     vertex -4.895649e-01  2.399501e+01  2.000000e+00
     vertex -1.467880e+00  2.395507e+01  2.000000e+00
   endloop
 endfacet
 facet normal -8.150928e-02  9.966726e-01  0.000000e+00
   outer loop
     vertex -1.467880e+00  2.395507e+01  2.200000e+01
     vertex -1.467880e+00  2.395507e+01  2.000000e+00
     vertex -2.443752e+00  2.387526e+01  2.000000e+00
   endloop
 endfacet
 facet normal -8.150928e-02  9.966726e-01  0.000000e+00
   outer loop
     vertex -2.443752e+00  2.387526e+01  2.200000e+01
     vertex -1.467880e+00  2.395507e+01  2.200000e+01
     vertex -2.443752e+00  2.387526e+01  2.000000e+00
   endloop
 endfacet
 facet normal -1.220943e-01  9.925185e-01  0.000000e+00
   outer loop
     vertex -3.415556e+00  2.375571e+01  2.200000e+01
     vertex -2.443752e+00  2.387526e+01  2.200000e+01
     vertex -2.443752e+00  2.387526e+01  2.000000e+00
   endloop
 endfacet
 facet normal -1.220943e-01  9.925185e-01  0.000000e+00
   outer loop
     vertex -3.415556e+00  2.375571e+01  2.200000e+01
     vertex -2.443752e+00  2.387526e+01  2.000000e+00
     vertex -3.415556e+00  2.375571e+01  2.000000e+00
   endloop
 endfacet
 facet normal -1.624761e-01  9.867125e-01  0.000000e+00
   outer loop
     vertex -4.381676e+00  2.359663e+01  2.200000e+01
     vertex -3.415556e+00  2.375571e+01  2.200000e+01
     vertex -3.415556e+00  2.375571e+01  2.000000e+00
   endloop
 endfacet
 facet normal -1.624761e-01  9.867125e-01  0.000000e+00
   outer loop
     vertex -4.381676e+00  2.359663e+01  2.200000e+01
     vertex -3.415556e+00  2.375571e+01  2.000000e+00
     vertex -4.381676e+00  2.359663e+01  2.000000e+00
   endloop
 endfacet
 facet normal -2.025875e-01  9.792642e-01  0.000000e+00
   outer loop
     vertex -4.381676e+00  2.359663e+01  2.200000e+01
     vertex -4.381676e+00  2.359663e+01  2.000000e+00
     vertex -5.340502e+00  2.339827e+01  2.000000e+00
   endloop
 endfacet
 facet normal -2.025875e-01  9.792642e-01  0.000000e+00
   outer loop
     vertex -5.340502e+00  2.339827e+01  2.200000e+01
     vertex -4.381676e+00  2.359663e+01  2.200000e+01
     vertex -5.340502e+00  2.339827e+01  2.000000e+00
   endloop
 endfacet
 facet normal -2.423617e-01  9.701860e-01  0.000000e+00
   outer loop
     vertex -6.290440e+00  2.316097e+01  2.200000e+01
     vertex -5.340502e+00  2.339827e+01  2.200000e+01
     vertex -5.340502e+00  2.339827e+01  2.000000e+00
   endloop
 endfacet
 facet normal -2.423617e-01  9.701860e-01  0.000000e+00
   outer loop
     vertex -6.290440e+00  2.316097e+01  2.200000e+01
     vertex -5.340502e+00  2.339827e+01  2.000000e+00
     vertex -6.290440e+00  2.316097e+01  2.000000e+00
   endloop
 endfacet
 facet normal -2.817326e-01  9.594930e-01  0.000000e+00
   outer loop
     vertex -7.229909e+00  2.288511e+01  2.200000e+01
     vertex -6.290440e+00  2.316097e+01  2.000000e+00
     vertex -7.229909e+00  2.288511e+01  2.000000e+00
   endloop
 endfacet
 facet normal -3.206345e-01  9.472030e-01  0.000000e+00
   outer loop
     vertex -7.229909e+00  2.288511e+01  2.200000e+01
     vertex -7.229909e+00  2.288511e+01  2.000000e+00
     vertex -8.157343e+00  2.257117e+01  2.000000e+00
   endloop
 endfacet
 facet normal -2.817326e-01  9.594930e-01  0.000000e+00
   outer loop
     vertex -7.229909e+00  2.288511e+01  2.200000e+01
     vertex -6.290440e+00  2.316097e+01  2.200000e+01
     vertex -6.290440e+00  2.316097e+01  2.000000e+00
   endloop
 endfacet
 facet normal -3.590027e-01  9.333365e-01  0.000000e+00
   outer loop
     vertex -8.157343e+00  2.257117e+01  2.200000e+01
     vertex -8.157343e+00  2.257117e+01  2.000000e+00
     vertex -9.071201e+00  2.221966e+01  2.000000e+00
   endloop
 endfacet
 facet normal -3.206345e-01  9.472030e-01  0.000000e+00
   outer loop
     vertex -8.157343e+00  2.257117e+01  2.200000e+01
     vertex -7.229909e+00  2.288511e+01  2.200000e+01
     vertex -8.157343e+00  2.257117e+01  2.000000e+00
   endloop
 endfacet
 facet normal -3.590027e-01  9.333365e-01  0.000000e+00
   outer loop
     vertex -9.071201e+00  2.221966e+01  2.200000e+01
     vertex -8.157343e+00  2.257117e+01  2.200000e+01
     vertex -9.071201e+00  2.221966e+01  2.000000e+00
   endloop
 endfacet
 facet normal -3.967734e-01  9.179166e-01  0.000000e+00
   outer loop
     vertex -9.969960e+00  2.183117e+01  2.200000e+01
     vertex -9.071201e+00  2.221966e+01  2.200000e+01
     vertex -9.071201e+00  2.221966e+01  2.000000e+00
   endloop
 endfacet
 facet normal -3.967734e-01  9.179166e-01  0.000000e+00
   outer loop
     vertex -9.969960e+00  2.183117e+01  2.200000e+01
     vertex -9.071201e+00  2.221966e+01  2.000000e+00
     vertex -9.969960e+00  2.183117e+01  2.000000e+00
   endloop
 endfacet
 facet normal -4.338837e-01  9.009689e-01  0.000000e+00
   outer loop
     vertex -1.085213e+01  2.140634e+01  2.200000e+01
     vertex -9.969960e+00  2.183117e+01  2.000000e+00
     vertex -1.085213e+01  2.140634e+01  2.000000e+00
   endloop
 endfacet
 facet normal -4.338837e-01  9.009689e-01  0.000000e+00
   outer loop
     vertex -1.085213e+01  2.140634e+01  2.200000e+01
     vertex -9.969960e+00  2.183117e+01  2.200000e+01
     vertex -9.969960e+00  2.183117e+01  2.000000e+00
   endloop
 endfacet
 facet normal -4.702719e-01  8.825216e-01  0.000000e+00
   outer loop
     vertex -1.171623e+01  2.094588e+01  2.200000e+01
     vertex -1.085213e+01  2.140634e+01  2.000000e+00
     vertex -1.171623e+01  2.094588e+01  2.000000e+00
   endloop
 endfacet
 facet normal -5.058774e-01  8.626054e-01  0.000000e+00
   outer loop
     vertex -1.171623e+01  2.094588e+01  2.200000e+01
     vertex -1.171623e+01  2.094588e+01  2.000000e+00
     vertex -1.256083e+01  2.045056e+01  2.000000e+00
   endloop
 endfacet
 facet normal -4.702719e-01  8.825216e-01  0.000000e+00
   outer loop
     vertex -1.171623e+01  2.094588e+01  2.200000e+01
     vertex -1.085213e+01  2.140634e+01  2.200000e+01
     vertex -1.085213e+01  2.140634e+01  2.000000e+00
   endloop
 endfacet
 facet normal -5.058774e-01  8.626054e-01  0.000000e+00
   outer loop
     vertex -1.256083e+01  2.045056e+01  2.200000e+01
     vertex -1.171623e+01  2.094588e+01  2.200000e+01
     vertex -1.256083e+01  2.045056e+01  2.000000e+00
   endloop
 endfacet
 facet normal -5.406408e-01  8.412535e-01  0.000000e+00
   outer loop
     vertex -1.338453e+01  1.992121e+01  2.200000e+01
     vertex -1.256083e+01  2.045056e+01  2.000000e+00
     vertex -1.338453e+01  1.992121e+01  2.000000e+00
   endloop
 endfacet
 facet normal -5.745044e-01  8.185015e-01  0.000000e+00
   outer loop
     vertex -1.338453e+01  1.992121e+01  2.200000e+01
     vertex -1.338453e+01  1.992121e+01  2.000000e+00
     vertex -1.418595e+01  1.935869e+01  2.000000e+00
   endloop
 endfacet
 facet normal -5.406408e-01  8.412535e-01  0.000000e+00
   outer loop
     vertex -1.338453e+01  1.992121e+01  2.200000e+01
     vertex -1.256083e+01  2.045056e+01  2.200000e+01
     vertex -1.256083e+01  2.045056e+01  2.000000e+00
   endloop
 endfacet
 facet normal -5.745044e-01  8.185015e-01  0.000000e+00
   outer loop
     vertex -1.418595e+01  1.935869e+01  2.200000e+01
     vertex -1.338453e+01  1.992121e+01  2.200000e+01
     vertex -1.418595e+01  1.935869e+01  2.000000e+00
   endloop
 endfacet
 facet normal -6.074119e-01  7.943871e-01  0.000000e+00
   outer loop
     vertex -1.496376e+01  1.876396e+01  2.200000e+01
     vertex -1.418595e+01  1.935869e+01  2.000000e+00
     vertex -1.496376e+01  1.876396e+01  2.000000e+00
   endloop
 endfacet
 facet normal -6.393083e-01  7.689505e-01  0.000000e+00
   outer loop
     vertex -1.496376e+01  1.876396e+01  2.200000e+01
     vertex -1.496376e+01  1.876396e+01  2.000000e+00
     vertex -1.571666e+01  1.813799e+01  2.000000e+00
   endloop
 endfacet
 facet normal -6.074119e-01  7.943871e-01  0.000000e+00
   outer loop
     vertex -1.496376e+01  1.876396e+01  2.200000e+01
     vertex -1.418595e+01  1.935869e+01  2.200000e+01
     vertex -1.418595e+01  1.935869e+01  2.000000e+00
   endloop
 endfacet
 facet normal -6.701407e-01  7.422341e-01  0.000000e+00
   outer loop
     vertex -1.571666e+01  1.813799e+01  2.200000e+01
     vertex -1.571666e+01  1.813799e+01  2.000000e+00
     vertex -1.644340e+01  1.748184e+01  2.000000e+00
   endloop
 endfacet
 facet normal -6.393083e-01  7.689505e-01  0.000000e+00
   outer loop
     vertex -1.571666e+01  1.813799e+01  2.200000e+01
     vertex -1.496376e+01  1.876396e+01  2.200000e+01
     vertex -1.571666e+01  1.813799e+01  2.000000e+00
   endloop
 endfacet
 facet normal -6.998577e-01  7.142823e-01  0.000000e+00
   outer loop
     vertex -1.644340e+01  1.748184e+01  2.200000e+01
     vertex -1.644340e+01  1.748184e+01  2.000000e+00
     vertex -1.714278e+01  1.679658e+01  2.000000e+00
   endloop
 endfacet
 facet normal -6.701407e-01  7.422341e-01  0.000000e+00
   outer loop
     vertex -1.644340e+01  1.748184e+01  2.200000e+01
     vertex -1.571666e+01  1.813799e+01  2.200000e+01
     vertex -1.644340e+01  1.748184e+01  2.000000e+00
   endloop
 endfacet
 facet normal -6.998577e-01  7.142823e-01  0.000000e+00
   outer loop
     vertex -1.714278e+01  1.679658e+01  2.200000e+01
     vertex -1.644340e+01  1.748184e+01  2.200000e+01
     vertex -1.714278e+01  1.679658e+01  2.000000e+00
   endloop
 endfacet
 facet normal -7.284098e-01  6.851417e-01  0.000000e+00
   outer loop
     vertex -1.781362e+01  1.608338e+01  2.200000e+01
     vertex -1.714278e+01  1.679658e+01  2.000000e+00
     vertex -1.781362e+01  1.608338e+01  2.000000e+00
   endloop
 endfacet
 facet normal -7.557496e-01  6.548607e-01  0.000000e+00
   outer loop
     vertex -1.781362e+01  1.608338e+01  2.200000e+01
     vertex -1.781362e+01  1.608338e+01  2.000000e+00
     vertex -1.845481e+01  1.534340e+01  2.000000e+00
   endloop
 endfacet
 facet normal -7.284098e-01  6.851417e-01  0.000000e+00
   outer loop
     vertex -1.781362e+01  1.608338e+01  2.200000e+01
     vertex -1.714278e+01  1.679658e+01  2.200000e+01
     vertex -1.714278e+01  1.679658e+01  2.000000e+00
   endloop
 endfacet
 facet normal -7.557496e-01  6.548607e-01  0.000000e+00
   outer loop
     vertex -1.845481e+01  1.534340e+01  2.200000e+01
     vertex -1.781362e+01  1.608338e+01  2.200000e+01
     vertex -1.845481e+01  1.534340e+01  2.000000e+00
   endloop
 endfacet
 facet normal -7.818315e-01  6.234898e-01  0.000000e+00
   outer loop
     vertex -1.906529e+01  1.457788e+01  2.200000e+01
     vertex -1.845481e+01  1.534340e+01  2.000000e+00
     vertex -1.906529e+01  1.457788e+01  2.000000e+00
   endloop
 endfacet
 facet normal -7.818315e-01  6.234898e-01  0.000000e+00
   outer loop
     vertex -1.906529e+01  1.457788e+01  2.200000e+01
     vertex -1.845481e+01  1.534340e+01  2.200000e+01
     vertex -1.845481e+01  1.534340e+01  2.000000e+00
   endloop
 endfacet
 facet normal -8.066121e-01  5.910811e-01  0.000000e+00
   outer loop
     vertex -1.964404e+01  1.378811e+01  2.200000e+01
     vertex -1.906529e+01  1.457788e+01  2.000000e+00
     vertex -1.964404e+01  1.378811e+01  2.000000e+00
   endloop
 endfacet
 facet normal -8.300502e-01  5.576887e-01  0.000000e+00
   outer loop
     vertex -1.964404e+01  1.378811e+01  2.200000e+01
     vertex -1.964404e+01  1.378811e+01  2.000000e+00
     vertex -2.019008e+01  1.297538e+01  2.000000e+00
   endloop
 endfacet
 facet normal -8.066121e-01  5.910811e-01  0.000000e+00
   outer loop
     vertex -1.964404e+01  1.378811e+01  2.200000e+01
     vertex -1.906529e+01  1.457788e+01  2.200000e+01
     vertex -1.906529e+01  1.457788e+01  2.000000e+00
   endloop
 endfacet
 facet normal -8.300502e-01  5.576887e-01  0.000000e+00
   outer loop
     vertex -2.019008e+01  1.297538e+01  2.200000e+01
     vertex -1.964404e+01  1.378811e+01  2.200000e+01
     vertex -2.019008e+01  1.297538e+01  2.000000e+00
   endloop
 endfacet
 facet normal -8.521068e-01  5.233680e-01  0.000000e+00
   outer loop
     vertex -2.070253e+01  1.214106e+01  2.200000e+01
     vertex -2.019008e+01  1.297538e+01  2.000000e+00
     vertex -2.070253e+01  1.214106e+01  2.000000e+00
   endloop
 endfacet
 facet normal -8.727451e-01  4.881762e-01  0.000000e+00
   outer loop
     vertex -2.070253e+01  1.214106e+01  2.200000e+01
     vertex -2.070253e+01  1.214106e+01  2.000000e+00
     vertex -2.118052e+01  1.128653e+01  2.000000e+00
   endloop
 endfacet
 facet normal -8.521068e-01  5.233680e-01  0.000000e+00
   outer loop
     vertex -2.070253e+01  1.214106e+01  2.200000e+01
     vertex -2.019008e+01  1.297538e+01  2.200000e+01
     vertex -2.019008e+01  1.297538e+01  2.000000e+00
   endloop
 endfacet
 facet normal -8.919308e-01  4.521719e-01  0.000000e+00
   outer loop
     vertex -2.118052e+01  1.128653e+01  2.200000e+01
     vertex -2.118052e+01  1.128653e+01  2.000000e+00
     vertex -2.162325e+01  1.041321e+01  2.000000e+00
   endloop
 endfacet
 facet normal -8.727451e-01  4.881762e-01  0.000000e+00
   outer loop
     vertex -2.118052e+01  1.128653e+01  2.200000e+01
     vertex -2.070253e+01  1.214106e+01  2.200000e+01
     vertex -2.118052e+01  1.128653e+01  2.000000e+00
   endloop
 endfacet
 facet normal -8.919308e-01  4.521719e-01  0.000000e+00
   outer loop
     vertex -2.162325e+01  1.041321e+01  2.200000e+01
     vertex -2.118052e+01  1.128653e+01  2.200000e+01
     vertex -2.162325e+01  1.041321e+01  2.000000e+00
   endloop
 endfacet
 facet normal -9.096320e-01  4.154150e-01  0.000000e+00
   outer loop
     vertex -2.203000e+01  9.522562e+00  2.200000e+01
     vertex -2.162325e+01  1.041321e+01  2.000000e+00
     vertex -2.203000e+01  9.522562e+00  2.000000e+00
   endloop
 endfacet
 facet normal -9.258192e-01  3.779667e-01  0.000000e+00
   outer loop
     vertex -2.203000e+01  9.522562e+00  2.200000e+01
     vertex -2.203000e+01  9.522562e+00  2.000000e+00
     vertex -2.240008e+01  8.616065e+00  2.000000e+00
   endloop
 endfacet
 facet normal -9.096320e-01  4.154150e-01  0.000000e+00
   outer loop
     vertex -2.203000e+01  9.522562e+00  2.200000e+01
     vertex -2.162325e+01  1.041321e+01  2.200000e+01
     vertex -2.162325e+01  1.041321e+01  2.000000e+00
   endloop
 endfacet
 facet normal -9.258192e-01  3.779667e-01  0.000000e+00
   outer loop
     vertex -2.240008e+01  8.616065e+00  2.200000e+01
     vertex -2.203000e+01  9.522562e+00  2.200000e+01
     vertex -2.240008e+01  8.616065e+00  2.000000e+00
   endloop
 endfacet
 facet normal -9.404655e-01  3.398893e-01  0.000000e+00
   outer loop
     vertex -2.273287e+01  7.695227e+00  2.200000e+01
     vertex -2.240008e+01  8.616065e+00  2.000000e+00
     vertex -2.273287e+01  7.695227e+00  2.000000e+00
   endloop
 endfacet
 facet normal -9.404655e-01  3.398893e-01  0.000000e+00
   outer loop
     vertex -2.273287e+01  7.695227e+00  2.200000e+01
     vertex -2.240008e+01  8.616065e+00  2.200000e+01
     vertex -2.240008e+01  8.616065e+00  2.000000e+00
   endloop
 endfacet
 facet normal -9.535464e-01  3.012462e-01  0.000000e+00
   outer loop
     vertex -2.302783e+01  6.761581e+00  2.200000e+01
     vertex -2.273287e+01  7.695227e+00  2.000000e+00
     vertex -2.302783e+01  6.761581e+00  2.000000e+00
   endloop
 endfacet
 facet normal -9.650403e-01  2.621017e-01  0.000000e+00
   outer loop
     vertex -2.302783e+01  6.761581e+00  2.200000e+01
     vertex -2.302783e+01  6.761581e+00  2.000000e+00
     vertex -2.328446e+01  5.816682e+00  2.000000e+00
   endloop
 endfacet
 facet normal -9.535464e-01  3.012462e-01  0.000000e+00
   outer loop
     vertex -2.302783e+01  6.761581e+00  2.200000e+01
     vertex -2.273287e+01  7.695227e+00  2.200000e+01
     vertex -2.273287e+01  7.695227e+00  2.000000e+00
   endloop
 endfacet
 facet normal -9.650403e-01  2.621017e-01  0.000000e+00
   outer loop
     vertex -2.328446e+01  5.816682e+00  2.200000e+01
     vertex -2.302783e+01  6.761581e+00  2.200000e+01
     vertex -2.328446e+01  5.816682e+00  2.000000e+00
   endloop
 endfacet
 facet normal -9.749279e-01  2.225209e-01  0.000000e+00
   outer loop
     vertex -2.350234e+01  4.862101e+00  2.200000e+01
     vertex -2.328446e+01  5.816682e+00  2.000000e+00
     vertex -2.350234e+01  4.862101e+00  2.000000e+00
   endloop
 endfacet
 facet normal -9.831929e-01  1.825698e-01  0.000000e+00
   outer loop
     vertex -2.350234e+01  4.862101e+00  2.200000e+01
     vertex -2.350234e+01  4.862101e+00  2.000000e+00
     vertex -2.368110e+01  3.899427e+00  2.000000e+00
   endloop
 endfacet
 facet normal -9.749279e-01  2.225209e-01  0.000000e+00
   outer loop
     vertex -2.350234e+01  4.862101e+00  2.200000e+01
     vertex -2.328446e+01  5.816682e+00  2.200000e+01
     vertex -2.328446e+01  5.816682e+00  2.000000e+00
   endloop
 endfacet
 facet normal -9.831929e-01  1.825698e-01  0.000000e+00
   outer loop
     vertex -2.368110e+01  3.899427e+00  2.200000e+01
     vertex -2.350234e+01  4.862101e+00  2.200000e+01
     vertex -2.368110e+01  3.899427e+00  2.000000e+00
   endloop
 endfacet
 facet normal -9.898214e-01  1.423148e-01  0.000000e+00
   outer loop
     vertex -2.368110e+01  3.899427e+00  2.200000e+01
     vertex -2.368110e+01  3.899427e+00  2.000000e+00
     vertex -2.382044e+01  2.930264e+00  2.000000e+00
   endloop
 endfacet
 facet normal -9.898214e-01  1.423148e-01  0.000000e+00
   outer loop
     vertex -2.382044e+01  2.930264e+00  2.200000e+01
     vertex -2.368110e+01  3.899427e+00  2.200000e+01
     vertex -2.382044e+01  2.930264e+00  2.000000e+00
   endloop
 endfacet
 facet normal -9.948025e-01  1.018230e-01  0.000000e+00
   outer loop
     vertex -2.392014e+01  1.956223e+00  2.200000e+01
     vertex -2.382044e+01  2.930264e+00  2.200000e+01
     vertex -2.382044e+01  2.930264e+00  2.000000e+00
   endloop
 endfacet
 facet normal -9.948025e-01  1.018230e-01  0.000000e+00
   outer loop
     vertex -2.392014e+01  1.956223e+00  2.200000e+01
     vertex -2.382044e+01  2.930264e+00  2.000000e+00
     vertex -2.392014e+01  1.956223e+00  2.000000e+00
   endloop
 endfacet
 facet normal -9.981279e-01  6.116166e-02  0.000000e+00
   outer loop
     vertex -2.392014e+01  1.956223e+00  2.200000e+01
     vertex -2.392014e+01  1.956223e+00  2.000000e+00
     vertex -2.398003e+01  9.789261e-01  2.000000e+00
   endloop
 endfacet
 facet normal -9.981279e-01  6.116166e-02  0.000000e+00
   outer loop
     vertex -2.398003e+01  9.789261e-01  2.200000e+01
     vertex -2.392014e+01  1.956223e+00  2.200000e+01
     vertex -2.398003e+01  9.789261e-01  2.000000e+00
   endloop
 endfacet
 facet normal -9.997919e-01  2.039854e-02  0.000000e+00
   outer loop
     vertex -2.400000e+01 -5.035155e-14  2.200000e+01
     vertex -2.398003e+01  9.789261e-01  2.200000e+01
     vertex -2.398003e+01  9.789261e-01  2.000000e+00
   endloop
 endfacet
 facet normal -9.997919e-01  2.039854e-02  0.000000e+00
   outer loop
     vertex -2.400000e+01 -5.035155e-14  2.200000e+01
     vertex -2.398003e+01  9.789261e-01  2.000000e+00
     vertex -2.400000e+01 -5.035155e-14  2.000000e+00
   endloop
 endfacet
 facet normal -9.997919e-01 -2.039854e-02  0.000000e+00
   outer loop
     vertex -2.398003e+01 -9.789261e-01  2.200000e+01
     vertex -2.400000e+01 -5.035155e-14  2.200000e+01
     vertex -2.400000e+01 -5.035155e-14  2.000000e+00
   endloop
 endfacet
 facet normal -9.997919e-01 -2.039854e-02 -0.000000e+00
   outer loop
     vertex -2.398003e+01 -9.789261e-01  2.200000e+01
     vertex -2.400000e+01 -5.035155e-14  2.000000e+00
     vertex -2.398003e+01 -9.789261e-01  2.000000e+00
   endloop
 endfacet
 facet normal -9.981279e-01 -6.116166e-02  0.000000e+00
   outer loop
     vertex -2.392014e+01 -1.956223e+00  2.200000e+01
     vertex -2.398003e+01 -9.789261e-01  2.200000e+01
     vertex -2.398003e+01 -9.789261e-01  2.000000e+00
   endloop
 endfacet
 facet normal -9.981279e-01 -6.116166e-02 -0.000000e+00
   outer loop
     vertex -2.392014e+01 -1.956223e+00  2.200000e+01
     vertex -2.398003e+01 -9.789261e-01  2.000000e+00
     vertex -2.392014e+01 -1.956223e+00  2.000000e+00
   endloop
 endfacet
 facet normal -9.948025e-01 -1.018230e-01  0.000000e+00
   outer loop
     vertex -2.382044e+01 -2.930264e+00  2.200000e+01
     vertex -2.392014e+01 -1.956223e+00  2.200000e+01
     vertex -2.392014e+01 -1.956223e+00  2.000000e+00
   endloop
 endfacet
 facet normal -9.948025e-01 -1.018230e-01 -0.000000e+00
   outer loop
     vertex -2.382044e+01 -2.930264e+00  2.200000e+01
     vertex -2.392014e+01 -1.956223e+00  2.000000e+00
     vertex -2.382044e+01 -2.930264e+00  2.000000e+00
   endloop
 endfacet
 facet normal -9.898214e-01 -1.423148e-01 -0.000000e+00
   outer loop
     vertex -2.382044e+01 -2.930264e+00  2.200000e+01
     vertex -2.382044e+01 -2.930264e+00  2.000000e+00
     vertex -2.368110e+01 -3.899427e+00  2.000000e+00
   endloop
 endfacet
 facet normal -9.898214e-01 -1.423148e-01 -0.000000e+00
   outer loop
     vertex -2.368110e+01 -3.899427e+00  2.200000e+01
     vertex -2.382044e+01 -2.930264e+00  2.200000e+01
     vertex -2.368110e+01 -3.899427e+00  2.000000e+00
   endloop
 endfacet
 facet normal -9.831929e-01 -1.825698e-01 -0.000000e+00
   outer loop
     vertex -2.350234e+01 -4.862101e+00  2.200000e+01
     vertex -2.368110e+01 -3.899427e+00  2.000000e+00
     vertex -2.350234e+01 -4.862101e+00  2.000000e+00
   endloop
 endfacet
 facet normal -9.831929e-01 -1.825698e-01  0.000000e+00
   outer loop
     vertex -2.350234e+01 -4.862101e+00  2.200000e+01
     vertex -2.368110e+01 -3.899427e+00  2.200000e+01
     vertex -2.368110e+01 -3.899427e+00  2.000000e+00
   endloop
 endfacet
 facet normal -9.749279e-01 -2.225209e-01 -0.000000e+00
   outer loop
     vertex -2.328446e+01 -5.816682e+00  2.200000e+01
     vertex -2.350234e+01 -4.862101e+00  2.000000e+00
     vertex -2.328446e+01 -5.816682e+00  2.000000e+00
   endloop
 endfacet
 facet normal -9.749279e-01 -2.225209e-01  0.000000e+00
   outer loop
     vertex -2.328446e+01 -5.816682e+00  2.200000e+01
     vertex -2.350234e+01 -4.862101e+00  2.200000e+01
     vertex -2.350234e+01 -4.862101e+00  2.000000e+00
   endloop
 endfacet
 facet normal -9.650403e-01 -2.621017e-01 -0.000000e+00
   outer loop
     vertex -2.302783e+01 -6.761581e+00  2.200000e+01
     vertex -2.328446e+01 -5.816682e+00  2.000000e+00
     vertex -2.302783e+01 -6.761581e+00  2.000000e+00
   endloop
 endfacet
 facet normal -9.535464e-01 -3.012462e-01 -0.000000e+00
   outer loop
     vertex -2.302783e+01 -6.761581e+00  2.200000e+01
     vertex -2.302783e+01 -6.761581e+00  2.000000e+00
     vertex -2.273287e+01 -7.695227e+00  2.000000e+00
   endloop
 endfacet
 facet normal -9.650403e-01 -2.621017e-01  0.000000e+00
   outer loop
     vertex -2.302783e+01 -6.761581e+00  2.200000e+01
     vertex -2.328446e+01 -5.816682e+00  2.200000e+01
     vertex -2.328446e+01 -5.816682e+00  2.000000e+00
   endloop
 endfacet
 facet normal -9.535464e-01 -3.012462e-01 -0.000000e+00
   outer loop
     vertex -2.273287e+01 -7.695227e+00  2.200000e+01
     vertex -2.302783e+01 -6.761581e+00  2.200000e+01
     vertex -2.273287e+01 -7.695227e+00  2.000000e+00
   endloop
 endfacet
 facet normal -9.404655e-01 -3.398893e-01 -0.000000e+00
   outer loop
     vertex -2.240008e+01 -8.616065e+00  2.200000e+01
     vertex -2.273287e+01 -7.695227e+00  2.000000e+00
     vertex -2.240008e+01 -8.616065e+00  2.000000e+00
   endloop
 endfacet
 facet normal -9.258192e-01 -3.779667e-01 -0.000000e+00
   outer loop
     vertex -2.240008e+01 -8.616065e+00  2.200000e+01
     vertex -2.240008e+01 -8.616065e+00  2.000000e+00
     vertex -2.203000e+01 -9.522562e+00  2.000000e+00
   endloop
 endfacet
 facet normal -9.404655e-01 -3.398893e-01  0.000000e+00
   outer loop
     vertex -2.240008e+01 -8.616065e+00  2.200000e+01
     vertex -2.273287e+01 -7.695227e+00  2.200000e+01
     vertex -2.273287e+01 -7.695227e+00  2.000000e+00
   endloop
 endfacet
 facet normal -9.258192e-01 -3.779667e-01 -0.000000e+00
   outer loop
     vertex -2.203000e+01 -9.522562e+00  2.200000e+01
     vertex -2.240008e+01 -8.616065e+00  2.200000e+01
     vertex -2.203000e+01 -9.522562e+00  2.000000e+00
   endloop
 endfacet
 facet normal -9.096320e-01 -4.154150e-01 -0.000000e+00
   outer loop
     vertex -2.162325e+01 -1.041321e+01  2.200000e+01
     vertex -2.203000e+01 -9.522562e+00  2.000000e+00
     vertex -2.162325e+01 -1.041321e+01  2.000000e+00
   endloop
 endfacet
 facet normal -8.919308e-01 -4.521719e-01 -0.000000e+00
   outer loop
     vertex -2.162325e+01 -1.041321e+01  2.200000e+01
     vertex -2.162325e+01 -1.041321e+01  2.000000e+00
     vertex -2.118052e+01 -1.128653e+01  2.000000e+00
   endloop
 endfacet
 facet normal -9.096320e-01 -4.154150e-01  0.000000e+00
   outer loop
     vertex -2.162325e+01 -1.041321e+01  2.200000e+01
     vertex -2.203000e+01 -9.522562e+00  2.200000e+01
     vertex -2.203000e+01 -9.522562e+00  2.000000e+00
   endloop
 endfacet
 facet normal -8.919308e-01 -4.521719e-01 -0.000000e+00
   outer loop
     vertex -2.118052e+01 -1.128653e+01  2.200000e+01
     vertex -2.162325e+01 -1.041321e+01  2.200000e+01
     vertex -2.118052e+01 -1.128653e+01  2.000000e+00
   endloop
 endfacet
 facet normal -8.727451e-01 -4.881762e-01 -0.000000e+00
   outer loop
     vertex -2.070253e+01 -1.214106e+01  2.200000e+01
     vertex -2.118052e+01 -1.128653e+01  2.000000e+00
     vertex -2.070253e+01 -1.214106e+01  2.000000e+00
   endloop
 endfacet
 facet normal -8.521068e-01 -5.233680e-01 -0.000000e+00
   outer loop
     vertex -2.070253e+01 -1.214106e+01  2.200000e+01
     vertex -2.070253e+01 -1.214106e+01  2.000000e+00
     vertex -2.019008e+01 -1.297538e+01  2.000000e+00
   endloop
 endfacet
 facet normal -8.727451e-01 -4.881762e-01  0.000000e+00
   outer loop
     vertex -2.070253e+01 -1.214106e+01  2.200000e+01
     vertex -2.118052e+01 -1.128653e+01  2.200000e+01
     vertex -2.118052e+01 -1.128653e+01  2.000000e+00
   endloop
 endfacet
 facet normal -8.300502e-01 -5.576887e-01 -0.000000e+00
   outer loop
     vertex -2.019008e+01 -1.297538e+01  2.200000e+01
     vertex -2.019008e+01 -1.297538e+01  2.000000e+00
     vertex -1.964404e+01 -1.378811e+01  2.000000e+00
   endloop
 endfacet
 facet normal -8.521068e-01 -5.233680e-01 -0.000000e+00
   outer loop
     vertex -2.019008e+01 -1.297538e+01  2.200000e+01
     vertex -2.070253e+01 -1.214106e+01  2.200000e+01
     vertex -2.019008e+01 -1.297538e+01  2.000000e+00
   endloop
 endfacet
 facet normal -8.300502e-01 -5.576887e-01 -0.000000e+00
   outer loop
     vertex -1.964404e+01 -1.378811e+01  2.200000e+01
     vertex -2.019008e+01 -1.297538e+01  2.200000e+01
     vertex -1.964404e+01 -1.378811e+01  2.000000e+00
   endloop
 endfacet
 facet normal -8.066121e-01 -5.910811e-01 -0.000000e+00
   outer loop
     vertex -1.906529e+01 -1.457788e+01  2.200000e+01
     vertex -1.964404e+01 -1.378811e+01  2.000000e+00
     vertex -1.906529e+01 -1.457788e+01  2.000000e+00
   endloop
 endfacet
 facet normal -8.066121e-01 -5.910811e-01  0.000000e+00
   outer loop
     vertex -1.906529e+01 -1.457788e+01  2.200000e+01
     vertex -1.964404e+01 -1.378811e+01  2.200000e+01
     vertex -1.964404e+01 -1.378811e+01  2.000000e+00
   endloop
 endfacet
 facet normal -7.818315e-01 -6.234898e-01 -0.000000e+00
   outer loop
     vertex -1.845481e+01 -1.534340e+01  2.200000e+01
     vertex -1.906529e+01 -1.457788e+01  2.000000e+00
     vertex -1.845481e+01 -1.534340e+01  2.000000e+00
   endloop
 endfacet
 facet normal -7.818315e-01 -6.234898e-01  0.000000e+00
   outer loop
     vertex -1.845481e+01 -1.534340e+01  2.200000e+01
     vertex -1.906529e+01 -1.457788e+01  2.200000e+01
     vertex -1.906529e+01 -1.457788e+01  2.000000e+00
   endloop
 endfacet
 facet normal -7.557496e-01 -6.548607e-01 -0.000000e+00
   outer loop
     vertex -1.781362e+01 -1.608338e+01  2.200000e+01
     vertex -1.845481e+01 -1.534340e+01  2.000000e+00
     vertex -1.781362e+01 -1.608338e+01  2.000000e+00
   endloop
 endfacet
 facet normal -7.284098e-01 -6.851417e-01 -0.000000e+00
   outer loop
     vertex -1.781362e+01 -1.608338e+01  2.200000e+01
     vertex -1.781362e+01 -1.608338e+01  2.000000e+00
     vertex -1.714278e+01 -1.679658e+01  2.000000e+00
   endloop
 endfacet
 facet normal -7.557496e-01 -6.548607e-01  0.000000e+00
   outer loop
     vertex -1.781362e+01 -1.608338e+01  2.200000e+01
     vertex -1.845481e+01 -1.534340e+01  2.200000e+01
     vertex -1.845481e+01 -1.534340e+01  2.000000e+00
   endloop
 endfacet
 facet normal -7.284098e-01 -6.851417e-01 -0.000000e+00
   outer loop
     vertex -1.714278e+01 -1.679658e+01  2.200000e+01
     vertex -1.781362e+01 -1.608338e+01  2.200000e+01
     vertex -1.714278e+01 -1.679658e+01  2.000000e+00
   endloop
 endfacet
 facet normal -6.998577e-01 -7.142823e-01 -0.000000e+00
   outer loop
     vertex -1.644340e+01 -1.748184e+01  2.200000e+01
     vertex -1.714278e+01 -1.679658e+01  2.000000e+00
     vertex -1.644340e+01 -1.748184e+01  2.000000e+00
   endloop
 endfacet
 facet normal -6.998577e-01 -7.142823e-01  0.000000e+00
   outer loop
     vertex -1.644340e+01 -1.748184e+01  2.200000e+01
     vertex -1.714278e+01 -1.679658e+01  2.200000e+01
     vertex -1.714278e+01 -1.679658e+01  2.000000e+00
   endloop
 endfacet
 facet normal -6.701407e-01 -7.422341e-01  0.000000e+00
   outer loop
     vertex -1.571666e+01 -1.813799e+01  2.200000e+01
     vertex -1.644340e+01 -1.748184e+01  2.200000e+01
     vertex -1.644340e+01 -1.748184e+01  2.000000e+00
   endloop
 endfacet
 facet normal -6.701407e-01 -7.422341e-01 -0.000000e+00
   outer loop
     vertex -1.571666e+01 -1.813799e+01  2.200000e+01
     vertex -1.644340e+01 -1.748184e+01  2.000000e+00
     vertex -1.571666e+01 -1.813799e+01  2.000000e+00
   endloop
 endfacet
 facet normal -6.393083e-01 -7.689505e-01 -0.000000e+00
   outer loop
     vertex -1.571666e+01 -1.813799e+01  2.200000e+01
     vertex -1.571666e+01 -1.813799e+01  2.000000e+00
     vertex -1.496376e+01 -1.876396e+01  2.000000e+00
   endloop
 endfacet
 facet normal -6.393083e-01 -7.689505e-01 -0.000000e+00
   outer loop
     vertex -1.496376e+01 -1.876396e+01  2.200000e+01
     vertex -1.571666e+01 -1.813799e+01  2.200000e+01
     vertex -1.496376e+01 -1.876396e+01  2.000000e+00
   endloop
 endfacet
 facet normal -6.074119e-01 -7.943871e-01  0.000000e+00
   outer loop
     vertex -1.418595e+01 -1.935869e+01  2.200000e+01
     vertex -1.496376e+01 -1.876396e+01  2.200000e+01
     vertex -1.496376e+01 -1.876396e+01  2.000000e+00
   endloop
 endfacet
 facet normal -6.074119e-01 -7.943871e-01 -0.000000e+00
   outer loop
     vertex -1.418595e+01 -1.935869e+01  2.200000e+01
     vertex -1.496376e+01 -1.876396e+01  2.000000e+00
     vertex -1.418595e+01 -1.935869e+01  2.000000e+00
   endloop
 endfacet
 facet normal -5.745044e-01 -8.185015e-01 -0.000000e+00
   outer loop
     vertex -1.418595e+01 -1.935869e+01  2.200000e+01
     vertex -1.418595e+01 -1.935869e+01  2.000000e+00
     vertex -1.338453e+01 -1.992121e+01  2.000000e+00
   endloop
 endfacet
 facet normal -5.745044e-01 -8.185015e-01 -0.000000e+00
   outer loop
     vertex -1.338453e+01 -1.992121e+01  2.200000e+01
     vertex -1.418595e+01 -1.935869e+01  2.200000e+01
     vertex -1.338453e+01 -1.992121e+01  2.000000e+00
   endloop
 endfacet
 facet normal -5.406408e-01 -8.412535e-01  0.000000e+00
   outer loop
     vertex -1.256083e+01 -2.045056e+01  2.200000e+01
     vertex -1.338453e+01 -1.992121e+01  2.200000e+01
     vertex -1.338453e+01 -1.992121e+01  2.000000e+00
   endloop
 endfacet
 facet normal -5.406408e-01 -8.412535e-01 -0.000000e+00
   outer loop
     vertex -1.256083e+01 -2.045056e+01  2.200000e+01
     vertex -1.338453e+01 -1.992121e+01  2.000000e+00
     vertex -1.256083e+01 -2.045056e+01  2.000000e+00
   endloop
 endfacet
 facet normal -5.058774e-01 -8.626054e-01 -0.000000e+00
   outer loop
     vertex -1.256083e+01 -2.045056e+01  2.200000e+01
     vertex -1.256083e+01 -2.045056e+01  2.000000e+00
     vertex -1.171623e+01 -2.094588e+01  2.000000e+00
   endloop
 endfacet
 facet normal -5.058774e-01 -8.626054e-01 -0.000000e+00
   outer loop
     vertex -1.171623e+01 -2.094588e+01  2.200000e+01
     vertex -1.256083e+01 -2.045056e+01  2.200000e+01
     vertex -1.171623e+01 -2.094588e+01  2.000000e+00
   endloop
 endfacet
 facet normal -4.702719e-01 -8.825216e-01  0.000000e+00
   outer loop
     vertex -1.085213e+01 -2.140634e+01  2.200000e+01
     vertex -1.171623e+01 -2.094588e+01  2.200000e+01
     vertex -1.171623e+01 -2.094588e+01  2.000000e+00
   endloop
 endfacet
 facet normal -4.702719e-01 -8.825216e-01 -0.000000e+00
   outer loop
     vertex -1.085213e+01 -2.140634e+01  2.200000e+01
     vertex -1.171623e+01 -2.094588e+01  2.000000e+00
     vertex -1.085213e+01 -2.140634e+01  2.000000e+00
   endloop
 endfacet
 facet normal -4.338837e-01 -9.009689e-01  0.000000e+00
   outer loop
     vertex -9.969960e+00 -2.183117e+01  2.200000e+01
     vertex -1.085213e+01 -2.140634e+01  2.200000e+01
     vertex -1.085213e+01 -2.140634e+01  2.000000e+00
   endloop
 endfacet
 facet normal -4.338837e-01 -9.009689e-01 -0.000000e+00
   outer loop
     vertex -9.969960e+00 -2.183117e+01  2.200000e+01
     vertex -1.085213e+01 -2.140634e+01  2.000000e+00
     vertex -9.969960e+00 -2.183117e+01  2.000000e+00
   endloop
 endfacet
 facet normal -3.967734e-01 -9.179166e-01 -0.000000e+00
   outer loop
     vertex -9.969960e+00 -2.183117e+01  2.200000e+01
     vertex -9.969960e+00 -2.183117e+01  2.000000e+00
     vertex -9.071201e+00 -2.221966e+01  2.000000e+00
   endloop
 endfacet
 facet normal -3.967734e-01 -9.179166e-01 -0.000000e+00
   outer loop
     vertex -9.071201e+00 -2.221966e+01  2.200000e+01
     vertex -9.969960e+00 -2.183117e+01  2.200000e+01
     vertex -9.071201e+00 -2.221966e+01  2.000000e+00
   endloop
 endfacet
 facet normal -3.590027e-01 -9.333365e-01 -0.000000e+00
   outer loop
     vertex -9.071201e+00 -2.221966e+01  2.200000e+01
     vertex -9.071201e+00 -2.221966e+01  2.000000e+00
     vertex -8.157343e+00 -2.257117e+01  2.000000e+00
   endloop
 endfacet
 facet normal -3.590027e-01 -9.333365e-01 -0.000000e+00
   outer loop
     vertex -8.157343e+00 -2.257117e+01  2.200000e+01
     vertex -9.071201e+00 -2.221966e+01  2.200000e+01
     vertex -8.157343e+00 -2.257117e+01  2.000000e+00
   endloop
 endfacet
 facet normal -3.206345e-01 -9.472030e-01  0.000000e+00
   outer loop
     vertex -7.229909e+00 -2.288511e+01  2.200000e+01
     vertex -8.157343e+00 -2.257117e+01  2.200000e+01
     vertex -8.157343e+00 -2.257117e+01  2.000000e+00
   endloop
 endfacet
 facet normal -3.206345e-01 -9.472030e-01 -0.000000e+00
   outer loop
     vertex -7.229909e+00 -2.288511e+01  2.200000e+01
     vertex -8.157343e+00 -2.257117e+01  2.000000e+00
     vertex -7.229909e+00 -2.288511e+01  2.000000e+00
   endloop
 endfacet
 facet normal -2.817326e-01 -9.594930e-01 -0.000000e+00
   outer loop
     vertex -7.229909e+00 -2.288511e+01  2.200000e+01
     vertex -7.229909e+00 -2.288511e+01  2.000000e+00
     vertex -6.290440e+00 -2.316097e+01  2.000000e+00
   endloop
 endfacet
 facet normal -2.817326e-01 -9.594930e-01 -0.000000e+00
   outer loop
     vertex -6.290440e+00 -2.316097e+01  2.200000e+01
     vertex -7.229909e+00 -2.288511e+01  2.200000e+01
     vertex -6.290440e+00 -2.316097e+01  2.000000e+00
   endloop
 endfacet
 facet normal -2.423617e-01 -9.701860e-01  0.000000e+00
   outer loop
     vertex -5.340502e+00 -2.339827e+01  2.200000e+01
     vertex -6.290440e+00 -2.316097e+01  2.200000e+01
     vertex -6.290440e+00 -2.316097e+01  2.000000e+00
   endloop
 endfacet
 facet normal -2.423617e-01 -9.701860e-01 -0.000000e+00
   outer loop
     vertex -5.340502e+00 -2.339827e+01  2.200000e+01
     vertex -6.290440e+00 -2.316097e+01  2.000000e+00
     vertex -5.340502e+00 -2.339827e+01  2.000000e+00
   endloop
 endfacet
 facet normal -2.025875e-01 -9.792642e-01 -0.000000e+00
   outer loop
     vertex -5.340502e+00 -2.339827e+01  2.200000e+01
     vertex -5.340502e+00 -2.339827e+01  2.000000e+00
     vertex -4.381676e+00 -2.359663e+01  2.000000e+00
   endloop
 endfacet
 facet normal -2.025875e-01 -9.792642e-01 -0.000000e+00
   outer loop
     vertex -4.381676e+00 -2.359663e+01  2.200000e+01
     vertex -5.340502e+00 -2.339827e+01  2.200000e+01
     vertex -4.381676e+00 -2.359663e+01  2.000000e+00
   endloop
 endfacet
 facet normal -1.624761e-01 -9.867125e-01  0.000000e+00
   outer loop
     vertex -3.415556e+00 -2.375571e+01  2.200000e+01
     vertex -4.381676e+00 -2.359663e+01  2.200000e+01
     vertex -4.381676e+00 -2.359663e+01  2.000000e+00
   endloop
 endfacet
 facet normal -1.624761e-01 -9.867125e-01 -0.000000e+00
   outer loop
     vertex -3.415556e+00 -2.375571e+01  2.200000e+01
     vertex -4.381676e+00 -2.359663e+01  2.000000e+00
     vertex -3.415556e+00 -2.375571e+01  2.000000e+00
   endloop
 endfacet
 facet normal -1.220943e-01 -9.925185e-01 -0.000000e+00
   outer loop
     vertex -3.415556e+00 -2.375571e+01  2.200000e+01
     vertex -3.415556e+00 -2.375571e+01  2.000000e+00
     vertex -2.443752e+00 -2.387526e+01  2.000000e+00
   endloop
 endfacet
 facet normal -1.220943e-01 -9.925185e-01 -0.000000e+00
   outer loop
     vertex -2.443752e+00 -2.387526e+01  2.200000e+01
     vertex -3.415556e+00 -2.375571e+01  2.200000e+01
     vertex -2.443752e+00 -2.387526e+01  2.000000e+00
   endloop
 endfacet
 facet normal -8.150928e-02 -9.966726e-01 -0.000000e+00
   outer loop
     vertex -2.443752e+00 -2.387526e+01  2.200000e+01
     vertex -2.443752e+00 -2.387526e+01  2.000000e+00
     vertex -1.467880e+00 -2.395507e+01  2.000000e+00
   endloop
 endfacet
 facet normal -8.150928e-02 -9.966726e-01 -0.000000e+00
   outer loop
     vertex -1.467880e+00 -2.395507e+01  2.200000e+01
     vertex -2.443752e+00 -2.387526e+01  2.200000e+01
     vertex -1.467880e+00 -2.395507e+01  2.000000e+00
   endloop
 endfacet
 facet normal -4.078859e-02 -9.991678e-01 -0.000000e+00
   outer loop
     vertex -1.467880e+00 -2.395507e+01  2.200000e+01
     vertex -1.467880e+00 -2.395507e+01  2.000000e+00
     vertex -4.895649e-01 -2.399501e+01  2.000000e+00
   endloop
 endfacet
 facet normal -4.078859e-02 -9.991678e-01 -0.000000e+00
   outer loop
     vertex -4.895649e-01 -2.399501e+01  2.200000e+01
     vertex -1.467880e+00 -2.395507e+01  2.200000e+01
     vertex -4.895649e-01 -2.399501e+01  2.000000e+00
   endloop
 endfacet
 facet normal -7.256880e-15 -1.000000e+00 -0.000000e+00
   outer loop
     vertex  4.895649e-01 -2.399501e+01  2.200000e+01
     vertex -4.895649e-01 -2.399501e+01  2.000000e+00
     vertex  4.895649e-01 -2.399501e+01  2.000000e+00
   endloop
 endfacet
 facet normal -7.256880e-15 -1.000000e+00  0.000000e+00
   outer loop
     vertex  4.895649e-01 -2.399501e+01  2.200000e+01
     vertex -4.895649e-01 -2.399501e+01  2.200000e+01
     vertex -4.895649e-01 -2.399501e+01  2.000000e+00
   endloop
 endfacet
 facet normal  4.078859e-02 -9.991678e-01  0.000000e+00
   outer loop
     vertex  1.467880e+00 -2.395507e+01  2.200000e+01
     vertex  4.895649e-01 -2.399501e+01  2.000000e+00
     vertex  1.467880e+00 -2.395507e+01  2.000000e+00
   endloop
 endfacet
 facet normal  8.150928e-02 -9.966726e-01  0.000000e+00
   outer loop
     vertex  1.467880e+00 -2.395507e+01  2.200000e+01
     vertex  1.467880e+00 -2.395507e+01  2.000000e+00
     vertex  2.443752e+00 -2.387526e+01  2.000000e+00
   endloop
 endfacet
 facet normal  4.078859e-02 -9.991678e-01  0.000000e+00
   outer loop
     vertex  1.467880e+00 -2.395507e+01  2.200000e+01
     vertex  4.895649e-01 -2.399501e+01  2.200000e+01
     vertex  4.895649e-01 -2.399501e+01  2.000000e+00
   endloop
 endfacet
 facet normal  8.150928e-02 -9.966726e-01  0.000000e+00
   outer loop
     vertex  2.443752e+00 -2.387526e+01  2.200000e+01
     vertex  1.467880e+00 -2.395507e+01  2.200000e+01
     vertex  2.443752e+00 -2.387526e+01  2.000000e+00
   endloop
 endfacet
 facet normal  1.220943e-01 -9.925185e-01  0.000000e+00
   outer loop
     vertex  3.415556e+00 -2.375571e+01  2.200000e+01
     vertex  2.443752e+00 -2.387526e+01  2.000000e+00
     vertex  3.415556e+00 -2.375571e+01  2.000000e+00
   endloop
 endfacet
 facet normal  1.220943e-01 -9.925185e-01  0.000000e+00
   outer loop
     vertex  3.415556e+00 -2.375571e+01  2.200000e+01
     vertex  2.443752e+00 -2.387526e+01  2.200000e+01
     vertex  2.443752e+00 -2.387526e+01  2.000000e+00
   endloop
 endfacet
 facet normal  1.624761e-01 -9.867125e-01  0.000000e+00
   outer loop
     vertex  4.381676e+00 -2.359663e+01  2.200000e+01
     vertex  3.415556e+00 -2.375571e+01  2.000000e+00
     vertex  4.381676e+00 -2.359663e+01  2.000000e+00
   endloop
 endfacet
 facet normal  2.025875e-01 -9.792642e-01  0.000000e+00
   outer loop
     vertex  4.381676e+00 -2.359663e+01  2.200000e+01
     vertex  4.381676e+00 -2.359663e+01  2.000000e+00
     vertex  5.340502e+00 -2.339827e+01  2.000000e+00
   endloop
 endfacet
 facet normal  1.624761e-01 -9.867125e-01  0.000000e+00
   outer loop
     vertex  4.381676e+00 -2.359663e+01  2.200000e+01
     vertex  3.415556e+00 -2.375571e+01  2.200000e+01
     vertex  3.415556e+00 -2.375571e+01  2.000000e+00
   endloop
 endfacet
 facet normal  2.423617e-01 -9.701860e-01  0.000000e+00
   outer loop
     vertex  5.340502e+00 -2.339827e+01  2.200000e+01
     vertex  5.340502e+00 -2.339827e+01  2.000000e+00
     vertex  6.290440e+00 -2.316097e+01  2.000000e+00
   endloop
 endfacet
 facet normal  2.025875e-01 -9.792642e-01  0.000000e+00
   outer loop
     vertex  5.340502e+00 -2.339827e+01  2.200000e+01
     vertex  4.381676e+00 -2.359663e+01  2.200000e+01
     vertex  5.340502e+00 -2.339827e+01  2.000000e+00
   endloop
 endfacet
 facet normal  2.423617e-01 -9.701860e-01  0.000000e+00
   outer loop
     vertex  6.290440e+00 -2.316097e+01  2.200000e+01
     vertex  5.340502e+00 -2.339827e+01  2.200000e+01
     vertex  6.290440e+00 -2.316097e+01  2.000000e+00
   endloop
 endfacet
 facet normal  2.817326e-01 -9.594930e-01  0.000000e+00
   outer loop
     vertex  7.229909e+00 -2.288511e+01  2.200000e+01
     vertex  6.290440e+00 -2.316097e+01  2.000000e+00
     vertex  7.229909e+00 -2.288511e+01  2.000000e+00
   endloop
 endfacet
 facet normal  2.817326e-01 -9.594930e-01  0.000000e+00
   outer loop
     vertex  7.229909e+00 -2.288511e+01  2.200000e+01
     vertex  6.290440e+00 -2.316097e+01  2.200000e+01
     vertex  6.290440e+00 -2.316097e+01  2.000000e+00
   endloop
 endfacet
 facet normal  3.206345e-01 -9.472030e-01  0.000000e+00
   outer loop
     vertex  8.157343e+00 -2.257117e+01  2.200000e+01
     vertex  7.229909e+00 -2.288511e+01  2.200000e+01
     vertex  7.229909e+00 -2.288511e+01  2.000000e+00
   endloop
 endfacet
 facet normal  3.206345e-01 -9.472030e-01  0.000000e+00
   outer loop
     vertex  8.157343e+00 -2.257117e+01  2.200000e+01
     vertex  7.229909e+00 -2.288511e+01  2.000000e+00
     vertex  8.157343e+00 -2.257117e+01  2.000000e+00
   endloop
 endfacet
 facet normal  3.590027e-01 -9.333365e-01  0.000000e+00
   outer loop
     vertex  8.157343e+00 -2.257117e+01  2.200000e+01
     vertex  8.157343e+00 -2.257117e+01  2.000000e+00
     vertex  9.071201e+00 -2.221966e+01  2.000000e+00
   endloop
 endfacet
 facet normal  3.590027e-01 -9.333365e-01  0.000000e+00
   outer loop
     vertex  9.071201e+00 -2.221966e+01  2.200000e+01
     vertex  8.157343e+00 -2.257117e+01  2.200000e+01
     vertex  9.071201e+00 -2.221966e+01  2.000000e+00
   endloop
 endfacet
 facet normal  3.967734e-01 -9.179166e-01  0.000000e+00
   outer loop
     vertex  9.071201e+00 -2.221966e+01  2.200000e+01
     vertex  9.071201e+00 -2.221966e+01  2.000000e+00
     vertex  9.969960e+00 -2.183117e+01  2.000000e+00
   endloop
 endfacet
 facet normal  3.967734e-01 -9.179166e-01  0.000000e+00
   outer loop
     vertex  9.969960e+00 -2.183117e+01  2.200000e+01
     vertex  9.071201e+00 -2.221966e+01  2.200000e+01
     vertex  9.969960e+00 -2.183117e+01  2.000000e+00
   endloop
 endfacet
 facet normal  4.338837e-01 -9.009689e-01  0.000000e+00
   outer loop
     vertex  1.085213e+01 -2.140634e+01  2.200000e+01
     vertex  9.969960e+00 -2.183117e+01  2.200000e+01
     vertex  9.969960e+00 -2.183117e+01  2.000000e+00
   endloop
 endfacet
 facet normal  4.338837e-01 -9.009689e-01  0.000000e+00
   outer loop
     vertex  1.085213e+01 -2.140634e+01  2.200000e+01
     vertex  9.969960e+00 -2.183117e+01  2.000000e+00
     vertex  1.085213e+01 -2.140634e+01  2.000000e+00
   endloop
 endfacet
 facet normal  4.702719e-01 -8.825216e-01  0.000000e+00
   outer loop
     vertex  1.171623e+01 -2.094588e+01  2.200000e+01
     vertex  1.085213e+01 -2.140634e+01  2.200000e+01
     vertex  1.085213e+01 -2.140634e+01  2.000000e+00
   endloop
 endfacet
 facet normal  4.702719e-01 -8.825216e-01  0.000000e+00
   outer loop
     vertex  1.171623e+01 -2.094588e+01  2.200000e+01
     vertex  1.085213e+01 -2.140634e+01  2.000000e+00
     vertex  1.171623e+01 -2.094588e+01  2.000000e+00
   endloop
 endfacet
 facet normal  5.058774e-01 -8.626054e-01  0.000000e+00
   outer loop
     vertex  1.171623e+01 -2.094588e+01  2.200000e+01
     vertex  1.171623e+01 -2.094588e+01  2.000000e+00
     vertex  1.256083e+01 -2.045056e+01  2.000000e+00
   endloop
 endfacet
 facet normal  5.058774e-01 -8.626054e-01  0.000000e+00
   outer loop
     vertex  1.256083e+01 -2.045056e+01  2.200000e+01
     vertex  1.171623e+01 -2.094588e+01  2.200000e+01
     vertex  1.256083e+01 -2.045056e+01  2.000000e+00
   endloop
 endfacet
 facet normal  5.406408e-01 -8.412535e-01  0.000000e+00
   outer loop
     vertex  1.338453e+01 -1.992121e+01  2.200000e+01
     vertex  1.256083e+01 -2.045056e+01  2.200000e+01
     vertex  1.256083e+01 -2.045056e+01  2.000000e+00
   endloop
 endfacet
 facet normal  5.406408e-01 -8.412535e-01  0.000000e+00
   outer loop
     vertex  1.338453e+01 -1.992121e+01  2.200000e+01
     vertex  1.256083e+01 -2.045056e+01  2.000000e+00
     vertex  1.338453e+01 -1.992121e+01  2.000000e+00
   endloop
 endfacet
 facet normal  5.745044e-01 -8.185015e-01  0.000000e+00
   outer loop
     vertex  1.338453e+01 -1.992121e+01  2.200000e+01
     vertex  1.338453e+01 -1.992121e+01  2.000000e+00
     vertex  1.418595e+01 -1.935869e+01  2.000000e+00
   endloop
 endfacet
 facet normal  5.745044e-01 -8.185015e-01  0.000000e+00
   outer loop
     vertex  1.418595e+01 -1.935869e+01  2.200000e+01
     vertex  1.338453e+01 -1.992121e+01  2.200000e+01
     vertex  1.418595e+01 -1.935869e+01  2.000000e+00
   endloop
 endfacet
 facet normal  6.074119e-01 -7.943871e-01  0.000000e+00
   outer loop
     vertex  1.496376e+01 -1.876396e+01  2.200000e+01
     vertex  1.418595e+01 -1.935869e+01  2.200000e+01
     vertex  1.418595e+01 -1.935869e+01  2.000000e+00
   endloop
 endfacet
 facet normal  6.074119e-01 -7.943871e-01  0.000000e+00
   outer loop
     vertex  1.496376e+01 -1.876396e+01  2.200000e+01
     vertex  1.418595e+01 -1.935869e+01  2.000000e+00
     vertex  1.496376e+01 -1.876396e+01  2.000000e+00
   endloop
 endfacet
 facet normal  6.393083e-01 -7.689505e-01  0.000000e+00
   outer loop
     vertex  1.571666e+01 -1.813799e+01  2.200000e+01
     vertex  1.496376e+01 -1.876396e+01  2.200000e+01
     vertex  1.496376e+01 -1.876396e+01  2.000000e+00
   endloop
 endfacet
 facet normal  6.393083e-01 -7.689505e-01  0.000000e+00
   outer loop
     vertex  1.571666e+01 -1.813799e+01  2.200000e+01
     vertex  1.496376e+01 -1.876396e+01  2.000000e+00
     vertex  1.571666e+01 -1.813799e+01  2.000000e+00
   endloop
 endfacet
 facet normal  6.701407e-01 -7.422341e-01  0.000000e+00
   outer loop
     vertex  1.571666e+01 -1.813799e+01  2.200000e+01
     vertex  1.571666e+01 -1.813799e+01  2.000000e+00
     vertex  1.644340e+01 -1.748184e+01  2.000000e+00
   endloop
 endfacet
 facet normal  6.701407e-01 -7.422341e-01  0.000000e+00
   outer loop
     vertex  1.644340e+01 -1.748184e+01  2.200000e+01
     vertex  1.571666e+01 -1.813799e+01  2.200000e+01
     vertex  1.644340e+01 -1.748184e+01  2.000000e+00
   endloop
 endfacet
 facet normal  6.998577e-01 -7.142823e-01  0.000000e+00
   outer loop
     vertex  1.714278e+01 -1.679658e+01  2.200000e+01
     vertex  1.644340e+01 -1.748184e+01  2.200000e+01
     vertex  1.644340e+01 -1.748184e+01  2.000000e+00
   endloop
 endfacet
 facet normal  6.998577e-01 -7.142823e-01  0.000000e+00
   outer loop
     vertex  1.714278e+01 -1.679658e+01  2.200000e+01
     vertex  1.644340e+01 -1.748184e+01  2.000000e+00
     vertex  1.714278e+01 -1.679658e+01  2.000000e+00
   endloop
 endfacet
 facet normal  7.284098e-01 -6.851417e-01  0.000000e+00
   outer loop
     vertex  1.714278e+01 -1.679658e+01  2.200000e+01
     vertex  1.714278e+01 -1.679658e+01  2.000000e+00
     vertex  1.781362e+01 -1.608338e+01  2.000000e+00
   endloop
 endfacet
 facet normal  7.284098e-01 -6.851417e-01  0.000000e+00
   outer loop
     vertex  1.781362e+01 -1.608338e+01  2.200000e+01
     vertex  1.714278e+01 -1.679658e+01  2.200000e+01
     vertex  1.781362e+01 -1.608338e+01  2.000000e+00
   endloop
 endfacet
 facet normal  7.557496e-01 -6.548607e-01  0.000000e+00
   outer loop
     vertex  1.845481e+01 -1.534340e+01  2.200000e+01
     vertex  1.781362e+01 -1.608338e+01  2.200000e+01
     vertex  1.781362e+01 -1.608338e+01  2.000000e+00
   endloop
 endfacet
 facet normal  7.557496e-01 -6.548607e-01  0.000000e+00
   outer loop
     vertex  1.845481e+01 -1.534340e+01  2.200000e+01
     vertex  1.781362e+01 -1.608338e+01  2.000000e+00
     vertex  1.845481e+01 -1.534340e+01  2.000000e+00
   endloop
 endfacet
 facet normal  7.818315e-01 -6.234898e-01  0.000000e+00
   outer loop
     vertex  1.845481e+01 -1.534340e+01  2.200000e+01
     vertex  1.845481e+01 -1.534340e+01  2.000000e+00
     vertex  1.906529e+01 -1.457788e+01  2.000000e+00
   endloop
 endfacet
 facet normal  7.818315e-01 -6.234898e-01  0.000000e+00
   outer loop
     vertex  1.906529e+01 -1.457788e+01  2.200000e+01
     vertex  1.845481e+01 -1.534340e+01  2.200000e+01
     vertex  1.906529e+01 -1.457788e+01  2.000000e+00
   endloop
 endfacet
 facet normal  8.066121e-01 -5.910811e-01  0.000000e+00
   outer loop
     vertex  1.964404e+01 -1.378811e+01  2.200000e+01
     vertex  1.906529e+01 -1.457788e+01  2.200000e+01
     vertex  1.906529e+01 -1.457788e+01  2.000000e+00
   endloop
 endfacet
 facet normal  8.066121e-01 -5.910811e-01  0.000000e+00
   outer loop
     vertex  1.964404e+01 -1.378811e+01  2.200000e+01
     vertex  1.906529e+01 -1.457788e+01  2.000000e+00
     vertex  1.964404e+01 -1.378811e+01  2.000000e+00
   endloop
 endfacet
 facet normal  8.300502e-01 -5.576887e-01  0.000000e+00
   outer loop
     vertex  2.019008e+01 -1.297538e+01  2.200000e+01
     vertex  1.964404e+01 -1.378811e+01  2.200000e+01
     vertex  1.964404e+01 -1.378811e+01  2.000000e+00
   endloop
 endfacet
 facet normal  8.300502e-01 -5.576887e-01  0.000000e+00
   outer loop
     vertex  2.019008e+01 -1.297538e+01  2.200000e+01
     vertex  1.964404e+01 -1.378811e+01  2.000000e+00
     vertex  2.019008e+01 -1.297538e+01  2.000000e+00
   endloop
 endfacet
 facet normal  8.521068e-01 -5.233680e-01  0.000000e+00
   outer loop
     vertex  2.019008e+01 -1.297538e+01  2.200000e+01
     vertex  2.019008e+01 -1.297538e+01  2.000000e+00
     vertex  2.070253e+01 -1.214106e+01  2.000000e+00
   endloop
 endfacet
 facet normal  8.521068e-01 -5.233680e-01  0.000000e+00
   outer loop
     vertex  2.070253e+01 -1.214106e+01  2.200000e+01
     vertex  2.019008e+01 -1.297538e+01  2.200000e+01
     vertex  2.070253e+01 -1.214106e+01  2.000000e+00
   endloop
 endfacet
 facet normal  8.727451e-01 -4.881762e-01  0.000000e+00
   outer loop
     vertex  2.118052e+01 -1.128653e+01  2.200000e+01
     vertex  2.070253e+01 -1.214106e+01  2.200000e+01
     vertex  2.070253e+01 -1.214106e+01  2.000000e+00
   endloop
 endfacet
 facet normal  8.727451e-01 -4.881762e-01  0.000000e+00
   outer loop
     vertex  2.118052e+01 -1.128653e+01  2.200000e+01
     vertex  2.070253e+01 -1.214106e+01  2.000000e+00
     vertex  2.118052e+01 -1.128653e+01  2.000000e+00
   endloop
 endfacet
 facet normal  8.919308e-01 -4.521719e-01  0.000000e+00
   outer loop
     vertex  2.118052e+01 -1.128653e+01  2.200000e+01
     vertex  2.118052e+01 -1.128653e+01  2.000000e+00
     vertex  2.162325e+01 -1.041321e+01  2.000000e+00
   endloop
 endfacet
 facet normal  8.919308e-01 -4.521719e-01  0.000000e+00
   outer loop
     vertex  2.162325e+01 -1.041321e+01  2.200000e+01
     vertex  2.118052e+01 -1.128653e+01  2.200000e+01
     vertex  2.162325e+01 -1.041321e+01  2.000000e+00
   endloop
 endfacet
 facet normal  9.096320e-01 -4.154150e-01  0.000000e+00
   outer loop
     vertex  2.203000e+01 -9.522562e+00  2.200000e+01
     vertex  2.162325e+01 -1.041321e+01  2.200000e+01
     vertex  2.162325e+01 -1.041321e+01  2.000000e+00
   endloop
 endfacet
 facet normal  9.096320e-01 -4.154150e-01  0.000000e+00
   outer loop
     vertex  2.203000e+01 -9.522562e+00  2.200000e+01
     vertex  2.162325e+01 -1.041321e+01  2.000000e+00
     vertex  2.203000e+01 -9.522562e+00  2.000000e+00
   endloop
 endfacet
 facet normal  9.258192e-01 -3.779667e-01  0.000000e+00
   outer loop
     vertex  2.240008e+01 -8.616065e+00  2.200000e+01
     vertex  2.203000e+01 -9.522562e+00  2.200000e+01
     vertex  2.203000e+01 -9.522562e+00  2.000000e+00
   endloop
 endfacet
 facet normal  9.258192e-01 -3.779667e-01  0.000000e+00
   outer loop
     vertex  2.240008e+01 -8.616065e+00  2.200000e+01
     vertex  2.203000e+01 -9.522562e+00  2.000000e+00
     vertex  2.240008e+01 -8.616065e+00  2.000000e+00
   endloop
 endfacet
 facet normal  9.404655e-01 -3.398893e-01  0.000000e+00
   outer loop
     vertex  2.240008e+01 -8.616065e+00  2.200000e+01
     vertex  2.240008e+01 -8.616065e+00  2.000000e+00
     vertex  2.273287e+01 -7.695227e+00  2.000000e+00
   endloop
 endfacet
 facet normal  9.535464e-01 -3.012462e-01  0.000000e+00
   outer loop
     vertex  2.273287e+01 -7.695227e+00  2.200000e+01
     vertex  2.273287e+01 -7.695227e+00  2.000000e+00
     vertex  2.302783e+01 -6.761581e+00  2.000000e+00
   endloop
 endfacet
 facet normal  9.404655e-01 -3.398893e-01  0.000000e+00
   outer loop
     vertex  2.273287e+01 -7.695227e+00  2.200000e+01
     vertex  2.240008e+01 -8.616065e+00  2.200000e+01
     vertex  2.273287e+01 -7.695227e+00  2.000000e+00
   endloop
 endfacet
 facet normal  9.535464e-01 -3.012462e-01  0.000000e+00
   outer loop
     vertex  2.302783e+01 -6.761581e+00  2.200000e+01
     vertex  2.273287e+01 -7.695227e+00  2.200000e+01
     vertex  2.302783e+01 -6.761581e+00  2.000000e+00
   endloop
 endfacet
 facet normal  9.650403e-01 -2.621017e-01  0.000000e+00
   outer loop
     vertex  2.328446e+01 -5.816682e+00  2.200000e+01
     vertex  2.302783e+01 -6.761581e+00  2.000000e+00
     vertex  2.328446e+01 -5.816682e+00  2.000000e+00
   endloop
 endfacet
 facet normal  9.650403e-01 -2.621017e-01  0.000000e+00
   outer loop
     vertex  2.328446e+01 -5.816682e+00  2.200000e+01
     vertex  2.302783e+01 -6.761581e+00  2.200000e+01
     vertex  2.302783e+01 -6.761581e+00  2.000000e+00
   endloop
 endfacet
 facet normal  9.749279e-01 -2.225209e-01  0.000000e+00
   outer loop
     vertex  2.350234e+01 -4.862101e+00  2.200000e+01
     vertex  2.328446e+01 -5.816682e+00  2.000000e+00
     vertex  2.350234e+01 -4.862101e+00  2.000000e+00
   endloop
 endfacet
 facet normal  9.749279e-01 -2.225209e-01  0.000000e+00
   outer loop
     vertex  2.350234e+01 -4.862101e+00  2.200000e+01
     vertex  2.328446e+01 -5.816682e+00  2.200000e+01
     vertex  2.328446e+01 -5.816682e+00  2.000000e+00
   endloop
 endfacet
 facet normal  9.831929e-01 -1.825698e-01  0.000000e+00
   outer loop
     vertex  2.350234e+01 -4.862101e+00  2.200000e+01
     vertex  2.350234e+01 -4.862101e+00  2.000000e+00
     vertex  2.368110e+01 -3.899427e+00  2.000000e+00
   endloop
 endfacet
 facet normal  9.898214e-01 -1.423148e-01  0.000000e+00
   outer loop
     vertex  2.368110e+01 -3.899427e+00  2.200000e+01
     vertex  2.368110e+01 -3.899427e+00  2.000000e+00
     vertex  2.382044e+01 -2.930264e+00  2.000000e+00
   endloop
 endfacet
 facet normal  9.831929e-01 -1.825698e-01  0.000000e+00
   outer loop
     vertex  2.368110e+01 -3.899427e+00  2.200000e+01
     vertex  2.350234e+01 -4.862101e+00  2.200000e+01
     vertex  2.368110e+01 -3.899427e+00  2.000000e+00
   endloop
 endfacet
 facet normal  9.898214e-01 -1.423148e-01  0.000000e+00
   outer loop
     vertex  2.382044e+01 -2.930264e+00  2.200000e+01
     vertex  2.368110e+01 -3.899427e+00  2.200000e+01
     vertex  2.382044e+01 -2.930264e+00  2.000000e+00
   endloop
 endfacet
 facet normal  9.948025e-01 -1.018230e-01  0.000000e+00
   outer loop
     vertex  2.392014e+01 -1.956223e+00  2.200000e+01
     vertex  2.382044e+01 -2.930264e+00  2.000000e+00
     vertex  2.392014e+01 -1.956223e+00  2.000000e+00
   endloop
 endfacet
 facet normal  9.948025e-01 -1.018230e-01  0.000000e+00
   outer loop
     vertex  2.392014e+01 -1.956223e+00  2.200000e+01
     vertex  2.382044e+01 -2.930264e+00  2.200000e+01
     vertex  2.382044e+01 -2.930264e+00  2.000000e+00
   endloop
 endfacet
 facet normal  9.981279e-01 -6.116166e-02  0.000000e+00
   outer loop
     vertex  2.398003e+01 -9.789261e-01  2.200000e+01
     vertex  2.392014e+01 -1.956223e+00  2.000000e+00
     vertex  2.398003e+01 -9.789261e-01  2.000000e+00
   endloop
 endfacet
 facet normal  9.997919e-01 -2.039854e-02  0.000000e+00
   outer loop
     vertex  2.398003e+01 -9.789261e-01  2.200000e+01
     vertex  2.398003e+01 -9.789261e-01  2.000000e+00
     vertex  2.400000e+01  0.000000e+00  2.000000e+00
   endloop
 endfacet
 facet normal  9.981279e-01 -6.116166e-02  0.000000e+00
   outer loop
     vertex  2.398003e+01 -9.789261e-01  2.200000e+01
     vertex  2.392014e+01 -1.956223e+00  2.200000e+01
     vertex  2.392014e+01 -1.956223e+00  2.000000e+00
   endloop
 endfacet
 facet normal  9.997919e-01 -2.039854e-02  0.000000e+00
   outer loop
     vertex  2.400000e+01  0.000000e+00  2.200000e+01
     vertex  2.398003e+01 -9.789261e-01  2.200000e+01
     vertex  2.400000e+01  0.000000e+00  2.000000e+00
   endloop
 endfacet
 facet normal  7.070332e-01  1.442544e-02 -7.070332e-01
   outer loop
     vertex  2.333333e+01  0.000000e+00  1.333333e+00
     vertex  2.398003e+01  9.789261e-01  2.000000e+00
     vertex  2.400000e+01  0.000000e+00  2.000000e+00
   endloop
 endfacet
 facet normal  7.070271e-01  1.501030e-02 -7.070271e-01
   outer loop
     vertex  2.198018e+01  9.337065e-01  0.000000e+00
     vertex  2.266667e+01  0.000000e+00  6.666667e-01
     vertex  2.200000e+01  0.000000e+00  0.000000e+00
   endloop
 endfacet
 facet normal  7.070332e-01 -1.442544e-02 -7.070332e-01
   outer loop
     vertex  2.333333e+01  0.000000e+00  1.333333e+00
     vertex  2.400000e+01  0.000000e+00  2.000000e+00
     vertex  2.398003e+01 -9.789261e-01  2.000000e+00
   endloop
 endfacet
 facet normal  7.070271e-01 -1.501030e-02 -7.070271e-01
   outer loop
     vertex  2.200000e+01  0.000000e+00  0.000000e+00
     vertex  2.266667e+01  0.000000e+00  6.666667e-01
     vertex  2.198018e+01 -9.337065e-01  0.000000e+00
   endloop
 endfacet
 facet normal  7.083529e-01  4.340530e-02 -7.045226e-01
   outer loop
     vertex  2.329458e+01  1.344280e+00  1.333333e+00
     vertex  2.392014e+01  1.956223e+00  2.000000e+00
     vertex  2.398003e+01  9.789261e-01  2.000000e+00
   endloop
 endfacet
 facet normal  7.026012e-01  2.025595e-02 -7.112954e-01
   outer loop
     vertex  2.329458e+01  1.344280e+00  1.333333e+00
     vertex  2.398003e+01  9.789261e-01  2.000000e+00
     vertex  2.333333e+01  0.000000e+00  1.333333e+00
   endloop
 endfacet
 facet normal  7.069599e-01  2.038161e-02 -7.069599e-01
   outer loop
     vertex  2.262902e+01  1.305872e+00  6.666667e-01
     vertex  2.333333e+01  0.000000e+00  1.333333e+00
     vertex  2.266667e+01  0.000000e+00  6.666667e-01
   endloop
 endfacet
 facet normal  7.069599e-01  2.038161e-02 -7.069599e-01
   outer loop
     vertex  2.262902e+01  1.305872e+00  6.666667e-01
     vertex  2.329458e+01  1.344280e+00  1.333333e+00
     vertex  2.333333e+01  0.000000e+00  1.333333e+00
   endloop
 endfacet
 facet normal  7.107307e-01  2.049032e-02 -7.031657e-01
   outer loop
     vertex  2.262902e+01  1.305872e+00  6.666667e-01
     vertex  2.266667e+01  0.000000e+00  6.666667e-01
     vertex  2.198018e+01  9.337065e-01  0.000000e+00
   endloop
 endfacet
 facet normal  7.032731e-01  4.484572e-02 -7.095039e-01
   outer loop
     vertex  2.262902e+01  1.305872e+00  6.666667e-01
     vertex  2.198018e+01  9.337065e-01  0.000000e+00
     vertex  2.192074e+01  1.865730e+00  0.000000e+00
   endloop
 endfacet
 facet normal  7.049811e-01  7.215832e-02 -7.055458e-01
   outer loop
     vertex  2.317844e+01  2.684094e+00  1.333333e+00
     vertex  2.382044e+01  2.930264e+00  2.000000e+00
     vertex  2.392014e+01  1.956223e+00  2.000000e+00
   endloop
 endfacet
 facet normal  6.978986e-01  1.003427e-01 -7.091325e-01
   outer loop
     vertex  2.317844e+01  2.684094e+00  1.333333e+00
     vertex  2.368110e+01  3.899427e+00  2.000000e+00
     vertex  2.382044e+01  2.930264e+00  2.000000e+00
   endloop
 endfacet
 facet normal  6.995128e-01  6.063515e-02 -7.120430e-01
   outer loop
     vertex  2.317844e+01  2.684094e+00  1.333333e+00
     vertex  2.392014e+01  1.956223e+00  2.000000e+00
     vertex  2.329458e+01  1.344280e+00  1.333333e+00
   endloop
 endfacet
 facet normal  7.046114e-01  6.107712e-02 -7.069599e-01
   outer loop
     vertex  2.251620e+01  2.607405e+00  6.666667e-01
     vertex  2.329458e+01  1.344280e+00  1.333333e+00
     vertex  2.262902e+01  1.305872e+00  6.666667e-01
   endloop
 endfacet
 facet normal  7.094422e-01  6.149586e-02 -7.020755e-01
   outer loop
     vertex  2.251620e+01  2.607405e+00  6.666667e-01
     vertex  2.262902e+01  1.305872e+00  6.666667e-01
     vertex  2.192074e+01  1.865730e+00  0.000000e+00
   endloop
 endfacet
 facet normal  7.010181e-01  7.468311e-02 -7.092222e-01
   outer loop
     vertex  2.251620e+01  2.607405e+00  6.666667e-01
     vertex  2.192074e+01  1.865730e+00  0.000000e+00
     vertex  2.182181e+01  2.794392e+00  0.000000e+00
   endloop
 endfacet
 facet normal  7.046114e-01  6.107712e-02 -7.069599e-01
   outer loop
     vertex  2.251620e+01  2.607405e+00  6.666667e-01
     vertex  2.317844e+01  2.684094e+00  1.333333e+00
     vertex  2.329458e+01  1.344280e+00  1.333333e+00
   endloop
 endfacet
 facet normal  6.971365e-01  1.294518e-01 -7.051545e-01
   outer loop
     vertex  2.298531e+01  4.014991e+00  1.333333e+00
     vertex  2.350234e+01  4.862101e+00  2.000000e+00
     vertex  2.368110e+01  3.899427e+00  2.000000e+00
   endloop
 endfacet
 facet normal  6.969916e-01  1.011444e-01 -7.099102e-01
   outer loop
     vertex  2.298531e+01  4.014991e+00  1.333333e+00
     vertex  2.368110e+01  3.899427e+00  2.000000e+00
     vertex  2.317844e+01  2.684094e+00  1.333333e+00
   endloop
 endfacet
 facet normal  7.031064e-01  1.020318e-01 -7.037265e-01
   outer loop
     vertex  2.232858e+01  3.900277e+00  6.666667e-01
     vertex  2.251620e+01  2.607405e+00  6.666667e-01
     vertex  2.182181e+01  2.794392e+00  0.000000e+00
   endloop
 endfacet
 facet normal  6.999223e-01  1.015697e-01 -7.069599e-01
   outer loop
     vertex  2.232858e+01  3.900277e+00  6.666667e-01
     vertex  2.317844e+01  2.684094e+00  1.333333e+00
     vertex  2.251620e+01  2.607405e+00  6.666667e-01
   endloop
 endfacet
 facet normal  6.999223e-01  1.015697e-01 -7.069599e-01
   outer loop
     vertex  2.232858e+01  3.900277e+00  6.666667e-01
     vertex  2.298531e+01  4.014991e+00  1.333333e+00
     vertex  2.317844e+01  2.684094e+00  1.333333e+00
   endloop
 endfacet
 facet normal  7.002385e-01  1.048202e-01 -7.061719e-01
   outer loop
     vertex  2.232858e+01  3.900277e+00  6.666667e-01
     vertex  2.182181e+01  2.794392e+00  0.000000e+00
     vertex  2.168355e+01  3.718018e+00  0.000000e+00
   endloop
 endfacet
 facet normal  6.935975e-01  1.341427e-01 -7.077629e-01
   outer loop
     vertex  2.232858e+01  3.900277e+00  6.666667e-01
     vertex  2.168355e+01  3.718018e+00  0.000000e+00
     vertex  2.150622e+01  4.634944e+00  0.000000e+00
   endloop
 endfacet
 facet normal  6.917340e-01  1.578838e-01 -7.046821e-01
   outer loop
     vertex  2.271582e+01  5.332552e+00  1.333333e+00
     vertex  2.328446e+01  5.816682e+00  2.000000e+00
     vertex  2.350234e+01  4.862101e+00  2.000000e+00
   endloop
 endfacet
 facet normal  6.877788e-01  1.406758e-01 -7.121591e-01
   outer loop
     vertex  2.271582e+01  5.332552e+00  1.333333e+00
     vertex  2.350234e+01  4.862101e+00  2.000000e+00
     vertex  2.298531e+01  4.014991e+00  1.333333e+00
   endloop
 endfacet
 facet normal  6.929082e-01  1.417249e-01 -7.069599e-01
   outer loop
     vertex  2.271582e+01  5.332552e+00  1.333333e+00
     vertex  2.298531e+01  4.014991e+00  1.333333e+00
     vertex  2.232858e+01  3.900277e+00  6.666667e-01
   endloop
 endfacet
 facet normal  6.970365e-01  1.425693e-01 -7.027190e-01
   outer loop
     vertex  2.206679e+01  5.180193e+00  6.666667e-01
     vertex  2.232858e+01  3.900277e+00  6.666667e-01
     vertex  2.150622e+01  4.634944e+00  0.000000e+00
   endloop
 endfacet
 facet normal  6.854156e-01  1.630157e-01 -7.096699e-01
   outer loop
     vertex  2.206679e+01  5.180193e+00  6.666667e-01
     vertex  2.150622e+01  4.634944e+00  0.000000e+00
     vertex  2.129012e+01  5.543517e+00  0.000000e+00
   endloop
 endfacet
 facet normal  6.929082e-01  1.417249e-01 -7.069599e-01
   outer loop
     vertex  2.206679e+01  5.180193e+00  6.666667e-01
     vertex  2.271582e+01  5.332552e+00  1.333333e+00
     vertex  2.232858e+01  3.900277e+00  6.666667e-01
   endloop
 endfacet
 facet normal  6.817785e-01  1.851688e-01 -7.077362e-01
   outer loop
     vertex  2.237087e+01  6.632398e+00  1.333333e+00
     vertex  2.302783e+01  6.761581e+00  2.000000e+00
     vertex  2.328446e+01  5.816682e+00  2.000000e+00
   endloop
 endfacet
 facet normal  6.749198e-01  2.132219e-01 -7.064133e-01
   outer loop
     vertex  2.237087e+01  6.632398e+00  1.333333e+00
     vertex  2.273287e+01  7.695227e+00  2.000000e+00
     vertex  2.302783e+01  6.761581e+00  2.000000e+00
   endloop
 endfacet
 facet normal  6.798035e-01  1.804039e-01 -7.108598e-01
   outer loop
     vertex  2.237087e+01  6.632398e+00  1.333333e+00
     vertex  2.328446e+01  5.816682e+00  2.000000e+00
     vertex  2.271582e+01  5.332552e+00  1.333333e+00
   endloop
 endfacet
 facet normal  6.881687e-01  1.826238e-01 -7.021911e-01
   outer loop
     vertex  2.173170e+01  6.442901e+00  6.666667e-01
     vertex  2.206679e+01  5.180193e+00  6.666667e-01
     vertex  2.129012e+01  5.543517e+00  0.000000e+00
   endloop
 endfacet
 facet normal  6.835922e-01  1.814094e-01 -7.069599e-01
   outer loop
     vertex  2.173170e+01  6.442901e+00  6.666667e-01
     vertex  2.271582e+01  5.332552e+00  1.333333e+00
     vertex  2.206679e+01  5.180193e+00  6.666667e-01
   endloop
 endfacet
 facet normal  6.835922e-01  1.814094e-01 -7.069599e-01
   outer loop
     vertex  2.173170e+01  6.442901e+00  6.666667e-01
     vertex  2.237087e+01  6.632398e+00  1.333333e+00
     vertex  2.271582e+01  5.332552e+00  1.333333e+00
   endloop
 endfacet
 facet normal  6.786980e-01  1.921905e-01 -7.088242e-01
   outer loop
     vertex  2.173170e+01  6.442901e+00  6.666667e-01
     vertex  2.129012e+01  5.543517e+00  0.000000e+00
     vertex  2.103567e+01  6.442101e+00  0.000000e+00
   endloop
 endfacet
 facet normal  6.674997e-01  2.412380e-01 -7.044490e-01
   outer loop
     vertex  2.195161e+01  7.910212e+00  1.333333e+00
     vertex  2.240008e+01  8.616065e+00  2.000000e+00
     vertex  2.273287e+01  7.695227e+00  2.000000e+00
   endloop
 endfacet
 facet normal  6.675264e-01  2.190215e-01 -7.116446e-01
   outer loop
     vertex  2.195161e+01  7.910212e+00  1.333333e+00
     vertex  2.273287e+01  7.695227e+00  2.000000e+00
     vertex  2.237087e+01  6.632398e+00  1.333333e+00
   endloop
 endfacet
 facet normal  6.733746e-01  2.219576e-01 -7.051961e-01
   outer loop
     vertex  2.132442e+01  7.684206e+00  6.666667e-01
     vertex  2.103567e+01  6.442101e+00  0.000000e+00
     vertex  2.074330e+01  7.329075e+00  0.000000e+00
   endloop
 endfacet
 facet normal  6.603712e-01  2.492132e-01 -7.083803e-01
   outer loop
     vertex  2.132442e+01  7.684206e+00  6.666667e-01
     vertex  2.074330e+01  7.329075e+00  0.000000e+00
     vertex  2.041356e+01  8.202843e+00  0.000000e+00
   endloop
 endfacet
 facet normal  6.720055e-01  2.204912e-01 -7.069599e-01
   outer loop
     vertex  2.132442e+01  7.684206e+00  6.666667e-01
     vertex  2.237087e+01  6.632398e+00  1.333333e+00
     vertex  2.173170e+01  6.442901e+00  6.666667e-01
   endloop
 endfacet
 facet normal  6.744275e-01  2.212858e-01 -7.044005e-01
   outer loop
     vertex  2.132442e+01  7.684206e+00  6.666667e-01
     vertex  2.173170e+01  6.442901e+00  6.666667e-01
     vertex  2.103567e+01  6.442101e+00  0.000000e+00
   endloop
 endfacet
 facet normal  6.720055e-01  2.204912e-01 -7.069599e-01
   outer loop
     vertex  2.132442e+01  7.684206e+00  6.666667e-01
     vertex  2.195161e+01  7.910212e+00  1.333333e+00
     vertex  2.237087e+01  6.632398e+00  1.333333e+00
   endloop
 endfacet
 facet normal  6.556560e-01  2.676723e-01 -7.060217e-01
   outer loop
     vertex  2.145942e+01  9.161749e+00  1.333333e+00
     vertex  2.203000e+01  9.522562e+00  2.000000e+00
     vertex  2.240008e+01  8.616065e+00  2.000000e+00
   endloop
 endfacet
 facet normal  6.421299e-01  2.932509e-01 -7.082888e-01
   outer loop
     vertex  2.145942e+01  9.161749e+00  1.333333e+00
     vertex  2.162325e+01  1.041321e+01  2.000000e+00
     vertex  2.203000e+01  9.522562e+00  2.000000e+00
   endloop
 endfacet
 facet normal  6.536140e-01  2.570423e-01 -7.118413e-01
   outer loop
     vertex  2.145942e+01  9.161749e+00  1.333333e+00
     vertex  2.240008e+01  8.616065e+00  2.000000e+00
     vertex  2.195161e+01  7.910212e+00  1.333333e+00
   endloop
 endfacet
 facet normal  6.624128e-01  2.605026e-01 -7.023871e-01
   outer loop
     vertex  2.084630e+01  8.899985e+00  6.666667e-01
     vertex  2.132442e+01  7.684206e+00  6.666667e-01
     vertex  2.041356e+01  8.202843e+00  0.000000e+00
   endloop
 endfacet
 facet normal  6.581864e-01  2.588405e-01 -7.069599e-01
   outer loop
     vertex  2.084630e+01  8.899985e+00  6.666667e-01
     vertex  2.195161e+01  7.910212e+00  1.333333e+00
     vertex  2.132442e+01  7.684206e+00  6.666667e-01
   endloop
 endfacet
 facet normal  6.581864e-01  2.588405e-01 -7.069599e-01
   outer loop
     vertex  2.084630e+01  8.899985e+00  6.666667e-01
     vertex  2.145942e+01  9.161749e+00  1.333333e+00
     vertex  2.195161e+01  7.910212e+00  1.333333e+00
   endloop
 endfacet
 facet normal  6.479599e-01  2.764867e-01 -7.097204e-01
   outer loop
     vertex  2.084630e+01  8.899985e+00  6.666667e-01
     vertex  2.041356e+01  8.202843e+00  0.000000e+00
     vertex  2.004703e+01  9.061827e+00  0.000000e+00
   endloop
 endfacet
 facet normal  6.326982e-01  3.207517e-01 -7.048484e-01
   outer loop
     vertex  2.089595e+01  1.038285e+01  1.333333e+00
     vertex  2.118052e+01  1.128653e+01  2.000000e+00
     vertex  2.162325e+01  1.041321e+01  2.000000e+00
   endloop
 endfacet
 facet normal  6.389559e-01  2.948419e-01 -7.104954e-01
   outer loop
     vertex  2.089595e+01  1.038285e+01  1.333333e+00
     vertex  2.162325e+01  1.041321e+01  2.000000e+00
     vertex  2.145942e+01  9.161749e+00  1.333333e+00
   endloop
 endfacet
 facet normal  6.421808e-01  2.963300e-01 -7.069599e-01
   outer loop
     vertex  2.029893e+01  1.008620e+01  6.666667e-01
     vertex  2.089595e+01  1.038285e+01  1.333333e+00
     vertex  2.145942e+01  9.161749e+00  1.333333e+00
   endloop
 endfacet
 facet normal  6.369215e-01  3.043494e-01 -7.083096e-01
   outer loop
     vertex  2.029893e+01  1.008620e+01  6.666667e-01
     vertex  2.004703e+01  9.061827e+00  0.000000e+00
     vertex  1.964437e+01  9.904482e+00  0.000000e+00
   endloop
 endfacet
 facet normal  6.421808e-01  2.963300e-01 -7.069599e-01
   outer loop
     vertex  2.029893e+01  1.008620e+01  6.666667e-01
     vertex  2.145942e+01  9.161749e+00  1.333333e+00
     vertex  2.084630e+01  8.899985e+00  6.666667e-01
   endloop
 endfacet
 facet normal  6.260647e-01  3.325058e-01 -7.053247e-01
   outer loop
     vertex  2.029893e+01  1.008620e+01  6.666667e-01
     vertex  1.964437e+01  9.904482e+00  0.000000e+00
     vertex  1.920631e+01  1.072929e+01  0.000000e+00
   endloop
 endfacet
 facet normal  6.462730e-01  2.982183e-01 -7.024223e-01
   outer loop
     vertex  2.029893e+01  1.008620e+01  6.666667e-01
     vertex  2.084630e+01  8.899985e+00  6.666667e-01
     vertex  2.004703e+01  9.061827e+00  0.000000e+00
   endloop
 endfacet
 facet normal  6.190204e-01  3.462535e-01 -7.049272e-01
   outer loop
     vertex  2.026307e+01  1.156946e+01  1.333333e+00
     vertex  2.070253e+01  1.214106e+01  2.000000e+00
     vertex  2.118052e+01  1.128653e+01  2.000000e+00
   endloop
 endfacet
 facet normal  6.193952e-01  3.303567e-01 -7.121897e-01
   outer loop
     vertex  2.026307e+01  1.156946e+01  1.333333e+00
     vertex  2.118052e+01  1.128653e+01  2.000000e+00
     vertex  2.089595e+01  1.038285e+01  1.333333e+00
   endloop
 endfacet
 facet normal  6.240421e-01  3.328351e-01 -7.069599e-01
   outer loop
     vertex  1.968412e+01  1.123891e+01  6.666667e-01
     vertex  2.089595e+01  1.038285e+01  1.333333e+00
     vertex  2.029893e+01  1.008620e+01  6.666667e-01
   endloop
 endfacet
 facet normal  6.263704e-01  3.340769e-01 -7.043101e-01
   outer loop
     vertex  1.968412e+01  1.123891e+01  6.666667e-01
     vertex  2.029893e+01  1.008620e+01  6.666667e-01
     vertex  1.920631e+01  1.072929e+01  0.000000e+00
   endloop
 endfacet
 facet normal  6.240421e-01  3.328351e-01 -7.069599e-01
   outer loop
     vertex  1.968412e+01  1.123891e+01  6.666667e-01
     vertex  2.026307e+01  1.156946e+01  1.333333e+00
     vertex  2.089595e+01  1.038285e+01  1.333333e+00
   endloop
 endfacet
 facet normal  6.083220e-01  3.569776e-01 -7.088804e-01
   outer loop
     vertex  1.968412e+01  1.123891e+01  6.666667e-01
     vertex  1.920631e+01  1.072929e+01  0.000000e+00
     vertex  1.873364e+01  1.153476e+01  0.000000e+00
   endloop
 endfacet
 facet normal  6.013225e-01  3.693351e-01 -7.085216e-01
   outer loop
     vertex  1.956287e+01  1.271764e+01  1.333333e+00
     vertex  2.019008e+01  1.297538e+01  2.000000e+00
     vertex  2.070253e+01  1.214106e+01  2.000000e+00
   endloop
 endfacet
 facet normal  5.879530e-01  3.950300e-01 -7.058771e-01
   outer loop
     vertex  1.956287e+01  1.271764e+01  1.333333e+00
     vertex  1.964404e+01  1.378811e+01  2.000000e+00
     vertex  2.019008e+01  1.297538e+01  2.000000e+00
   endloop
 endfacet
 facet normal  6.009343e-01  3.664685e-01 -7.103371e-01
   outer loop
     vertex  1.956287e+01  1.271764e+01  1.333333e+00
     vertex  2.070253e+01  1.214106e+01  2.000000e+00
     vertex  2.026307e+01  1.156946e+01  1.333333e+00
   endloop
 endfacet
 facet normal  6.038303e-01  3.682346e-01 -7.069599e-01
   outer loop
     vertex  1.900393e+01  1.235428e+01  6.666667e-01
     vertex  2.026307e+01  1.156946e+01  1.333333e+00
     vertex  1.968412e+01  1.123891e+01  6.666667e-01
   endloop
 endfacet
 facet normal  6.078902e-01  3.707105e-01 -7.021703e-01
   outer loop
     vertex  1.900393e+01  1.235428e+01  6.666667e-01
     vertex  1.968412e+01  1.123891e+01  6.666667e-01
     vertex  1.873364e+01  1.153476e+01  0.000000e+00
   endloop
 endfacet
 facet normal  6.038303e-01  3.682346e-01 -7.069599e-01
   outer loop
     vertex  1.900393e+01  1.235428e+01  6.666667e-01
     vertex  1.956287e+01  1.271764e+01  1.333333e+00
     vertex  2.026307e+01  1.156946e+01  1.333333e+00
   endloop
 endfacet
 facet normal  5.919681e-01  3.820509e-01 -7.096555e-01
   outer loop
     vertex  1.900393e+01  1.235428e+01  6.666667e-01
     vertex  1.873364e+01  1.153476e+01  0.000000e+00
     vertex  1.822721e+01  1.231945e+01  0.000000e+00
   endloop
 endfacet
 facet normal  5.724868e-01  4.195154e-01 -7.044613e-01
   outer loop
     vertex  1.879769e+01  1.382358e+01  1.333333e+00
     vertex  1.906529e+01  1.457788e+01  2.000000e+00
     vertex  1.964404e+01  1.378811e+01  2.000000e+00
   endloop
 endfacet
 facet normal  5.775168e-01  3.995770e-01 -7.119077e-01
   outer loop
     vertex  1.879769e+01  1.382358e+01  1.333333e+00
     vertex  1.964404e+01  1.378811e+01  2.000000e+00
     vertex  1.956287e+01  1.271764e+01  1.333333e+00
   endloop
 endfacet
 facet normal  5.816126e-01  4.024108e-01 -7.069599e-01
   outer loop
     vertex  1.826061e+01  1.342862e+01  6.666667e-01
     vertex  1.956287e+01  1.271764e+01  1.333333e+00
     vertex  1.900393e+01  1.235428e+01  6.666667e-01
   endloop
 endfacet
 facet normal  5.850376e-01  4.047806e-01 -7.027686e-01
   outer loop
     vertex  1.826061e+01  1.342862e+01  6.666667e-01
     vertex  1.900393e+01  1.235428e+01  6.666667e-01
     vertex  1.822721e+01  1.231945e+01  0.000000e+00
   endloop
 endfacet
 facet normal  5.768421e-01  4.079778e-01 -7.076774e-01
   outer loop
     vertex  1.826061e+01  1.342862e+01  6.666667e-01
     vertex  1.822721e+01  1.231945e+01  0.000000e+00
     vertex  1.768794e+01  1.308193e+01  0.000000e+00
   endloop
 endfacet
 facet normal  5.601082e-01  4.329430e-01 -7.062854e-01
   outer loop
     vertex  1.826061e+01  1.342862e+01  6.666667e-01
     vertex  1.768794e+01  1.308193e+01  0.000000e+00
     vertex  1.711679e+01  1.382084e+01  0.000000e+00
   endloop
 endfacet
 facet normal  5.816126e-01  4.024108e-01 -7.069599e-01
   outer loop
     vertex  1.826061e+01  1.342862e+01  6.666667e-01
     vertex  1.879769e+01  1.382358e+01  1.333333e+00
     vertex  1.956287e+01  1.271764e+01  1.333333e+00
   endloop
 endfacet
 facet normal  5.532484e-01  4.412009e-01 -7.065819e-01
   outer loop
     vertex  1.797007e+01  1.488359e+01  1.333333e+00
     vertex  1.845481e+01  1.534340e+01  2.000000e+00
     vertex  1.906529e+01  1.457788e+01  2.000000e+00
   endloop
 endfacet
 facet normal  5.340779e-01  4.627812e-01 -7.075269e-01
   outer loop
     vertex  1.797007e+01  1.488359e+01  1.333333e+00
     vertex  1.781362e+01  1.608338e+01  2.000000e+00
     vertex  1.845481e+01  1.534340e+01  2.000000e+00
   endloop
 endfacet
 facet normal  5.538199e-01  4.324060e-01 -7.115537e-01
   outer loop
     vertex  1.797007e+01  1.488359e+01  1.333333e+00
     vertex  1.906529e+01  1.457788e+01  2.000000e+00
     vertex  1.879769e+01  1.382358e+01  1.333333e+00
   endloop
 endfacet
 facet normal  5.600584e-01  4.372768e-01 -7.036502e-01
   outer loop
     vertex  1.745664e+01  1.445834e+01  6.666667e-01
     vertex  1.826061e+01  1.342862e+01  6.666667e-01
     vertex  1.711679e+01  1.382084e+01  0.000000e+00
   endloop
 endfacet
 facet normal  5.574629e-01  4.352503e-01 -7.069599e-01
   outer loop
     vertex  1.745664e+01  1.445834e+01  6.666667e-01
     vertex  1.879769e+01  1.382358e+01  1.333333e+00
     vertex  1.826061e+01  1.342862e+01  6.666667e-01
   endloop
 endfacet
 facet normal  5.574629e-01  4.352503e-01 -7.069599e-01
   outer loop
     vertex  1.745664e+01  1.445834e+01  6.666667e-01
     vertex  1.797007e+01  1.488359e+01  1.333333e+00
     vertex  1.879769e+01  1.382358e+01  1.333333e+00
   endloop
 endfacet
 facet normal  5.389476e-01  4.544012e-01 -7.092637e-01
   outer loop
     vertex  1.745664e+01  1.445834e+01  6.666667e-01
     vertex  1.711679e+01  1.382084e+01  0.000000e+00
     vertex  1.651479e+01  1.453484e+01  0.000000e+00
   endloop
 endfacet
 facet normal  5.168629e-01  4.861609e-01 -7.046278e-01
   outer loop
     vertex  1.708275e+01  1.589416e+01  1.333333e+00
     vertex  1.714278e+01  1.679658e+01  2.000000e+00
     vertex  1.781362e+01  1.608338e+01  2.000000e+00
   endloop
 endfacet
 facet normal  5.284145e-01  4.639687e-01 -7.109931e-01
   outer loop
     vertex  1.708275e+01  1.589416e+01  1.333333e+00
     vertex  1.781362e+01  1.608338e+01  2.000000e+00
     vertex  1.797007e+01  1.488359e+01  1.333333e+00
   endloop
 endfacet
 facet normal  5.190201e-01  4.767215e-01 -7.094750e-01
   outer loop
     vertex  1.659467e+01  1.544004e+01  6.666667e-01
     vertex  1.651479e+01  1.453484e+01  0.000000e+00
     vertex  1.588303e+01  1.522266e+01  0.000000e+00
   endloop
 endfacet
 facet normal  5.314613e-01  4.666439e-01 -7.069599e-01
   outer loop
     vertex  1.659467e+01  1.544004e+01  6.666667e-01
     vertex  1.797007e+01  1.488359e+01  1.333333e+00
     vertex  1.745664e+01  1.445834e+01  6.666667e-01
   endloop
 endfacet
 facet normal  5.351097e-01  4.698473e-01 -7.020691e-01
   outer loop
     vertex  1.659467e+01  1.544004e+01  6.666667e-01
     vertex  1.745664e+01  1.445834e+01  6.666667e-01
     vertex  1.651479e+01  1.453484e+01  0.000000e+00
   endloop
 endfacet
 facet normal  5.314613e-01  4.666439e-01 -7.069599e-01
   outer loop
     vertex  1.659467e+01  1.544004e+01  6.666667e-01
     vertex  1.708275e+01  1.589416e+01  1.333333e+00
     vertex  1.797007e+01  1.488359e+01  1.333333e+00
   endloop
 endfacet
 facet normal  4.961648e-01  5.063912e-01 -7.052576e-01
   outer loop
     vertex  1.613868e+01  1.685193e+01  1.333333e+00
     vertex  1.644340e+01  1.748184e+01  2.000000e+00
     vertex  1.714278e+01  1.679658e+01  2.000000e+00
   endloop
 endfacet
 facet normal  5.036943e-01  4.964874e-01 -7.069599e-01
   outer loop
     vertex  1.613868e+01  1.685193e+01  1.333333e+00
     vertex  1.708275e+01  1.589416e+01  1.333333e+00
     vertex  1.659467e+01  1.544004e+01  6.666667e-01
   endloop
 endfacet
 facet normal  4.999833e-01  4.928295e-01 -7.121347e-01
   outer loop
     vertex  1.613868e+01  1.685193e+01  1.333333e+00
     vertex  1.714278e+01  1.679658e+01  2.000000e+00
     vertex  1.708275e+01  1.589416e+01  1.333333e+00
   endloop
 endfacet
 facet normal  5.063359e-01  4.990912e-01 -7.032296e-01
   outer loop
     vertex  1.567757e+01  1.637045e+01  6.666667e-01
     vertex  1.659467e+01  1.544004e+01  6.666667e-01
     vertex  1.588303e+01  1.522266e+01  0.000000e+00
   endloop
 endfacet
 facet normal  5.036943e-01  4.964874e-01 -7.069599e-01
   outer loop
     vertex  1.567757e+01  1.637045e+01  6.666667e-01
     vertex  1.613868e+01  1.685193e+01  1.333333e+00
     vertex  1.659467e+01  1.544004e+01  6.666667e-01
   endloop
 endfacet
 facet normal  5.001273e-01  5.001273e-01 -7.069268e-01
   outer loop
     vertex  1.567757e+01  1.637045e+01  6.666667e-01
     vertex  1.588303e+01  1.522266e+01  0.000000e+00
     vertex  1.522266e+01  1.588303e+01  0.000000e+00
   endloop
 endfacet
 facet normal  4.783162e-01  5.207562e-01 -7.071256e-01
   outer loop
     vertex  1.567757e+01  1.637045e+01  6.666667e-01
     vertex  1.522266e+01  1.588303e+01  0.000000e+00
     vertex  1.453484e+01  1.651479e+01  0.000000e+00
   endloop
 endfacet
 facet normal  4.723270e-01  5.231398e-01 -7.093884e-01
   outer loop
     vertex  1.514100e+01  1.775372e+01  1.333333e+00
     vertex  1.571666e+01  1.813799e+01  2.000000e+00
     vertex  1.644340e+01  1.748184e+01  2.000000e+00
   endloop
 endfacet
 facet normal  4.531316e-01  5.450200e-01 -7.054253e-01
   outer loop
     vertex  1.514100e+01  1.775372e+01  1.333333e+00
     vertex  1.496376e+01  1.876396e+01  2.000000e+00
     vertex  1.571666e+01  1.813799e+01  2.000000e+00
   endloop
 endfacet
 facet normal  4.723921e-01  5.226216e-01 -7.097269e-01
   outer loop
     vertex  1.514100e+01  1.775372e+01  1.333333e+00
     vertex  1.644340e+01  1.748184e+01  2.000000e+00
     vertex  1.613868e+01  1.685193e+01  1.333333e+00
   endloop
 endfacet
 facet normal  4.742541e-01  5.246816e-01 -7.069599e-01
   outer loop
     vertex  1.470840e+01  1.724647e+01  6.666667e-01
     vertex  1.514100e+01  1.775372e+01  1.333333e+00
     vertex  1.613868e+01  1.685193e+01  1.333333e+00
   endloop
 endfacet
 facet normal  4.542278e-01  5.387420e-01 -7.095310e-01
   outer loop
     vertex  1.470840e+01  1.724647e+01  6.666667e-01
     vertex  1.453484e+01  1.651479e+01  0.000000e+00
     vertex  1.382084e+01  1.711679e+01  0.000000e+00
   endloop
 endfacet
 facet normal  4.742541e-01  5.246816e-01 -7.069599e-01
   outer loop
     vertex  1.470840e+01  1.724647e+01  6.666667e-01
     vertex  1.613868e+01  1.685193e+01  1.333333e+00
     vertex  1.567757e+01  1.637045e+01  6.666667e-01
   endloop
 endfacet
 facet normal  4.768248e-01  5.275257e-01 -7.031036e-01
   outer loop
     vertex  1.470840e+01  1.724647e+01  6.666667e-01
     vertex  1.567757e+01  1.637045e+01  6.666667e-01
     vertex  1.453484e+01  1.651479e+01  0.000000e+00
   endloop
 endfacet
 facet normal  4.400044e-01  5.471116e-01 -7.120849e-01
   outer loop
     vertex  1.409302e+01  1.859654e+01  1.333333e+00
     vertex  1.496376e+01  1.876396e+01  2.000000e+00
     vertex  1.514100e+01  1.775372e+01  1.333333e+00
   endloop
 endfacet
 facet normal  4.310468e-01  5.637328e-01 -7.045594e-01
   outer loop
     vertex  1.409302e+01  1.859654e+01  1.333333e+00
     vertex  1.418595e+01  1.935869e+01  2.000000e+00
     vertex  1.496376e+01  1.876396e+01  2.000000e+00
   endloop
 endfacet
 facet normal  4.432384e-01  5.511328e-01 -7.069599e-01
   outer loop
     vertex  1.409302e+01  1.859654e+01  1.333333e+00
     vertex  1.514100e+01  1.775372e+01  1.333333e+00
     vertex  1.470840e+01  1.724647e+01  6.666667e-01
   endloop
 endfacet
 facet normal  4.462722e-01  5.549051e-01 -7.020836e-01
   outer loop
     vertex  1.369037e+01  1.806521e+01  6.666667e-01
     vertex  1.470840e+01  1.724647e+01  6.666667e-01
     vertex  1.382084e+01  1.711679e+01  0.000000e+00
   endloop
 endfacet
 facet normal  4.311704e-01  5.578150e-01 -7.091788e-01
   outer loop
     vertex  1.369037e+01  1.806521e+01  6.666667e-01
     vertex  1.382084e+01  1.711679e+01  0.000000e+00
     vertex  1.308193e+01  1.768794e+01  0.000000e+00
   endloop
 endfacet
 facet normal  4.432384e-01  5.511328e-01 -7.069599e-01
   outer loop
     vertex  1.369037e+01  1.806521e+01  6.666667e-01
     vertex  1.409302e+01  1.859654e+01  1.333333e+00
     vertex  1.470840e+01  1.724647e+01  6.666667e-01
   endloop
 endfacet
 facet normal  4.061677e-01  5.786707e-01 -7.072256e-01
   outer loop
     vertex  1.299823e+01  1.937757e+01  1.333333e+00
     vertex  1.338453e+01  1.992121e+01  2.000000e+00
     vertex  1.418595e+01  1.935869e+01  2.000000e+00
   endloop
 endfacet
 facet normal  3.824309e-01  5.950741e-01 -7.068476e-01
   outer loop
     vertex  1.299823e+01  1.937757e+01  1.333333e+00
     vertex  1.256083e+01  2.045056e+01  2.000000e+00
     vertex  1.338453e+01  1.992121e+01  2.000000e+00
   endloop
 endfacet
 facet normal  4.082859e-01  5.722988e-01 -7.111798e-01
   outer loop
     vertex  1.299823e+01  1.937757e+01  1.333333e+00
     vertex  1.418595e+01  1.935869e+01  2.000000e+00
     vertex  1.409302e+01  1.859654e+01  1.333333e+00
   endloop
 endfacet
 facet normal  4.125740e-01  5.783095e-01 -7.038046e-01
   outer loop
     vertex  1.262685e+01  1.882393e+01  6.666667e-01
     vertex  1.369037e+01  1.806521e+01  6.666667e-01
     vertex  1.308193e+01  1.768794e+01  0.000000e+00
   endloop
 endfacet
 facet normal  4.107504e-01  5.757533e-01 -7.069599e-01
   outer loop
     vertex  1.262685e+01  1.882393e+01  6.666667e-01
     vertex  1.409302e+01  1.859654e+01  1.333333e+00
     vertex  1.369037e+01  1.806521e+01  6.666667e-01
   endloop
 endfacet
 facet normal  4.107504e-01  5.757533e-01 -7.069599e-01
   outer loop
     vertex  1.262685e+01  1.882393e+01  6.666667e-01
     vertex  1.299823e+01  1.937757e+01  1.333333e+00
     vertex  1.409302e+01  1.859654e+01  1.333333e+00
   endloop
 endfacet
 facet normal  4.089131e-01  5.781645e-01 -7.060566e-01
   outer loop
     vertex  1.262685e+01  1.882393e+01  6.666667e-01
     vertex  1.308193e+01  1.768794e+01  0.000000e+00
     vertex  1.231945e+01  1.822721e+01  0.000000e+00
   endloop
 endfacet
 facet normal  3.830364e-01  5.934951e-01 -7.078465e-01
   outer loop
     vertex  1.262685e+01  1.882393e+01  6.666667e-01
     vertex  1.231945e+01  1.822721e+01  0.000000e+00
     vertex  1.153476e+01  1.873364e+01  0.000000e+00
   endloop
 endfacet
 facet normal  3.590268e-01  6.122006e-01 -7.044928e-01
   outer loop
     vertex  1.186026e+01  2.009424e+01  1.333333e+00
     vertex  1.171623e+01  2.094588e+01  2.000000e+00
     vertex  1.256083e+01  2.045056e+01  2.000000e+00
   endloop
 endfacet
 facet normal  3.745156e-01  5.946784e-01 -7.114040e-01
   outer loop
     vertex  1.186026e+01  2.009424e+01  1.333333e+00
     vertex  1.256083e+01  2.045056e+01  2.000000e+00
     vertex  1.299823e+01  1.937757e+01  1.333333e+00
   endloop
 endfacet
 facet normal  3.768978e-01  5.984611e-01 -7.069599e-01
   outer loop
     vertex  1.152140e+01  1.952012e+01  6.666667e-01
     vertex  1.299823e+01  1.937757e+01  1.333333e+00
     vertex  1.262685e+01  1.882393e+01  6.666667e-01
   endloop
 endfacet
 facet normal  3.791686e-01  6.020667e-01 -7.026713e-01
   outer loop
     vertex  1.152140e+01  1.952012e+01  6.666667e-01
     vertex  1.262685e+01  1.882393e+01  6.666667e-01
     vertex  1.153476e+01  1.873364e+01  0.000000e+00
   endloop
 endfacet
 facet normal  3.565691e-01  6.076259e-01 -7.096825e-01
   outer loop
     vertex  1.152140e+01  1.952012e+01  6.666667e-01
     vertex  1.153476e+01  1.873364e+01  0.000000e+00
     vertex  1.072929e+01  1.920631e+01  0.000000e+00
   endloop
 endfacet
 facet normal  3.768978e-01  5.984611e-01 -7.069599e-01
   outer loop
     vertex  1.152140e+01  1.952012e+01  6.666667e-01
     vertex  1.186026e+01  2.009424e+01  1.333333e+00
     vertex  1.299823e+01  1.937757e+01  1.333333e+00
   endloop
 endfacet
 facet normal  3.393440e-01  6.147438e-01 -7.119941e-01
   outer loop
     vertex  1.068289e+01  2.074416e+01  1.333333e+00
     vertex  1.171623e+01  2.094588e+01  2.000000e+00
     vertex  1.186026e+01  2.009424e+01  1.333333e+00
   endloop
 endfacet
 facet normal  3.332053e-01  6.252996e-01 -7.056731e-01
   outer loop
     vertex  1.068289e+01  2.074416e+01  1.333333e+00
     vertex  1.085213e+01  2.140634e+01  2.000000e+00
     vertex  1.171623e+01  2.094588e+01  2.000000e+00
   endloop
 endfacet
 facet normal  3.060294e-01  6.354767e-01 -7.088832e-01
   outer loop
     vertex  1.068289e+01  2.074416e+01  1.333333e+00
     vertex  9.969960e+00  2.183117e+01  2.000000e+00
     vertex  1.085213e+01  2.140634e+01  2.000000e+00
   endloop
 endfacet
 facet normal  3.440708e-01  6.233067e-01 -7.022137e-01
   outer loop
     vertex  1.037767e+01  2.015147e+01  6.666667e-01
     vertex  1.152140e+01  1.952012e+01  6.666667e-01
     vertex  1.072929e+01  1.920631e+01  0.000000e+00
   endloop
 endfacet
 facet normal  3.417933e-01  6.191809e-01 -7.069599e-01
   outer loop
     vertex  1.037767e+01  2.015147e+01  6.666667e-01
     vertex  1.186026e+01  2.009424e+01  1.333333e+00
     vertex  1.152140e+01  1.952012e+01  6.666667e-01
   endloop
 endfacet
 facet normal  3.417933e-01  6.191809e-01 -7.069599e-01
   outer loop
     vertex  1.037767e+01  2.015147e+01  6.666667e-01
     vertex  1.068289e+01  2.074416e+01  1.333333e+00
     vertex  1.186026e+01  2.009424e+01  1.333333e+00
   endloop
 endfacet
 facet normal  3.308917e-01  6.230257e-01 -7.087663e-01
   outer loop
     vertex  1.037767e+01  2.015147e+01  6.666667e-01
     vertex  1.072929e+01  1.920631e+01  0.000000e+00
     vertex  9.904482e+00  1.964437e+01  0.000000e+00
   endloop
 endfacet
 facet normal  2.813716e-01  6.509399e-01 -7.050584e-01
   outer loop
     vertex  9.470038e+00  2.132517e+01  1.333333e+00
     vertex  9.071201e+00  2.221966e+01  2.000000e+00
     vertex  9.969960e+00  2.183117e+01  2.000000e+00
   endloop
 endfacet
 facet normal  3.041972e-01  6.350129e-01 -7.100864e-01
   outer loop
     vertex  9.470038e+00  2.132517e+01  1.333333e+00
     vertex  9.969960e+00  2.183117e+01  2.000000e+00
     vertex  1.068289e+01  2.074416e+01  1.333333e+00
   endloop
 endfacet
 facet normal  3.055534e-01  6.378439e-01 -7.069599e-01
   outer loop
     vertex  9.470038e+00  2.132517e+01  1.333333e+00
     vertex  1.068289e+01  2.074416e+01  1.333333e+00
     vertex  1.037767e+01  2.015147e+01  6.666667e-01
   endloop
 endfacet
 facet normal  3.066151e-01  6.400603e-01 -7.044927e-01
   outer loop
     vertex  9.199466e+00  2.071588e+01  6.666667e-01
     vertex  1.037767e+01  2.015147e+01  6.666667e-01
     vertex  9.904482e+00  1.964437e+01  0.000000e+00
   endloop
 endfacet
 facet normal  3.055534e-01  6.378439e-01 -7.069599e-01
   outer loop
     vertex  9.199466e+00  2.071588e+01  6.666667e-01
     vertex  9.470038e+00  2.132517e+01  1.333333e+00
     vertex  1.037767e+01  2.015147e+01  6.666667e-01
   endloop
 endfacet
 facet normal  3.057464e-01  6.398451e-01 -7.050655e-01
   outer loop
     vertex  9.199466e+00  2.071588e+01  6.666667e-01
     vertex  9.904482e+00  1.964437e+01  0.000000e+00
     vertex  9.061827e+00  2.004703e+01  0.000000e+00
   endloop
 endfacet
 facet normal  2.769884e-01  6.491357e-01 -7.084492e-01
   outer loop
     vertex  9.199466e+00  2.071588e+01  6.666667e-01
     vertex  9.061827e+00  2.004703e+01  0.000000e+00
     vertex  8.202843e+00  2.041356e+01  0.000000e+00
   endloop
 endfacet
 facet normal  2.663056e-01  6.495274e-01 -7.121766e-01
   outer loop
     vertex  8.225724e+00  2.183534e+01  1.333333e+00
     vertex  9.071201e+00  2.221966e+01  2.000000e+00
     vertex  9.470038e+00  2.132517e+01  1.333333e+00
   endloop
 endfacet
 facet normal  2.546989e-01  6.621671e-01 -7.047434e-01
   outer loop
     vertex  8.225724e+00  2.183534e+01  1.333333e+00
     vertex  8.157343e+00  2.257117e+01  2.000000e+00
     vertex  9.071201e+00  2.221966e+01  2.000000e+00
   endloop
 endfacet
 facet normal  2.682984e-01  6.543880e-01 -7.069599e-01
   outer loop
     vertex  7.990703e+00  2.121147e+01  6.666667e-01
     vertex  9.470038e+00  2.132517e+01  1.333333e+00
     vertex  9.199466e+00  2.071588e+01  6.666667e-01
   endloop
 endfacet
 facet normal  2.700338e-01  6.586206e-01 -7.023537e-01
   outer loop
     vertex  7.990703e+00  2.121147e+01  6.666667e-01
     vertex  9.199466e+00  2.071588e+01  6.666667e-01
     vertex  8.202843e+00  2.041356e+01  0.000000e+00
   endloop
 endfacet
 facet normal  2.682984e-01  6.543880e-01 -7.069599e-01
   outer loop
     vertex  7.990703e+00  2.121147e+01  6.666667e-01
     vertex  8.225724e+00  2.183534e+01  1.333333e+00
     vertex  9.470038e+00  2.132517e+01  1.333333e+00
   endloop
 endfacet
 facet normal  2.487380e-01  6.591122e-01 -7.097186e-01
   outer loop
     vertex  7.990703e+00  2.121147e+01  6.666667e-01
     vertex  8.202843e+00  2.041356e+01  0.000000e+00
     vertex  7.329075e+00  2.074330e+01  0.000000e+00
   endloop
 endfacet
 facet normal  2.301522e-01  6.687583e-01 -7.069599e-01
   outer loop
     vertex  6.954084e+00  2.227297e+01  1.333333e+00
     vertex  8.225724e+00  2.183534e+01  1.333333e+00
     vertex  7.990703e+00  2.121147e+01  6.666667e-01
   endloop
 endfacet
 facet normal  2.264514e-01  6.689719e-01 -7.079522e-01
   outer loop
     vertex  6.954084e+00  2.227297e+01  1.333333e+00
     vertex  7.229909e+00  2.288511e+01  2.000000e+00
     vertex  8.157343e+00  2.257117e+01  2.000000e+00
   endloop
 endfacet
 facet normal  1.994557e-01  6.792836e-01 -7.062515e-01
   outer loop
     vertex  6.954084e+00  2.227297e+01  1.333333e+00
     vertex  6.290440e+00  2.316097e+01  2.000000e+00
     vertex  7.229909e+00  2.288511e+01  2.000000e+00
   endloop
 endfacet
 facet normal  2.289228e-01  6.651860e-01 -7.107194e-01
   outer loop
     vertex  6.954084e+00  2.227297e+01  1.333333e+00
     vertex  8.157343e+00  2.257117e+01  2.000000e+00
     vertex  8.225724e+00  2.183534e+01  1.333333e+00
   endloop
 endfacet
 facet normal  2.316069e-01  6.729853e-01 -7.024593e-01
   outer loop
     vertex  6.755396e+00  2.163660e+01  6.666667e-01
     vertex  7.990703e+00  2.121147e+01  6.666667e-01
     vertex  7.329075e+00  2.074330e+01  0.000000e+00
   endloop
 endfacet
 facet normal  2.301522e-01  6.687583e-01 -7.069599e-01
   outer loop
     vertex  6.755396e+00  2.163660e+01  6.666667e-01
     vertex  6.954084e+00  2.227297e+01  1.333333e+00
     vertex  7.990703e+00  2.121147e+01  6.666667e-01
   endloop
 endfacet
 facet normal  2.210067e-01  6.704897e-01 -7.082370e-01
   outer loop
     vertex  6.755396e+00  2.163660e+01  6.666667e-01
     vertex  7.329075e+00  2.074330e+01  0.000000e+00
     vertex  6.442101e+00  2.103567e+01  0.000000e+00
   endloop
 endfacet
 facet normal  1.931096e-01  6.819435e-01 -7.054514e-01
   outer loop
     vertex  6.755396e+00  2.163660e+01  6.666667e-01
     vertex  6.442101e+00  2.103567e+01  0.000000e+00
     vertex  5.543517e+00  2.129012e+01  0.000000e+00
   endloop
 endfacet
 facet normal  1.899438e-01  6.762868e-01 -7.117286e-01
   outer loop
     vertex  5.659344e+00  2.263661e+01  1.333333e+00
     vertex  6.290440e+00  2.316097e+01  2.000000e+00
     vertex  6.954084e+00  2.227297e+01  1.333333e+00
   endloop
 endfacet
 facet normal  1.720186e-01  6.885990e-01 -7.044437e-01
   outer loop
     vertex  5.659344e+00  2.263661e+01  1.333333e+00
     vertex  5.340502e+00  2.339827e+01  2.000000e+00
     vertex  6.290440e+00  2.316097e+01  2.000000e+00
   endloop
 endfacet
 facet normal  1.919787e-01  6.835322e-01 -7.042215e-01
   outer loop
     vertex  5.497648e+00  2.198985e+01  6.666667e-01
     vertex  6.755396e+00  2.163660e+01  6.666667e-01
     vertex  5.543517e+00  2.129012e+01  0.000000e+00
   endloop
 endfacet
 facet normal  1.912414e-01  6.809071e-01 -7.069599e-01
   outer loop
     vertex  5.497648e+00  2.198985e+01  6.666667e-01
     vertex  5.659344e+00  2.263661e+01  1.333333e+00
     vertex  6.954084e+00  2.227297e+01  1.333333e+00
   endloop
 endfacet
 facet normal  1.912414e-01  6.809071e-01 -7.069599e-01
   outer loop
     vertex  5.497648e+00  2.198985e+01  6.666667e-01
     vertex  6.954084e+00  2.227297e+01  1.333333e+00
     vertex  6.755396e+00  2.163660e+01  6.666667e-01
   endloop
 endfacet
 facet normal  1.631869e-01  6.861353e-01 -7.089346e-01
   outer loop
     vertex  5.497648e+00  2.198985e+01  6.666667e-01
     vertex  5.543517e+00  2.129012e+01  0.000000e+00
     vertex  4.634944e+00  2.150622e+01  0.000000e+00
   endloop
 endfacet
 facet normal  1.434399e-01  6.933573e-01 -7.061732e-01
   outer loop
     vertex  4.345804e+00  2.292506e+01  1.333333e+00
     vertex  4.381676e+00  2.359663e+01  2.000000e+00
     vertex  5.340502e+00  2.339827e+01  2.000000e+00
   endloop
 endfacet
 facet normal  1.147324e-01  6.967665e-01 -7.080628e-01
   outer loop
     vertex  4.345804e+00  2.292506e+01  1.333333e+00
     vertex  3.415556e+00  2.375571e+01  2.000000e+00
     vertex  4.381676e+00  2.359663e+01  2.000000e+00
   endloop
 endfacet
 facet normal  1.506575e-01  6.860676e-01 -7.117679e-01
   outer loop
     vertex  4.345804e+00  2.292506e+01  1.333333e+00
     vertex  5.340502e+00  2.339827e+01  2.000000e+00
     vertex  5.659344e+00  2.263661e+01  1.333333e+00
   endloop
 endfacet
 facet normal  1.516954e-01  6.907939e-01 -7.069599e-01
   outer loop
     vertex  4.345804e+00  2.292506e+01  1.333333e+00
     vertex  5.659344e+00  2.263661e+01  1.333333e+00
     vertex  5.497648e+00  2.198985e+01  6.666667e-01
   endloop
 endfacet
 facet normal  1.527193e-01  6.954569e-01 -7.021514e-01
   outer loop
     vertex  4.221638e+00  2.227006e+01  6.666667e-01
     vertex  5.497648e+00  2.198985e+01  6.666667e-01
     vertex  4.634944e+00  2.150622e+01  0.000000e+00
   endloop
 endfacet
 facet normal  1.516954e-01  6.907939e-01 -7.069599e-01
   outer loop
     vertex  4.221638e+00  2.227006e+01  6.666667e-01
     vertex  4.345804e+00  2.292506e+01  1.333333e+00
     vertex  5.497648e+00  2.198985e+01  6.666667e-01
   endloop
 endfacet
 facet normal  1.337848e-01  6.917469e-01 -7.096392e-01
   outer loop
     vertex  4.221638e+00  2.227006e+01  6.666667e-01
     vertex  4.634944e+00  2.150622e+01  0.000000e+00
     vertex  3.718018e+00  2.168355e+01  0.000000e+00
   endloop
 endfacet
 facet normal  1.110606e-01  6.947281e-01 -7.106465e-01
   outer loop
     vertex  3.017827e+00  2.313735e+01  1.333333e+00
     vertex  3.415556e+00  2.375571e+01  2.000000e+00
     vertex  4.345804e+00  2.292506e+01  1.333333e+00
   endloop
 endfacet
 facet normal  8.661728e-02  7.041217e-01 -7.047766e-01
   outer loop
     vertex  3.017827e+00  2.313735e+01  1.333333e+00
     vertex  2.443752e+00  2.387526e+01  2.000000e+00
     vertex  3.415556e+00  2.375571e+01  2.000000e+00
   endloop
 endfacet
 facet normal  1.116454e-01  6.983860e-01 -7.069599e-01
   outer loop
     vertex  3.017827e+00  2.313735e+01  1.333333e+00
     vertex  4.345804e+00  2.292506e+01  1.333333e+00
     vertex  4.221638e+00  2.227006e+01  6.666667e-01
   endloop
 endfacet
 facet normal  1.116454e-01  6.983860e-01 -7.069599e-01
   outer loop
     vertex  2.931604e+00  2.247629e+01  6.666667e-01
     vertex  3.017827e+00  2.313735e+01  1.333333e+00
     vertex  4.221638e+00  2.227006e+01  6.666667e-01
   endloop
 endfacet
 facet normal  1.122948e-01  7.024485e-01 -7.028200e-01
   outer loop
     vertex  2.931604e+00  2.247629e+01  6.666667e-01
     vertex  4.221638e+00  2.227006e+01  6.666667e-01
     vertex  3.718018e+00  2.168355e+01  0.000000e+00
   endloop
 endfacet
 facet normal  1.046104e-01  6.988369e-01 -7.075901e-01
   outer loop
     vertex  2.931604e+00  2.247629e+01  6.666667e-01
     vertex  3.718018e+00  2.168355e+01  0.000000e+00
     vertex  2.794392e+00  2.182181e+01  0.000000e+00
   endloop
 endfacet
 facet normal  7.498300e-02  7.038330e-01 -7.063970e-01
   outer loop
     vertex  2.931604e+00  2.247629e+01  6.666667e-01
     vertex  2.794392e+00  2.182181e+01  0.000000e+00
     vertex  1.865730e+00  2.192074e+01  0.000000e+00
   endloop
 endfacet
 facet normal  5.780593e-02  7.068347e-01 -7.050129e-01
   outer loop
     vertex  1.679826e+00  2.327279e+01  1.333333e+00
     vertex  1.467880e+00  2.395507e+01  2.000000e+00
     vertex  2.443752e+00  2.387526e+01  2.000000e+00
   endloop
 endfacet
 facet normal  7.069490e-02  6.984254e-01 -7.121827e-01
   outer loop
     vertex  1.679826e+00  2.327279e+01  1.333333e+00
     vertex  2.443752e+00  2.387526e+01  2.000000e+00
     vertex  3.017827e+00  2.313735e+01  1.333333e+00
   endloop
 endfacet
 facet normal  7.122456e-02  7.036581e-01 -7.069599e-01
   outer loop
     vertex  1.631831e+00  2.260785e+01  6.666667e-01
     vertex  1.679826e+00  2.327279e+01  1.333333e+00
     vertex  3.017827e+00  2.313735e+01  1.333333e+00
   endloop
 endfacet
 facet normal  7.156361e-02  7.070078e-01 -7.035756e-01
   outer loop
     vertex  1.631831e+00  2.260785e+01  6.666667e-01
     vertex  2.931604e+00  2.247629e+01  6.666667e-01
     vertex  1.865730e+00  2.192074e+01  0.000000e+00
   endloop
 endfacet
 facet normal  7.122456e-02  7.036581e-01 -7.069599e-01
   outer loop
     vertex  1.631831e+00  2.260785e+01  6.666667e-01
     vertex  3.017827e+00  2.313735e+01  1.333333e+00
     vertex  2.931604e+00  2.247629e+01  6.666667e-01
   endloop
 endfacet
 facet normal  4.485856e-02  7.034745e-01 -7.093035e-01
   outer loop
     vertex  1.631831e+00  2.260785e+01  6.666667e-01
     vertex  1.865730e+00  2.192074e+01  0.000000e+00
     vertex  9.337065e-01  2.198018e+01  0.000000e+00
   endloop
 endfacet
 facet normal  3.042773e-02  7.033706e-01 -7.101717e-01
   outer loop
     vertex  3.362445e-01  2.333091e+01  1.333333e+00
     vertex  1.467880e+00  2.395507e+01  2.000000e+00
     vertex  1.679826e+00  2.327279e+01  1.333333e+00
   endloop
 endfacet
 facet normal  2.877426e-02  7.048616e-01 -7.087610e-01
   outer loop
     vertex  3.362445e-01  2.333091e+01  1.333333e+00
     vertex  4.895649e-01  2.399501e+01  2.000000e+00
     vertex  1.467880e+00  2.395507e+01  2.000000e+00
   endloop
 endfacet
 facet normal  0.000000e+00  7.084715e-01 -7.057394e-01
   outer loop
     vertex  3.362445e-01  2.333091e+01  1.333333e+00
     vertex -4.895649e-01  2.399501e+01  2.000000e+00
     vertex  4.895649e-01  2.399501e+01  2.000000e+00
   endloop
 endfacet
 facet normal  3.056712e-02  7.065928e-01 -7.069599e-01
   outer loop
     vertex  3.266375e-01  2.266431e+01  6.666667e-01
     vertex  1.679826e+00  2.327279e+01  1.333333e+00
     vertex  1.631831e+00  2.260785e+01  6.666667e-01
   endloop
 endfacet
 facet normal  3.077715e-02  7.114478e-01 -7.020646e-01
   outer loop
     vertex  3.266375e-01  2.266431e+01  6.666667e-01
     vertex  1.631831e+00  2.260785e+01  6.666667e-01
     vertex  9.337065e-01  2.198018e+01  0.000000e+00
   endloop
 endfacet
 facet normal  3.056712e-02  7.065928e-01 -7.069599e-01
   outer loop
     vertex  3.266375e-01  2.266431e+01  6.666667e-01
     vertex  3.362445e-01  2.333091e+01  1.333333e+00
     vertex  1.679826e+00  2.327279e+01  1.333333e+00
   endloop
 endfacet
 facet normal  1.495883e-02  7.046027e-01 -7.094443e-01
   outer loop
     vertex  3.266375e-01  2.266431e+01  6.666667e-01
     vertex  9.337065e-01  2.198018e+01  0.000000e+00
     vertex -2.307780e-14  2.200000e+01  0.000000e+00
   endloop
 endfacet
 facet normal -1.011922e-02  7.021399e-01 -7.119671e-01
   outer loop
     vertex -1.008454e+00  2.331153e+01  1.333333e+00
     vertex -4.895649e-01  2.399501e+01  2.000000e+00
     vertex  3.362445e-01  2.333091e+01  1.333333e+00
   endloop
 endfacet
 facet normal -2.894861e-02  7.091327e-01 -7.044806e-01
   outer loop
     vertex -1.008454e+00  2.331153e+01  1.333333e+00
     vertex -1.467880e+00  2.395507e+01  2.000000e+00
     vertex -4.895649e-01  2.399501e+01  2.000000e+00
   endloop
 endfacet
 facet normal -1.019186e-02  7.071802e-01 -7.069599e-01
   outer loop
     vertex -9.796411e-01  2.264549e+01  6.666667e-01
     vertex  3.362445e-01  2.333091e+01  1.333333e+00
     vertex  3.266375e-01  2.266431e+01  6.666667e-01
   endloop
 endfacet
 facet normal -1.019186e-02  7.071802e-01 -7.069599e-01
   outer loop
     vertex -9.796411e-01  2.264549e+01  6.666667e-01
     vertex -1.008454e+00  2.331153e+01  1.333333e+00
     vertex  3.362445e-01  2.333091e+01  1.333333e+00
   endloop
 endfacet
 facet normal -1.024438e-02  7.108241e-01 -7.032952e-01
   outer loop
     vertex -9.796411e-01  2.264549e+01  6.666667e-01
     vertex  3.266375e-01  2.266431e+01  6.666667e-01
     vertex -2.307780e-14  2.200000e+01  0.000000e+00
   endloop
 endfacet
 facet normal -1.501460e-02  7.072295e-01 -7.068246e-01
   outer loop
     vertex -9.796411e-01  2.264549e+01  6.666667e-01
     vertex -2.307780e-14  2.200000e+01  0.000000e+00
     vertex -9.337065e-01  2.198018e+01  0.000000e+00
   endloop
 endfacet
 facet normal -4.499144e-02  7.055583e-01 -7.072222e-01
   outer loop
     vertex -9.796411e-01  2.264549e+01  6.666667e-01
     vertex -9.337065e-01  2.198018e+01  0.000000e+00
     vertex -1.865730e+00  2.192074e+01  0.000000e+00
   endloop
 endfacet
 facet normal -5.059139e-02  7.009075e-01 -7.114557e-01
   outer loop
     vertex -2.349803e+00  2.321471e+01  1.333333e+00
     vertex -1.467880e+00  2.395507e+01  2.000000e+00
     vertex -1.008454e+00  2.331153e+01  1.333333e+00
   endloop
 endfacet
 facet normal -5.766424e-02  7.051021e-01 -7.067573e-01
   outer loop
     vertex -2.349803e+00  2.321471e+01  1.333333e+00
     vertex -2.443752e+00  2.387526e+01  2.000000e+00
     vertex -1.467880e+00  2.395507e+01  2.000000e+00
   endloop
 endfacet
 facet normal -8.630715e-02  7.016005e-01 -7.073244e-01
   outer loop
     vertex -2.349803e+00  2.321471e+01  1.333333e+00
     vertex -3.415556e+00  2.375571e+01  2.000000e+00
     vertex -2.443752e+00  2.387526e+01  2.000000e+00
   endloop
 endfacet
 facet normal -5.091699e-02  7.054184e-01 -7.069599e-01
   outer loop
     vertex -2.282665e+00  2.255143e+01  6.666667e-01
     vertex -1.008454e+00  2.331153e+01  1.333333e+00
     vertex -9.796411e-01  2.264549e+01  6.666667e-01
   endloop
 endfacet
 facet normal -5.119728e-02  7.093017e-01 -7.030433e-01
   outer loop
     vertex -2.282665e+00  2.255143e+01  6.666667e-01
     vertex -9.796411e-01  2.264549e+01  6.666667e-01
     vertex -1.865730e+00  2.192074e+01  0.000000e+00
   endloop
 endfacet
 facet normal -5.091699e-02  7.054184e-01 -7.069599e-01
   outer loop
     vertex -2.282665e+00  2.255143e+01  6.666667e-01
     vertex -2.349803e+00  2.321471e+01  1.333333e+00
     vertex -1.008454e+00  2.331153e+01  1.333333e+00
   endloop
 endfacet
 facet normal -7.464749e-02  7.006837e-01 -7.095562e-01
   outer loop
     vertex -2.282665e+00  2.255143e+01  6.666667e-01
     vertex -1.865730e+00  2.192074e+01  0.000000e+00
     vertex -2.794392e+00  2.182181e+01  0.000000e+00
   endloop
 endfacet
 facet normal -9.093205e-02  6.971661e-01 -7.111194e-01
   outer loop
     vertex -3.683345e+00  2.304078e+01  1.333333e+00
     vertex -3.415556e+00  2.375571e+01  2.000000e+00
     vertex -2.349803e+00  2.321471e+01  1.333333e+00
   endloop
 endfacet
 facet normal -1.152970e-01  7.001950e-01 -7.045805e-01
   outer loop
     vertex -3.683345e+00  2.304078e+01  1.333333e+00
     vertex -4.381676e+00  2.359663e+01  2.000000e+00
     vertex -3.415556e+00  2.375571e+01  2.000000e+00
   endloop
 endfacet
 facet normal -9.147297e-02  7.013133e-01 -7.069599e-01
   outer loop
     vertex -3.578107e+00  2.238247e+01  6.666667e-01
     vertex -2.349803e+00  2.321471e+01  1.333333e+00
     vertex -2.282665e+00  2.255143e+01  6.666667e-01
   endloop
 endfacet
 facet normal -9.209780e-02  7.061039e-01 -7.020935e-01
   outer loop
     vertex -3.578107e+00  2.238247e+01  6.666667e-01
     vertex -2.282665e+00  2.255143e+01  6.666667e-01
     vertex -2.794392e+00  2.182181e+01  0.000000e+00
   endloop
 endfacet
 facet normal -9.147297e-02  7.013133e-01 -7.069599e-01
   outer loop
     vertex -3.578107e+00  2.238247e+01  6.666667e-01
     vertex -3.683345e+00  2.304078e+01  1.333333e+00
     vertex -2.349803e+00  2.321471e+01  1.333333e+00
   endloop
 endfacet
 facet normal -1.043811e-01  6.973049e-01 -7.091336e-01
   outer loop
     vertex -3.578107e+00  2.238247e+01  6.666667e-01
     vertex -2.794392e+00  2.182181e+01  0.000000e+00
     vertex -3.718018e+00  2.168355e+01  0.000000e+00
   endloop
 endfacet
 facet normal -1.307605e-01  6.897903e-01 -7.121033e-01
   outer loop
     vertex -5.004652e+00  2.279030e+01  1.333333e+00
     vertex -4.381676e+00  2.359663e+01  2.000000e+00
     vertex -3.683345e+00  2.304078e+01  1.333333e+00
   endloop
 endfacet
 facet normal -1.436025e-01  6.941432e-01 -7.053677e-01
   outer loop
     vertex -5.004652e+00  2.279030e+01  1.333333e+00
     vertex -5.340502e+00  2.339827e+01  2.000000e+00
     vertex -4.381676e+00  2.359663e+01  2.000000e+00
   endloop
 endfacet
 facet normal -1.707890e-01  6.836769e-01 -7.095189e-01
   outer loop
     vertex -5.004652e+00  2.279030e+01  1.333333e+00
     vertex -6.290440e+00  2.316097e+01  2.000000e+00
     vertex -5.340502e+00  2.339827e+01  2.000000e+00
   endloop
 endfacet
 facet normal -1.317251e-01  6.948786e-01 -7.069599e-01
   outer loop
     vertex -5.004652e+00  2.279030e+01  1.333333e+00
     vertex -3.683345e+00  2.304078e+01  1.333333e+00
     vertex -3.578107e+00  2.238247e+01  6.666667e-01
   endloop
 endfacet
 facet normal -1.322952e-01  6.978859e-01 -7.038844e-01
   outer loop
     vertex -4.861662e+00  2.213915e+01  6.666667e-01
     vertex -3.578107e+00  2.238247e+01  6.666667e-01
     vertex -3.718018e+00  2.168355e+01  0.000000e+00
   endloop
 endfacet
 facet normal -1.344887e-01  6.953865e-01 -7.059393e-01
   outer loop
     vertex -4.861662e+00  2.213915e+01  6.666667e-01
     vertex -3.718018e+00  2.168355e+01  0.000000e+00
     vertex -4.634944e+00  2.150622e+01  0.000000e+00
   endloop
 endfacet
 facet normal -1.634206e-01  6.871181e-01 -7.079283e-01
   outer loop
     vertex -4.861662e+00  2.213915e+01  6.666667e-01
     vertex -4.634944e+00  2.150622e+01  0.000000e+00
     vertex -5.543517e+00  2.129012e+01  0.000000e+00
   endloop
 endfacet
 facet normal -1.317251e-01  6.948786e-01 -7.069599e-01
   outer loop
     vertex -4.861662e+00  2.213915e+01  6.666667e-01
     vertex -5.004652e+00  2.279030e+01  1.333333e+00
     vertex -3.578107e+00  2.238247e+01  6.666667e-01
   endloop
 endfacet
 facet normal -1.708892e-01  6.835338e-01 -7.096326e-01
   outer loop
     vertex -6.309334e+00  2.246412e+01  1.333333e+00
     vertex -6.290440e+00  2.316097e+01  2.000000e+00
     vertex -5.004652e+00  2.279030e+01  1.333333e+00
   endloop
 endfacet
 facet normal -1.997194e-01  6.801819e-01 -7.053118e-01
   outer loop
     vertex -6.309334e+00  2.246412e+01  1.333333e+00
     vertex -7.229909e+00  2.288511e+01  2.000000e+00
     vertex -6.290440e+00  2.316097e+01  2.000000e+00
   endloop
 endfacet
 facet normal -1.919523e-01  6.778567e-01 -7.096933e-01
   outer loop
     vertex -6.129068e+00  2.182229e+01  6.666667e-01
     vertex -5.543517e+00  2.129012e+01  0.000000e+00
     vertex -6.442101e+00  2.103567e+01  0.000000e+00
   endloop
 endfacet
 facet normal -1.725841e-01  6.903133e-01 -7.026253e-01
   outer loop
     vertex -6.129068e+00  2.182229e+01  6.666667e-01
     vertex -4.861662e+00  2.213915e+01  6.666667e-01
     vertex -5.543517e+00  2.129012e+01  0.000000e+00
   endloop
 endfacet
 facet normal -1.715396e-01  6.861355e-01 -7.069599e-01
   outer loop
     vertex -6.129068e+00  2.182229e+01  6.666667e-01
     vertex -6.309334e+00  2.246412e+01  1.333333e+00
     vertex -5.004652e+00  2.279030e+01  1.333333e+00
   endloop
 endfacet
 facet normal -1.715396e-01  6.861355e-01 -7.069599e-01
   outer loop
     vertex -6.129068e+00  2.182229e+01  6.666667e-01
     vertex -5.004652e+00  2.279030e+01  1.333333e+00
     vertex -4.861662e+00  2.213915e+01  6.666667e-01
   endloop
 endfacet
 facet normal -2.275227e-01  6.721367e-01 -7.046032e-01
   outer loop
     vertex -7.593058e+00  2.206332e+01  1.333333e+00
     vertex -8.157343e+00  2.257117e+01  2.000000e+00
     vertex -7.229909e+00  2.288511e+01  2.000000e+00
   endloop
 endfacet
 facet normal -2.092359e-01  6.701535e-01 -7.121198e-01
   outer loop
     vertex -7.593058e+00  2.206332e+01  1.333333e+00
     vertex -7.229909e+00  2.288511e+01  2.000000e+00
     vertex -6.309334e+00  2.246412e+01  1.333333e+00
   endloop
 endfacet
 facet normal -2.208591e-01  6.700420e-01 -7.087065e-01
   outer loop
     vertex -7.376113e+00  2.143294e+01  6.666667e-01
     vertex -6.442101e+00  2.103567e+01  0.000000e+00
     vertex -7.329075e+00  2.074330e+01  0.000000e+00
   endloop
 endfacet
 facet normal -2.121817e-01  6.795885e-01 -7.022381e-01
   outer loop
     vertex -7.376113e+00  2.143294e+01  6.666667e-01
     vertex -6.129068e+00  2.182229e+01  6.666667e-01
     vertex -6.442101e+00  2.103567e+01  0.000000e+00
   endloop
 endfacet
 facet normal -2.107843e-01  6.751131e-01 -7.069599e-01
   outer loop
     vertex -7.376113e+00  2.143294e+01  6.666667e-01
     vertex -6.309334e+00  2.246412e+01  1.333333e+00
     vertex -6.129068e+00  2.182229e+01  6.666667e-01
   endloop
 endfacet
 facet normal -2.107843e-01  6.751131e-01 -7.069599e-01
   outer loop
     vertex -7.376113e+00  2.143294e+01  6.666667e-01
     vertex -7.593058e+00  2.206332e+01  1.333333e+00
     vertex -6.309334e+00  2.246412e+01  1.333333e+00
   endloop
 endfacet
 facet normal -2.478766e-01  6.579931e-01 -7.110571e-01
   outer loop
     vertex -8.851557e+00  2.158922e+01  1.333333e+00
     vertex -8.157343e+00  2.257117e+01  2.000000e+00
     vertex -7.593058e+00  2.206332e+01  1.333333e+00
   endloop
 endfacet
 facet normal -2.537390e-01  6.596716e-01 -7.074248e-01
   outer loop
     vertex -8.851557e+00  2.158922e+01  1.333333e+00
     vertex -9.071201e+00  2.221966e+01  2.000000e+00
     vertex -8.157343e+00  2.257117e+01  2.000000e+00
   endloop
 endfacet
 facet normal -2.807349e-01  6.494669e-01 -7.066687e-01
   outer loop
     vertex -8.851557e+00  2.158922e+01  1.333333e+00
     vertex -9.969960e+00  2.183117e+01  2.000000e+00
     vertex -9.071201e+00  2.221966e+01  2.000000e+00
   endloop
 endfacet
 facet normal -2.504288e-01  6.635923e-01 -7.049331e-01
   outer loop
     vertex -8.598656e+00  2.097238e+01  6.666667e-01
     vertex -7.329075e+00  2.074330e+01  0.000000e+00
     vertex -8.202843e+00  2.041356e+01  0.000000e+00
   endloop
 endfacet
 facet normal -2.769620e-01  6.490737e-01 -7.085163e-01
   outer loop
     vertex -8.598656e+00  2.097238e+01  6.666667e-01
     vertex -8.202843e+00  2.041356e+01  0.000000e+00
     vertex -9.061827e+00  2.004703e+01  0.000000e+00
   endloop
 endfacet
 facet normal -2.501623e-01  6.640606e-01 -7.045866e-01
   outer loop
     vertex -8.598656e+00  2.097238e+01  6.666667e-01
     vertex -7.376113e+00  2.143294e+01  6.666667e-01
     vertex -7.329075e+00  2.074330e+01  0.000000e+00
   endloop
 endfacet
 facet normal -2.493288e-01  6.618480e-01 -7.069599e-01
   outer loop
     vertex -8.598656e+00  2.097238e+01  6.666667e-01
     vertex -7.593058e+00  2.206332e+01  1.333333e+00
     vertex -7.376113e+00  2.143294e+01  6.666667e-01
   endloop
 endfacet
 facet normal -2.493288e-01  6.618480e-01 -7.069599e-01
   outer loop
     vertex -8.598656e+00  2.097238e+01  6.666667e-01
     vertex -8.851557e+00  2.158922e+01  1.333333e+00
     vertex -7.593058e+00  2.206332e+01  1.333333e+00
   endloop
 endfacet
 facet normal -2.851890e-01  6.422049e-01 -7.115055e-01
   outer loop
     vertex -1.008065e+01  2.104340e+01  1.333333e+00
     vertex -9.969960e+00  2.183117e+01  2.000000e+00
     vertex -8.851557e+00  2.158922e+01  1.333333e+00
   endloop
 endfacet
 facet normal -3.079419e-01  6.394480e-01 -7.044700e-01
   outer loop
     vertex -1.008065e+01  2.104340e+01  1.333333e+00
     vertex -1.085213e+01  2.140634e+01  2.000000e+00
     vertex -9.969960e+00  2.183117e+01  2.000000e+00
   endloop
 endfacet
 facet normal -2.870451e-01  6.463844e-01 -7.069599e-01
   outer loop
     vertex -1.008065e+01  2.104340e+01  1.333333e+00
     vertex -8.851557e+00  2.158922e+01  1.333333e+00
     vertex -8.598656e+00  2.097238e+01  6.666667e-01
   endloop
 endfacet
 facet normal -3.037401e-01  6.356466e-01 -7.097150e-01
   outer loop
     vertex -9.792634e+00  2.044216e+01  6.666667e-01
     vertex -9.061827e+00  2.004703e+01  0.000000e+00
     vertex -9.904482e+00  1.964437e+01  0.000000e+00
   endloop
 endfacet
 facet normal -2.870451e-01  6.463844e-01 -7.069599e-01
   outer loop
     vertex -9.792634e+00  2.044216e+01  6.666667e-01
     vertex -1.008065e+01  2.104340e+01  1.333333e+00
     vertex -8.598656e+00  2.097238e+01  6.666667e-01
   endloop
 endfacet
 facet normal -2.889144e-01  6.505937e-01 -7.023221e-01
   outer loop
     vertex -9.792634e+00  2.044216e+01  6.666667e-01
     vertex -8.598656e+00  2.097238e+01  6.666667e-01
     vertex -9.061827e+00  2.004703e+01  0.000000e+00
   endloop
 endfacet
 facet normal -3.215133e-01  6.243181e-01 -7.119383e-01
   outer loop
     vertex -1.127626e+01  2.042769e+01  1.333333e+00
     vertex -1.085213e+01  2.140634e+01  2.000000e+00
     vertex -1.008065e+01  2.104340e+01  1.333333e+00
   endloop
 endfacet
 facet normal -3.331424e-01  6.251816e-01 -7.058074e-01
   outer loop
     vertex -1.127626e+01  2.042769e+01  1.333333e+00
     vertex -1.171623e+01  2.094588e+01  2.000000e+00
     vertex -1.085213e+01  2.140634e+01  2.000000e+00
   endloop
 endfacet
 facet normal -3.569318e-01  6.086283e-01 -7.086405e-01
   outer loop
     vertex -1.127626e+01  2.042769e+01  1.333333e+00
     vertex -1.256083e+01  2.045056e+01  2.000000e+00
     vertex -1.171623e+01  2.094588e+01  2.000000e+00
   endloop
 endfacet
 facet normal -3.311760e-01  6.235609e-01 -7.081626e-01
   outer loop
     vertex -1.095408e+01  1.984404e+01  6.666667e-01
     vertex -9.904482e+00  1.964437e+01  0.000000e+00
     vertex -1.072929e+01  1.920631e+01  0.000000e+00
   endloop
 endfacet
 facet normal -3.586504e-01  6.111727e-01 -7.055762e-01
   outer loop
     vertex -1.095408e+01  1.984404e+01  6.666667e-01
     vertex -1.072929e+01  1.920631e+01  0.000000e+00
     vertex -1.153476e+01  1.873364e+01  0.000000e+00
   endloop
 endfacet
 facet normal -3.238078e-01  6.287736e-01 -7.069599e-01
   outer loop
     vertex -1.095408e+01  1.984404e+01  6.666667e-01
     vertex -1.127626e+01  2.042769e+01  1.333333e+00
     vertex -1.008065e+01  2.104340e+01  1.333333e+00
   endloop
 endfacet
 facet normal -3.258370e-01  6.327138e-01 -7.024981e-01
   outer loop
     vertex -1.095408e+01  1.984404e+01  6.666667e-01
     vertex -9.792634e+00  2.044216e+01  6.666667e-01
     vertex -9.904482e+00  1.964437e+01  0.000000e+00
   endloop
 endfacet
 facet normal -3.238078e-01  6.287736e-01 -7.069599e-01
   outer loop
     vertex -1.095408e+01  1.984404e+01  6.666667e-01
     vertex -1.008065e+01  2.104340e+01  1.333333e+00
     vertex -9.792634e+00  2.044216e+01  6.666667e-01
   endloop
 endfacet
 facet normal -3.578127e-01  6.062239e-01 -7.102553e-01
   outer loop
     vertex -1.243441e+01  1.974411e+01  1.333333e+00
     vertex -1.256083e+01  2.045056e+01  2.000000e+00
     vertex -1.127626e+01  2.042769e+01  1.333333e+00
   endloop
 endfacet
 facet normal -3.834430e-01  5.966489e-01 -7.049692e-01
   outer loop
     vertex -1.243441e+01  1.974411e+01  1.333333e+00
     vertex -1.338453e+01  1.992121e+01  2.000000e+00
     vertex -1.256083e+01  2.045056e+01  2.000000e+00
   endloop
 endfacet
 facet normal -3.824156e-01  5.925332e-01 -7.089871e-01
   outer loop
     vertex -1.207914e+01  1.917999e+01  6.666667e-01
     vertex -1.153476e+01  1.873364e+01  0.000000e+00
     vertex -1.231945e+01  1.822721e+01  0.000000e+00
   endloop
 endfacet
 facet normal -3.594949e-01  6.090740e-01 -7.069599e-01
   outer loop
     vertex -1.207914e+01  1.917999e+01  6.666667e-01
     vertex -1.127626e+01  2.042769e+01  1.333333e+00
     vertex -1.095408e+01  1.984404e+01  6.666667e-01
   endloop
 endfacet
 facet normal -3.594949e-01  6.090740e-01 -7.069599e-01
   outer loop
     vertex -1.207914e+01  1.917999e+01  6.666667e-01
     vertex -1.243441e+01  1.974411e+01  1.333333e+00
     vertex -1.127626e+01  2.042769e+01  1.333333e+00
   endloop
 endfacet
 facet normal -3.609247e-01  6.114964e-01 -7.041346e-01
   outer loop
     vertex -1.207914e+01  1.917999e+01  6.666667e-01
     vertex -1.095408e+01  1.984404e+01  6.666667e-01
     vertex -1.153476e+01  1.873364e+01  0.000000e+00
   endloop
 endfacet
 facet normal -3.910554e-01  5.829797e-01 -7.121870e-01
   outer loop
     vertex -1.355126e+01  1.899494e+01  1.333333e+00
     vertex -1.338453e+01  1.992121e+01  2.000000e+00
     vertex -1.243441e+01  1.974411e+01  1.333333e+00
   endloop
 endfacet
 facet normal -4.075503e-01  5.806404e-01 -7.048117e-01
   outer loop
     vertex -1.355126e+01  1.899494e+01  1.333333e+00
     vertex -1.418595e+01  1.935869e+01  2.000000e+00
     vertex -1.338453e+01  1.992121e+01  2.000000e+00
   endloop
 endfacet
 facet normal -4.068505e-01  5.752482e-01 -7.096212e-01
   outer loop
     vertex -1.316408e+01  1.845223e+01  6.666667e-01
     vertex -1.231945e+01  1.822721e+01  0.000000e+00
     vertex -1.308193e+01  1.768794e+01  0.000000e+00
   endloop
 endfacet
 facet normal -3.966566e-01  5.913299e-01 -7.021342e-01
   outer loop
     vertex -1.316408e+01  1.845223e+01  6.666667e-01
     vertex -1.207914e+01  1.917999e+01  6.666667e-01
     vertex -1.231945e+01  1.822721e+01  0.000000e+00
   endloop
 endfacet
 facet normal -3.939877e-01  5.873511e-01 -7.069599e-01
   outer loop
     vertex -1.316408e+01  1.845223e+01  6.666667e-01
     vertex -1.243441e+01  1.974411e+01  1.333333e+00
     vertex -1.207914e+01  1.917999e+01  6.666667e-01
   endloop
 endfacet
 facet normal -3.939877e-01  5.873511e-01 -7.069599e-01
   outer loop
     vertex -1.316408e+01  1.845223e+01  6.666667e-01
     vertex -1.355126e+01  1.899494e+01  1.333333e+00
     vertex -1.243441e+01  1.974411e+01  1.333333e+00
   endloop
 endfacet
 facet normal -4.249800e-01  5.607849e-01 -7.105718e-01
   outer loop
     vertex -1.462308e+01  1.818268e+01  1.333333e+00
     vertex -1.418595e+01  1.935869e+01  2.000000e+00
     vertex -1.355126e+01  1.899494e+01  1.333333e+00
   endloop
 endfacet
 facet normal -4.288552e-01  5.608667e-01 -7.081750e-01
   outer loop
     vertex -1.462308e+01  1.818268e+01  1.333333e+00
     vertex -1.496376e+01  1.876396e+01  2.000000e+00
     vertex -1.418595e+01  1.935869e+01  2.000000e+00
   endloop
 endfacet
 facet normal -4.527041e-01  5.445058e-01 -7.060966e-01
   outer loop
     vertex -1.462308e+01  1.818268e+01  1.333333e+00
     vertex -1.571666e+01  1.813799e+01  2.000000e+00
     vertex -1.496376e+01  1.876396e+01  2.000000e+00
   endloop
 endfacet
 facet normal -4.296250e-01  5.669142e-01 -7.028731e-01
   outer loop
     vertex -1.420528e+01  1.766317e+01  6.666667e-01
     vertex -1.316408e+01  1.845223e+01  6.666667e-01
     vertex -1.308193e+01  1.768794e+01  0.000000e+00
   endloop
 endfacet
 facet normal -4.322001e-01  5.591471e-01 -7.075009e-01
   outer loop
     vertex -1.420528e+01  1.766317e+01  6.666667e-01
     vertex -1.308193e+01  1.768794e+01  0.000000e+00
     vertex -1.382084e+01  1.711679e+01  0.000000e+00
   endloop
 endfacet
 facet normal -4.561823e-01  5.410601e-01 -7.065067e-01
   outer loop
     vertex -1.420528e+01  1.766317e+01  6.666667e-01
     vertex -1.382084e+01  1.711679e+01  0.000000e+00
     vertex -1.453484e+01  1.651479e+01  0.000000e+00
   endloop
 endfacet
 facet normal -4.271718e-01  5.636772e-01 -7.069599e-01
   outer loop
     vertex -1.420528e+01  1.766317e+01  6.666667e-01
     vertex -1.462308e+01  1.818268e+01  1.333333e+00
     vertex -1.355126e+01  1.899494e+01  1.333333e+00
   endloop
 endfacet
 facet normal -4.271718e-01  5.636772e-01 -7.069599e-01
   outer loop
     vertex -1.420528e+01  1.766317e+01  6.666667e-01
     vertex -1.355126e+01  1.899494e+01  1.333333e+00
     vertex -1.316408e+01  1.845223e+01  6.666667e-01
   endloop
 endfacet
 facet normal -4.756378e-01  5.268067e-01 -7.044455e-01
   outer loop
     vertex -1.564634e+01  1.731001e+01  1.333333e+00
     vertex -1.644340e+01  1.748184e+01  2.000000e+00
     vertex -1.571666e+01  1.813799e+01  2.000000e+00
   endloop
 endfacet
 facet normal -4.557722e-01  5.344199e-01 -7.118055e-01
   outer loop
     vertex -1.564634e+01  1.731001e+01  1.333333e+00
     vertex -1.571666e+01  1.813799e+01  2.000000e+00
     vertex -1.462308e+01  1.818268e+01  1.333333e+00
   endloop
 endfacet
 facet normal -4.768125e-01  5.191191e-01 -7.093414e-01
   outer loop
     vertex -1.519930e+01  1.681544e+01  6.666667e-01
     vertex -1.453484e+01  1.651479e+01  0.000000e+00
     vertex -1.522266e+01  1.588303e+01  0.000000e+00
   endloop
 endfacet
 facet normal -4.589369e-01  5.381307e-01 -7.069599e-01
   outer loop
     vertex -1.519930e+01  1.681544e+01  6.666667e-01
     vertex -1.462308e+01  1.818268e+01  1.333333e+00
     vertex -1.420528e+01  1.766317e+01  6.666667e-01
   endloop
 endfacet
 facet normal -4.589369e-01  5.381307e-01 -7.069599e-01
   outer loop
     vertex -1.519930e+01  1.681544e+01  6.666667e-01
     vertex -1.564634e+01  1.731001e+01  1.333333e+00
     vertex -1.462308e+01  1.818268e+01  1.333333e+00
   endloop
 endfacet
 facet normal -4.611683e-01  5.407472e-01 -7.035029e-01
   outer loop
     vertex -1.519930e+01  1.681544e+01  6.666667e-01
     vertex -1.420528e+01  1.766317e+01  6.666667e-01
     vertex -1.453484e+01  1.651479e+01  0.000000e+00
   endloop
 endfacet
 facet normal -4.954160e-01  5.056270e-01 -7.063315e-01
   outer loop
     vertex -1.661761e+01  1.637985e+01  1.333333e+00
     vertex -1.714278e+01  1.679658e+01  2.000000e+00
     vertex -1.644340e+01  1.748184e+01  2.000000e+00
   endloop
 endfacet
 facet normal -5.145264e-01  4.839631e-01 -7.078434e-01
   outer loop
     vertex -1.661761e+01  1.637985e+01  1.333333e+00
     vertex -1.781362e+01  1.608338e+01  2.000000e+00
     vertex -1.714278e+01  1.679658e+01  2.000000e+00
   endloop
 endfacet
 facet normal -4.858869e-01  5.073607e-01 -7.116875e-01
   outer loop
     vertex -1.661761e+01  1.637985e+01  1.333333e+00
     vertex -1.644340e+01  1.748184e+01  2.000000e+00
     vertex -1.564634e+01  1.731001e+01  1.333333e+00
   endloop
 endfacet
 facet normal -4.983648e-01  4.983648e-01 -7.094118e-01
   outer loop
     vertex -1.614282e+01  1.591185e+01  6.666667e-01
     vertex -1.522266e+01  1.588303e+01  0.000000e+00
     vertex -1.588303e+01  1.522266e+01  0.000000e+00
   endloop
 endfacet
 facet normal -4.891774e-01  5.107966e-01 -7.069599e-01
   outer loop
     vertex -1.614282e+01  1.591185e+01  6.666667e-01
     vertex -1.564634e+01  1.731001e+01  1.333333e+00
     vertex -1.519930e+01  1.681544e+01  6.666667e-01
   endloop
 endfacet
 facet normal -4.925404e-01  5.143083e-01 -7.020619e-01
   outer loop
     vertex -1.614282e+01  1.591185e+01  6.666667e-01
     vertex -1.519930e+01  1.681544e+01  6.666667e-01
     vertex -1.522266e+01  1.588303e+01  0.000000e+00
   endloop
 endfacet
 facet normal -4.891774e-01  5.107966e-01 -7.069599e-01
   outer loop
     vertex -1.614282e+01  1.591185e+01  6.666667e-01
     vertex -1.661761e+01  1.637985e+01  1.333333e+00
     vertex -1.564634e+01  1.731001e+01  1.333333e+00
   endloop
 endfacet
 facet normal -5.361995e-01  4.646195e-01 -7.047119e-01
   outer loop
     vertex -1.753369e+01  1.539527e+01  1.333333e+00
     vertex -1.845481e+01  1.534340e+01  2.000000e+00
     vertex -1.781362e+01  1.608338e+01  2.000000e+00
   endloop
 endfacet
 facet normal -5.149744e-01  4.791433e-01 -7.107905e-01
   outer loop
     vertex -1.753369e+01  1.539527e+01  1.333333e+00
     vertex -1.781362e+01  1.608338e+01  2.000000e+00
     vertex -1.661761e+01  1.637985e+01  1.333333e+00
   endloop
 endfacet
 facet normal -5.204120e-01  4.842027e-01 -7.033627e-01
   outer loop
     vertex -1.703273e+01  1.495540e+01  6.666667e-01
     vertex -1.614282e+01  1.591185e+01  6.666667e-01
     vertex -1.588303e+01  1.522266e+01  0.000000e+00
   endloop
 endfacet
 facet normal -5.177929e-01  4.817658e-01 -7.069599e-01
   outer loop
     vertex -1.703273e+01  1.495540e+01  6.666667e-01
     vertex -1.753369e+01  1.539527e+01  1.333333e+00
     vertex -1.661761e+01  1.637985e+01  1.333333e+00
   endloop
 endfacet
 facet normal -5.210544e-01  4.785901e-01 -7.067205e-01
   outer loop
     vertex -1.703273e+01  1.495540e+01  6.666667e-01
     vertex -1.588303e+01  1.522266e+01  0.000000e+00
     vertex -1.651479e+01  1.453484e+01  0.000000e+00
   endloop
 endfacet
 facet normal -5.404410e-01  4.556603e-01 -7.073170e-01
   outer loop
     vertex -1.703273e+01  1.495540e+01  6.666667e-01
     vertex -1.651479e+01  1.453484e+01  0.000000e+00
     vertex -1.711679e+01  1.382084e+01  0.000000e+00
   endloop
 endfacet
 facet normal -5.177929e-01  4.817658e-01 -7.069599e-01
   outer loop
     vertex -1.703273e+01  1.495540e+01  6.666667e-01
     vertex -1.661761e+01  1.637985e+01  1.333333e+00
     vertex -1.614282e+01  1.591185e+01  6.666667e-01
   endloop
 endfacet
 facet normal -5.406487e-01  4.477887e-01 -7.121687e-01
   outer loop
     vertex -1.839152e+01  1.435955e+01  1.333333e+00
     vertex -1.845481e+01  1.534340e+01  2.000000e+00
     vertex -1.753369e+01  1.539527e+01  1.333333e+00
   endloop
 endfacet
 facet normal -5.543985e-01  4.421181e-01 -7.051056e-01
   outer loop
     vertex -1.839152e+01  1.435955e+01  1.333333e+00
     vertex -1.906529e+01  1.457788e+01  2.000000e+00
     vertex -1.845481e+01  1.534340e+01  2.000000e+00
   endloop
 endfacet
 facet normal -5.574957e-01  4.309237e-01 -7.095797e-01
   outer loop
     vertex -1.786605e+01  1.394927e+01  6.666667e-01
     vertex -1.711679e+01  1.382084e+01  0.000000e+00
     vertex -1.768794e+01  1.308193e+01  0.000000e+00
   endloop
 endfacet
 facet normal -5.446883e-01  4.511345e-01 -7.069599e-01
   outer loop
     vertex -1.786605e+01  1.394927e+01  6.666667e-01
     vertex -1.839152e+01  1.435955e+01  1.333333e+00
     vertex -1.753369e+01  1.539527e+01  1.333333e+00
   endloop
 endfacet
 facet normal -5.477314e-01  4.536549e-01 -7.029848e-01
   outer loop
     vertex -1.786605e+01  1.394927e+01  6.666667e-01
     vertex -1.703273e+01  1.495540e+01  6.666667e-01
     vertex -1.711679e+01  1.382084e+01  0.000000e+00
   endloop
 endfacet
 facet normal -5.446883e-01  4.511345e-01 -7.069599e-01
   outer loop
     vertex -1.786605e+01  1.394927e+01  6.666667e-01
     vertex -1.753369e+01  1.539527e+01  1.333333e+00
     vertex -1.703273e+01  1.495540e+01  6.666667e-01
   endloop
 endfacet
 facet normal -5.673163e-01  4.171970e-01 -7.099992e-01
   outer loop
     vertex -1.918825e+01  1.327612e+01  1.333333e+00
     vertex -1.906529e+01  1.457788e+01  2.000000e+00
     vertex -1.839152e+01  1.435955e+01  1.333333e+00
   endloop
 endfacet
 facet normal -5.688240e-01  4.168313e-01 -7.090070e-01
   outer loop
     vertex -1.918825e+01  1.327612e+01  1.333333e+00
     vertex -1.964404e+01  1.378811e+01  2.000000e+00
     vertex -1.906529e+01  1.457788e+01  2.000000e+00
   endloop
 endfacet
 facet normal -5.881751e-01  3.951792e-01 -7.056086e-01
   outer loop
     vertex -1.918825e+01  1.327612e+01  1.333333e+00
     vertex -2.019008e+01  1.297538e+01  2.000000e+00
     vertex -1.964404e+01  1.378811e+01  2.000000e+00
   endloop
 endfacet
 facet normal -5.697744e-01  4.190046e-01 -7.069599e-01
   outer loop
     vertex -1.864002e+01  1.289681e+01  6.666667e-01
     vertex -1.839152e+01  1.435955e+01  1.333333e+00
     vertex -1.786605e+01  1.394927e+01  6.666667e-01
   endloop
 endfacet
 facet normal -5.756874e-01  4.071611e-01 -7.090866e-01
   outer loop
     vertex -1.864002e+01  1.289681e+01  6.666667e-01
     vertex -1.768794e+01  1.308193e+01  0.000000e+00
     vertex -1.822721e+01  1.231945e+01  0.000000e+00
   endloop
 endfacet
 facet normal -5.736571e-01  4.218599e-01 -7.021053e-01
   outer loop
     vertex -1.864002e+01  1.289681e+01  6.666667e-01
     vertex -1.786605e+01  1.394927e+01  6.666667e-01
     vertex -1.768794e+01  1.308193e+01  0.000000e+00
   endloop
 endfacet
 facet normal -5.697744e-01  4.190046e-01 -7.069599e-01
   outer loop
     vertex -1.864002e+01  1.289681e+01  6.666667e-01
     vertex -1.918825e+01  1.327612e+01  1.333333e+00
     vertex -1.839152e+01  1.435955e+01  1.333333e+00
   endloop
 endfacet
 facet normal -5.886969e-01  3.827064e-01 -7.120195e-01
   outer loop
     vertex -1.992124e+01  1.214860e+01  1.333333e+00
     vertex -2.019008e+01  1.297538e+01  2.000000e+00
     vertex -1.918825e+01  1.327612e+01  1.333333e+00
   endloop
 endfacet
 facet normal -6.047378e-01  3.714328e-01 -7.045069e-01
   outer loop
     vertex -1.992124e+01  1.214860e+01  1.333333e+00
     vertex -2.070253e+01  1.214106e+01  2.000000e+00
     vertex -2.019008e+01  1.297538e+01  2.000000e+00
   endloop
 endfacet
 facet normal -5.951963e-01  3.841344e-01 -7.058202e-01
   outer loop
     vertex -1.935207e+01  1.180150e+01  6.666667e-01
     vertex -1.822721e+01  1.231945e+01  0.000000e+00
     vertex -1.873364e+01  1.153476e+01  0.000000e+00
   endloop
 endfacet
 facet normal -6.090770e-01  3.574206e-01 -7.080082e-01
   outer loop
     vertex -1.935207e+01  1.180150e+01  6.666667e-01
     vertex -1.873364e+01  1.153476e+01  0.000000e+00
     vertex -1.920631e+01  1.072929e+01  0.000000e+00
   endloop
 endfacet
 facet normal -5.929677e-01  3.854828e-01 -7.069599e-01
   outer loop
     vertex -1.935207e+01  1.180150e+01  6.666667e-01
     vertex -1.918825e+01  1.327612e+01  1.333333e+00
     vertex -1.864002e+01  1.289681e+01  6.666667e-01
   endloop
 endfacet
 facet normal -5.954662e-01  3.871071e-01 -7.039660e-01
   outer loop
     vertex -1.935207e+01  1.180150e+01  6.666667e-01
     vertex -1.864002e+01  1.289681e+01  6.666667e-01
     vertex -1.822721e+01  1.231945e+01  0.000000e+00
   endloop
 endfacet
 facet normal -5.929677e-01  3.854828e-01 -7.069599e-01
   outer loop
     vertex -1.935207e+01  1.180150e+01  6.666667e-01
     vertex -1.992124e+01  1.214860e+01  1.333333e+00
     vertex -1.918825e+01  1.327612e+01  1.333333e+00
   endloop
 endfacet
 facet normal -6.103560e-01  3.484908e-01 -7.113506e-01
   outer loop
     vertex -2.058806e+01  1.098072e+01  1.333333e+00
     vertex -2.070253e+01  1.214106e+01  2.000000e+00
     vertex -1.992124e+01  1.214860e+01  1.333333e+00
   endloop
 endfacet
 facet normal -6.172699e-01  3.452743e-01 -7.069395e-01
   outer loop
     vertex -2.058806e+01  1.098072e+01  1.333333e+00
     vertex -2.118052e+01  1.128653e+01  2.000000e+00
     vertex -2.070253e+01  1.214106e+01  2.000000e+00
   endloop
 endfacet
 facet normal -6.306709e-01  3.197240e-01 -7.071286e-01
   outer loop
     vertex -2.058806e+01  1.098072e+01  1.333333e+00
     vertex -2.162325e+01  1.041321e+01  2.000000e+00
     vertex -2.118052e+01  1.128653e+01  2.000000e+00
   endloop
 endfacet
 facet normal -6.221940e-01  3.304500e-01 -7.097024e-01
   outer loop
     vertex -1.999983e+01  1.066698e+01  6.666667e-01
     vertex -1.920631e+01  1.072929e+01  0.000000e+00
     vertex -1.964437e+01  9.904482e+00  0.000000e+00
   endloop
 endfacet
 facet normal -6.179689e-01  3.528374e-01 -7.025811e-01
   outer loop
     vertex -1.999983e+01  1.066698e+01  6.666667e-01
     vertex -1.935207e+01  1.180150e+01  6.666667e-01
     vertex -1.920631e+01  1.072929e+01  0.000000e+00
   endloop
 endfacet
 facet normal -6.141912e-01  3.506805e-01 -7.069599e-01
   outer loop
     vertex -1.999983e+01  1.066698e+01  6.666667e-01
     vertex -2.058806e+01  1.098072e+01  1.333333e+00
     vertex -1.992124e+01  1.214860e+01  1.333333e+00
   endloop
 endfacet
 facet normal -6.141912e-01  3.506805e-01 -7.069599e-01
   outer loop
     vertex -1.999983e+01  1.066698e+01  6.666667e-01
     vertex -1.992124e+01  1.214860e+01  1.333333e+00
     vertex -1.935207e+01  1.180150e+01  6.666667e-01
   endloop
 endfacet
 facet normal -6.455332e-01  2.948051e-01 -7.045402e-01
   outer loop
     vertex -2.118649e+01  9.776361e+00  1.333333e+00
     vertex -2.203000e+01  9.522562e+00  2.000000e+00
     vertex -2.162325e+01  1.041321e+01  2.000000e+00
   endloop
 endfacet
 facet normal -6.295211e-01  3.127986e-01 -7.112385e-01
   outer loop
     vertex -2.118649e+01  9.776361e+00  1.333333e+00
     vertex -2.162325e+01  1.041321e+01  2.000000e+00
     vertex -2.058806e+01  1.098072e+01  1.333333e+00
   endloop
 endfacet
 facet normal -6.366177e-01  3.042042e-01 -7.086450e-01
   outer loop
     vertex -2.058116e+01  9.497036e+00  6.666667e-01
     vertex -1.964437e+01  9.904482e+00  0.000000e+00
     vertex -2.004703e+01  9.061827e+00  0.000000e+00
   endloop
 endfacet
 facet normal -6.333745e-01  3.147133e-01 -7.069599e-01
   outer loop
     vertex -2.058116e+01  9.497036e+00  6.666667e-01
     vertex -2.118649e+01  9.776361e+00  1.333333e+00
     vertex -2.058806e+01  1.098072e+01  1.333333e+00
   endloop
 endfacet
 facet normal -6.333745e-01  3.147133e-01 -7.069599e-01
   outer loop
     vertex -2.058116e+01  9.497036e+00  6.666667e-01
     vertex -2.058806e+01  1.098072e+01  1.333333e+00
     vertex -1.999983e+01  1.066698e+01  6.666667e-01
   endloop
 endfacet
 facet normal -6.375501e-01  3.167881e-01 -7.022643e-01
   outer loop
     vertex -2.058116e+01  9.497036e+00  6.666667e-01
     vertex -1.999983e+01  1.066698e+01  6.666667e-01
     vertex -1.964437e+01  9.904482e+00  0.000000e+00
   endloop
 endfacet
 facet normal -6.457266e-01  2.756824e-01 -7.120649e-01
   outer loop
     vertex -2.171453e+01  8.539527e+00  1.333333e+00
     vertex -2.203000e+01  9.522562e+00  2.000000e+00
     vertex -2.118649e+01  9.776361e+00  1.333333e+00
   endloop
 endfacet
 facet normal -6.561514e-01  2.678745e-01 -7.054847e-01
   outer loop
     vertex -2.171453e+01  8.539527e+00  1.333333e+00
     vertex -2.240008e+01  8.616065e+00  2.000000e+00
     vertex -2.203000e+01  9.522562e+00  2.000000e+00
   endloop
 endfacet
 facet normal -6.629786e-01  2.396041e-01 -7.092596e-01
   outer loop
     vertex -2.171453e+01  8.539527e+00  1.333333e+00
     vertex -2.273287e+01  7.695227e+00  2.000000e+00
     vertex -2.240008e+01  8.616065e+00  2.000000e+00
   endloop
 endfacet
 facet normal -6.524887e-01  2.784192e-01 -7.047987e-01
   outer loop
     vertex -2.109412e+01  8.295541e+00  6.666667e-01
     vertex -2.004703e+01  9.061827e+00  0.000000e+00
     vertex -2.041356e+01  8.202843e+00  0.000000e+00
   endloop
 endfacet
 facet normal -6.601822e-01  2.491418e-01 -7.085815e-01
   outer loop
     vertex -2.109412e+01  8.295541e+00  6.666667e-01
     vertex -2.041356e+01  8.202843e+00  0.000000e+00
     vertex -2.074330e+01  7.329075e+00  0.000000e+00
   endloop
 endfacet
 facet normal -6.504538e-01  2.777006e-01 -7.069599e-01
   outer loop
     vertex -2.109412e+01  8.295541e+00  6.666667e-01
     vertex -2.171453e+01  8.539527e+00  1.333333e+00
     vertex -2.118649e+01  9.776361e+00  1.333333e+00
   endloop
 endfacet
 facet normal -6.504538e-01  2.777006e-01 -7.069599e-01
   outer loop
     vertex -2.109412e+01  8.295541e+00  6.666667e-01
     vertex -2.118649e+01  9.776361e+00  1.333333e+00
     vertex -2.058116e+01  9.497036e+00  6.666667e-01
   endloop
 endfacet
 facet normal -6.525408e-01  2.785916e-01 -7.046823e-01
   outer loop
     vertex -2.109412e+01  8.295541e+00  6.666667e-01
     vertex -2.058116e+01  9.497036e+00  6.666667e-01
     vertex -2.004703e+01  9.061827e+00  0.000000e+00
   endloop
 endfacet
 facet normal -6.626722e-01  2.387925e-01 -7.098195e-01
   outer loop
     vertex -2.217044e+01  7.274326e+00  1.333333e+00
     vertex -2.273287e+01  7.695227e+00  2.000000e+00
     vertex -2.171453e+01  8.539527e+00  1.333333e+00
   endloop
 endfacet
 facet normal -6.760675e-01  2.135845e-01 -7.052052e-01
   outer loop
     vertex -2.217044e+01  7.274326e+00  1.333333e+00
     vertex -2.302783e+01  6.761581e+00  2.000000e+00
     vertex -2.273287e+01  7.695227e+00  2.000000e+00
   endloop
 endfacet
 facet normal -6.690837e-01  2.205432e-01 -7.097096e-01
   outer loop
     vertex -2.153700e+01  7.066488e+00  6.666667e-01
     vertex -2.074330e+01  7.329075e+00  0.000000e+00
     vertex -2.103567e+01  6.442101e+00  0.000000e+00
   endloop
 endfacet
 facet normal -6.653723e-01  2.397654e-01 -7.069599e-01
   outer loop
     vertex -2.153700e+01  7.066488e+00  6.666667e-01
     vertex -2.171453e+01  8.539527e+00  1.333333e+00
     vertex -2.109412e+01  8.295541e+00  6.666667e-01
   endloop
 endfacet
 facet normal -6.697329e-01  2.413367e-01 -7.022923e-01
   outer loop
     vertex -2.153700e+01  7.066488e+00  6.666667e-01
     vertex -2.109412e+01  8.295541e+00  6.666667e-01
     vertex -2.074330e+01  7.329075e+00  0.000000e+00
   endloop
 endfacet
 facet normal -6.653723e-01  2.397654e-01 -7.069599e-01
   outer loop
     vertex -2.153700e+01  7.066488e+00  6.666667e-01
     vertex -2.217044e+01  7.274326e+00  1.333333e+00
     vertex -2.171453e+01  8.539527e+00  1.333333e+00
   endloop
 endfacet
 facet normal -6.730719e-01  1.995488e-01 -7.121478e-01
   outer loop
     vertex -2.255271e+01  5.984961e+00  1.333333e+00
     vertex -2.302783e+01  6.761581e+00  2.000000e+00
     vertex -2.217044e+01  7.274326e+00  1.333333e+00
   endloop
 endfacet
 facet normal -6.847453e-01  1.859745e-01 -7.046541e-01
   outer loop
     vertex -2.255271e+01  5.984961e+00  1.333333e+00
     vertex -2.328446e+01  5.816682e+00  2.000000e+00
     vertex -2.302783e+01  6.761581e+00  2.000000e+00
   endloop
 endfacet
 facet normal -6.780805e-01  2.010338e-01 -7.069599e-01
   outer loop
     vertex -2.190835e+01  5.813962e+00  6.666667e-01
     vertex -2.217044e+01  7.274326e+00  1.333333e+00
     vertex -2.153700e+01  7.066488e+00  6.666667e-01
   endloop
 endfacet
 facet normal -6.780805e-01  2.010338e-01 -7.069599e-01
   outer loop
     vertex -2.190835e+01  5.813962e+00  6.666667e-01
     vertex -2.255271e+01  5.984961e+00  1.333333e+00
     vertex -2.217044e+01  7.274326e+00  1.333333e+00
   endloop
 endfacet
 facet normal -6.794107e-01  1.923923e-01 -7.080863e-01
   outer loop
     vertex -2.190835e+01  5.813962e+00  6.666667e-01
     vertex -2.103567e+01  6.442101e+00  0.000000e+00
     vertex -2.129012e+01  5.543517e+00  0.000000e+00
   endloop
 endfacet
 facet normal -6.892849e-01  1.639360e-01 -7.056992e-01
   outer loop
     vertex -2.190835e+01  5.813962e+00  6.666667e-01
     vertex -2.129012e+01  5.543517e+00  0.000000e+00
     vertex -2.150622e+01  4.634944e+00  0.000000e+00
   endloop
 endfacet
 facet normal -6.822912e-01  2.022821e-01 -7.025387e-01
   outer loop
     vertex -2.190835e+01  5.813962e+00  6.666667e-01
     vertex -2.153700e+01  7.066488e+00  6.666667e-01
     vertex -2.103567e+01  6.442101e+00  0.000000e+00
   endloop
 endfacet
 facet normal -6.888669e-01  1.572294e-01 -7.076307e-01
   outer loop
     vertex -2.286006e+01  4.675714e+00  1.333333e+00
     vertex -2.350234e+01  4.862101e+00  2.000000e+00
     vertex -2.328446e+01  5.816682e+00  2.000000e+00
   endloop
 endfacet
 facet normal -6.958216e-01  1.292076e-01 -7.064967e-01
   outer loop
     vertex -2.286006e+01  4.675714e+00  1.333333e+00
     vertex -2.368110e+01  3.899427e+00  2.000000e+00
     vertex -2.350234e+01  4.862101e+00  2.000000e+00
   endloop
 endfacet
 facet normal -6.846536e-01  1.607228e-01 -7.109273e-01
   outer loop
     vertex -2.286006e+01  4.675714e+00  1.333333e+00
     vertex -2.328446e+01  5.816682e+00  2.000000e+00
     vertex -2.255271e+01  5.984961e+00  1.333333e+00
   endloop
 endfacet
 facet normal -6.913569e-01  1.622964e-01 -7.040494e-01
   outer loop
     vertex -2.220691e+01  4.542122e+00  6.666667e-01
     vertex -2.190835e+01  5.813962e+00  6.666667e-01
     vertex -2.150622e+01  4.634944e+00  0.000000e+00
   endloop
 endfacet
 facet normal -6.923412e-01  1.338998e-01 -7.090378e-01
   outer loop
     vertex -2.220691e+01  4.542122e+00  6.666667e-01
     vertex -2.150622e+01  4.634944e+00  0.000000e+00
     vertex -2.168355e+01  3.718018e+00  0.000000e+00
   endloop
 endfacet
 facet normal -6.885362e-01  1.616343e-01 -7.069599e-01
   outer loop
     vertex -2.220691e+01  4.542122e+00  6.666667e-01
     vertex -2.255271e+01  5.984961e+00  1.333333e+00
     vertex -2.190835e+01  5.813962e+00  6.666667e-01
   endloop
 endfacet
 facet normal -6.885362e-01  1.616343e-01 -7.069599e-01
   outer loop
     vertex -2.220691e+01  4.542122e+00  6.666667e-01
     vertex -2.286006e+01  4.675714e+00  1.333333e+00
     vertex -2.255271e+01  5.984961e+00  1.333333e+00
   endloop
 endfacet
 facet normal -7.025252e-01  1.010079e-01 -7.044543e-01
   outer loop
     vertex -2.309146e+01  3.350934e+00  1.333333e+00
     vertex -2.382044e+01  2.930264e+00  2.000000e+00
     vertex -2.368110e+01  3.899427e+00  2.000000e+00
   endloop
 endfacet
 facet normal -6.921054e-01  1.208945e-01 -7.116000e-01
   outer loop
     vertex -2.309146e+01  3.350934e+00  1.333333e+00
     vertex -2.368110e+01  3.899427e+00  2.000000e+00
     vertex -2.286006e+01  4.675714e+00  1.333333e+00
   endloop
 endfacet
 facet normal -6.968393e-01  1.043114e-01 -7.096014e-01
   outer loop
     vertex -2.243171e+01  3.255193e+00  6.666667e-01
     vertex -2.168355e+01  3.718018e+00  0.000000e+00
     vertex -2.182181e+01  2.794392e+00  0.000000e+00
   endloop
 endfacet
 facet normal -6.967046e-01  1.216979e-01 -7.069599e-01
   outer loop
     vertex -2.243171e+01  3.255193e+00  6.666667e-01
     vertex -2.309146e+01  3.350934e+00  1.333333e+00
     vertex -2.286006e+01  4.675714e+00  1.333333e+00
   endloop
 endfacet
 facet normal -7.014391e-01  1.225249e-01 -7.021188e-01
   outer loop
     vertex -2.243171e+01  3.255193e+00  6.666667e-01
     vertex -2.220691e+01  4.542122e+00  6.666667e-01
     vertex -2.168355e+01  3.718018e+00  0.000000e+00
   endloop
 endfacet
 facet normal -6.967046e-01  1.216979e-01 -7.069599e-01
   outer loop
     vertex -2.243171e+01  3.255193e+00  6.666667e-01
     vertex -2.286006e+01  4.675714e+00  1.333333e+00
     vertex -2.220691e+01  4.542122e+00  6.666667e-01
   endloop
 endfacet
 facet normal -7.045819e-01  7.211746e-02 -7.059486e-01
   outer loop
     vertex -2.324616e+01  2.015024e+00  1.333333e+00
     vertex -2.392014e+01  1.956223e+00  2.000000e+00
     vertex -2.382044e+01  2.930264e+00  2.000000e+00
   endloop
 endfacet
 facet normal -7.044854e-01  4.316832e-02 -7.084044e-01
   outer loop
     vertex -2.324616e+01  2.015024e+00  1.333333e+00
     vertex -2.398003e+01  9.789261e-01  2.000000e+00
     vertex -2.392014e+01  1.956223e+00  2.000000e+00
   endloop
 endfacet
 facet normal -6.976437e-01  8.078805e-02 -7.118754e-01
   outer loop
     vertex -2.324616e+01  2.015024e+00  1.333333e+00
     vertex -2.382044e+01  2.930264e+00  2.000000e+00
     vertex -2.309146e+01  3.350934e+00  1.333333e+00
   endloop
 endfacet
 facet normal -7.025587e-01  8.135721e-02 -7.069599e-01
   outer loop
     vertex -2.258199e+01  1.957451e+00  6.666667e-01
     vertex -2.309146e+01  3.350934e+00  1.333333e+00
     vertex -2.243171e+01  3.255193e+00  6.666667e-01
   endloop
 endfacet
 facet normal -7.028264e-01  7.487576e-02 -7.074099e-01
   outer loop
     vertex -2.258199e+01  1.957451e+00  6.666667e-01
     vertex -2.182181e+01  2.794392e+00  0.000000e+00
     vertex -2.192074e+01  1.865730e+00  0.000000e+00
   endloop
 endfacet
 facet normal -7.061644e-01  4.503010e-02 -7.066145e-01
   outer loop
     vertex -2.258199e+01  1.957451e+00  6.666667e-01
     vertex -2.192074e+01  1.865730e+00  0.000000e+00
     vertex -2.198018e+01  9.337065e-01  0.000000e+00
   endloop
 endfacet
 facet normal -7.065394e-01  8.181819e-02 -7.029281e-01
   outer loop
     vertex -2.258199e+01  1.957451e+00  6.666667e-01
     vertex -2.243171e+01  3.255193e+00  6.666667e-01
     vertex -2.182181e+01  2.794392e+00  0.000000e+00
   endloop
 endfacet
 facet normal -7.025587e-01  8.135721e-02 -7.069599e-01
   outer loop
     vertex -2.258199e+01  1.957451e+00  6.666667e-01
     vertex -2.324616e+01  2.015024e+00  1.333333e+00
     vertex -2.309146e+01  3.350934e+00  1.333333e+00
   endloop
 endfacet
 facet normal -7.091721e-01  1.446908e-02 -7.048869e-01
   outer loop
     vertex -2.332364e+01  6.724191e-01  1.333333e+00
     vertex -2.400000e+01 -5.035155e-14  2.000000e+00
     vertex -2.398003e+01  9.789261e-01  2.000000e+00
   endloop
 endfacet
 facet normal -7.026119e-01  4.054621e-02 -7.104171e-01
   outer loop
     vertex -2.332364e+01  6.724191e-01  1.333333e+00
     vertex -2.398003e+01  9.789261e-01  2.000000e+00
     vertex -2.324616e+01  2.015024e+00  1.333333e+00
   endloop
 endfacet
 facet normal -7.060789e-01  4.074629e-02 -7.069599e-01
   outer loop
     vertex -2.265725e+01  6.532071e-01  6.666667e-01
     vertex -2.332364e+01  6.724191e-01  1.333333e+00
     vertex -2.324616e+01  2.015024e+00  1.333333e+00
   endloop
 endfacet
 facet normal -7.060789e-01  4.074629e-02 -7.069599e-01
   outer loop
     vertex -2.265725e+01  6.532071e-01  6.666667e-01
     vertex -2.324616e+01  2.015024e+00  1.333333e+00
     vertex -2.258199e+01  1.957451e+00  6.666667e-01
   endloop
 endfacet
 facet normal -7.046699e-01  1.496026e-02 -7.093775e-01
   outer loop
     vertex -2.265725e+01  6.532071e-01  6.666667e-01
     vertex -2.198018e+01  9.337065e-01  0.000000e+00
     vertex -2.200000e+01 -9.500540e-14  0.000000e+00
   endloop
 endfacet
 facet normal -7.095821e-01  4.094845e-02 -7.034319e-01
   outer loop
     vertex -2.265725e+01  6.532071e-01  6.666667e-01
     vertex -2.258199e+01  1.957451e+00  6.666667e-01
     vertex -2.198018e+01  9.337065e-01  0.000000e+00
   endloop
 endfacet
 facet normal -7.019862e-01  0.000000e+00 -7.121905e-01
   outer loop
     vertex -2.332364e+01 -6.724191e-01  1.333333e+00
     vertex -2.400000e+01 -5.035155e-14  2.000000e+00
     vertex -2.332364e+01  6.724191e-01  1.333333e+00
   endloop
 endfacet
 facet normal -7.091721e-01 -1.446908e-02 -7.048869e-01
   outer loop
     vertex -2.332364e+01 -6.724191e-01  1.333333e+00
     vertex -2.398003e+01 -9.789261e-01  2.000000e+00
     vertex -2.400000e+01 -5.035155e-14  2.000000e+00
   endloop
 endfacet
 facet normal -7.072536e-01  0.000000e+00 -7.069599e-01
   outer loop
     vertex -2.265725e+01 -6.532071e-01  6.666667e-01
     vertex -2.332364e+01 -6.724191e-01  1.333333e+00
     vertex -2.332364e+01  6.724191e-01  1.333333e+00
   endloop
 endfacet
 facet normal -7.072536e-01  0.000000e+00 -7.069599e-01
   outer loop
     vertex -2.265725e+01 -6.532071e-01  6.666667e-01
     vertex -2.332364e+01  6.724191e-01  1.333333e+00
     vertex -2.265725e+01  6.532071e-01  6.666667e-01
   endloop
 endfacet
 facet normal -7.121168e-01  0.000000e+00 -7.020610e-01
   outer loop
     vertex -2.265725e+01 -6.532071e-01  6.666667e-01
     vertex -2.265725e+01  6.532071e-01  6.666667e-01
     vertex -2.200000e+01 -9.500540e-14  0.000000e+00
   endloop
 endfacet
 facet normal -7.046699e-01 -1.496026e-02 -7.093775e-01
   outer loop
     vertex -2.265725e+01 -6.532071e-01  6.666667e-01
     vertex -2.200000e+01 -9.500540e-14  0.000000e+00
     vertex -2.198018e+01 -9.337065e-01  0.000000e+00
   endloop
 endfacet
 facet normal -7.026119e-01 -4.054621e-02 -7.104171e-01
   outer loop
     vertex -2.324616e+01 -2.015024e+00  1.333333e+00
     vertex -2.398003e+01 -9.789261e-01  2.000000e+00
     vertex -2.332364e+01 -6.724191e-01  1.333333e+00
   endloop
 endfacet
 facet normal -7.044854e-01 -4.316832e-02 -7.084044e-01
   outer loop
     vertex -2.324616e+01 -2.015024e+00  1.333333e+00
     vertex -2.392014e+01 -1.956223e+00  2.000000e+00
     vertex -2.398003e+01 -9.789261e-01  2.000000e+00
   endloop
 endfacet
 facet normal -7.045819e-01 -7.211746e-02 -7.059486e-01
   outer loop
     vertex -2.324616e+01 -2.015024e+00  1.333333e+00
     vertex -2.382044e+01 -2.930264e+00  2.000000e+00
     vertex -2.392014e+01 -1.956223e+00  2.000000e+00
   endloop
 endfacet
 facet normal -7.060789e-01 -4.074629e-02 -7.069599e-01
   outer loop
     vertex -2.258199e+01 -1.957451e+00  6.666667e-01
     vertex -2.324616e+01 -2.015024e+00  1.333333e+00
     vertex -2.332364e+01 -6.724191e-01  1.333333e+00
   endloop
 endfacet
 facet normal -7.060789e-01 -4.074629e-02 -7.069599e-01
   outer loop
     vertex -2.258199e+01 -1.957451e+00  6.666667e-01
     vertex -2.332364e+01 -6.724191e-01  1.333333e+00
     vertex -2.265725e+01 -6.532071e-01  6.666667e-01
   endloop
 endfacet
 facet normal -7.095821e-01 -4.094845e-02 -7.034319e-01
   outer loop
     vertex -2.258199e+01 -1.957451e+00  6.666667e-01
     vertex -2.265725e+01 -6.532071e-01  6.666667e-01
     vertex -2.198018e+01 -9.337065e-01  0.000000e+00
   endloop
 endfacet
 facet normal -7.061644e-01 -4.503010e-02 -7.066145e-01
   outer loop
     vertex -2.258199e+01 -1.957451e+00  6.666667e-01
     vertex -2.198018e+01 -9.337065e-01  0.000000e+00
     vertex -2.192074e+01 -1.865730e+00  0.000000e+00
   endloop
 endfacet
 facet normal -7.028264e-01 -7.487576e-02 -7.074099e-01
   outer loop
     vertex -2.258199e+01 -1.957451e+00  6.666667e-01
     vertex -2.192074e+01 -1.865730e+00  0.000000e+00
     vertex -2.182181e+01 -2.794392e+00  0.000000e+00
   endloop
 endfacet
 facet normal -6.976437e-01 -8.078805e-02 -7.118754e-01
   outer loop
     vertex -2.309146e+01 -3.350934e+00  1.333333e+00
     vertex -2.382044e+01 -2.930264e+00  2.000000e+00
     vertex -2.324616e+01 -2.015024e+00  1.333333e+00
   endloop
 endfacet
 facet normal -7.025252e-01 -1.010079e-01 -7.044543e-01
   outer loop
     vertex -2.309146e+01 -3.350934e+00  1.333333e+00
     vertex -2.368110e+01 -3.899427e+00  2.000000e+00
     vertex -2.382044e+01 -2.930264e+00  2.000000e+00
   endloop
 endfacet
 facet normal -7.025587e-01 -8.135721e-02 -7.069599e-01
   outer loop
     vertex -2.243171e+01 -3.255193e+00  6.666667e-01
     vertex -2.324616e+01 -2.015024e+00  1.333333e+00
     vertex -2.258199e+01 -1.957451e+00  6.666667e-01
   endloop
 endfacet
 facet normal -7.025587e-01 -8.135721e-02 -7.069599e-01
   outer loop
     vertex -2.243171e+01 -3.255193e+00  6.666667e-01
     vertex -2.309146e+01 -3.350934e+00  1.333333e+00
     vertex -2.324616e+01 -2.015024e+00  1.333333e+00
   endloop
 endfacet
 facet normal -6.968393e-01 -1.043114e-01 -7.096014e-01
   outer loop
     vertex -2.243171e+01 -3.255193e+00  6.666667e-01
     vertex -2.182181e+01 -2.794392e+00  0.000000e+00
     vertex -2.168355e+01 -3.718018e+00  0.000000e+00
   endloop
 endfacet
 facet normal -7.065394e-01 -8.181819e-02 -7.029281e-01
   outer loop
     vertex -2.243171e+01 -3.255193e+00  6.666667e-01
     vertex -2.258199e+01 -1.957451e+00  6.666667e-01
     vertex -2.182181e+01 -2.794392e+00  0.000000e+00
   endloop
 endfacet
 facet normal -6.921054e-01 -1.208945e-01 -7.116000e-01
   outer loop
     vertex -2.286006e+01 -4.675714e+00  1.333333e+00
     vertex -2.368110e+01 -3.899427e+00  2.000000e+00
     vertex -2.309146e+01 -3.350934e+00  1.333333e+00
   endloop
 endfacet
 facet normal -6.958216e-01 -1.292076e-01 -7.064967e-01
   outer loop
     vertex -2.286006e+01 -4.675714e+00  1.333333e+00
     vertex -2.350234e+01 -4.862101e+00  2.000000e+00
     vertex -2.368110e+01 -3.899427e+00  2.000000e+00
   endloop
 endfacet
 facet normal -6.888669e-01 -1.572294e-01 -7.076307e-01
   outer loop
     vertex -2.286006e+01 -4.675714e+00  1.333333e+00
     vertex -2.328446e+01 -5.816682e+00  2.000000e+00
     vertex -2.350234e+01 -4.862101e+00  2.000000e+00
   endloop
 endfacet
 facet normal -6.967046e-01 -1.216979e-01 -7.069599e-01
   outer loop
     vertex -2.220691e+01 -4.542122e+00  6.666667e-01
     vertex -2.286006e+01 -4.675714e+00  1.333333e+00
     vertex -2.309146e+01 -3.350934e+00  1.333333e+00
   endloop
 endfacet
 facet normal -6.967046e-01 -1.216979e-01 -7.069599e-01
   outer loop
     vertex -2.220691e+01 -4.542122e+00  6.666667e-01
     vertex -2.309146e+01 -3.350934e+00  1.333333e+00
     vertex -2.243171e+01 -3.255193e+00  6.666667e-01
   endloop
 endfacet
 facet normal -6.923412e-01 -1.338998e-01 -7.090378e-01
   outer loop
     vertex -2.220691e+01 -4.542122e+00  6.666667e-01
     vertex -2.168355e+01 -3.718018e+00  0.000000e+00
     vertex -2.150622e+01 -4.634944e+00  0.000000e+00
   endloop
 endfacet
 facet normal -7.014391e-01 -1.225249e-01 -7.021188e-01
   outer loop
     vertex -2.220691e+01 -4.542122e+00  6.666667e-01
     vertex -2.243171e+01 -3.255193e+00  6.666667e-01
     vertex -2.168355e+01 -3.718018e+00  0.000000e+00
   endloop
 endfacet
 facet normal -6.846536e-01 -1.607228e-01 -7.109273e-01
   outer loop
     vertex -2.255271e+01 -5.984961e+00  1.333333e+00
     vertex -2.328446e+01 -5.816682e+00  2.000000e+00
     vertex -2.286006e+01 -4.675714e+00  1.333333e+00
   endloop
 endfacet
 facet normal -6.847453e-01 -1.859745e-01 -7.046541e-01
   outer loop
     vertex -2.255271e+01 -5.984961e+00  1.333333e+00
     vertex -2.302783e+01 -6.761581e+00  2.000000e+00
     vertex -2.328446e+01 -5.816682e+00  2.000000e+00
   endloop
 endfacet
 facet normal -6.885362e-01 -1.616343e-01 -7.069599e-01
   outer loop
     vertex -2.190835e+01 -5.813962e+00  6.666667e-01
     vertex -2.286006e+01 -4.675714e+00  1.333333e+00
     vertex -2.220691e+01 -4.542122e+00  6.666667e-01
   endloop
 endfacet
 facet normal -6.892849e-01 -1.639360e-01 -7.056992e-01
   outer loop
     vertex -2.190835e+01 -5.813962e+00  6.666667e-01
     vertex -2.150622e+01 -4.634944e+00  0.000000e+00
     vertex -2.129012e+01 -5.543517e+00  0.000000e+00
   endloop
 endfacet
 facet normal -6.794107e-01 -1.923923e-01 -7.080863e-01
   outer loop
     vertex -2.190835e+01 -5.813962e+00  6.666667e-01
     vertex -2.129012e+01 -5.543517e+00  0.000000e+00
     vertex -2.103567e+01 -6.442101e+00  0.000000e+00
   endloop
 endfacet
 facet normal -6.885362e-01 -1.616343e-01 -7.069599e-01
   outer loop
     vertex -2.190835e+01 -5.813962e+00  6.666667e-01
     vertex -2.255271e+01 -5.984961e+00  1.333333e+00
     vertex -2.286006e+01 -4.675714e+00  1.333333e+00
   endloop
 endfacet
 facet normal -6.913569e-01 -1.622964e-01 -7.040494e-01
   outer loop
     vertex -2.190835e+01 -5.813962e+00  6.666667e-01
     vertex -2.220691e+01 -4.542122e+00  6.666667e-01
     vertex -2.150622e+01 -4.634944e+00  0.000000e+00
   endloop
 endfacet
 facet normal -6.730719e-01 -1.995488e-01 -7.121478e-01
   outer loop
     vertex -2.217044e+01 -7.274326e+00  1.333333e+00
     vertex -2.302783e+01 -6.761581e+00  2.000000e+00
     vertex -2.255271e+01 -5.984961e+00  1.333333e+00
   endloop
 endfacet
 facet normal -6.760675e-01 -2.135845e-01 -7.052052e-01
   outer loop
     vertex -2.217044e+01 -7.274326e+00  1.333333e+00
     vertex -2.273287e+01 -7.695227e+00  2.000000e+00
     vertex -2.302783e+01 -6.761581e+00  2.000000e+00
   endloop
 endfacet
 facet normal -6.690837e-01 -2.205432e-01 -7.097096e-01
   outer loop
     vertex -2.153700e+01 -7.066488e+00  6.666667e-01
     vertex -2.103567e+01 -6.442101e+00  0.000000e+00
     vertex -2.074330e+01 -7.329075e+00  0.000000e+00
   endloop
 endfacet
 facet normal -6.822912e-01 -2.022821e-01 -7.025387e-01
   outer loop
     vertex -2.153700e+01 -7.066488e+00  6.666667e-01
     vertex -2.190835e+01 -5.813962e+00  6.666667e-01
     vertex -2.103567e+01 -6.442101e+00  0.000000e+00
   endloop
 endfacet
 facet normal -6.780805e-01 -2.010338e-01 -7.069599e-01
   outer loop
     vertex -2.153700e+01 -7.066488e+00  6.666667e-01
     vertex -2.255271e+01 -5.984961e+00  1.333333e+00
     vertex -2.190835e+01 -5.813962e+00  6.666667e-01
   endloop
 endfacet
 facet normal -6.780805e-01 -2.010338e-01 -7.069599e-01
   outer loop
     vertex -2.153700e+01 -7.066488e+00  6.666667e-01
     vertex -2.217044e+01 -7.274326e+00  1.333333e+00
     vertex -2.255271e+01 -5.984961e+00  1.333333e+00
   endloop
 endfacet
 facet normal -6.626722e-01 -2.387925e-01 -7.098195e-01
   outer loop
     vertex -2.171453e+01 -8.539527e+00  1.333333e+00
     vertex -2.273287e+01 -7.695227e+00  2.000000e+00
     vertex -2.217044e+01 -7.274326e+00  1.333333e+00
   endloop
 endfacet
 facet normal -6.629786e-01 -2.396041e-01 -7.092596e-01
   outer loop
     vertex -2.171453e+01 -8.539527e+00  1.333333e+00
     vertex -2.240008e+01 -8.616065e+00  2.000000e+00
     vertex -2.273287e+01 -7.695227e+00  2.000000e+00
   endloop
 endfacet
 facet normal -6.561514e-01 -2.678745e-01 -7.054847e-01
   outer loop
     vertex -2.171453e+01 -8.539527e+00  1.333333e+00
     vertex -2.203000e+01 -9.522562e+00  2.000000e+00
     vertex -2.240008e+01 -8.616065e+00  2.000000e+00
   endloop
 endfacet
 facet normal -6.601822e-01 -2.491418e-01 -7.085815e-01
   outer loop
     vertex -2.109412e+01 -8.295541e+00  6.666667e-01
     vertex -2.074330e+01 -7.329075e+00  0.000000e+00
     vertex -2.041356e+01 -8.202843e+00  0.000000e+00
   endloop
 endfacet
 facet normal -6.524887e-01 -2.784192e-01 -7.047987e-01
   outer loop
     vertex -2.109412e+01 -8.295541e+00  6.666667e-01
     vertex -2.041356e+01 -8.202843e+00  0.000000e+00
     vertex -2.004703e+01 -9.061827e+00  0.000000e+00
   endloop
 endfacet
 facet normal -6.653723e-01 -2.397654e-01 -7.069599e-01
   outer loop
     vertex -2.109412e+01 -8.295541e+00  6.666667e-01
     vertex -2.171453e+01 -8.539527e+00  1.333333e+00
     vertex -2.217044e+01 -7.274326e+00  1.333333e+00
   endloop
 endfacet
 facet normal -6.697329e-01 -2.413367e-01 -7.022923e-01
   outer loop
     vertex -2.109412e+01 -8.295541e+00  6.666667e-01
     vertex -2.153700e+01 -7.066488e+00  6.666667e-01
     vertex -2.074330e+01 -7.329075e+00  0.000000e+00
   endloop
 endfacet
 facet normal -6.653723e-01 -2.397654e-01 -7.069599e-01
   outer loop
     vertex -2.109412e+01 -8.295541e+00  6.666667e-01
     vertex -2.217044e+01 -7.274326e+00  1.333333e+00
     vertex -2.153700e+01 -7.066488e+00  6.666667e-01
   endloop
 endfacet
 facet normal -6.457266e-01 -2.756824e-01 -7.120649e-01
   outer loop
     vertex -2.118649e+01 -9.776361e+00  1.333333e+00
     vertex -2.203000e+01 -9.522562e+00  2.000000e+00
     vertex -2.171453e+01 -8.539527e+00  1.333333e+00
   endloop
 endfacet
 facet normal -6.455332e-01 -2.948051e-01 -7.045402e-01
   outer loop
     vertex -2.118649e+01 -9.776361e+00  1.333333e+00
     vertex -2.162325e+01 -1.041321e+01  2.000000e+00
     vertex -2.203000e+01 -9.522562e+00  2.000000e+00
   endloop
 endfacet
 facet normal -6.366177e-01 -3.042042e-01 -7.086450e-01
   outer loop
     vertex -2.058116e+01 -9.497036e+00  6.666667e-01
     vertex -2.004703e+01 -9.061827e+00  0.000000e+00
     vertex -1.964437e+01 -9.904482e+00  0.000000e+00
   endloop
 endfacet
 facet normal -6.525408e-01 -2.785916e-01 -7.046823e-01
   outer loop
     vertex -2.058116e+01 -9.497036e+00  6.666667e-01
     vertex -2.109412e+01 -8.295541e+00  6.666667e-01
     vertex -2.004703e+01 -9.061827e+00  0.000000e+00
   endloop
 endfacet
 facet normal -6.504538e-01 -2.777006e-01 -7.069599e-01
   outer loop
     vertex -2.058116e+01 -9.497036e+00  6.666667e-01
     vertex -2.171453e+01 -8.539527e+00  1.333333e+00
     vertex -2.109412e+01 -8.295541e+00  6.666667e-01
   endloop
 endfacet
 facet normal -6.504538e-01 -2.777006e-01 -7.069599e-01
   outer loop
     vertex -2.058116e+01 -9.497036e+00  6.666667e-01
     vertex -2.118649e+01 -9.776361e+00  1.333333e+00
     vertex -2.171453e+01 -8.539527e+00  1.333333e+00
   endloop
 endfacet
 facet normal -6.295211e-01 -3.127986e-01 -7.112385e-01
   outer loop
     vertex -2.058806e+01 -1.098072e+01  1.333333e+00
     vertex -2.162325e+01 -1.041321e+01  2.000000e+00
     vertex -2.118649e+01 -9.776361e+00  1.333333e+00
   endloop
 endfacet
 facet normal -6.306709e-01 -3.197240e-01 -7.071286e-01
   outer loop
     vertex -2.058806e+01 -1.098072e+01  1.333333e+00
     vertex -2.118052e+01 -1.128653e+01  2.000000e+00
     vertex -2.162325e+01 -1.041321e+01  2.000000e+00
   endloop
 endfacet
 facet normal -6.172699e-01 -3.452743e-01 -7.069395e-01
   outer loop
     vertex -2.058806e+01 -1.098072e+01  1.333333e+00
     vertex -2.070253e+01 -1.214106e+01  2.000000e+00
     vertex -2.118052e+01 -1.128653e+01  2.000000e+00
   endloop
 endfacet
 facet normal -6.221940e-01 -3.304500e-01 -7.097024e-01
   outer loop
     vertex -1.999983e+01 -1.066698e+01  6.666667e-01
     vertex -1.964437e+01 -9.904482e+00  0.000000e+00
     vertex -1.920631e+01 -1.072929e+01  0.000000e+00
   endloop
 endfacet
 facet normal -6.375501e-01 -3.167881e-01 -7.022643e-01
   outer loop
     vertex -1.999983e+01 -1.066698e+01  6.666667e-01
     vertex -2.058116e+01 -9.497036e+00  6.666667e-01
     vertex -1.964437e+01 -9.904482e+00  0.000000e+00
   endloop
 endfacet
 facet normal -6.333745e-01 -3.147133e-01 -7.069599e-01
   outer loop
     vertex -1.999983e+01 -1.066698e+01  6.666667e-01
     vertex -2.118649e+01 -9.776361e+00  1.333333e+00
     vertex -2.058116e+01 -9.497036e+00  6.666667e-01
   endloop
 endfacet
 facet normal -6.333745e-01 -3.147133e-01 -7.069599e-01
   outer loop
     vertex -1.999983e+01 -1.066698e+01  6.666667e-01
     vertex -2.058806e+01 -1.098072e+01  1.333333e+00
     vertex -2.118649e+01 -9.776361e+00  1.333333e+00
   endloop
 endfacet
 facet normal -6.103560e-01 -3.484908e-01 -7.113506e-01
   outer loop
     vertex -1.992124e+01 -1.214860e+01  1.333333e+00
     vertex -2.070253e+01 -1.214106e+01  2.000000e+00
     vertex -2.058806e+01 -1.098072e+01  1.333333e+00
   endloop
 endfacet
 facet normal -6.047378e-01 -3.714328e-01 -7.045069e-01
   outer loop
     vertex -1.992124e+01 -1.214860e+01  1.333333e+00
     vertex -2.019008e+01 -1.297538e+01  2.000000e+00
     vertex -2.070253e+01 -1.214106e+01  2.000000e+00
   endloop
 endfacet
 facet normal -6.090770e-01 -3.574206e-01 -7.080082e-01
   outer loop
     vertex -1.935207e+01 -1.180150e+01  6.666667e-01
     vertex -1.920631e+01 -1.072929e+01  0.000000e+00
     vertex -1.873364e+01 -1.153476e+01  0.000000e+00
   endloop
 endfacet
 facet normal -5.951963e-01 -3.841344e-01 -7.058202e-01
   outer loop
     vertex -1.935207e+01 -1.180150e+01  6.666667e-01
     vertex -1.873364e+01 -1.153476e+01  0.000000e+00
     vertex -1.822721e+01 -1.231945e+01  0.000000e+00
   endloop
 endfacet
 facet normal -6.179689e-01 -3.528374e-01 -7.025811e-01
   outer loop
     vertex -1.935207e+01 -1.180150e+01  6.666667e-01
     vertex -1.999983e+01 -1.066698e+01  6.666667e-01
     vertex -1.920631e+01 -1.072929e+01  0.000000e+00
   endloop
 endfacet
 facet normal -6.141912e-01 -3.506805e-01 -7.069599e-01
   outer loop
     vertex -1.935207e+01 -1.180150e+01  6.666667e-01
     vertex -1.992124e+01 -1.214860e+01  1.333333e+00
     vertex -2.058806e+01 -1.098072e+01  1.333333e+00
   endloop
 endfacet
 facet normal -6.141912e-01 -3.506805e-01 -7.069599e-01
   outer loop
     vertex -1.935207e+01 -1.180150e+01  6.666667e-01
     vertex -2.058806e+01 -1.098072e+01  1.333333e+00
     vertex -1.999983e+01 -1.066698e+01  6.666667e-01
   endloop
 endfacet
 facet normal -5.886969e-01 -3.827064e-01 -7.120195e-01
   outer loop
     vertex -1.918825e+01 -1.327612e+01  1.333333e+00
     vertex -2.019008e+01 -1.297538e+01  2.000000e+00
     vertex -1.992124e+01 -1.214860e+01  1.333333e+00
   endloop
 endfacet
 facet normal -5.881751e-01 -3.951792e-01 -7.056086e-01
   outer loop
     vertex -1.918825e+01 -1.327612e+01  1.333333e+00
     vertex -1.964404e+01 -1.378811e+01  2.000000e+00
     vertex -2.019008e+01 -1.297538e+01  2.000000e+00
   endloop
 endfacet
 facet normal -5.688240e-01 -4.168313e-01 -7.090070e-01
   outer loop
     vertex -1.918825e+01 -1.327612e+01  1.333333e+00
     vertex -1.906529e+01 -1.457788e+01  2.000000e+00
     vertex -1.964404e+01 -1.378811e+01  2.000000e+00
   endloop
 endfacet
 facet normal -5.756874e-01 -4.071611e-01 -7.090866e-01
   outer loop
     vertex -1.864002e+01 -1.289681e+01  6.666667e-01
     vertex -1.822721e+01 -1.231945e+01  0.000000e+00
     vertex -1.768794e+01 -1.308193e+01  0.000000e+00
   endloop
 endfacet
 facet normal -5.954662e-01 -3.871071e-01 -7.039660e-01
   outer loop
     vertex -1.864002e+01 -1.289681e+01  6.666667e-01
     vertex -1.935207e+01 -1.180150e+01  6.666667e-01
     vertex -1.822721e+01 -1.231945e+01  0.000000e+00
   endloop
 endfacet
 facet normal -5.929677e-01 -3.854828e-01 -7.069599e-01
   outer loop
     vertex -1.864002e+01 -1.289681e+01  6.666667e-01
     vertex -1.992124e+01 -1.214860e+01  1.333333e+00
     vertex -1.935207e+01 -1.180150e+01  6.666667e-01
   endloop
 endfacet
 facet normal -5.929677e-01 -3.854828e-01 -7.069599e-01
   outer loop
     vertex -1.864002e+01 -1.289681e+01  6.666667e-01
     vertex -1.918825e+01 -1.327612e+01  1.333333e+00
     vertex -1.992124e+01 -1.214860e+01  1.333333e+00
   endloop
 endfacet
 facet normal -5.673163e-01 -4.171970e-01 -7.099992e-01
   outer loop
     vertex -1.839152e+01 -1.435955e+01  1.333333e+00
     vertex -1.906529e+01 -1.457788e+01  2.000000e+00
     vertex -1.918825e+01 -1.327612e+01  1.333333e+00
   endloop
 endfacet
 facet normal -5.543985e-01 -4.421181e-01 -7.051056e-01
   outer loop
     vertex -1.839152e+01 -1.435955e+01  1.333333e+00
     vertex -1.845481e+01 -1.534340e+01  2.000000e+00
     vertex -1.906529e+01 -1.457788e+01  2.000000e+00
   endloop
 endfacet
 facet normal -5.574957e-01 -4.309237e-01 -7.095797e-01
   outer loop
     vertex -1.786605e+01 -1.394927e+01  6.666667e-01
     vertex -1.768794e+01 -1.308193e+01  0.000000e+00
     vertex -1.711679e+01 -1.382084e+01  0.000000e+00
   endloop
 endfacet
 facet normal -5.736571e-01 -4.218599e-01 -7.021053e-01
   outer loop
     vertex -1.786605e+01 -1.394927e+01  6.666667e-01
     vertex -1.864002e+01 -1.289681e+01  6.666667e-01
     vertex -1.768794e+01 -1.308193e+01  0.000000e+00
   endloop
 endfacet
 facet normal -5.697744e-01 -4.190046e-01 -7.069599e-01
   outer loop
     vertex -1.786605e+01 -1.394927e+01  6.666667e-01
     vertex -1.839152e+01 -1.435955e+01  1.333333e+00
     vertex -1.918825e+01 -1.327612e+01  1.333333e+00
   endloop
 endfacet
 facet normal -5.697744e-01 -4.190046e-01 -7.069599e-01
   outer loop
     vertex -1.786605e+01 -1.394927e+01  6.666667e-01
     vertex -1.918825e+01 -1.327612e+01  1.333333e+00
     vertex -1.864002e+01 -1.289681e+01  6.666667e-01
   endloop
 endfacet
 facet normal -5.406487e-01 -4.477887e-01 -7.121687e-01
   outer loop
     vertex -1.753369e+01 -1.539527e+01  1.333333e+00
     vertex -1.845481e+01 -1.534340e+01  2.000000e+00
     vertex -1.839152e+01 -1.435955e+01  1.333333e+00
   endloop
 endfacet
 facet normal -5.361995e-01 -4.646195e-01 -7.047119e-01
   outer loop
     vertex -1.753369e+01 -1.539527e+01  1.333333e+00
     vertex -1.781362e+01 -1.608338e+01  2.000000e+00
     vertex -1.845481e+01 -1.534340e+01  2.000000e+00
   endloop
 endfacet
 facet normal -5.446883e-01 -4.511345e-01 -7.069599e-01
   outer loop
     vertex -1.703273e+01 -1.495540e+01  6.666667e-01
     vertex -1.753369e+01 -1.539527e+01  1.333333e+00
     vertex -1.839152e+01 -1.435955e+01  1.333333e+00
   endloop
 endfacet
 facet normal -5.404410e-01 -4.556603e-01 -7.073170e-01
   outer loop
     vertex -1.703273e+01 -1.495540e+01  6.666667e-01
     vertex -1.711679e+01 -1.382084e+01  0.000000e+00
     vertex -1.651479e+01 -1.453484e+01  0.000000e+00
   endloop
 endfacet
 facet normal -5.210544e-01 -4.785901e-01 -7.067205e-01
   outer loop
     vertex -1.703273e+01 -1.495540e+01  6.666667e-01
     vertex -1.651479e+01 -1.453484e+01  0.000000e+00
     vertex -1.588303e+01 -1.522266e+01  0.000000e+00
   endloop
 endfacet
 facet normal -5.477314e-01 -4.536549e-01 -7.029848e-01
   outer loop
     vertex -1.703273e+01 -1.495540e+01  6.666667e-01
     vertex -1.786605e+01 -1.394927e+01  6.666667e-01
     vertex -1.711679e+01 -1.382084e+01  0.000000e+00
   endloop
 endfacet
 facet normal -5.446883e-01 -4.511345e-01 -7.069599e-01
   outer loop
     vertex -1.703273e+01 -1.495540e+01  6.666667e-01
     vertex -1.839152e+01 -1.435955e+01  1.333333e+00
     vertex -1.786605e+01 -1.394927e+01  6.666667e-01
   endloop
 endfacet
 facet normal -5.149744e-01 -4.791433e-01 -7.107905e-01
   outer loop
     vertex -1.661761e+01 -1.637985e+01  1.333333e+00
     vertex -1.781362e+01 -1.608338e+01  2.000000e+00
     vertex -1.753369e+01 -1.539527e+01  1.333333e+00
   endloop
 endfacet
 facet normal -5.145264e-01 -4.839631e-01 -7.078434e-01
   outer loop
     vertex -1.661761e+01 -1.637985e+01  1.333333e+00
     vertex -1.714278e+01 -1.679658e+01  2.000000e+00
     vertex -1.781362e+01 -1.608338e+01  2.000000e+00
   endloop
 endfacet
 facet normal -4.954160e-01 -5.056270e-01 -7.063315e-01
   outer loop
     vertex -1.661761e+01 -1.637985e+01  1.333333e+00
     vertex -1.644340e+01 -1.748184e+01  2.000000e+00
     vertex -1.714278e+01 -1.679658e+01  2.000000e+00
   endloop
 endfacet
 facet normal -5.204120e-01 -4.842027e-01 -7.033627e-01
   outer loop
     vertex -1.614282e+01 -1.591185e+01  6.666667e-01
     vertex -1.703273e+01 -1.495540e+01  6.666667e-01
     vertex -1.588303e+01 -1.522266e+01  0.000000e+00
   endloop
 endfacet
 facet normal -4.983648e-01 -4.983648e-01 -7.094118e-01
   outer loop
     vertex -1.614282e+01 -1.591185e+01  6.666667e-01
     vertex -1.588303e+01 -1.522266e+01  0.000000e+00
     vertex -1.522266e+01 -1.588303e+01  0.000000e+00
   endloop
 endfacet
 facet normal -5.177929e-01 -4.817658e-01 -7.069599e-01
   outer loop
     vertex -1.614282e+01 -1.591185e+01  6.666667e-01
     vertex -1.661761e+01 -1.637985e+01  1.333333e+00
     vertex -1.753369e+01 -1.539527e+01  1.333333e+00
   endloop
 endfacet
 facet normal -5.177929e-01 -4.817658e-01 -7.069599e-01
   outer loop
     vertex -1.614282e+01 -1.591185e+01  6.666667e-01
     vertex -1.753369e+01 -1.539527e+01  1.333333e+00
     vertex -1.703273e+01 -1.495540e+01  6.666667e-01
   endloop
 endfacet
 facet normal -4.756378e-01 -5.268067e-01 -7.044455e-01
   outer loop
     vertex -1.564634e+01 -1.731001e+01  1.333333e+00
     vertex -1.571666e+01 -1.813799e+01  2.000000e+00
     vertex -1.644340e+01 -1.748184e+01  2.000000e+00
   endloop
 endfacet
 facet normal -4.858869e-01 -5.073607e-01 -7.116875e-01
   outer loop
     vertex -1.564634e+01 -1.731001e+01  1.333333e+00
     vertex -1.644340e+01 -1.748184e+01  2.000000e+00
     vertex -1.661761e+01 -1.637985e+01  1.333333e+00
   endloop
 endfacet
 facet normal -4.925404e-01 -5.143083e-01 -7.020619e-01
   outer loop
     vertex -1.519930e+01 -1.681544e+01  6.666667e-01
     vertex -1.614282e+01 -1.591185e+01  6.666667e-01
     vertex -1.522266e+01 -1.588303e+01  0.000000e+00
   endloop
 endfacet
 facet normal -4.891774e-01 -5.107966e-01 -7.069599e-01
   outer loop
     vertex -1.519930e+01 -1.681544e+01  6.666667e-01
     vertex -1.564634e+01 -1.731001e+01  1.333333e+00
     vertex -1.661761e+01 -1.637985e+01  1.333333e+00
   endloop
 endfacet
 facet normal -4.768125e-01 -5.191191e-01 -7.093414e-01
   outer loop
     vertex -1.519930e+01 -1.681544e+01  6.666667e-01
     vertex -1.522266e+01 -1.588303e+01  0.000000e+00
     vertex -1.453484e+01 -1.651479e+01  0.000000e+00
   endloop
 endfacet
 facet normal -4.891774e-01 -5.107966e-01 -7.069599e-01
   outer loop
     vertex -1.519930e+01 -1.681544e+01  6.666667e-01
     vertex -1.661761e+01 -1.637985e+01  1.333333e+00
     vertex -1.614282e+01 -1.591185e+01  6.666667e-01
   endloop
 endfacet
 facet normal -4.527041e-01 -5.445058e-01 -7.060966e-01
   outer loop
     vertex -1.462308e+01 -1.818268e+01  1.333333e+00
     vertex -1.496376e+01 -1.876396e+01  2.000000e+00
     vertex -1.571666e+01 -1.813799e+01  2.000000e+00
   endloop
 endfacet
 facet normal -4.288552e-01 -5.608667e-01 -7.081750e-01
   outer loop
     vertex -1.462308e+01 -1.818268e+01  1.333333e+00
     vertex -1.418595e+01 -1.935869e+01  2.000000e+00
     vertex -1.496376e+01 -1.876396e+01  2.000000e+00
   endloop
 endfacet
 facet normal -4.589369e-01 -5.381307e-01 -7.069599e-01
   outer loop
     vertex -1.462308e+01 -1.818268e+01  1.333333e+00
     vertex -1.564634e+01 -1.731001e+01  1.333333e+00
     vertex -1.519930e+01 -1.681544e+01  6.666667e-01
   endloop
 endfacet
 facet normal -4.557722e-01 -5.344199e-01 -7.118055e-01
   outer loop
     vertex -1.462308e+01 -1.818268e+01  1.333333e+00
     vertex -1.571666e+01 -1.813799e+01  2.000000e+00
     vertex -1.564634e+01 -1.731001e+01  1.333333e+00
   endloop
 endfacet
 facet normal -4.611683e-01 -5.407472e-01 -7.035029e-01
   outer loop
     vertex -1.420528e+01 -1.766317e+01  6.666667e-01
     vertex -1.519930e+01 -1.681544e+01  6.666667e-01
     vertex -1.453484e+01 -1.651479e+01  0.000000e+00
   endloop
 endfacet
 facet normal -4.589369e-01 -5.381307e-01 -7.069599e-01
   outer loop
     vertex -1.420528e+01 -1.766317e+01  6.666667e-01
     vertex -1.462308e+01 -1.818268e+01  1.333333e+00
     vertex -1.519930e+01 -1.681544e+01  6.666667e-01
   endloop
 endfacet
 facet normal -4.561823e-01 -5.410601e-01 -7.065067e-01
   outer loop
     vertex -1.420528e+01 -1.766317e+01  6.666667e-01
     vertex -1.453484e+01 -1.651479e+01  0.000000e+00
     vertex -1.382084e+01 -1.711679e+01  0.000000e+00
   endloop
 endfacet
 facet normal -4.322001e-01 -5.591471e-01 -7.075009e-01
   outer loop
     vertex -1.420528e+01 -1.766317e+01  6.666667e-01
     vertex -1.382084e+01 -1.711679e+01  0.000000e+00
     vertex -1.308193e+01 -1.768794e+01  0.000000e+00
   endloop
 endfacet
 facet normal -4.249800e-01 -5.607849e-01 -7.105718e-01
   outer loop
     vertex -1.355126e+01 -1.899494e+01  1.333333e+00
     vertex -1.418595e+01 -1.935869e+01  2.000000e+00
     vertex -1.462308e+01 -1.818268e+01  1.333333e+00
   endloop
 endfacet
 facet normal -4.075503e-01 -5.806404e-01 -7.048117e-01
   outer loop
     vertex -1.355126e+01 -1.899494e+01  1.333333e+00
     vertex -1.338453e+01 -1.992121e+01  2.000000e+00
     vertex -1.418595e+01 -1.935869e+01  2.000000e+00
   endloop
 endfacet
 facet normal -4.296250e-01 -5.669142e-01 -7.028731e-01
   outer loop
     vertex -1.316408e+01 -1.845223e+01  6.666667e-01
     vertex -1.420528e+01 -1.766317e+01  6.666667e-01
     vertex -1.308193e+01 -1.768794e+01  0.000000e+00
   endloop
 endfacet
 facet normal -4.271718e-01 -5.636772e-01 -7.069599e-01
   outer loop
     vertex -1.316408e+01 -1.845223e+01  6.666667e-01
     vertex -1.355126e+01 -1.899494e+01  1.333333e+00
     vertex -1.462308e+01 -1.818268e+01  1.333333e+00
   endloop
 endfacet
 facet normal -4.271718e-01 -5.636772e-01 -7.069599e-01
   outer loop
     vertex -1.316408e+01 -1.845223e+01  6.666667e-01
     vertex -1.462308e+01 -1.818268e+01  1.333333e+00
     vertex -1.420528e+01 -1.766317e+01  6.666667e-01
   endloop
 endfacet
 facet normal -4.068505e-01 -5.752482e-01 -7.096212e-01
   outer loop
     vertex -1.316408e+01 -1.845223e+01  6.666667e-01
     vertex -1.308193e+01 -1.768794e+01  0.000000e+00
     vertex -1.231945e+01 -1.822721e+01  0.000000e+00
   endloop
 endfacet
 facet normal -3.834430e-01 -5.966489e-01 -7.049692e-01
   outer loop
     vertex -1.243441e+01 -1.974411e+01  1.333333e+00
     vertex -1.256083e+01 -2.045056e+01  2.000000e+00
     vertex -1.338453e+01 -1.992121e+01  2.000000e+00
   endloop
 endfacet
 facet normal -3.910554e-01 -5.829797e-01 -7.121870e-01
   outer loop
     vertex -1.243441e+01 -1.974411e+01  1.333333e+00
     vertex -1.338453e+01 -1.992121e+01  2.000000e+00
     vertex -1.355126e+01 -1.899494e+01  1.333333e+00
   endloop
 endfacet
 facet normal -3.939877e-01 -5.873511e-01 -7.069599e-01
   outer loop
     vertex -1.243441e+01 -1.974411e+01  1.333333e+00
     vertex -1.355126e+01 -1.899494e+01  1.333333e+00
     vertex -1.316408e+01 -1.845223e+01  6.666667e-01
   endloop
 endfacet
 facet normal -3.966566e-01 -5.913299e-01 -7.021342e-01
   outer loop
     vertex -1.207914e+01 -1.917999e+01  6.666667e-01
     vertex -1.316408e+01 -1.845223e+01  6.666667e-01
     vertex -1.231945e+01 -1.822721e+01  0.000000e+00
   endloop
 endfacet
 facet normal -3.939877e-01 -5.873511e-01 -7.069599e-01
   outer loop
     vertex -1.207914e+01 -1.917999e+01  6.666667e-01
     vertex -1.243441e+01 -1.974411e+01  1.333333e+00
     vertex -1.316408e+01 -1.845223e+01  6.666667e-01
   endloop
 endfacet
 facet normal -3.824156e-01 -5.925332e-01 -7.089871e-01
   outer loop
     vertex -1.207914e+01 -1.917999e+01  6.666667e-01
     vertex -1.231945e+01 -1.822721e+01  0.000000e+00
     vertex -1.153476e+01 -1.873364e+01  0.000000e+00
   endloop
 endfacet
 facet normal -3.569318e-01 -6.086283e-01 -7.086405e-01
   outer loop
     vertex -1.127626e+01 -2.042769e+01  1.333333e+00
     vertex -1.171623e+01 -2.094588e+01  2.000000e+00
     vertex -1.256083e+01 -2.045056e+01  2.000000e+00
   endloop
 endfacet
 facet normal -3.331424e-01 -6.251816e-01 -7.058074e-01
   outer loop
     vertex -1.127626e+01 -2.042769e+01  1.333333e+00
     vertex -1.085213e+01 -2.140634e+01  2.000000e+00
     vertex -1.171623e+01 -2.094588e+01  2.000000e+00
   endloop
 endfacet
 facet normal -3.578127e-01 -6.062239e-01 -7.102553e-01
   outer loop
     vertex -1.127626e+01 -2.042769e+01  1.333333e+00
     vertex -1.256083e+01 -2.045056e+01  2.000000e+00
     vertex -1.243441e+01 -1.974411e+01  1.333333e+00
   endloop
 endfacet
 facet normal -3.594949e-01 -6.090740e-01 -7.069599e-01
   outer loop
     vertex -1.127626e+01 -2.042769e+01  1.333333e+00
     vertex -1.243441e+01 -1.974411e+01  1.333333e+00
     vertex -1.207914e+01 -1.917999e+01  6.666667e-01
   endloop
 endfacet
 facet normal -3.609247e-01 -6.114964e-01 -7.041346e-01
   outer loop
     vertex -1.095408e+01 -1.984404e+01  6.666667e-01
     vertex -1.207914e+01 -1.917999e+01  6.666667e-01
     vertex -1.153476e+01 -1.873364e+01  0.000000e+00
   endloop
 endfacet
 facet normal -3.594949e-01 -6.090740e-01 -7.069599e-01
   outer loop
     vertex -1.095408e+01 -1.984404e+01  6.666667e-01
     vertex -1.127626e+01 -2.042769e+01  1.333333e+00
     vertex -1.207914e+01 -1.917999e+01  6.666667e-01
   endloop
 endfacet
 facet normal -3.586504e-01 -6.111727e-01 -7.055762e-01
   outer loop
     vertex -1.095408e+01 -1.984404e+01  6.666667e-01
     vertex -1.153476e+01 -1.873364e+01  0.000000e+00
     vertex -1.072929e+01 -1.920631e+01  0.000000e+00
   endloop
 endfacet
 facet normal -3.311760e-01 -6.235609e-01 -7.081626e-01
   outer loop
     vertex -1.095408e+01 -1.984404e+01  6.666667e-01
     vertex -1.072929e+01 -1.920631e+01  0.000000e+00
     vertex -9.904482e+00 -1.964437e+01  0.000000e+00
   endloop
 endfacet
 facet normal -3.079419e-01 -6.394480e-01 -7.044700e-01
   outer loop
     vertex -1.008065e+01 -2.104340e+01  1.333333e+00
     vertex -9.969960e+00 -2.183117e+01  2.000000e+00
     vertex -1.085213e+01 -2.140634e+01  2.000000e+00
   endloop
 endfacet
 facet normal -3.215133e-01 -6.243181e-01 -7.119383e-01
   outer loop
     vertex -1.008065e+01 -2.104340e+01  1.333333e+00
     vertex -1.085213e+01 -2.140634e+01  2.000000e+00
     vertex -1.127626e+01 -2.042769e+01  1.333333e+00
   endloop
 endfacet
 facet normal -3.238078e-01 -6.287736e-01 -7.069599e-01
   outer loop
     vertex -1.008065e+01 -2.104340e+01  1.333333e+00
     vertex -1.127626e+01 -2.042769e+01  1.333333e+00
     vertex -1.095408e+01 -1.984404e+01  6.666667e-01
   endloop
 endfacet
 facet normal -3.258370e-01 -6.327138e-01 -7.024981e-01
   outer loop
     vertex -9.792634e+00 -2.044216e+01  6.666667e-01
     vertex -1.095408e+01 -1.984404e+01  6.666667e-01
     vertex -9.904482e+00 -1.964437e+01  0.000000e+00
   endloop
 endfacet
 facet normal -3.238078e-01 -6.287736e-01 -7.069599e-01
   outer loop
     vertex -9.792634e+00 -2.044216e+01  6.666667e-01
     vertex -1.008065e+01 -2.104340e+01  1.333333e+00
     vertex -1.095408e+01 -1.984404e+01  6.666667e-01
   endloop
 endfacet
 facet normal -3.037401e-01 -6.356466e-01 -7.097150e-01
   outer loop
     vertex -9.792634e+00 -2.044216e+01  6.666667e-01
     vertex -9.904482e+00 -1.964437e+01  0.000000e+00
     vertex -9.061827e+00 -2.004703e+01  0.000000e+00
   endloop
 endfacet
 facet normal -2.807349e-01 -6.494669e-01 -7.066687e-01
   outer loop
     vertex -8.851557e+00 -2.158922e+01  1.333333e+00
     vertex -9.071201e+00 -2.221966e+01  2.000000e+00
     vertex -9.969960e+00 -2.183117e+01  2.000000e+00
   endloop
 endfacet
 facet normal -2.537390e-01 -6.596716e-01 -7.074248e-01
   outer loop
     vertex -8.851557e+00 -2.158922e+01  1.333333e+00
     vertex -8.157343e+00 -2.257117e+01  2.000000e+00
     vertex -9.071201e+00 -2.221966e+01  2.000000e+00
   endloop
 endfacet
 facet normal -2.851890e-01 -6.422049e-01 -7.115055e-01
   outer loop
     vertex -8.851557e+00 -2.158922e+01  1.333333e+00
     vertex -9.969960e+00 -2.183117e+01  2.000000e+00
     vertex -1.008065e+01 -2.104340e+01  1.333333e+00
   endloop
 endfacet
 facet normal -2.870451e-01 -6.463844e-01 -7.069599e-01
   outer loop
     vertex -8.598656e+00 -2.097238e+01  6.666667e-01
     vertex -1.008065e+01 -2.104340e+01  1.333333e+00
     vertex -9.792634e+00 -2.044216e+01  6.666667e-01
   endloop
 endfacet
 facet normal -2.889144e-01 -6.505937e-01 -7.023221e-01
   outer loop
     vertex -8.598656e+00 -2.097238e+01  6.666667e-01
     vertex -9.792634e+00 -2.044216e+01  6.666667e-01
     vertex -9.061827e+00 -2.004703e+01  0.000000e+00
   endloop
 endfacet
 facet normal -2.870451e-01 -6.463844e-01 -7.069599e-01
   outer loop
     vertex -8.598656e+00 -2.097238e+01  6.666667e-01
     vertex -8.851557e+00 -2.158922e+01  1.333333e+00
     vertex -1.008065e+01 -2.104340e+01  1.333333e+00
   endloop
 endfacet
 facet normal -2.769620e-01 -6.490737e-01 -7.085163e-01
   outer loop
     vertex -8.598656e+00 -2.097238e+01  6.666667e-01
     vertex -9.061827e+00 -2.004703e+01  0.000000e+00
     vertex -8.202843e+00 -2.041356e+01  0.000000e+00
   endloop
 endfacet
 facet normal -2.504288e-01 -6.635923e-01 -7.049331e-01
   outer loop
     vertex -8.598656e+00 -2.097238e+01  6.666667e-01
     vertex -8.202843e+00 -2.041356e+01  0.000000e+00
     vertex -7.329075e+00 -2.074330e+01  0.000000e+00
   endloop
 endfacet
 facet normal -2.275227e-01 -6.721367e-01 -7.046032e-01
   outer loop
     vertex -7.593058e+00 -2.206332e+01  1.333333e+00
     vertex -7.229909e+00 -2.288511e+01  2.000000e+00
     vertex -8.157343e+00 -2.257117e+01  2.000000e+00
   endloop
 endfacet
 facet normal -2.478766e-01 -6.579931e-01 -7.110571e-01
   outer loop
     vertex -7.593058e+00 -2.206332e+01  1.333333e+00
     vertex -8.157343e+00 -2.257117e+01  2.000000e+00
     vertex -8.851557e+00 -2.158922e+01  1.333333e+00
   endloop
 endfacet
 facet normal -2.493288e-01 -6.618480e-01 -7.069599e-01
   outer loop
     vertex -7.376113e+00 -2.143294e+01  6.666667e-01
     vertex -7.593058e+00 -2.206332e+01  1.333333e+00
     vertex -8.851557e+00 -2.158922e+01  1.333333e+00
   endloop
 endfacet
 facet normal -2.493288e-01 -6.618480e-01 -7.069599e-01
   outer loop
     vertex -7.376113e+00 -2.143294e+01  6.666667e-01
     vertex -8.851557e+00 -2.158922e+01  1.333333e+00
     vertex -8.598656e+00 -2.097238e+01  6.666667e-01
   endloop
 endfacet
 facet normal -2.501623e-01 -6.640606e-01 -7.045866e-01
   outer loop
     vertex -7.376113e+00 -2.143294e+01  6.666667e-01
     vertex -8.598656e+00 -2.097238e+01  6.666667e-01
     vertex -7.329075e+00 -2.074330e+01  0.000000e+00
   endloop
 endfacet
 facet normal -2.208591e-01 -6.700420e-01 -7.087065e-01
   outer loop
     vertex -7.376113e+00 -2.143294e+01  6.666667e-01
     vertex -7.329075e+00 -2.074330e+01  0.000000e+00
     vertex -6.442101e+00 -2.103567e+01  0.000000e+00
   endloop
 endfacet
 facet normal -1.997194e-01 -6.801819e-01 -7.053118e-01
   outer loop
     vertex -6.309334e+00 -2.246412e+01  1.333333e+00
     vertex -6.290440e+00 -2.316097e+01  2.000000e+00
     vertex -7.229909e+00 -2.288511e+01  2.000000e+00
   endloop
 endfacet
 facet normal -2.092359e-01 -6.701535e-01 -7.121198e-01
   outer loop
     vertex -6.309334e+00 -2.246412e+01  1.333333e+00
     vertex -7.229909e+00 -2.288511e+01  2.000000e+00
     vertex -7.593058e+00 -2.206332e+01  1.333333e+00
   endloop
 endfacet
 facet normal -2.107843e-01 -6.751131e-01 -7.069599e-01
   outer loop
     vertex -6.309334e+00 -2.246412e+01  1.333333e+00
     vertex -7.593058e+00 -2.206332e+01  1.333333e+00
     vertex -7.376113e+00 -2.143294e+01  6.666667e-01
   endloop
 endfacet
 facet normal -2.121817e-01 -6.795885e-01 -7.022381e-01
   outer loop
     vertex -6.129068e+00 -2.182229e+01  6.666667e-01
     vertex -7.376113e+00 -2.143294e+01  6.666667e-01
     vertex -6.442101e+00 -2.103567e+01  0.000000e+00
   endloop
 endfacet
 facet normal -2.107843e-01 -6.751131e-01 -7.069599e-01
   outer loop
     vertex -6.129068e+00 -2.182229e+01  6.666667e-01
     vertex -6.309334e+00 -2.246412e+01  1.333333e+00
     vertex -7.376113e+00 -2.143294e+01  6.666667e-01
   endloop
 endfacet
 facet normal -1.919523e-01 -6.778567e-01 -7.096933e-01
   outer loop
     vertex -6.129068e+00 -2.182229e+01  6.666667e-01
     vertex -6.442101e+00 -2.103567e+01  0.000000e+00
     vertex -5.543517e+00 -2.129012e+01  0.000000e+00
   endloop
 endfacet
 facet normal -1.707890e-01 -6.836769e-01 -7.095189e-01
   outer loop
     vertex -5.004652e+00 -2.279030e+01  1.333333e+00
     vertex -5.340502e+00 -2.339827e+01  2.000000e+00
     vertex -6.290440e+00 -2.316097e+01  2.000000e+00
   endloop
 endfacet
 facet normal -1.436025e-01 -6.941432e-01 -7.053677e-01
   outer loop
     vertex -5.004652e+00 -2.279030e+01  1.333333e+00
     vertex -4.381676e+00 -2.359663e+01  2.000000e+00
     vertex -5.340502e+00 -2.339827e+01  2.000000e+00
   endloop
 endfacet
 facet normal -1.708892e-01 -6.835338e-01 -7.096326e-01
   outer loop
     vertex -5.004652e+00 -2.279030e+01  1.333333e+00
     vertex -6.290440e+00 -2.316097e+01  2.000000e+00
     vertex -6.309334e+00 -2.246412e+01  1.333333e+00
   endloop
 endfacet
 facet normal -1.715396e-01 -6.861355e-01 -7.069599e-01
   outer loop
     vertex -4.861662e+00 -2.213915e+01  6.666667e-01
     vertex -6.309334e+00 -2.246412e+01  1.333333e+00
     vertex -6.129068e+00 -2.182229e+01  6.666667e-01
   endloop
 endfacet
 facet normal -1.634206e-01 -6.871181e-01 -7.079283e-01
   outer loop
     vertex -4.861662e+00 -2.213915e+01  6.666667e-01
     vertex -5.543517e+00 -2.129012e+01  0.000000e+00
     vertex -4.634944e+00 -2.150622e+01  0.000000e+00
   endloop
 endfacet
 facet normal -1.725841e-01 -6.903133e-01 -7.026253e-01
   outer loop
     vertex -4.861662e+00 -2.213915e+01  6.666667e-01
     vertex -6.129068e+00 -2.182229e+01  6.666667e-01
     vertex -5.543517e+00 -2.129012e+01  0.000000e+00
   endloop
 endfacet
 facet normal -1.344887e-01 -6.953865e-01 -7.059393e-01
   outer loop
     vertex -4.861662e+00 -2.213915e+01  6.666667e-01
     vertex -4.634944e+00 -2.150622e+01  0.000000e+00
     vertex -3.718018e+00 -2.168355e+01  0.000000e+00
   endloop
 endfacet
 facet normal -1.715396e-01 -6.861355e-01 -7.069599e-01
   outer loop
     vertex -4.861662e+00 -2.213915e+01  6.666667e-01
     vertex -5.004652e+00 -2.279030e+01  1.333333e+00
     vertex -6.309334e+00 -2.246412e+01  1.333333e+00
   endloop
 endfacet
 facet normal -1.152970e-01 -7.001950e-01 -7.045805e-01
   outer loop
     vertex -3.683345e+00 -2.304078e+01  1.333333e+00
     vertex -3.415556e+00 -2.375571e+01  2.000000e+00
     vertex -4.381676e+00 -2.359663e+01  2.000000e+00
   endloop
 endfacet
 facet normal -1.307605e-01 -6.897903e-01 -7.121033e-01
   outer loop
     vertex -3.683345e+00 -2.304078e+01  1.333333e+00
     vertex -4.381676e+00 -2.359663e+01  2.000000e+00
     vertex -5.004652e+00 -2.279030e+01  1.333333e+00
   endloop
 endfacet
 facet normal -1.317251e-01 -6.948786e-01 -7.069599e-01
   outer loop
     vertex -3.578107e+00 -2.238247e+01  6.666667e-01
     vertex -3.683345e+00 -2.304078e+01  1.333333e+00
     vertex -5.004652e+00 -2.279030e+01  1.333333e+00
   endloop
 endfacet
 facet normal -1.043811e-01 -6.973049e-01 -7.091336e-01
   outer loop
     vertex -3.578107e+00 -2.238247e+01  6.666667e-01
     vertex -3.718018e+00 -2.168355e+01  0.000000e+00
     vertex -2.794392e+00 -2.182181e+01  0.000000e+00
   endloop
 endfacet
 facet normal -1.317251e-01 -6.948786e-01 -7.069599e-01
   outer loop
     vertex -3.578107e+00 -2.238247e+01  6.666667e-01
     vertex -5.004652e+00 -2.279030e+01  1.333333e+00
     vertex -4.861662e+00 -2.213915e+01  6.666667e-01
   endloop
 endfacet
 facet normal -1.322952e-01 -6.978859e-01 -7.038844e-01
   outer loop
     vertex -3.578107e+00 -2.238247e+01  6.666667e-01
     vertex -4.861662e+00 -2.213915e+01  6.666667e-01
     vertex -3.718018e+00 -2.168355e+01  0.000000e+00
   endloop
 endfacet
 facet normal -8.630715e-02 -7.016005e-01 -7.073244e-01
   outer loop
     vertex -2.349803e+00 -2.321471e+01  1.333333e+00
     vertex -2.443752e+00 -2.387526e+01  2.000000e+00
     vertex -3.415556e+00 -2.375571e+01  2.000000e+00
   endloop
 endfacet
 facet normal -5.766424e-02 -7.051021e-01 -7.067573e-01
   outer loop
     vertex -2.349803e+00 -2.321471e+01  1.333333e+00
     vertex -1.467880e+00 -2.395507e+01  2.000000e+00
     vertex -2.443752e+00 -2.387526e+01  2.000000e+00
   endloop
 endfacet
 facet normal -9.093205e-02 -6.971661e-01 -7.111194e-01
   outer loop
     vertex -2.349803e+00 -2.321471e+01  1.333333e+00
     vertex -3.415556e+00 -2.375571e+01  2.000000e+00
     vertex -3.683345e+00 -2.304078e+01  1.333333e+00
   endloop
 endfacet
 facet normal -9.147297e-02 -7.013133e-01 -7.069599e-01
   outer loop
     vertex -2.282665e+00 -2.255143e+01  6.666667e-01
     vertex -2.349803e+00 -2.321471e+01  1.333333e+00
     vertex -3.683345e+00 -2.304078e+01  1.333333e+00
   endloop
 endfacet
 facet normal -7.464749e-02 -7.006837e-01 -7.095562e-01
   outer loop
     vertex -2.282665e+00 -2.255143e+01  6.666667e-01
     vertex -2.794392e+00 -2.182181e+01  0.000000e+00
     vertex -1.865730e+00 -2.192074e+01  0.000000e+00
   endloop
 endfacet
 facet normal -9.147297e-02 -7.013133e-01 -7.069599e-01
   outer loop
     vertex -2.282665e+00 -2.255143e+01  6.666667e-01
     vertex -3.683345e+00 -2.304078e+01  1.333333e+00
     vertex -3.578107e+00 -2.238247e+01  6.666667e-01
   endloop
 endfacet
 facet normal -9.209780e-02 -7.061039e-01 -7.020935e-01
   outer loop
     vertex -2.282665e+00 -2.255143e+01  6.666667e-01
     vertex -3.578107e+00 -2.238247e+01  6.666667e-01
     vertex -2.794392e+00 -2.182181e+01  0.000000e+00
   endloop
 endfacet
 facet normal -2.894861e-02 -7.091327e-01 -7.044806e-01
   outer loop
     vertex -1.008454e+00 -2.331153e+01  1.333333e+00
     vertex -4.895649e-01 -2.399501e+01  2.000000e+00
     vertex -1.467880e+00 -2.395507e+01  2.000000e+00
   endloop
 endfacet
 facet normal -5.059139e-02 -7.009075e-01 -7.114557e-01
   outer loop
     vertex -1.008454e+00 -2.331153e+01  1.333333e+00
     vertex -1.467880e+00 -2.395507e+01  2.000000e+00
     vertex -2.349803e+00 -2.321471e+01  1.333333e+00
   endloop
 endfacet
 facet normal -5.091699e-02 -7.054184e-01 -7.069599e-01
   outer loop
     vertex -9.796411e-01 -2.264549e+01  6.666667e-01
     vertex -1.008454e+00 -2.331153e+01  1.333333e+00
     vertex -2.349803e+00 -2.321471e+01  1.333333e+00
   endloop
 endfacet
 facet normal -4.499144e-02 -7.055583e-01 -7.072222e-01
   outer loop
     vertex -9.796411e-01 -2.264549e+01  6.666667e-01
     vertex -1.865730e+00 -2.192074e+01  0.000000e+00
     vertex -9.337065e-01 -2.198018e+01  0.000000e+00
   endloop
 endfacet
 facet normal -1.501460e-02 -7.072295e-01 -7.068246e-01
   outer loop
     vertex -9.796411e-01 -2.264549e+01  6.666667e-01
     vertex -9.337065e-01 -2.198018e+01  0.000000e+00
     vertex  1.718180e-13 -2.200000e+01  0.000000e+00
   endloop
 endfacet
 facet normal -5.091699e-02 -7.054184e-01 -7.069599e-01
   outer loop
     vertex -9.796411e-01 -2.264549e+01  6.666667e-01
     vertex -2.349803e+00 -2.321471e+01  1.333333e+00
     vertex -2.282665e+00 -2.255143e+01  6.666667e-01
   endloop
 endfacet
 facet normal -5.119728e-02 -7.093017e-01 -7.030433e-01
   outer loop
     vertex -9.796411e-01 -2.264549e+01  6.666667e-01
     vertex -2.282665e+00 -2.255143e+01  6.666667e-01
     vertex -1.865730e+00 -2.192074e+01  0.000000e+00
   endloop
 endfacet
 facet normal -5.121209e-15 -7.084715e-01 -7.057394e-01
   outer loop
     vertex  3.362445e-01 -2.333091e+01  1.333333e+00
     vertex  4.895649e-01 -2.399501e+01  2.000000e+00
     vertex -4.895649e-01 -2.399501e+01  2.000000e+00
   endloop
 endfacet
 facet normal  2.877426e-02 -7.048616e-01 -7.087610e-01
   outer loop
     vertex  3.362445e-01 -2.333091e+01  1.333333e+00
     vertex  1.467880e+00 -2.395507e+01  2.000000e+00
     vertex  4.895649e-01 -2.399501e+01  2.000000e+00
   endloop
 endfacet
 facet normal -1.011922e-02 -7.021399e-01 -7.119671e-01
   outer loop
     vertex  3.362445e-01 -2.333091e+01  1.333333e+00
     vertex -4.895649e-01 -2.399501e+01  2.000000e+00
     vertex -1.008454e+00 -2.331153e+01  1.333333e+00
   endloop
 endfacet
 facet normal  1.495883e-02 -7.046027e-01 -7.094443e-01
   outer loop
     vertex  3.266375e-01 -2.266431e+01  6.666667e-01
     vertex  1.718180e-13 -2.200000e+01  0.000000e+00
     vertex  9.337065e-01 -2.198018e+01  0.000000e+00
   endloop
 endfacet
 facet normal -1.019186e-02 -7.071802e-01 -7.069599e-01
   outer loop
     vertex  3.266375e-01 -2.266431e+01  6.666667e-01
     vertex  3.362445e-01 -2.333091e+01  1.333333e+00
     vertex -1.008454e+00 -2.331153e+01  1.333333e+00
   endloop
 endfacet
 facet normal -1.024438e-02 -7.108241e-01 -7.032952e-01
   outer loop
     vertex  3.266375e-01 -2.266431e+01  6.666667e-01
     vertex -9.796411e-01 -2.264549e+01  6.666667e-01
     vertex  1.718180e-13 -2.200000e+01  0.000000e+00
   endloop
 endfacet
 facet normal -1.019186e-02 -7.071802e-01 -7.069599e-01
   outer loop
     vertex  3.266375e-01 -2.266431e+01  6.666667e-01
     vertex -1.008454e+00 -2.331153e+01  1.333333e+00
     vertex -9.796411e-01 -2.264549e+01  6.666667e-01
   endloop
 endfacet
 facet normal  5.780593e-02 -7.068347e-01 -7.050129e-01
   outer loop
     vertex  1.679826e+00 -2.327279e+01  1.333333e+00
     vertex  2.443752e+00 -2.387526e+01  2.000000e+00
     vertex  1.467880e+00 -2.395507e+01  2.000000e+00
   endloop
 endfacet
 facet normal  3.042773e-02 -7.033706e-01 -7.101717e-01
   outer loop
     vertex  1.679826e+00 -2.327279e+01  1.333333e+00
     vertex  1.467880e+00 -2.395507e+01  2.000000e+00
     vertex  3.362445e-01 -2.333091e+01  1.333333e+00
   endloop
 endfacet
 facet normal  4.485856e-02 -7.034745e-01 -7.093035e-01
   outer loop
     vertex  1.631831e+00 -2.260785e+01  6.666667e-01
     vertex  9.337065e-01 -2.198018e+01  0.000000e+00
     vertex  1.865730e+00 -2.192074e+01  0.000000e+00
   endloop
 endfacet
 facet normal  3.056712e-02 -7.065928e-01 -7.069599e-01
   outer loop
     vertex  1.631831e+00 -2.260785e+01  6.666667e-01
     vertex  1.679826e+00 -2.327279e+01  1.333333e+00
     vertex  3.362445e-01 -2.333091e+01  1.333333e+00
   endloop
 endfacet
 facet normal  3.077715e-02 -7.114478e-01 -7.020646e-01
   outer loop
     vertex  1.631831e+00 -2.260785e+01  6.666667e-01
     vertex  3.266375e-01 -2.266431e+01  6.666667e-01
     vertex  9.337065e-01 -2.198018e+01  0.000000e+00
   endloop
 endfacet
 facet normal  3.056712e-02 -7.065928e-01 -7.069599e-01
   outer loop
     vertex  1.631831e+00 -2.260785e+01  6.666667e-01
     vertex  3.362445e-01 -2.333091e+01  1.333333e+00
     vertex  3.266375e-01 -2.266431e+01  6.666667e-01
   endloop
 endfacet
 facet normal  8.661728e-02 -7.041217e-01 -7.047766e-01
   outer loop
     vertex  3.017827e+00 -2.313735e+01  1.333333e+00
     vertex  3.415556e+00 -2.375571e+01  2.000000e+00
     vertex  2.443752e+00 -2.387526e+01  2.000000e+00
   endloop
 endfacet
 facet normal  7.069490e-02 -6.984254e-01 -7.121827e-01
   outer loop
     vertex  3.017827e+00 -2.313735e+01  1.333333e+00
     vertex  2.443752e+00 -2.387526e+01  2.000000e+00
     vertex  1.679826e+00 -2.327279e+01  1.333333e+00
   endloop
 endfacet
 facet normal  7.122456e-02 -7.036581e-01 -7.069599e-01
   outer loop
     vertex  2.931604e+00 -2.247629e+01  6.666667e-01
     vertex  3.017827e+00 -2.313735e+01  1.333333e+00
     vertex  1.679826e+00 -2.327279e+01  1.333333e+00
   endloop
 endfacet
 facet normal  7.498300e-02 -7.038330e-01 -7.063970e-01
   outer loop
     vertex  2.931604e+00 -2.247629e+01  6.666667e-01
     vertex  1.865730e+00 -2.192074e+01  0.000000e+00
     vertex  2.794392e+00 -2.182181e+01  0.000000e+00
   endloop
 endfacet
 facet normal  1.046104e-01 -6.988369e-01 -7.075901e-01
   outer loop
     vertex  2.931604e+00 -2.247629e+01  6.666667e-01
     vertex  2.794392e+00 -2.182181e+01  0.000000e+00
     vertex  3.718018e+00 -2.168355e+01  0.000000e+00
   endloop
 endfacet
 facet normal  7.156361e-02 -7.070078e-01 -7.035756e-01
   outer loop
     vertex  2.931604e+00 -2.247629e+01  6.666667e-01
     vertex  1.631831e+00 -2.260785e+01  6.666667e-01
     vertex  1.865730e+00 -2.192074e+01  0.000000e+00
   endloop
 endfacet
 facet normal  7.122456e-02 -7.036581e-01 -7.069599e-01
   outer loop
     vertex  2.931604e+00 -2.247629e+01  6.666667e-01
     vertex  1.679826e+00 -2.327279e+01  1.333333e+00
     vertex  1.631831e+00 -2.260785e+01  6.666667e-01
   endloop
 endfacet
 facet normal  1.147324e-01 -6.967665e-01 -7.080628e-01
   outer loop
     vertex  4.345804e+00 -2.292506e+01  1.333333e+00
     vertex  4.381676e+00 -2.359663e+01  2.000000e+00
     vertex  3.415556e+00 -2.375571e+01  2.000000e+00
   endloop
 endfacet
 facet normal  1.434399e-01 -6.933573e-01 -7.061732e-01
   outer loop
     vertex  4.345804e+00 -2.292506e+01  1.333333e+00
     vertex  5.340502e+00 -2.339827e+01  2.000000e+00
     vertex  4.381676e+00 -2.359663e+01  2.000000e+00
   endloop
 endfacet
 facet normal  1.110606e-01 -6.947281e-01 -7.106465e-01
   outer loop
     vertex  4.345804e+00 -2.292506e+01  1.333333e+00
     vertex  3.415556e+00 -2.375571e+01  2.000000e+00
     vertex  3.017827e+00 -2.313735e+01  1.333333e+00
   endloop
 endfacet
 facet normal  1.116454e-01 -6.983860e-01 -7.069599e-01
   outer loop
     vertex  4.221638e+00 -2.227006e+01  6.666667e-01
     vertex  3.017827e+00 -2.313735e+01  1.333333e+00
     vertex  2.931604e+00 -2.247629e+01  6.666667e-01
   endloop
 endfacet
 facet normal  1.122948e-01 -7.024485e-01 -7.028200e-01
   outer loop
     vertex  4.221638e+00 -2.227006e+01  6.666667e-01
     vertex  2.931604e+00 -2.247629e+01  6.666667e-01
     vertex  3.718018e+00 -2.168355e+01  0.000000e+00
   endloop
 endfacet
 facet normal  1.116454e-01 -6.983860e-01 -7.069599e-01
   outer loop
     vertex  4.221638e+00 -2.227006e+01  6.666667e-01
     vertex  4.345804e+00 -2.292506e+01  1.333333e+00
     vertex  3.017827e+00 -2.313735e+01  1.333333e+00
   endloop
 endfacet
 facet normal  1.337848e-01 -6.917469e-01 -7.096392e-01
   outer loop
     vertex  4.221638e+00 -2.227006e+01  6.666667e-01
     vertex  3.718018e+00 -2.168355e+01  0.000000e+00
     vertex  4.634944e+00 -2.150622e+01  0.000000e+00
   endloop
 endfacet
 facet normal  1.720186e-01 -6.885990e-01 -7.044437e-01
   outer loop
     vertex  5.659344e+00 -2.263661e+01  1.333333e+00
     vertex  6.290440e+00 -2.316097e+01  2.000000e+00
     vertex  5.340502e+00 -2.339827e+01  2.000000e+00
   endloop
 endfacet
 facet normal  1.506575e-01 -6.860676e-01 -7.117679e-01
   outer loop
     vertex  5.659344e+00 -2.263661e+01  1.333333e+00
     vertex  5.340502e+00 -2.339827e+01  2.000000e+00
     vertex  4.345804e+00 -2.292506e+01  1.333333e+00
   endloop
 endfacet
 facet normal  1.516954e-01 -6.907939e-01 -7.069599e-01
   outer loop
     vertex  5.497648e+00 -2.198985e+01  6.666667e-01
     vertex  4.345804e+00 -2.292506e+01  1.333333e+00
     vertex  4.221638e+00 -2.227006e+01  6.666667e-01
   endloop
 endfacet
 facet normal  1.516954e-01 -6.907939e-01 -7.069599e-01
   outer loop
     vertex  5.497648e+00 -2.198985e+01  6.666667e-01
     vertex  5.659344e+00 -2.263661e+01  1.333333e+00
     vertex  4.345804e+00 -2.292506e+01  1.333333e+00
   endloop
 endfacet
 facet normal  1.527193e-01 -6.954569e-01 -7.021514e-01
   outer loop
     vertex  5.497648e+00 -2.198985e+01  6.666667e-01
     vertex  4.221638e+00 -2.227006e+01  6.666667e-01
     vertex  4.634944e+00 -2.150622e+01  0.000000e+00
   endloop
 endfacet
 facet normal  1.631869e-01 -6.861353e-01 -7.089346e-01
   outer loop
     vertex  5.497648e+00 -2.198985e+01  6.666667e-01
     vertex  4.634944e+00 -2.150622e+01  0.000000e+00
     vertex  5.543517e+00 -2.129012e+01  0.000000e+00
   endloop
 endfacet
 facet normal  1.912414e-01 -6.809071e-01 -7.069599e-01
   outer loop
     vertex  6.954084e+00 -2.227297e+01  1.333333e+00
     vertex  5.659344e+00 -2.263661e+01  1.333333e+00
     vertex  5.497648e+00 -2.198985e+01  6.666667e-01
   endloop
 endfacet
 facet normal  1.994557e-01 -6.792836e-01 -7.062515e-01
   outer loop
     vertex  6.954084e+00 -2.227297e+01  1.333333e+00
     vertex  7.229909e+00 -2.288511e+01  2.000000e+00
     vertex  6.290440e+00 -2.316097e+01  2.000000e+00
   endloop
 endfacet
 facet normal  2.264514e-01 -6.689719e-01 -7.079522e-01
   outer loop
     vertex  6.954084e+00 -2.227297e+01  1.333333e+00
     vertex  8.157343e+00 -2.257117e+01  2.000000e+00
     vertex  7.229909e+00 -2.288511e+01  2.000000e+00
   endloop
 endfacet
 facet normal  1.899438e-01 -6.762868e-01 -7.117286e-01
   outer loop
     vertex  6.954084e+00 -2.227297e+01  1.333333e+00
     vertex  6.290440e+00 -2.316097e+01  2.000000e+00
     vertex  5.659344e+00 -2.263661e+01  1.333333e+00
   endloop
 endfacet
 facet normal  1.919787e-01 -6.835322e-01 -7.042215e-01
   outer loop
     vertex  6.755396e+00 -2.163660e+01  6.666667e-01
     vertex  5.497648e+00 -2.198985e+01  6.666667e-01
     vertex  5.543517e+00 -2.129012e+01  0.000000e+00
   endloop
 endfacet
 facet normal  1.931096e-01 -6.819435e-01 -7.054514e-01
   outer loop
     vertex  6.755396e+00 -2.163660e+01  6.666667e-01
     vertex  5.543517e+00 -2.129012e+01  0.000000e+00
     vertex  6.442101e+00 -2.103567e+01  0.000000e+00
   endloop
 endfacet
 facet normal  2.210067e-01 -6.704897e-01 -7.082370e-01
   outer loop
     vertex  6.755396e+00 -2.163660e+01  6.666667e-01
     vertex  6.442101e+00 -2.103567e+01  0.000000e+00
     vertex  7.329075e+00 -2.074330e+01  0.000000e+00
   endloop
 endfacet
 facet normal  1.912414e-01 -6.809071e-01 -7.069599e-01
   outer loop
     vertex  6.755396e+00 -2.163660e+01  6.666667e-01
     vertex  6.954084e+00 -2.227297e+01  1.333333e+00
     vertex  5.497648e+00 -2.198985e+01  6.666667e-01
   endloop
 endfacet
 facet normal  2.289228e-01 -6.651860e-01 -7.107194e-01
   outer loop
     vertex  8.225724e+00 -2.183534e+01  1.333333e+00
     vertex  8.157343e+00 -2.257117e+01  2.000000e+00
     vertex  6.954084e+00 -2.227297e+01  1.333333e+00
   endloop
 endfacet
 facet normal  2.546989e-01 -6.621671e-01 -7.047434e-01
   outer loop
     vertex  8.225724e+00 -2.183534e+01  1.333333e+00
     vertex  9.071201e+00 -2.221966e+01  2.000000e+00
     vertex  8.157343e+00 -2.257117e+01  2.000000e+00
   endloop
 endfacet
 facet normal  2.301522e-01 -6.687583e-01 -7.069599e-01
   outer loop
     vertex  7.990703e+00 -2.121147e+01  6.666667e-01
     vertex  8.225724e+00 -2.183534e+01  1.333333e+00
     vertex  6.954084e+00 -2.227297e+01  1.333333e+00
   endloop
 endfacet
 facet normal  2.301522e-01 -6.687583e-01 -7.069599e-01
   outer loop
     vertex  7.990703e+00 -2.121147e+01  6.666667e-01
     vertex  6.954084e+00 -2.227297e+01  1.333333e+00
     vertex  6.755396e+00 -2.163660e+01  6.666667e-01
   endloop
 endfacet
 facet normal  2.316069e-01 -6.729853e-01 -7.024593e-01
   outer loop
     vertex  7.990703e+00 -2.121147e+01  6.666667e-01
     vertex  6.755396e+00 -2.163660e+01  6.666667e-01
     vertex  7.329075e+00 -2.074330e+01  0.000000e+00
   endloop
 endfacet
 facet normal  2.487380e-01 -6.591122e-01 -7.097186e-01
   outer loop
     vertex  7.990703e+00 -2.121147e+01  6.666667e-01
     vertex  7.329075e+00 -2.074330e+01  0.000000e+00
     vertex  8.202843e+00 -2.041356e+01  0.000000e+00
   endloop
 endfacet
 facet normal  2.682984e-01 -6.543880e-01 -7.069599e-01
   outer loop
     vertex  9.470038e+00 -2.132517e+01  1.333333e+00
     vertex  8.225724e+00 -2.183534e+01  1.333333e+00
     vertex  7.990703e+00 -2.121147e+01  6.666667e-01
   endloop
 endfacet
 facet normal  2.663056e-01 -6.495274e-01 -7.121766e-01
   outer loop
     vertex  9.470038e+00 -2.132517e+01  1.333333e+00
     vertex  9.071201e+00 -2.221966e+01  2.000000e+00
     vertex  8.225724e+00 -2.183534e+01  1.333333e+00
   endloop
 endfacet
 facet normal  2.813716e-01 -6.509399e-01 -7.050584e-01
   outer loop
     vertex  9.470038e+00 -2.132517e+01  1.333333e+00
     vertex  9.969960e+00 -2.183117e+01  2.000000e+00
     vertex  9.071201e+00 -2.221966e+01  2.000000e+00
   endloop
 endfacet
 facet normal  2.682984e-01 -6.543880e-01 -7.069599e-01
   outer loop
     vertex  9.199466e+00 -2.071588e+01  6.666667e-01
     vertex  9.470038e+00 -2.132517e+01  1.333333e+00
     vertex  7.990703e+00 -2.121147e+01  6.666667e-01
   endloop
 endfacet
 facet normal  2.700338e-01 -6.586206e-01 -7.023537e-01
   outer loop
     vertex  9.199466e+00 -2.071588e+01  6.666667e-01
     vertex  7.990703e+00 -2.121147e+01  6.666667e-01
     vertex  8.202843e+00 -2.041356e+01  0.000000e+00
   endloop
 endfacet
 facet normal  2.769884e-01 -6.491357e-01 -7.084492e-01
   outer loop
     vertex  9.199466e+00 -2.071588e+01  6.666667e-01
     vertex  8.202843e+00 -2.041356e+01  0.000000e+00
     vertex  9.061827e+00 -2.004703e+01  0.000000e+00
   endloop
 endfacet
 facet normal  3.057464e-01 -6.398451e-01 -7.050655e-01
   outer loop
     vertex  9.199466e+00 -2.071588e+01  6.666667e-01
     vertex  9.061827e+00 -2.004703e+01  0.000000e+00
     vertex  9.904482e+00 -1.964437e+01  0.000000e+00
   endloop
 endfacet
 facet normal  3.060294e-01 -6.354767e-01 -7.088832e-01
   outer loop
     vertex  1.068289e+01 -2.074416e+01  1.333333e+00
     vertex  1.085213e+01 -2.140634e+01  2.000000e+00
     vertex  9.969960e+00 -2.183117e+01  2.000000e+00
   endloop
 endfacet
 facet normal  3.332053e-01 -6.252996e-01 -7.056731e-01
   outer loop
     vertex  1.068289e+01 -2.074416e+01  1.333333e+00
     vertex  1.171623e+01 -2.094588e+01  2.000000e+00
     vertex  1.085213e+01 -2.140634e+01  2.000000e+00
   endloop
 endfacet
 facet normal  3.041972e-01 -6.350129e-01 -7.100864e-01
   outer loop
     vertex  1.068289e+01 -2.074416e+01  1.333333e+00
     vertex  9.969960e+00 -2.183117e+01  2.000000e+00
     vertex  9.470038e+00 -2.132517e+01  1.333333e+00
   endloop
 endfacet
 facet normal  3.055534e-01 -6.378439e-01 -7.069599e-01
   outer loop
     vertex  1.037767e+01 -2.015147e+01  6.666667e-01
     vertex  9.470038e+00 -2.132517e+01  1.333333e+00
     vertex  9.199466e+00 -2.071588e+01  6.666667e-01
   endloop
 endfacet
 facet normal  3.055534e-01 -6.378439e-01 -7.069599e-01
   outer loop
     vertex  1.037767e+01 -2.015147e+01  6.666667e-01
     vertex  1.068289e+01 -2.074416e+01  1.333333e+00
     vertex  9.470038e+00 -2.132517e+01  1.333333e+00
   endloop
 endfacet
 facet normal  3.066151e-01 -6.400603e-01 -7.044927e-01
   outer loop
     vertex  1.037767e+01 -2.015147e+01  6.666667e-01
     vertex  9.199466e+00 -2.071588e+01  6.666667e-01
     vertex  9.904482e+00 -1.964437e+01  0.000000e+00
   endloop
 endfacet
 facet normal  3.308917e-01 -6.230257e-01 -7.087663e-01
   outer loop
     vertex  1.037767e+01 -2.015147e+01  6.666667e-01
     vertex  9.904482e+00 -1.964437e+01  0.000000e+00
     vertex  1.072929e+01 -1.920631e+01  0.000000e+00
   endloop
 endfacet
 facet normal  3.590268e-01 -6.122006e-01 -7.044928e-01
   outer loop
     vertex  1.186026e+01 -2.009424e+01  1.333333e+00
     vertex  1.256083e+01 -2.045056e+01  2.000000e+00
     vertex  1.171623e+01 -2.094588e+01  2.000000e+00
   endloop
 endfacet
 facet normal  3.393440e-01 -6.147438e-01 -7.119941e-01
   outer loop
     vertex  1.186026e+01 -2.009424e+01  1.333333e+00
     vertex  1.171623e+01 -2.094588e+01  2.000000e+00
     vertex  1.068289e+01 -2.074416e+01  1.333333e+00
   endloop
 endfacet
 facet normal  3.417933e-01 -6.191809e-01 -7.069599e-01
   outer loop
     vertex  1.152140e+01 -1.952012e+01  6.666667e-01
     vertex  1.186026e+01 -2.009424e+01  1.333333e+00
     vertex  1.068289e+01 -2.074416e+01  1.333333e+00
   endloop
 endfacet
 facet normal  3.417933e-01 -6.191809e-01 -7.069599e-01
   outer loop
     vertex  1.152140e+01 -1.952012e+01  6.666667e-01
     vertex  1.068289e+01 -2.074416e+01  1.333333e+00
     vertex  1.037767e+01 -2.015147e+01  6.666667e-01
   endloop
 endfacet
 facet normal  3.440708e-01 -6.233067e-01 -7.022137e-01
   outer loop
     vertex  1.152140e+01 -1.952012e+01  6.666667e-01
     vertex  1.037767e+01 -2.015147e+01  6.666667e-01
     vertex  1.072929e+01 -1.920631e+01  0.000000e+00
   endloop
 endfacet
 facet normal  3.565691e-01 -6.076259e-01 -7.096825e-01
   outer loop
     vertex  1.152140e+01 -1.952012e+01  6.666667e-01
     vertex  1.072929e+01 -1.920631e+01  0.000000e+00
     vertex  1.153476e+01 -1.873364e+01  0.000000e+00
   endloop
 endfacet
 facet normal  3.745156e-01 -5.946784e-01 -7.114040e-01
   outer loop
     vertex  1.299823e+01 -1.937757e+01  1.333333e+00
     vertex  1.256083e+01 -2.045056e+01  2.000000e+00
     vertex  1.186026e+01 -2.009424e+01  1.333333e+00
   endloop
 endfacet
 facet normal  3.824309e-01 -5.950741e-01 -7.068476e-01
   outer loop
     vertex  1.299823e+01 -1.937757e+01  1.333333e+00
     vertex  1.338453e+01 -1.992121e+01  2.000000e+00
     vertex  1.256083e+01 -2.045056e+01  2.000000e+00
   endloop
 endfacet
 facet normal  4.061677e-01 -5.786707e-01 -7.072256e-01
   outer loop
     vertex  1.299823e+01 -1.937757e+01  1.333333e+00
     vertex  1.418595e+01 -1.935869e+01  2.000000e+00
     vertex  1.338453e+01 -1.992121e+01  2.000000e+00
   endloop
 endfacet
 facet normal  3.768978e-01 -5.984611e-01 -7.069599e-01
   outer loop
     vertex  1.299823e+01 -1.937757e+01  1.333333e+00
     vertex  1.186026e+01 -2.009424e+01  1.333333e+00
     vertex  1.152140e+01 -1.952012e+01  6.666667e-01
   endloop
 endfacet
 facet normal  3.768978e-01 -5.984611e-01 -7.069599e-01
   outer loop
     vertex  1.262685e+01 -1.882393e+01  6.666667e-01
     vertex  1.299823e+01 -1.937757e+01  1.333333e+00
     vertex  1.152140e+01 -1.952012e+01  6.666667e-01
   endloop
 endfacet
 facet normal  3.791686e-01 -6.020667e-01 -7.026713e-01
   outer loop
     vertex  1.262685e+01 -1.882393e+01  6.666667e-01
     vertex  1.152140e+01 -1.952012e+01  6.666667e-01
     vertex  1.153476e+01 -1.873364e+01  0.000000e+00
   endloop
 endfacet
 facet normal  3.830364e-01 -5.934951e-01 -7.078465e-01
   outer loop
     vertex  1.262685e+01 -1.882393e+01  6.666667e-01
     vertex  1.153476e+01 -1.873364e+01  0.000000e+00
     vertex  1.231945e+01 -1.822721e+01  0.000000e+00
   endloop
 endfacet
 facet normal  4.089131e-01 -5.781645e-01 -7.060566e-01
   outer loop
     vertex  1.262685e+01 -1.882393e+01  6.666667e-01
     vertex  1.231945e+01 -1.822721e+01  0.000000e+00
     vertex  1.308193e+01 -1.768794e+01  0.000000e+00
   endloop
 endfacet
 facet normal  4.310468e-01 -5.637328e-01 -7.045594e-01
   outer loop
     vertex  1.409302e+01 -1.859654e+01  1.333333e+00
     vertex  1.496376e+01 -1.876396e+01  2.000000e+00
     vertex  1.418595e+01 -1.935869e+01  2.000000e+00
   endloop
 endfacet
 facet normal  4.082859e-01 -5.722988e-01 -7.111798e-01
   outer loop
     vertex  1.409302e+01 -1.859654e+01  1.333333e+00
     vertex  1.418595e+01 -1.935869e+01  2.000000e+00
     vertex  1.299823e+01 -1.937757e+01  1.333333e+00
   endloop
 endfacet
 facet normal  4.107504e-01 -5.757533e-01 -7.069599e-01
   outer loop
     vertex  1.369037e+01 -1.806521e+01  6.666667e-01
     vertex  1.299823e+01 -1.937757e+01  1.333333e+00
     vertex  1.262685e+01 -1.882393e+01  6.666667e-01
   endloop
 endfacet
 facet normal  4.107504e-01 -5.757533e-01 -7.069599e-01
   outer loop
     vertex  1.369037e+01 -1.806521e+01  6.666667e-01
     vertex  1.409302e+01 -1.859654e+01  1.333333e+00
     vertex  1.299823e+01 -1.937757e+01  1.333333e+00
   endloop
 endfacet
 facet normal  4.125740e-01 -5.783095e-01 -7.038046e-01
   outer loop
     vertex  1.369037e+01 -1.806521e+01  6.666667e-01
     vertex  1.262685e+01 -1.882393e+01  6.666667e-01
     vertex  1.308193e+01 -1.768794e+01  0.000000e+00
   endloop
 endfacet
 facet normal  4.311704e-01 -5.578150e-01 -7.091788e-01
   outer loop
     vertex  1.369037e+01 -1.806521e+01  6.666667e-01
     vertex  1.308193e+01 -1.768794e+01  0.000000e+00
     vertex  1.382084e+01 -1.711679e+01  0.000000e+00
   endloop
 endfacet
 facet normal  4.432384e-01 -5.511328e-01 -7.069599e-01
   outer loop
     vertex  1.514100e+01 -1.775372e+01  1.333333e+00
     vertex  1.409302e+01 -1.859654e+01  1.333333e+00
     vertex  1.369037e+01 -1.806521e+01  6.666667e-01
   endloop
 endfacet
 facet normal  4.531316e-01 -5.450200e-01 -7.054253e-01
   outer loop
     vertex  1.514100e+01 -1.775372e+01  1.333333e+00
     vertex  1.571666e+01 -1.813799e+01  2.000000e+00
     vertex  1.496376e+01 -1.876396e+01  2.000000e+00
   endloop
 endfacet
 facet normal  4.723270e-01 -5.231398e-01 -7.093884e-01
   outer loop
     vertex  1.514100e+01 -1.775372e+01  1.333333e+00
     vertex  1.644340e+01 -1.748184e+01  2.000000e+00
     vertex  1.571666e+01 -1.813799e+01  2.000000e+00
   endloop
 endfacet
 facet normal  4.400044e-01 -5.471116e-01 -7.120849e-01
   outer loop
     vertex  1.514100e+01 -1.775372e+01  1.333333e+00
     vertex  1.496376e+01 -1.876396e+01  2.000000e+00
     vertex  1.409302e+01 -1.859654e+01  1.333333e+00
   endloop
 endfacet
 facet normal  4.432384e-01 -5.511328e-01 -7.069599e-01
   outer loop
     vertex  1.470840e+01 -1.724647e+01  6.666667e-01
     vertex  1.514100e+01 -1.775372e+01  1.333333e+00
     vertex  1.369037e+01 -1.806521e+01  6.666667e-01
   endloop
 endfacet
 facet normal  4.462722e-01 -5.549051e-01 -7.020836e-01
   outer loop
     vertex  1.470840e+01 -1.724647e+01  6.666667e-01
     vertex  1.369037e+01 -1.806521e+01  6.666667e-01
     vertex  1.382084e+01 -1.711679e+01  0.000000e+00
   endloop
 endfacet
 facet normal  4.542278e-01 -5.387420e-01 -7.095310e-01
   outer loop
     vertex  1.470840e+01 -1.724647e+01  6.666667e-01
     vertex  1.382084e+01 -1.711679e+01  0.000000e+00
     vertex  1.453484e+01 -1.651479e+01  0.000000e+00
   endloop
 endfacet
 facet normal  4.723921e-01 -5.226216e-01 -7.097269e-01
   outer loop
     vertex  1.613868e+01 -1.685193e+01  1.333333e+00
     vertex  1.644340e+01 -1.748184e+01  2.000000e+00
     vertex  1.514100e+01 -1.775372e+01  1.333333e+00
   endloop
 endfacet
 facet normal  4.961648e-01 -5.063912e-01 -7.052576e-01
   outer loop
     vertex  1.613868e+01 -1.685193e+01  1.333333e+00
     vertex  1.714278e+01 -1.679658e+01  2.000000e+00
     vertex  1.644340e+01 -1.748184e+01  2.000000e+00
   endloop
 endfacet
 facet normal  4.742541e-01 -5.246816e-01 -7.069599e-01
   outer loop
     vertex  1.567757e+01 -1.637045e+01  6.666667e-01
     vertex  1.613868e+01 -1.685193e+01  1.333333e+00
     vertex  1.514100e+01 -1.775372e+01  1.333333e+00
   endloop
 endfacet
 facet normal  4.742541e-01 -5.246816e-01 -7.069599e-01
   outer loop
     vertex  1.567757e+01 -1.637045e+01  6.666667e-01
     vertex  1.514100e+01 -1.775372e+01  1.333333e+00
     vertex  1.470840e+01 -1.724647e+01  6.666667e-01
   endloop
 endfacet
 facet normal  4.768248e-01 -5.275257e-01 -7.031036e-01
   outer loop
     vertex  1.567757e+01 -1.637045e+01  6.666667e-01
     vertex  1.470840e+01 -1.724647e+01  6.666667e-01
     vertex  1.453484e+01 -1.651479e+01  0.000000e+00
   endloop
 endfacet
 facet normal  4.783162e-01 -5.207562e-01 -7.071256e-01
   outer loop
     vertex  1.567757e+01 -1.637045e+01  6.666667e-01
     vertex  1.453484e+01 -1.651479e+01  0.000000e+00
     vertex  1.522266e+01 -1.588303e+01  0.000000e+00
   endloop
 endfacet
 facet normal  5.001273e-01 -5.001273e-01 -7.069268e-01
   outer loop
     vertex  1.567757e+01 -1.637045e+01  6.666667e-01
     vertex  1.522266e+01 -1.588303e+01  0.000000e+00
     vertex  1.588303e+01 -1.522266e+01  0.000000e+00
   endloop
 endfacet
 facet normal  5.168629e-01 -4.861609e-01 -7.046278e-01
   outer loop
     vertex  1.708275e+01 -1.589416e+01  1.333333e+00
     vertex  1.781362e+01 -1.608338e+01  2.000000e+00
     vertex  1.714278e+01 -1.679658e+01  2.000000e+00
   endloop
 endfacet
 facet normal  4.999833e-01 -4.928295e-01 -7.121347e-01
   outer loop
     vertex  1.708275e+01 -1.589416e+01  1.333333e+00
     vertex  1.714278e+01 -1.679658e+01  2.000000e+00
     vertex  1.613868e+01 -1.685193e+01  1.333333e+00
   endloop
 endfacet
 facet normal  5.036943e-01 -4.964874e-01 -7.069599e-01
   outer loop
     vertex  1.659467e+01 -1.544004e+01  6.666667e-01
     vertex  1.708275e+01 -1.589416e+01  1.333333e+00
     vertex  1.613868e+01 -1.685193e+01  1.333333e+00
   endloop
 endfacet
 facet normal  5.063359e-01 -4.990912e-01 -7.032296e-01
   outer loop
     vertex  1.659467e+01 -1.544004e+01  6.666667e-01
     vertex  1.567757e+01 -1.637045e+01  6.666667e-01
     vertex  1.588303e+01 -1.522266e+01  0.000000e+00
   endloop
 endfacet
 facet normal  5.036943e-01 -4.964874e-01 -7.069599e-01
   outer loop
     vertex  1.659467e+01 -1.544004e+01  6.666667e-01
     vertex  1.613868e+01 -1.685193e+01  1.333333e+00
     vertex  1.567757e+01 -1.637045e+01  6.666667e-01
   endloop
 endfacet
 facet normal  5.190201e-01 -4.767215e-01 -7.094750e-01
   outer loop
     vertex  1.659467e+01 -1.544004e+01  6.666667e-01
     vertex  1.588303e+01 -1.522266e+01  0.000000e+00
     vertex  1.651479e+01 -1.453484e+01  0.000000e+00
   endloop
 endfacet
 facet normal  5.340779e-01 -4.627812e-01 -7.075269e-01
   outer loop
     vertex  1.797007e+01 -1.488359e+01  1.333333e+00
     vertex  1.845481e+01 -1.534340e+01  2.000000e+00
     vertex  1.781362e+01 -1.608338e+01  2.000000e+00
   endloop
 endfacet
 facet normal  5.532484e-01 -4.412009e-01 -7.065819e-01
   outer loop
     vertex  1.797007e+01 -1.488359e+01  1.333333e+00
     vertex  1.906529e+01 -1.457788e+01  2.000000e+00
     vertex  1.845481e+01 -1.534340e+01  2.000000e+00
   endloop
 endfacet
 facet normal  5.284145e-01 -4.639687e-01 -7.109931e-01
   outer loop
     vertex  1.797007e+01 -1.488359e+01  1.333333e+00
     vertex  1.781362e+01 -1.608338e+01  2.000000e+00
     vertex  1.708275e+01 -1.589416e+01  1.333333e+00
   endloop
 endfacet
 facet normal  5.314613e-01 -4.666439e-01 -7.069599e-01
   outer loop
     vertex  1.745664e+01 -1.445834e+01  6.666667e-01
     vertex  1.797007e+01 -1.488359e+01  1.333333e+00
     vertex  1.708275e+01 -1.589416e+01  1.333333e+00
   endloop
 endfacet
 facet normal  5.314613e-01 -4.666439e-01 -7.069599e-01
   outer loop
     vertex  1.745664e+01 -1.445834e+01  6.666667e-01
     vertex  1.708275e+01 -1.589416e+01  1.333333e+00
     vertex  1.659467e+01 -1.544004e+01  6.666667e-01
   endloop
 endfacet
 facet normal  5.351097e-01 -4.698473e-01 -7.020691e-01
   outer loop
     vertex  1.745664e+01 -1.445834e+01  6.666667e-01
     vertex  1.659467e+01 -1.544004e+01  6.666667e-01
     vertex  1.651479e+01 -1.453484e+01  0.000000e+00
   endloop
 endfacet
 facet normal  5.389476e-01 -4.544012e-01 -7.092637e-01
   outer loop
     vertex  1.745664e+01 -1.445834e+01  6.666667e-01
     vertex  1.651479e+01 -1.453484e+01  0.000000e+00
     vertex  1.711679e+01 -1.382084e+01  0.000000e+00
   endloop
 endfacet
 facet normal  5.724868e-01 -4.195154e-01 -7.044613e-01
   outer loop
     vertex  1.879769e+01 -1.382358e+01  1.333333e+00
     vertex  1.964404e+01 -1.378811e+01  2.000000e+00
     vertex  1.906529e+01 -1.457788e+01  2.000000e+00
   endloop
 endfacet
 facet normal  5.538199e-01 -4.324060e-01 -7.115537e-01
   outer loop
     vertex  1.879769e+01 -1.382358e+01  1.333333e+00
     vertex  1.906529e+01 -1.457788e+01  2.000000e+00
     vertex  1.797007e+01 -1.488359e+01  1.333333e+00
   endloop
 endfacet
 facet normal  5.574629e-01 -4.352503e-01 -7.069599e-01
   outer loop
     vertex  1.826061e+01 -1.342862e+01  6.666667e-01
     vertex  1.879769e+01 -1.382358e+01  1.333333e+00
     vertex  1.797007e+01 -1.488359e+01  1.333333e+00
   endloop
 endfacet
 facet normal  5.574629e-01 -4.352503e-01 -7.069599e-01
   outer loop
     vertex  1.826061e+01 -1.342862e+01  6.666667e-01
     vertex  1.797007e+01 -1.488359e+01  1.333333e+00
     vertex  1.745664e+01 -1.445834e+01  6.666667e-01
   endloop
 endfacet
 facet normal  5.600584e-01 -4.372768e-01 -7.036502e-01
   outer loop
     vertex  1.826061e+01 -1.342862e+01  6.666667e-01
     vertex  1.745664e+01 -1.445834e+01  6.666667e-01
     vertex  1.711679e+01 -1.382084e+01  0.000000e+00
   endloop
 endfacet
 facet normal  5.601082e-01 -4.329430e-01 -7.062854e-01
   outer loop
     vertex  1.826061e+01 -1.342862e+01  6.666667e-01
     vertex  1.711679e+01 -1.382084e+01  0.000000e+00
     vertex  1.768794e+01 -1.308193e+01  0.000000e+00
   endloop
 endfacet
 facet normal  5.768421e-01 -4.079778e-01 -7.076774e-01
   outer loop
     vertex  1.826061e+01 -1.342862e+01  6.666667e-01
     vertex  1.768794e+01 -1.308193e+01  0.000000e+00
     vertex  1.822721e+01 -1.231945e+01  0.000000e+00
   endloop
 endfacet
 facet normal  5.879530e-01 -3.950300e-01 -7.058771e-01
   outer loop
     vertex  1.956287e+01 -1.271764e+01  1.333333e+00
     vertex  2.019008e+01 -1.297538e+01  2.000000e+00
     vertex  1.964404e+01 -1.378811e+01  2.000000e+00
   endloop
 endfacet
 facet normal  6.013225e-01 -3.693351e-01 -7.085216e-01
   outer loop
     vertex  1.956287e+01 -1.271764e+01  1.333333e+00
     vertex  2.070253e+01 -1.214106e+01  2.000000e+00
     vertex  2.019008e+01 -1.297538e+01  2.000000e+00
   endloop
 endfacet
 facet normal  5.775168e-01 -3.995770e-01 -7.119077e-01
   outer loop
     vertex  1.956287e+01 -1.271764e+01  1.333333e+00
     vertex  1.964404e+01 -1.378811e+01  2.000000e+00
     vertex  1.879769e+01 -1.382358e+01  1.333333e+00
   endloop
 endfacet
 facet normal  5.816126e-01 -4.024108e-01 -7.069599e-01
   outer loop
     vertex  1.956287e+01 -1.271764e+01  1.333333e+00
     vertex  1.879769e+01 -1.382358e+01  1.333333e+00
     vertex  1.826061e+01 -1.342862e+01  6.666667e-01
   endloop
 endfacet
 facet normal  5.850376e-01 -4.047806e-01 -7.027686e-01
   outer loop
     vertex  1.900393e+01 -1.235428e+01  6.666667e-01
     vertex  1.826061e+01 -1.342862e+01  6.666667e-01
     vertex  1.822721e+01 -1.231945e+01  0.000000e+00
   endloop
 endfacet
 facet normal  5.816126e-01 -4.024108e-01 -7.069599e-01
   outer loop
     vertex  1.900393e+01 -1.235428e+01  6.666667e-01
     vertex  1.956287e+01 -1.271764e+01  1.333333e+00
     vertex  1.826061e+01 -1.342862e+01  6.666667e-01
   endloop
 endfacet
 facet normal  5.919681e-01 -3.820509e-01 -7.096555e-01
   outer loop
     vertex  1.900393e+01 -1.235428e+01  6.666667e-01
     vertex  1.822721e+01 -1.231945e+01  0.000000e+00
     vertex  1.873364e+01 -1.153476e+01  0.000000e+00
   endloop
 endfacet
 facet normal  6.190204e-01 -3.462535e-01 -7.049272e-01
   outer loop
     vertex  2.026307e+01 -1.156946e+01  1.333333e+00
     vertex  2.118052e+01 -1.128653e+01  2.000000e+00
     vertex  2.070253e+01 -1.214106e+01  2.000000e+00
   endloop
 endfacet
 facet normal  6.009343e-01 -3.664685e-01 -7.103371e-01
   outer loop
     vertex  2.026307e+01 -1.156946e+01  1.333333e+00
     vertex  2.070253e+01 -1.214106e+01  2.000000e+00
     vertex  1.956287e+01 -1.271764e+01  1.333333e+00
   endloop
 endfacet
 facet normal  6.038303e-01 -3.682346e-01 -7.069599e-01
   outer loop
     vertex  1.968412e+01 -1.123891e+01  6.666667e-01
     vertex  2.026307e+01 -1.156946e+01  1.333333e+00
     vertex  1.956287e+01 -1.271764e+01  1.333333e+00
   endloop
 endfacet
 facet normal  6.038303e-01 -3.682346e-01 -7.069599e-01
   outer loop
     vertex  1.968412e+01 -1.123891e+01  6.666667e-01
     vertex  1.956287e+01 -1.271764e+01  1.333333e+00
     vertex  1.900393e+01 -1.235428e+01  6.666667e-01
   endloop
 endfacet
 facet normal  6.083220e-01 -3.569776e-01 -7.088804e-01
   outer loop
     vertex  1.968412e+01 -1.123891e+01  6.666667e-01
     vertex  1.873364e+01 -1.153476e+01  0.000000e+00
     vertex  1.920631e+01 -1.072929e+01  0.000000e+00
   endloop
 endfacet
 facet normal  6.078902e-01 -3.707105e-01 -7.021703e-01
   outer loop
     vertex  1.968412e+01 -1.123891e+01  6.666667e-01
     vertex  1.900393e+01 -1.235428e+01  6.666667e-01
     vertex  1.873364e+01 -1.153476e+01  0.000000e+00
   endloop
 endfacet
 facet normal  6.326982e-01 -3.207517e-01 -7.048484e-01
   outer loop
     vertex  2.089595e+01 -1.038285e+01  1.333333e+00
     vertex  2.162325e+01 -1.041321e+01  2.000000e+00
     vertex  2.118052e+01 -1.128653e+01  2.000000e+00
   endloop
 endfacet
 facet normal  6.193952e-01 -3.303567e-01 -7.121897e-01
   outer loop
     vertex  2.089595e+01 -1.038285e+01  1.333333e+00
     vertex  2.118052e+01 -1.128653e+01  2.000000e+00
     vertex  2.026307e+01 -1.156946e+01  1.333333e+00
   endloop
 endfacet
 facet normal  6.240421e-01 -3.328351e-01 -7.069599e-01
   outer loop
     vertex  2.089595e+01 -1.038285e+01  1.333333e+00
     vertex  2.026307e+01 -1.156946e+01  1.333333e+00
     vertex  1.968412e+01 -1.123891e+01  6.666667e-01
   endloop
 endfacet
 facet normal  6.263704e-01 -3.340769e-01 -7.043101e-01
   outer loop
     vertex  2.029893e+01 -1.008620e+01  6.666667e-01
     vertex  1.968412e+01 -1.123891e+01  6.666667e-01
     vertex  1.920631e+01 -1.072929e+01  0.000000e+00
   endloop
 endfacet
 facet normal  6.240421e-01 -3.328351e-01 -7.069599e-01
   outer loop
     vertex  2.029893e+01 -1.008620e+01  6.666667e-01
     vertex  2.089595e+01 -1.038285e+01  1.333333e+00
     vertex  1.968412e+01 -1.123891e+01  6.666667e-01
   endloop
 endfacet
 facet normal  6.260647e-01 -3.325058e-01 -7.053247e-01
   outer loop
     vertex  2.029893e+01 -1.008620e+01  6.666667e-01
     vertex  1.920631e+01 -1.072929e+01  0.000000e+00
     vertex  1.964437e+01 -9.904482e+00  0.000000e+00
   endloop
 endfacet
 facet normal  6.369215e-01 -3.043494e-01 -7.083096e-01
   outer loop
     vertex  2.029893e+01 -1.008620e+01  6.666667e-01
     vertex  1.964437e+01 -9.904482e+00  0.000000e+00
     vertex  2.004703e+01 -9.061827e+00  0.000000e+00
   endloop
 endfacet
 facet normal  6.421299e-01 -2.932509e-01 -7.082888e-01
   outer loop
     vertex  2.145942e+01 -9.161749e+00  1.333333e+00
     vertex  2.203000e+01 -9.522562e+00  2.000000e+00
     vertex  2.162325e+01 -1.041321e+01  2.000000e+00
   endloop
 endfacet
 facet normal  6.556560e-01 -2.676723e-01 -7.060217e-01
   outer loop
     vertex  2.145942e+01 -9.161749e+00  1.333333e+00
     vertex  2.240008e+01 -8.616065e+00  2.000000e+00
     vertex  2.203000e+01 -9.522562e+00  2.000000e+00
   endloop
 endfacet
 facet normal  6.421808e-01 -2.963300e-01 -7.069599e-01
   outer loop
     vertex  2.145942e+01 -9.161749e+00  1.333333e+00
     vertex  2.089595e+01 -1.038285e+01  1.333333e+00
     vertex  2.029893e+01 -1.008620e+01  6.666667e-01
   endloop
 endfacet
 facet normal  6.389559e-01 -2.948419e-01 -7.104954e-01
   outer loop
     vertex  2.145942e+01 -9.161749e+00  1.333333e+00
     vertex  2.162325e+01 -1.041321e+01  2.000000e+00
     vertex  2.089595e+01 -1.038285e+01  1.333333e+00
   endloop
 endfacet
 facet normal  6.462730e-01 -2.982183e-01 -7.024223e-01
   outer loop
     vertex  2.084630e+01 -8.899985e+00  6.666667e-01
     vertex  2.029893e+01 -1.008620e+01  6.666667e-01
     vertex  2.004703e+01 -9.061827e+00  0.000000e+00
   endloop
 endfacet
 facet normal  6.421808e-01 -2.963300e-01 -7.069599e-01
   outer loop
     vertex  2.084630e+01 -8.899985e+00  6.666667e-01
     vertex  2.145942e+01 -9.161749e+00  1.333333e+00
     vertex  2.029893e+01 -1.008620e+01  6.666667e-01
   endloop
 endfacet
 facet normal  6.479599e-01 -2.764867e-01 -7.097204e-01
   outer loop
     vertex  2.084630e+01 -8.899985e+00  6.666667e-01
     vertex  2.004703e+01 -9.061827e+00  0.000000e+00
     vertex  2.041356e+01 -8.202843e+00  0.000000e+00
   endloop
 endfacet
 facet normal  6.581864e-01 -2.588405e-01 -7.069599e-01
   outer loop
     vertex  2.195161e+01 -7.910212e+00  1.333333e+00
     vertex  2.145942e+01 -9.161749e+00  1.333333e+00
     vertex  2.084630e+01 -8.899985e+00  6.666667e-01
   endloop
 endfacet
 facet normal  6.674997e-01 -2.412380e-01 -7.044490e-01
   outer loop
     vertex  2.195161e+01 -7.910212e+00  1.333333e+00
     vertex  2.273287e+01 -7.695227e+00  2.000000e+00
     vertex  2.240008e+01 -8.616065e+00  2.000000e+00
   endloop
 endfacet
 facet normal  6.536140e-01 -2.570423e-01 -7.118413e-01
   outer loop
     vertex  2.195161e+01 -7.910212e+00  1.333333e+00
     vertex  2.240008e+01 -8.616065e+00  2.000000e+00
     vertex  2.145942e+01 -9.161749e+00  1.333333e+00
   endloop
 endfacet
 facet normal  6.581864e-01 -2.588405e-01 -7.069599e-01
   outer loop
     vertex  2.132442e+01 -7.684206e+00  6.666667e-01
     vertex  2.195161e+01 -7.910212e+00  1.333333e+00
     vertex  2.084630e+01 -8.899985e+00  6.666667e-01
   endloop
 endfacet
 facet normal  6.624128e-01 -2.605026e-01 -7.023871e-01
   outer loop
     vertex  2.132442e+01 -7.684206e+00  6.666667e-01
     vertex  2.084630e+01 -8.899985e+00  6.666667e-01
     vertex  2.041356e+01 -8.202843e+00  0.000000e+00
   endloop
 endfacet
 facet normal  6.603712e-01 -2.492132e-01 -7.083803e-01
   outer loop
     vertex  2.132442e+01 -7.684206e+00  6.666667e-01
     vertex  2.041356e+01 -8.202843e+00  0.000000e+00
     vertex  2.074330e+01 -7.329075e+00  0.000000e+00
   endloop
 endfacet
 facet normal  6.733746e-01 -2.219576e-01 -7.051961e-01
   outer loop
     vertex  2.132442e+01 -7.684206e+00  6.666667e-01
     vertex  2.074330e+01 -7.329075e+00  0.000000e+00
     vertex  2.103567e+01 -6.442101e+00  0.000000e+00
   endloop
 endfacet
 facet normal  6.675264e-01 -2.190215e-01 -7.116446e-01
   outer loop
     vertex  2.237087e+01 -6.632398e+00  1.333333e+00
     vertex  2.273287e+01 -7.695227e+00  2.000000e+00
     vertex  2.195161e+01 -7.910212e+00  1.333333e+00
   endloop
 endfacet
 facet normal  6.749198e-01 -2.132219e-01 -7.064133e-01
   outer loop
     vertex  2.237087e+01 -6.632398e+00  1.333333e+00
     vertex  2.302783e+01 -6.761581e+00  2.000000e+00
     vertex  2.273287e+01 -7.695227e+00  2.000000e+00
   endloop
 endfacet
 facet normal  6.817785e-01 -1.851688e-01 -7.077362e-01
   outer loop
     vertex  2.237087e+01 -6.632398e+00  1.333333e+00
     vertex  2.328446e+01 -5.816682e+00  2.000000e+00
     vertex  2.302783e+01 -6.761581e+00  2.000000e+00
   endloop
 endfacet
 facet normal  6.720055e-01 -2.204912e-01 -7.069599e-01
   outer loop
     vertex  2.173170e+01 -6.442901e+00  6.666667e-01
     vertex  2.237087e+01 -6.632398e+00  1.333333e+00
     vertex  2.195161e+01 -7.910212e+00  1.333333e+00
   endloop
 endfacet
 facet normal  6.720055e-01 -2.204912e-01 -7.069599e-01
   outer loop
     vertex  2.173170e+01 -6.442901e+00  6.666667e-01
     vertex  2.195161e+01 -7.910212e+00  1.333333e+00
     vertex  2.132442e+01 -7.684206e+00  6.666667e-01
   endloop
 endfacet
 facet normal  6.744275e-01 -2.212858e-01 -7.044005e-01
   outer loop
     vertex  2.173170e+01 -6.442901e+00  6.666667e-01
     vertex  2.132442e+01 -7.684206e+00  6.666667e-01
     vertex  2.103567e+01 -6.442101e+00  0.000000e+00
   endloop
 endfacet
 facet normal  6.786980e-01 -1.921905e-01 -7.088242e-01
   outer loop
     vertex  2.173170e+01 -6.442901e+00  6.666667e-01
     vertex  2.103567e+01 -6.442101e+00  0.000000e+00
     vertex  2.129012e+01 -5.543517e+00  0.000000e+00
   endloop
 endfacet
 facet normal  6.798035e-01 -1.804039e-01 -7.108598e-01
   outer loop
     vertex  2.271582e+01 -5.332552e+00  1.333333e+00
     vertex  2.328446e+01 -5.816682e+00  2.000000e+00
     vertex  2.237087e+01 -6.632398e+00  1.333333e+00
   endloop
 endfacet
 facet normal  6.835922e-01 -1.814094e-01 -7.069599e-01
   outer loop
     vertex  2.271582e+01 -5.332552e+00  1.333333e+00
     vertex  2.237087e+01 -6.632398e+00  1.333333e+00
     vertex  2.173170e+01 -6.442901e+00  6.666667e-01
   endloop
 endfacet
 facet normal  6.917340e-01 -1.578838e-01 -7.046821e-01
   outer loop
     vertex  2.271582e+01 -5.332552e+00  1.333333e+00
     vertex  2.350234e+01 -4.862101e+00  2.000000e+00
     vertex  2.328446e+01 -5.816682e+00  2.000000e+00
   endloop
 endfacet
 facet normal  6.854156e-01 -1.630157e-01 -7.096699e-01
   outer loop
     vertex  2.206679e+01 -5.180193e+00  6.666667e-01
     vertex  2.129012e+01 -5.543517e+00  0.000000e+00
     vertex  2.150622e+01 -4.634944e+00  0.000000e+00
   endloop
 endfacet
 facet normal  6.835922e-01 -1.814094e-01 -7.069599e-01
   outer loop
     vertex  2.206679e+01 -5.180193e+00  6.666667e-01
     vertex  2.271582e+01 -5.332552e+00  1.333333e+00
     vertex  2.173170e+01 -6.442901e+00  6.666667e-01
   endloop
 endfacet
 facet normal  6.881687e-01 -1.826238e-01 -7.021911e-01
   outer loop
     vertex  2.206679e+01 -5.180193e+00  6.666667e-01
     vertex  2.173170e+01 -6.442901e+00  6.666667e-01
     vertex  2.129012e+01 -5.543517e+00  0.000000e+00
   endloop
 endfacet
 facet normal  6.877788e-01 -1.406758e-01 -7.121591e-01
   outer loop
     vertex  2.298531e+01 -4.014991e+00  1.333333e+00
     vertex  2.350234e+01 -4.862101e+00  2.000000e+00
     vertex  2.271582e+01 -5.332552e+00  1.333333e+00
   endloop
 endfacet
 facet normal  6.929082e-01 -1.417249e-01 -7.069599e-01
   outer loop
     vertex  2.298531e+01 -4.014991e+00  1.333333e+00
     vertex  2.271582e+01 -5.332552e+00  1.333333e+00
     vertex  2.206679e+01 -5.180193e+00  6.666667e-01
   endloop
 endfacet
 facet normal  6.971365e-01 -1.294518e-01 -7.051545e-01
   outer loop
     vertex  2.298531e+01 -4.014991e+00  1.333333e+00
     vertex  2.368110e+01 -3.899427e+00  2.000000e+00
     vertex  2.350234e+01 -4.862101e+00  2.000000e+00
   endloop
 endfacet
 facet normal  6.935975e-01 -1.341427e-01 -7.077629e-01
   outer loop
     vertex  2.232858e+01 -3.900277e+00  6.666667e-01
     vertex  2.150622e+01 -4.634944e+00  0.000000e+00
     vertex  2.168355e+01 -3.718018e+00  0.000000e+00
   endloop
 endfacet
 facet normal  7.002385e-01 -1.048202e-01 -7.061719e-01
   outer loop
     vertex  2.232858e+01 -3.900277e+00  6.666667e-01
     vertex  2.168355e+01 -3.718018e+00  0.000000e+00
     vertex  2.182181e+01 -2.794392e+00  0.000000e+00
   endloop
 endfacet
 facet normal  6.929082e-01 -1.417249e-01 -7.069599e-01
   outer loop
     vertex  2.232858e+01 -3.900277e+00  6.666667e-01
     vertex  2.298531e+01 -4.014991e+00  1.333333e+00
     vertex  2.206679e+01 -5.180193e+00  6.666667e-01
   endloop
 endfacet
 facet normal  6.970365e-01 -1.425693e-01 -7.027190e-01
   outer loop
     vertex  2.232858e+01 -3.900277e+00  6.666667e-01
     vertex  2.206679e+01 -5.180193e+00  6.666667e-01
     vertex  2.150622e+01 -4.634944e+00  0.000000e+00
   endloop
 endfacet
 facet normal  6.999223e-01 -1.015697e-01 -7.069599e-01
   outer loop
     vertex  2.317844e+01 -2.684094e+00  1.333333e+00
     vertex  2.298531e+01 -4.014991e+00  1.333333e+00
     vertex  2.232858e+01 -3.900277e+00  6.666667e-01
   endloop
 endfacet
 facet normal  6.969916e-01 -1.011444e-01 -7.099102e-01
   outer loop
     vertex  2.317844e+01 -2.684094e+00  1.333333e+00
     vertex  2.368110e+01 -3.899427e+00  2.000000e+00
     vertex  2.298531e+01 -4.014991e+00  1.333333e+00
   endloop
 endfacet
 facet normal  6.978986e-01 -1.003427e-01 -7.091325e-01
   outer loop
     vertex  2.317844e+01 -2.684094e+00  1.333333e+00
     vertex  2.382044e+01 -2.930264e+00  2.000000e+00
     vertex  2.368110e+01 -3.899427e+00  2.000000e+00
   endloop
 endfacet
 facet normal  7.049811e-01 -7.215832e-02 -7.055458e-01
   outer loop
     vertex  2.317844e+01 -2.684094e+00  1.333333e+00
     vertex  2.392014e+01 -1.956223e+00  2.000000e+00
     vertex  2.382044e+01 -2.930264e+00  2.000000e+00
   endloop
 endfacet
 facet normal  7.010181e-01 -7.468311e-02 -7.092222e-01
   outer loop
     vertex  2.251620e+01 -2.607405e+00  6.666667e-01
     vertex  2.182181e+01 -2.794392e+00  0.000000e+00
     vertex  2.192074e+01 -1.865730e+00  0.000000e+00
   endloop
 endfacet
 facet normal  6.999223e-01 -1.015697e-01 -7.069599e-01
   outer loop
     vertex  2.251620e+01 -2.607405e+00  6.666667e-01
     vertex  2.317844e+01 -2.684094e+00  1.333333e+00
     vertex  2.232858e+01 -3.900277e+00  6.666667e-01
   endloop
 endfacet
 facet normal  7.031064e-01 -1.020318e-01 -7.037265e-01
   outer loop
     vertex  2.251620e+01 -2.607405e+00  6.666667e-01
     vertex  2.232858e+01 -3.900277e+00  6.666667e-01
     vertex  2.182181e+01 -2.794392e+00  0.000000e+00
   endloop
 endfacet
 facet normal  7.026012e-01 -2.025595e-02 -7.112954e-01
   outer loop
     vertex  2.329458e+01 -1.344280e+00  1.333333e+00
     vertex  2.333333e+01  0.000000e+00  1.333333e+00
     vertex  2.398003e+01 -9.789261e-01  2.000000e+00
   endloop
 endfacet
 facet normal  6.995128e-01 -6.063515e-02 -7.120430e-01
   outer loop
     vertex  2.329458e+01 -1.344280e+00  1.333333e+00
     vertex  2.392014e+01 -1.956223e+00  2.000000e+00
     vertex  2.317844e+01 -2.684094e+00  1.333333e+00
   endloop
 endfacet
 facet normal  7.083529e-01 -4.340530e-02 -7.045226e-01
   outer loop
     vertex  2.329458e+01 -1.344280e+00  1.333333e+00
     vertex  2.398003e+01 -9.789261e-01  2.000000e+00
     vertex  2.392014e+01 -1.956223e+00  2.000000e+00
   endloop
 endfacet
 facet normal  7.069599e-01 -2.038161e-02 -7.069599e-01
   outer loop
     vertex  2.329458e+01 -1.344280e+00  1.333333e+00
     vertex  2.266667e+01  0.000000e+00  6.666667e-01
     vertex  2.333333e+01  0.000000e+00  1.333333e+00
   endloop
 endfacet
 facet normal  7.032731e-01 -4.484572e-02 -7.095039e-01
   outer loop
     vertex  2.262902e+01 -1.305872e+00  6.666667e-01
     vertex  2.192074e+01 -1.865730e+00  0.000000e+00
     vertex  2.198018e+01 -9.337065e-01  0.000000e+00
   endloop
 endfacet
 facet normal  7.069599e-01 -2.038161e-02 -7.069599e-01
   outer loop
     vertex  2.262902e+01 -1.305872e+00  6.666667e-01
     vertex  2.266667e+01  0.000000e+00  6.666667e-01
     vertex  2.329458e+01 -1.344280e+00  1.333333e+00
   endloop
 endfacet
 facet normal  7.107307e-01 -2.049032e-02 -7.031657e-01
   outer loop
     vertex  2.262902e+01 -1.305872e+00  6.666667e-01
     vertex  2.198018e+01 -9.337065e-01  0.000000e+00
     vertex  2.266667e+01  0.000000e+00  6.666667e-01
   endloop
 endfacet
 facet normal  7.094422e-01 -6.149586e-02 -7.020755e-01
   outer loop
     vertex  2.262902e+01 -1.305872e+00  6.666667e-01
     vertex  2.251620e+01 -2.607405e+00  6.666667e-01
     vertex  2.192074e+01 -1.865730e+00  0.000000e+00
   endloop
 endfacet
 facet normal  7.046114e-01 -6.107712e-02 -7.069599e-01
   outer loop
     vertex  2.262902e+01 -1.305872e+00  6.666667e-01
     vertex  2.317844e+01 -2.684094e+00  1.333333e+00
     vertex  2.251620e+01 -2.607405e+00  6.666667e-01
   endloop
 endfacet
 facet normal  7.046114e-01 -6.107712e-02 -7.069599e-01
   outer loop
     vertex  2.262902e+01 -1.305872e+00  6.666667e-01
     vertex  2.329458e+01 -1.344280e+00  1.333333e+00
     vertex  2.317844e+01 -2.684094e+00  1.333333e+00
   endloop
 endfacet
 facet normal  7.070332e-01  1.442544e-02  7.070332e-01
   outer loop
     vertex  2.333333e+01  0.000000e+00  2.266667e+01
     vertex  2.400000e+01  0.000000e+00  2.200000e+01
     vertex  2.398003e+01  9.789261e-01  2.200000e+01
   endloop
 endfacet
 facet normal  7.070271e-01  1.501030e-02  7.070271e-01
   outer loop
     vertex  2.198018e+01  9.337065e-01  2.400000e+01
     vertex  2.200000e+01  0.000000e+00  2.400000e+01
     vertex  2.266667e+01  0.000000e+00  2.333333e+01
   endloop
 endfacet
 facet normal  7.070332e-01 -1.442544e-02  7.070332e-01
   outer loop
     vertex  2.333333e+01  0.000000e+00  2.266667e+01
     vertex  2.398003e+01 -9.789261e-01  2.200000e+01
     vertex  2.400000e+01  0.000000e+00  2.200000e+01
   endloop
 endfacet
 facet normal  7.070271e-01 -1.501030e-02  7.070271e-01
   outer loop
     vertex  2.200000e+01  0.000000e+00  2.400000e+01
     vertex  2.198018e+01 -9.337065e-01  2.400000e+01
     vertex  2.266667e+01  0.000000e+00  2.333333e+01
   endloop
 endfacet
 facet normal  7.083529e-01  4.340530e-02  7.045226e-01
   outer loop
     vertex  2.329458e+01  1.344280e+00  2.266667e+01
     vertex  2.398003e+01  9.789261e-01  2.200000e+01
     vertex  2.392014e+01  1.956223e+00  2.200000e+01
   endloop
 endfacet
 facet normal  7.026012e-01  2.025595e-02  7.112954e-01
   outer loop
     vertex  2.329458e+01  1.344280e+00  2.266667e+01
     vertex  2.333333e+01  0.000000e+00  2.266667e+01
     vertex  2.398003e+01  9.789261e-01  2.200000e+01
   endloop
 endfacet
 facet normal  7.069599e-01  2.038161e-02  7.069599e-01
   outer loop
     vertex  2.262902e+01  1.305872e+00  2.333333e+01
     vertex  2.266667e+01  0.000000e+00  2.333333e+01
     vertex  2.333333e+01  0.000000e+00  2.266667e+01
   endloop
 endfacet
 facet normal  7.069599e-01  2.038161e-02  7.069599e-01
   outer loop
     vertex  2.262902e+01  1.305872e+00  2.333333e+01
     vertex  2.333333e+01  0.000000e+00  2.266667e+01
     vertex  2.329458e+01  1.344280e+00  2.266667e+01
   endloop
 endfacet
 facet normal  7.107307e-01  2.049032e-02  7.031657e-01
   outer loop
     vertex  2.262902e+01  1.305872e+00  2.333333e+01
     vertex  2.198018e+01  9.337065e-01  2.400000e+01
     vertex  2.266667e+01  0.000000e+00  2.333333e+01
   endloop
 endfacet
 facet normal  7.032731e-01  4.484572e-02  7.095039e-01
   outer loop
     vertex  2.262902e+01  1.305872e+00  2.333333e+01
     vertex  2.192074e+01  1.865730e+00  2.400000e+01
     vertex  2.198018e+01  9.337065e-01  2.400000e+01
   endloop
 endfacet
 facet normal  7.049811e-01  7.215832e-02  7.055458e-01
   outer loop
     vertex  2.317844e+01  2.684094e+00  2.266667e+01
     vertex  2.392014e+01  1.956223e+00  2.200000e+01
     vertex  2.382044e+01  2.930264e+00  2.200000e+01
   endloop
 endfacet
 facet normal  6.978986e-01  1.003427e-01  7.091325e-01
   outer loop
     vertex  2.317844e+01  2.684094e+00  2.266667e+01
     vertex  2.382044e+01  2.930264e+00  2.200000e+01
     vertex  2.368110e+01  3.899427e+00  2.200000e+01
   endloop
 endfacet
 facet normal  6.995128e-01  6.063515e-02  7.120430e-01
   outer loop
     vertex  2.317844e+01  2.684094e+00  2.266667e+01
     vertex  2.329458e+01  1.344280e+00  2.266667e+01
     vertex  2.392014e+01  1.956223e+00  2.200000e+01
   endloop
 endfacet
 facet normal  7.046114e-01  6.107712e-02  7.069599e-01
   outer loop
     vertex  2.251620e+01  2.607405e+00  2.333333e+01
     vertex  2.262902e+01  1.305872e+00  2.333333e+01
     vertex  2.329458e+01  1.344280e+00  2.266667e+01
   endloop
 endfacet
 facet normal  7.094422e-01  6.149586e-02  7.020755e-01
   outer loop
     vertex  2.251620e+01  2.607405e+00  2.333333e+01
     vertex  2.192074e+01  1.865730e+00  2.400000e+01
     vertex  2.262902e+01  1.305872e+00  2.333333e+01
   endloop
 endfacet
 facet normal  7.010181e-01  7.468311e-02  7.092222e-01
   outer loop
     vertex  2.251620e+01  2.607405e+00  2.333333e+01
     vertex  2.182181e+01  2.794392e+00  2.400000e+01
     vertex  2.192074e+01  1.865730e+00  2.400000e+01
   endloop
 endfacet
 facet normal  7.046114e-01  6.107712e-02  7.069599e-01
   outer loop
     vertex  2.251620e+01  2.607405e+00  2.333333e+01
     vertex  2.329458e+01  1.344280e+00  2.266667e+01
     vertex  2.317844e+01  2.684094e+00  2.266667e+01
   endloop
 endfacet
 facet normal  6.971365e-01  1.294518e-01  7.051545e-01
   outer loop
     vertex  2.298531e+01  4.014991e+00  2.266667e+01
     vertex  2.368110e+01  3.899427e+00  2.200000e+01
     vertex  2.350234e+01  4.862101e+00  2.200000e+01
   endloop
 endfacet
 facet normal  6.969916e-01  1.011444e-01  7.099102e-01
   outer loop
     vertex  2.298531e+01  4.014991e+00  2.266667e+01
     vertex  2.317844e+01  2.684094e+00  2.266667e+01
     vertex  2.368110e+01  3.899427e+00  2.200000e+01
   endloop
 endfacet
 facet normal  7.031064e-01  1.020318e-01  7.037265e-01
   outer loop
     vertex  2.232858e+01  3.900277e+00  2.333333e+01
     vertex  2.182181e+01  2.794392e+00  2.400000e+01
     vertex  2.251620e+01  2.607405e+00  2.333333e+01
   endloop
 endfacet
 facet normal  6.999223e-01  1.015697e-01  7.069599e-01
   outer loop
     vertex  2.232858e+01  3.900277e+00  2.333333e+01
     vertex  2.251620e+01  2.607405e+00  2.333333e+01
     vertex  2.317844e+01  2.684094e+00  2.266667e+01
   endloop
 endfacet
 facet normal  6.999223e-01  1.015697e-01  7.069599e-01
   outer loop
     vertex  2.232858e+01  3.900277e+00  2.333333e+01
     vertex  2.317844e+01  2.684094e+00  2.266667e+01
     vertex  2.298531e+01  4.014991e+00  2.266667e+01
   endloop
 endfacet
 facet normal  7.002385e-01  1.048202e-01  7.061719e-01
   outer loop
     vertex  2.232858e+01  3.900277e+00  2.333333e+01
     vertex  2.168355e+01  3.718018e+00  2.400000e+01
     vertex  2.182181e+01  2.794392e+00  2.400000e+01
   endloop
 endfacet
 facet normal  6.935975e-01  1.341427e-01  7.077629e-01
   outer loop
     vertex  2.232858e+01  3.900277e+00  2.333333e+01
     vertex  2.150622e+01  4.634944e+00  2.400000e+01
     vertex  2.168355e+01  3.718018e+00  2.400000e+01
   endloop
 endfacet
 facet normal  6.917340e-01  1.578838e-01  7.046821e-01
   outer loop
     vertex  2.271582e+01  5.332552e+00  2.266667e+01
     vertex  2.350234e+01  4.862101e+00  2.200000e+01
     vertex  2.328446e+01  5.816682e+00  2.200000e+01
   endloop
 endfacet
 facet normal  6.877788e-01  1.406758e-01  7.121591e-01
   outer loop
     vertex  2.271582e+01  5.332552e+00  2.266667e+01
     vertex  2.298531e+01  4.014991e+00  2.266667e+01
     vertex  2.350234e+01  4.862101e+00  2.200000e+01
   endloop
 endfacet
 facet normal  6.929082e-01  1.417249e-01  7.069599e-01
   outer loop
     vertex  2.271582e+01  5.332552e+00  2.266667e+01
     vertex  2.232858e+01  3.900277e+00  2.333333e+01
     vertex  2.298531e+01  4.014991e+00  2.266667e+01
   endloop
 endfacet
 facet normal  6.970365e-01  1.425693e-01  7.027190e-01
   outer loop
     vertex  2.206679e+01  5.180193e+00  2.333333e+01
     vertex  2.150622e+01  4.634944e+00  2.400000e+01
     vertex  2.232858e+01  3.900277e+00  2.333333e+01
   endloop
 endfacet
 facet normal  6.854156e-01  1.630157e-01  7.096699e-01
   outer loop
     vertex  2.206679e+01  5.180193e+00  2.333333e+01
     vertex  2.129012e+01  5.543517e+00  2.400000e+01
     vertex  2.150622e+01  4.634944e+00  2.400000e+01
   endloop
 endfacet
 facet normal  6.929082e-01  1.417249e-01  7.069599e-01
   outer loop
     vertex  2.206679e+01  5.180193e+00  2.333333e+01
     vertex  2.232858e+01  3.900277e+00  2.333333e+01
     vertex  2.271582e+01  5.332552e+00  2.266667e+01
   endloop
 endfacet
 facet normal  6.817785e-01  1.851688e-01  7.077362e-01
   outer loop
     vertex  2.237087e+01  6.632398e+00  2.266667e+01
     vertex  2.328446e+01  5.816682e+00  2.200000e+01
     vertex  2.302783e+01  6.761581e+00  2.200000e+01
   endloop
 endfacet
 facet normal  6.749198e-01  2.132219e-01  7.064133e-01
   outer loop
     vertex  2.237087e+01  6.632398e+00  2.266667e+01
     vertex  2.302783e+01  6.761581e+00  2.200000e+01
     vertex  2.273287e+01  7.695227e+00  2.200000e+01
   endloop
 endfacet
 facet normal  6.835922e-01  1.814094e-01  7.069599e-01
   outer loop
     vertex  2.237087e+01  6.632398e+00  2.266667e+01
     vertex  2.206679e+01  5.180193e+00  2.333333e+01
     vertex  2.271582e+01  5.332552e+00  2.266667e+01
   endloop
 endfacet
 facet normal  6.798035e-01  1.804039e-01  7.108598e-01
   outer loop
     vertex  2.237087e+01  6.632398e+00  2.266667e+01
     vertex  2.271582e+01  5.332552e+00  2.266667e+01
     vertex  2.328446e+01  5.816682e+00  2.200000e+01
   endloop
 endfacet
 facet normal  6.881687e-01  1.826238e-01  7.021911e-01
   outer loop
     vertex  2.173170e+01  6.442901e+00  2.333333e+01
     vertex  2.129012e+01  5.543517e+00  2.400000e+01
     vertex  2.206679e+01  5.180193e+00  2.333333e+01
   endloop
 endfacet
 facet normal  6.835922e-01  1.814094e-01  7.069599e-01
   outer loop
     vertex  2.173170e+01  6.442901e+00  2.333333e+01
     vertex  2.206679e+01  5.180193e+00  2.333333e+01
     vertex  2.237087e+01  6.632398e+00  2.266667e+01
   endloop
 endfacet
 facet normal  6.786980e-01  1.921905e-01  7.088242e-01
   outer loop
     vertex  2.173170e+01  6.442901e+00  2.333333e+01
     vertex  2.103567e+01  6.442101e+00  2.400000e+01
     vertex  2.129012e+01  5.543517e+00  2.400000e+01
   endloop
 endfacet
 facet normal  6.674997e-01  2.412380e-01  7.044490e-01
   outer loop
     vertex  2.195161e+01  7.910212e+00  2.266667e+01
     vertex  2.273287e+01  7.695227e+00  2.200000e+01
     vertex  2.240008e+01  8.616065e+00  2.200000e+01
   endloop
 endfacet
 facet normal  6.675264e-01  2.190215e-01  7.116446e-01
   outer loop
     vertex  2.195161e+01  7.910212e+00  2.266667e+01
     vertex  2.237087e+01  6.632398e+00  2.266667e+01
     vertex  2.273287e+01  7.695227e+00  2.200000e+01
   endloop
 endfacet
 facet normal  6.720055e-01  2.204912e-01  7.069599e-01
   outer loop
     vertex  2.132442e+01  7.684206e+00  2.333333e+01
     vertex  2.173170e+01  6.442901e+00  2.333333e+01
     vertex  2.237087e+01  6.632398e+00  2.266667e+01
   endloop
 endfacet
 facet normal  6.733746e-01  2.219576e-01  7.051961e-01
   outer loop
     vertex  2.132442e+01  7.684206e+00  2.333333e+01
     vertex  2.074330e+01  7.329075e+00  2.400000e+01
     vertex  2.103567e+01  6.442101e+00  2.400000e+01
   endloop
 endfacet
 facet normal  6.603712e-01  2.492132e-01  7.083803e-01
   outer loop
     vertex  2.132442e+01  7.684206e+00  2.333333e+01
     vertex  2.041356e+01  8.202843e+00  2.400000e+01
     vertex  2.074330e+01  7.329075e+00  2.400000e+01
   endloop
 endfacet
 facet normal  6.744275e-01  2.212858e-01  7.044005e-01
   outer loop
     vertex  2.132442e+01  7.684206e+00  2.333333e+01
     vertex  2.103567e+01  6.442101e+00  2.400000e+01
     vertex  2.173170e+01  6.442901e+00  2.333333e+01
   endloop
 endfacet
 facet normal  6.720055e-01  2.204912e-01  7.069599e-01
   outer loop
     vertex  2.132442e+01  7.684206e+00  2.333333e+01
     vertex  2.237087e+01  6.632398e+00  2.266667e+01
     vertex  2.195161e+01  7.910212e+00  2.266667e+01
   endloop
 endfacet
 facet normal  6.556560e-01  2.676723e-01  7.060217e-01
   outer loop
     vertex  2.145942e+01  9.161749e+00  2.266667e+01
     vertex  2.240008e+01  8.616065e+00  2.200000e+01
     vertex  2.203000e+01  9.522562e+00  2.200000e+01
   endloop
 endfacet
 facet normal  6.421299e-01  2.932509e-01  7.082888e-01
   outer loop
     vertex  2.145942e+01  9.161749e+00  2.266667e+01
     vertex  2.203000e+01  9.522562e+00  2.200000e+01
     vertex  2.162325e+01  1.041321e+01  2.200000e+01
   endloop
 endfacet
 facet normal  6.536140e-01  2.570423e-01  7.118413e-01
   outer loop
     vertex  2.145942e+01  9.161749e+00  2.266667e+01
     vertex  2.195161e+01  7.910212e+00  2.266667e+01
     vertex  2.240008e+01  8.616065e+00  2.200000e+01
   endloop
 endfacet
 facet normal  6.624128e-01  2.605026e-01  7.023871e-01
   outer loop
     vertex  2.084630e+01  8.899985e+00  2.333333e+01
     vertex  2.041356e+01  8.202843e+00  2.400000e+01
     vertex  2.132442e+01  7.684206e+00  2.333333e+01
   endloop
 endfacet
 facet normal  6.581864e-01  2.588405e-01  7.069599e-01
   outer loop
     vertex  2.084630e+01  8.899985e+00  2.333333e+01
     vertex  2.132442e+01  7.684206e+00  2.333333e+01
     vertex  2.195161e+01  7.910212e+00  2.266667e+01
   endloop
 endfacet
 facet normal  6.581864e-01  2.588405e-01  7.069599e-01
   outer loop
     vertex  2.084630e+01  8.899985e+00  2.333333e+01
     vertex  2.195161e+01  7.910212e+00  2.266667e+01
     vertex  2.145942e+01  9.161749e+00  2.266667e+01
   endloop
 endfacet
 facet normal  6.479599e-01  2.764867e-01  7.097204e-01
   outer loop
     vertex  2.084630e+01  8.899985e+00  2.333333e+01
     vertex  2.004703e+01  9.061827e+00  2.400000e+01
     vertex  2.041356e+01  8.202843e+00  2.400000e+01
   endloop
 endfacet
 facet normal  6.326982e-01  3.207517e-01  7.048484e-01
   outer loop
     vertex  2.089595e+01  1.038285e+01  2.266667e+01
     vertex  2.162325e+01  1.041321e+01  2.200000e+01
     vertex  2.118052e+01  1.128653e+01  2.200000e+01
   endloop
 endfacet
 facet normal  6.389559e-01  2.948419e-01  7.104954e-01
   outer loop
     vertex  2.089595e+01  1.038285e+01  2.266667e+01
     vertex  2.145942e+01  9.161749e+00  2.266667e+01
     vertex  2.162325e+01  1.041321e+01  2.200000e+01
   endloop
 endfacet
 facet normal  6.421808e-01  2.963300e-01  7.069599e-01
   outer loop
     vertex  2.029893e+01  1.008620e+01  2.333333e+01
     vertex  2.145942e+01  9.161749e+00  2.266667e+01
     vertex  2.089595e+01  1.038285e+01  2.266667e+01
   endloop
 endfacet
 facet normal  6.369215e-01  3.043494e-01  7.083096e-01
   outer loop
     vertex  2.029893e+01  1.008620e+01  2.333333e+01
     vertex  1.964437e+01  9.904482e+00  2.400000e+01
     vertex  2.004703e+01  9.061827e+00  2.400000e+01
   endloop
 endfacet
 facet normal  6.260647e-01  3.325058e-01  7.053247e-01
   outer loop
     vertex  2.029893e+01  1.008620e+01  2.333333e+01
     vertex  1.920631e+01  1.072929e+01  2.400000e+01
     vertex  1.964437e+01  9.904482e+00  2.400000e+01
   endloop
 endfacet
 facet normal  6.421808e-01  2.963300e-01  7.069599e-01
   outer loop
     vertex  2.029893e+01  1.008620e+01  2.333333e+01
     vertex  2.084630e+01  8.899985e+00  2.333333e+01
     vertex  2.145942e+01  9.161749e+00  2.266667e+01
   endloop
 endfacet
 facet normal  6.462730e-01  2.982183e-01  7.024223e-01
   outer loop
     vertex  2.029893e+01  1.008620e+01  2.333333e+01
     vertex  2.004703e+01  9.061827e+00  2.400000e+01
     vertex  2.084630e+01  8.899985e+00  2.333333e+01
   endloop
 endfacet
 facet normal  6.193952e-01  3.303567e-01  7.121897e-01
   outer loop
     vertex  2.026307e+01  1.156946e+01  2.266667e+01
     vertex  2.089595e+01  1.038285e+01  2.266667e+01
     vertex  2.118052e+01  1.128653e+01  2.200000e+01
   endloop
 endfacet
 facet normal  6.190204e-01  3.462535e-01  7.049272e-01
   outer loop
     vertex  2.026307e+01  1.156946e+01  2.266667e+01
     vertex  2.118052e+01  1.128653e+01  2.200000e+01
     vertex  2.070253e+01  1.214106e+01  2.200000e+01
   endloop
 endfacet
 facet normal  6.240421e-01  3.328351e-01  7.069599e-01
   outer loop
     vertex  2.026307e+01  1.156946e+01  2.266667e+01
     vertex  2.029893e+01  1.008620e+01  2.333333e+01
     vertex  2.089595e+01  1.038285e+01  2.266667e+01
   endloop
 endfacet
 facet normal  6.263704e-01  3.340769e-01  7.043101e-01
   outer loop
     vertex  1.968412e+01  1.123891e+01  2.333333e+01
     vertex  1.920631e+01  1.072929e+01  2.400000e+01
     vertex  2.029893e+01  1.008620e+01  2.333333e+01
   endloop
 endfacet
 facet normal  6.240421e-01  3.328351e-01  7.069599e-01
   outer loop
     vertex  1.968412e+01  1.123891e+01  2.333333e+01
     vertex  2.029893e+01  1.008620e+01  2.333333e+01
     vertex  2.026307e+01  1.156946e+01  2.266667e+01
   endloop
 endfacet
 facet normal  6.083220e-01  3.569776e-01  7.088804e-01
   outer loop
     vertex  1.968412e+01  1.123891e+01  2.333333e+01
     vertex  1.873364e+01  1.153476e+01  2.400000e+01
     vertex  1.920631e+01  1.072929e+01  2.400000e+01
   endloop
 endfacet
 facet normal  6.013225e-01  3.693351e-01  7.085216e-01
   outer loop
     vertex  1.956287e+01  1.271764e+01  2.266667e+01
     vertex  2.070253e+01  1.214106e+01  2.200000e+01
     vertex  2.019008e+01  1.297538e+01  2.200000e+01
   endloop
 endfacet
 facet normal  5.879530e-01  3.950300e-01  7.058771e-01
   outer loop
     vertex  1.956287e+01  1.271764e+01  2.266667e+01
     vertex  2.019008e+01  1.297538e+01  2.200000e+01
     vertex  1.964404e+01  1.378811e+01  2.200000e+01
   endloop
 endfacet
 facet normal  6.009343e-01  3.664685e-01  7.103371e-01
   outer loop
     vertex  1.956287e+01  1.271764e+01  2.266667e+01
     vertex  2.026307e+01  1.156946e+01  2.266667e+01
     vertex  2.070253e+01  1.214106e+01  2.200000e+01
   endloop
 endfacet
 facet normal  6.078902e-01  3.707105e-01  7.021703e-01
   outer loop
     vertex  1.900393e+01  1.235428e+01  2.333333e+01
     vertex  1.873364e+01  1.153476e+01  2.400000e+01
     vertex  1.968412e+01  1.123891e+01  2.333333e+01
   endloop
 endfacet
 facet normal  6.038303e-01  3.682346e-01  7.069599e-01
   outer loop
     vertex  1.900393e+01  1.235428e+01  2.333333e+01
     vertex  2.026307e+01  1.156946e+01  2.266667e+01
     vertex  1.956287e+01  1.271764e+01  2.266667e+01
   endloop
 endfacet
 facet normal  5.919681e-01  3.820509e-01  7.096555e-01
   outer loop
     vertex  1.900393e+01  1.235428e+01  2.333333e+01
     vertex  1.822721e+01  1.231945e+01  2.400000e+01
     vertex  1.873364e+01  1.153476e+01  2.400000e+01
   endloop
 endfacet
 facet normal  6.038303e-01  3.682346e-01  7.069599e-01
   outer loop
     vertex  1.900393e+01  1.235428e+01  2.333333e+01
     vertex  1.968412e+01  1.123891e+01  2.333333e+01
     vertex  2.026307e+01  1.156946e+01  2.266667e+01
   endloop
 endfacet
 facet normal  5.724868e-01  4.195154e-01  7.044613e-01
   outer loop
     vertex  1.879769e+01  1.382358e+01  2.266667e+01
     vertex  1.964404e+01  1.378811e+01  2.200000e+01
     vertex  1.906529e+01  1.457788e+01  2.200000e+01
   endloop
 endfacet
 facet normal  5.775168e-01  3.995770e-01  7.119077e-01
   outer loop
     vertex  1.879769e+01  1.382358e+01  2.266667e+01
     vertex  1.956287e+01  1.271764e+01  2.266667e+01
     vertex  1.964404e+01  1.378811e+01  2.200000e+01
   endloop
 endfacet
 facet normal  5.816126e-01  4.024108e-01  7.069599e-01
   outer loop
     vertex  1.826061e+01  1.342862e+01  2.333333e+01
     vertex  1.900393e+01  1.235428e+01  2.333333e+01
     vertex  1.956287e+01  1.271764e+01  2.266667e+01
   endloop
 endfacet
 facet normal  5.850376e-01  4.047806e-01  7.027686e-01
   outer loop
     vertex  1.826061e+01  1.342862e+01  2.333333e+01
     vertex  1.822721e+01  1.231945e+01  2.400000e+01
     vertex  1.900393e+01  1.235428e+01  2.333333e+01
   endloop
 endfacet
 facet normal  5.768421e-01  4.079778e-01  7.076774e-01
   outer loop
     vertex  1.826061e+01  1.342862e+01  2.333333e+01
     vertex  1.768794e+01  1.308193e+01  2.400000e+01
     vertex  1.822721e+01  1.231945e+01  2.400000e+01
   endloop
 endfacet
 facet normal  5.601082e-01  4.329430e-01  7.062854e-01
   outer loop
     vertex  1.826061e+01  1.342862e+01  2.333333e+01
     vertex  1.711679e+01  1.382084e+01  2.400000e+01
     vertex  1.768794e+01  1.308193e+01  2.400000e+01
   endloop
 endfacet
 facet normal  5.816126e-01  4.024108e-01  7.069599e-01
   outer loop
     vertex  1.826061e+01  1.342862e+01  2.333333e+01
     vertex  1.956287e+01  1.271764e+01  2.266667e+01
     vertex  1.879769e+01  1.382358e+01  2.266667e+01
   endloop
 endfacet
 facet normal  5.532484e-01  4.412009e-01  7.065819e-01
   outer loop
     vertex  1.797007e+01  1.488359e+01  2.266667e+01
     vertex  1.906529e+01  1.457788e+01  2.200000e+01
     vertex  1.845481e+01  1.534340e+01  2.200000e+01
   endloop
 endfacet
 facet normal  5.340779e-01  4.627812e-01  7.075269e-01
   outer loop
     vertex  1.797007e+01  1.488359e+01  2.266667e+01
     vertex  1.845481e+01  1.534340e+01  2.200000e+01
     vertex  1.781362e+01  1.608338e+01  2.200000e+01
   endloop
 endfacet
 facet normal  5.538199e-01  4.324060e-01  7.115537e-01
   outer loop
     vertex  1.797007e+01  1.488359e+01  2.266667e+01
     vertex  1.879769e+01  1.382358e+01  2.266667e+01
     vertex  1.906529e+01  1.457788e+01  2.200000e+01
   endloop
 endfacet
 facet normal  5.600584e-01  4.372768e-01  7.036502e-01
   outer loop
     vertex  1.745664e+01  1.445834e+01  2.333333e+01
     vertex  1.711679e+01  1.382084e+01  2.400000e+01
     vertex  1.826061e+01  1.342862e+01  2.333333e+01
   endloop
 endfacet
 facet normal  5.574629e-01  4.352503e-01  7.069599e-01
   outer loop
     vertex  1.745664e+01  1.445834e+01  2.333333e+01
     vertex  1.826061e+01  1.342862e+01  2.333333e+01
     vertex  1.879769e+01  1.382358e+01  2.266667e+01
   endloop
 endfacet
 facet normal  5.574629e-01  4.352503e-01  7.069599e-01
   outer loop
     vertex  1.745664e+01  1.445834e+01  2.333333e+01
     vertex  1.879769e+01  1.382358e+01  2.266667e+01
     vertex  1.797007e+01  1.488359e+01  2.266667e+01
   endloop
 endfacet
 facet normal  5.389476e-01  4.544012e-01  7.092637e-01
   outer loop
     vertex  1.745664e+01  1.445834e+01  2.333333e+01
     vertex  1.651479e+01  1.453484e+01  2.400000e+01
     vertex  1.711679e+01  1.382084e+01  2.400000e+01
   endloop
 endfacet
 facet normal  5.168629e-01  4.861609e-01  7.046278e-01
   outer loop
     vertex  1.708275e+01  1.589416e+01  2.266667e+01
     vertex  1.781362e+01  1.608338e+01  2.200000e+01
     vertex  1.714278e+01  1.679658e+01  2.200000e+01
   endloop
 endfacet
 facet normal  5.284145e-01  4.639687e-01  7.109931e-01
   outer loop
     vertex  1.708275e+01  1.589416e+01  2.266667e+01
     vertex  1.797007e+01  1.488359e+01  2.266667e+01
     vertex  1.781362e+01  1.608338e+01  2.200000e+01
   endloop
 endfacet
 facet normal  5.314613e-01  4.666439e-01  7.069599e-01
   outer loop
     vertex  1.659467e+01  1.544004e+01  2.333333e+01
     vertex  1.745664e+01  1.445834e+01  2.333333e+01
     vertex  1.797007e+01  1.488359e+01  2.266667e+01
   endloop
 endfacet
 facet normal  5.190201e-01  4.767215e-01  7.094750e-01
   outer loop
     vertex  1.659467e+01  1.544004e+01  2.333333e+01
     vertex  1.588303e+01  1.522266e+01  2.400000e+01
     vertex  1.651479e+01  1.453484e+01  2.400000e+01
   endloop
 endfacet
 facet normal  5.351097e-01  4.698473e-01  7.020691e-01
   outer loop
     vertex  1.659467e+01  1.544004e+01  2.333333e+01
     vertex  1.651479e+01  1.453484e+01  2.400000e+01
     vertex  1.745664e+01  1.445834e+01  2.333333e+01
   endloop
 endfacet
 facet normal  5.314613e-01  4.666439e-01  7.069599e-01
   outer loop
     vertex  1.659467e+01  1.544004e+01  2.333333e+01
     vertex  1.797007e+01  1.488359e+01  2.266667e+01
     vertex  1.708275e+01  1.589416e+01  2.266667e+01
   endloop
 endfacet
 facet normal  5.036943e-01  4.964874e-01  7.069599e-01
   outer loop
     vertex  1.613868e+01  1.685193e+01  2.266667e+01
     vertex  1.659467e+01  1.544004e+01  2.333333e+01
     vertex  1.708275e+01  1.589416e+01  2.266667e+01
   endloop
 endfacet
 facet normal  4.961648e-01  5.063912e-01  7.052576e-01
   outer loop
     vertex  1.613868e+01  1.685193e+01  2.266667e+01
     vertex  1.714278e+01  1.679658e+01  2.200000e+01
     vertex  1.644340e+01  1.748184e+01  2.200000e+01
   endloop
 endfacet
 facet normal  4.999833e-01  4.928295e-01  7.121347e-01
   outer loop
     vertex  1.613868e+01  1.685193e+01  2.266667e+01
     vertex  1.708275e+01  1.589416e+01  2.266667e+01
     vertex  1.714278e+01  1.679658e+01  2.200000e+01
   endloop
 endfacet
 facet normal  5.063359e-01  4.990912e-01  7.032296e-01
   outer loop
     vertex  1.567757e+01  1.637045e+01  2.333333e+01
     vertex  1.588303e+01  1.522266e+01  2.400000e+01
     vertex  1.659467e+01  1.544004e+01  2.333333e+01
   endloop
 endfacet
 facet normal  5.036943e-01  4.964874e-01  7.069599e-01
   outer loop
     vertex  1.567757e+01  1.637045e+01  2.333333e+01
     vertex  1.659467e+01  1.544004e+01  2.333333e+01
     vertex  1.613868e+01  1.685193e+01  2.266667e+01
   endloop
 endfacet
 facet normal  5.001273e-01  5.001273e-01  7.069268e-01
   outer loop
     vertex  1.567757e+01  1.637045e+01  2.333333e+01
     vertex  1.522266e+01  1.588303e+01  2.400000e+01
     vertex  1.588303e+01  1.522266e+01  2.400000e+01
   endloop
 endfacet
 facet normal  4.783162e-01  5.207562e-01  7.071256e-01
   outer loop
     vertex  1.567757e+01  1.637045e+01  2.333333e+01
     vertex  1.453484e+01  1.651479e+01  2.400000e+01
     vertex  1.522266e+01  1.588303e+01  2.400000e+01
   endloop
 endfacet
 facet normal  4.723270e-01  5.231398e-01  7.093884e-01
   outer loop
     vertex  1.514100e+01  1.775372e+01  2.266667e+01
     vertex  1.644340e+01  1.748184e+01  2.200000e+01
     vertex  1.571666e+01  1.813799e+01  2.200000e+01
   endloop
 endfacet
 facet normal  4.531316e-01  5.450200e-01  7.054253e-01
   outer loop
     vertex  1.514100e+01  1.775372e+01  2.266667e+01
     vertex  1.571666e+01  1.813799e+01  2.200000e+01
     vertex  1.496376e+01  1.876396e+01  2.200000e+01
   endloop
 endfacet
 facet normal  4.723921e-01  5.226216e-01  7.097269e-01
   outer loop
     vertex  1.514100e+01  1.775372e+01  2.266667e+01
     vertex  1.613868e+01  1.685193e+01  2.266667e+01
     vertex  1.644340e+01  1.748184e+01  2.200000e+01
   endloop
 endfacet
 facet normal  4.742541e-01  5.246816e-01  7.069599e-01
   outer loop
     vertex  1.514100e+01  1.775372e+01  2.266667e+01
     vertex  1.567757e+01  1.637045e+01  2.333333e+01
     vertex  1.613868e+01  1.685193e+01  2.266667e+01
   endloop
 endfacet
 facet normal  4.742541e-01  5.246816e-01  7.069599e-01
   outer loop
     vertex  1.470840e+01  1.724647e+01  2.333333e+01
     vertex  1.567757e+01  1.637045e+01  2.333333e+01
     vertex  1.514100e+01  1.775372e+01  2.266667e+01
   endloop
 endfacet
 facet normal  4.542278e-01  5.387420e-01  7.095310e-01
   outer loop
     vertex  1.470840e+01  1.724647e+01  2.333333e+01
     vertex  1.382084e+01  1.711679e+01  2.400000e+01
     vertex  1.453484e+01  1.651479e+01  2.400000e+01
   endloop
 endfacet
 facet normal  4.768248e-01  5.275257e-01  7.031036e-01
   outer loop
     vertex  1.470840e+01  1.724647e+01  2.333333e+01
     vertex  1.453484e+01  1.651479e+01  2.400000e+01
     vertex  1.567757e+01  1.637045e+01  2.333333e+01
   endloop
 endfacet
 facet normal  4.400044e-01  5.471116e-01  7.120849e-01
   outer loop
     vertex  1.409302e+01  1.859654e+01  2.266667e+01
     vertex  1.514100e+01  1.775372e+01  2.266667e+01
     vertex  1.496376e+01  1.876396e+01  2.200000e+01
   endloop
 endfacet
 facet normal  4.310468e-01  5.637328e-01  7.045594e-01
   outer loop
     vertex  1.409302e+01  1.859654e+01  2.266667e+01
     vertex  1.496376e+01  1.876396e+01  2.200000e+01
     vertex  1.418595e+01  1.935869e+01  2.200000e+01
   endloop
 endfacet
 facet normal  4.432384e-01  5.511328e-01  7.069599e-01
   outer loop
     vertex  1.369037e+01  1.806521e+01  2.333333e+01
     vertex  1.470840e+01  1.724647e+01  2.333333e+01
     vertex  1.514100e+01  1.775372e+01  2.266667e+01
   endloop
 endfacet
 facet normal  4.462722e-01  5.549051e-01  7.020836e-01
   outer loop
     vertex  1.369037e+01  1.806521e+01  2.333333e+01
     vertex  1.382084e+01  1.711679e+01  2.400000e+01
     vertex  1.470840e+01  1.724647e+01  2.333333e+01
   endloop
 endfacet
 facet normal  4.432384e-01  5.511328e-01  7.069599e-01
   outer loop
     vertex  1.369037e+01  1.806521e+01  2.333333e+01
     vertex  1.514100e+01  1.775372e+01  2.266667e+01
     vertex  1.409302e+01  1.859654e+01  2.266667e+01
   endloop
 endfacet
 facet normal  4.311704e-01  5.578150e-01  7.091788e-01
   outer loop
     vertex  1.369037e+01  1.806521e+01  2.333333e+01
     vertex  1.308193e+01  1.768794e+01  2.400000e+01
     vertex  1.382084e+01  1.711679e+01  2.400000e+01
   endloop
 endfacet
 facet normal  4.107504e-01  5.757533e-01  7.069599e-01
   outer loop
     vertex  1.299823e+01  1.937757e+01  2.266667e+01
     vertex  1.369037e+01  1.806521e+01  2.333333e+01
     vertex  1.409302e+01  1.859654e+01  2.266667e+01
   endloop
 endfacet
 facet normal  4.061677e-01  5.786707e-01  7.072256e-01
   outer loop
     vertex  1.299823e+01  1.937757e+01  2.266667e+01
     vertex  1.418595e+01  1.935869e+01  2.200000e+01
     vertex  1.338453e+01  1.992121e+01  2.200000e+01
   endloop
 endfacet
 facet normal  3.824309e-01  5.950741e-01  7.068476e-01
   outer loop
     vertex  1.299823e+01  1.937757e+01  2.266667e+01
     vertex  1.338453e+01  1.992121e+01  2.200000e+01
     vertex  1.256083e+01  2.045056e+01  2.200000e+01
   endloop
 endfacet
 facet normal  4.082859e-01  5.722988e-01  7.111798e-01
   outer loop
     vertex  1.299823e+01  1.937757e+01  2.266667e+01
     vertex  1.409302e+01  1.859654e+01  2.266667e+01
     vertex  1.418595e+01  1.935869e+01  2.200000e+01
   endloop
 endfacet
 facet normal  4.125740e-01  5.783095e-01  7.038046e-01
   outer loop
     vertex  1.262685e+01  1.882393e+01  2.333333e+01
     vertex  1.308193e+01  1.768794e+01  2.400000e+01
     vertex  1.369037e+01  1.806521e+01  2.333333e+01
   endloop
 endfacet
 facet normal  4.107504e-01  5.757533e-01  7.069599e-01
   outer loop
     vertex  1.262685e+01  1.882393e+01  2.333333e+01
     vertex  1.369037e+01  1.806521e+01  2.333333e+01
     vertex  1.299823e+01  1.937757e+01  2.266667e+01
   endloop
 endfacet
 facet normal  4.089131e-01  5.781645e-01  7.060566e-01
   outer loop
     vertex  1.262685e+01  1.882393e+01  2.333333e+01
     vertex  1.231945e+01  1.822721e+01  2.400000e+01
     vertex  1.308193e+01  1.768794e+01  2.400000e+01
   endloop
 endfacet
 facet normal  3.830364e-01  5.934951e-01  7.078465e-01
   outer loop
     vertex  1.262685e+01  1.882393e+01  2.333333e+01
     vertex  1.153476e+01  1.873364e+01  2.400000e+01
     vertex  1.231945e+01  1.822721e+01  2.400000e+01
   endloop
 endfacet
 facet normal  3.590268e-01  6.122006e-01  7.044928e-01
   outer loop
     vertex  1.186026e+01  2.009424e+01  2.266667e+01
     vertex  1.256083e+01  2.045056e+01  2.200000e+01
     vertex  1.171623e+01  2.094588e+01  2.200000e+01
   endloop
 endfacet
 facet normal  3.745156e-01  5.946784e-01  7.114040e-01
   outer loop
     vertex  1.186026e+01  2.009424e+01  2.266667e+01
     vertex  1.299823e+01  1.937757e+01  2.266667e+01
     vertex  1.256083e+01  2.045056e+01  2.200000e+01
   endloop
 endfacet
 facet normal  3.768978e-01  5.984611e-01  7.069599e-01
   outer loop
     vertex  1.152140e+01  1.952012e+01  2.333333e+01
     vertex  1.262685e+01  1.882393e+01  2.333333e+01
     vertex  1.299823e+01  1.937757e+01  2.266667e+01
   endloop
 endfacet
 facet normal  3.791686e-01  6.020667e-01  7.026713e-01
   outer loop
     vertex  1.152140e+01  1.952012e+01  2.333333e+01
     vertex  1.153476e+01  1.873364e+01  2.400000e+01
     vertex  1.262685e+01  1.882393e+01  2.333333e+01
   endloop
 endfacet
 facet normal  3.565691e-01  6.076259e-01  7.096825e-01
   outer loop
     vertex  1.152140e+01  1.952012e+01  2.333333e+01
     vertex  1.072929e+01  1.920631e+01  2.400000e+01
     vertex  1.153476e+01  1.873364e+01  2.400000e+01
   endloop
 endfacet
 facet normal  3.768978e-01  5.984611e-01  7.069599e-01
   outer loop
     vertex  1.152140e+01  1.952012e+01  2.333333e+01
     vertex  1.299823e+01  1.937757e+01  2.266667e+01
     vertex  1.186026e+01  2.009424e+01  2.266667e+01
   endloop
 endfacet
 facet normal  3.417933e-01  6.191809e-01  7.069599e-01
   outer loop
     vertex  1.068289e+01  2.074416e+01  2.266667e+01
     vertex  1.152140e+01  1.952012e+01  2.333333e+01
     vertex  1.186026e+01  2.009424e+01  2.266667e+01
   endloop
 endfacet
 facet normal  3.332053e-01  6.252996e-01  7.056731e-01
   outer loop
     vertex  1.068289e+01  2.074416e+01  2.266667e+01
     vertex  1.171623e+01  2.094588e+01  2.200000e+01
     vertex  1.085213e+01  2.140634e+01  2.200000e+01
   endloop
 endfacet
 facet normal  3.060294e-01  6.354767e-01  7.088832e-01
   outer loop
     vertex  1.068289e+01  2.074416e+01  2.266667e+01
     vertex  1.085213e+01  2.140634e+01  2.200000e+01
     vertex  9.969960e+00  2.183117e+01  2.200000e+01
   endloop
 endfacet
 facet normal  3.393440e-01  6.147438e-01  7.119941e-01
   outer loop
     vertex  1.068289e+01  2.074416e+01  2.266667e+01
     vertex  1.186026e+01  2.009424e+01  2.266667e+01
     vertex  1.171623e+01  2.094588e+01  2.200000e+01
   endloop
 endfacet
 facet normal  3.440708e-01  6.233067e-01  7.022137e-01
   outer loop
     vertex  1.037767e+01  2.015147e+01  2.333333e+01
     vertex  1.072929e+01  1.920631e+01  2.400000e+01
     vertex  1.152140e+01  1.952012e+01  2.333333e+01
   endloop
 endfacet
 facet normal  3.417933e-01  6.191809e-01  7.069599e-01
   outer loop
     vertex  1.037767e+01  2.015147e+01  2.333333e+01
     vertex  1.152140e+01  1.952012e+01  2.333333e+01
     vertex  1.068289e+01  2.074416e+01  2.266667e+01
   endloop
 endfacet
 facet normal  3.308917e-01  6.230257e-01  7.087663e-01
   outer loop
     vertex  1.037767e+01  2.015147e+01  2.333333e+01
     vertex  9.904482e+00  1.964437e+01  2.400000e+01
     vertex  1.072929e+01  1.920631e+01  2.400000e+01
   endloop
 endfacet
 facet normal  2.813716e-01  6.509399e-01  7.050584e-01
   outer loop
     vertex  9.470038e+00  2.132517e+01  2.266667e+01
     vertex  9.969960e+00  2.183117e+01  2.200000e+01
     vertex  9.071201e+00  2.221966e+01  2.200000e+01
   endloop
 endfacet
 facet normal  3.041972e-01  6.350129e-01  7.100864e-01
   outer loop
     vertex  9.470038e+00  2.132517e+01  2.266667e+01
     vertex  1.068289e+01  2.074416e+01  2.266667e+01
     vertex  9.969960e+00  2.183117e+01  2.200000e+01
   endloop
 endfacet
 facet normal  3.055534e-01  6.378439e-01  7.069599e-01
   outer loop
     vertex  9.199466e+00  2.071588e+01  2.333333e+01
     vertex  1.037767e+01  2.015147e+01  2.333333e+01
     vertex  1.068289e+01  2.074416e+01  2.266667e+01
   endloop
 endfacet
 facet normal  3.055534e-01  6.378439e-01  7.069599e-01
   outer loop
     vertex  9.199466e+00  2.071588e+01  2.333333e+01
     vertex  1.068289e+01  2.074416e+01  2.266667e+01
     vertex  9.470038e+00  2.132517e+01  2.266667e+01
   endloop
 endfacet
 facet normal  3.066151e-01  6.400603e-01  7.044927e-01
   outer loop
     vertex  9.199466e+00  2.071588e+01  2.333333e+01
     vertex  9.904482e+00  1.964437e+01  2.400000e+01
     vertex  1.037767e+01  2.015147e+01  2.333333e+01
   endloop
 endfacet
 facet normal  3.057464e-01  6.398451e-01  7.050655e-01
   outer loop
     vertex  9.199466e+00  2.071588e+01  2.333333e+01
     vertex  9.061827e+00  2.004703e+01  2.400000e+01
     vertex  9.904482e+00  1.964437e+01  2.400000e+01
   endloop
 endfacet
 facet normal  2.769884e-01  6.491357e-01  7.084492e-01
   outer loop
     vertex  9.199466e+00  2.071588e+01  2.333333e+01
     vertex  8.202843e+00  2.041356e+01  2.400000e+01
     vertex  9.061827e+00  2.004703e+01  2.400000e+01
   endloop
 endfacet
 facet normal  2.546989e-01  6.621671e-01  7.047434e-01
   outer loop
     vertex  8.225724e+00  2.183534e+01  2.266667e+01
     vertex  9.071201e+00  2.221966e+01  2.200000e+01
     vertex  8.157343e+00  2.257117e+01  2.200000e+01
   endloop
 endfacet
 facet normal  2.663056e-01  6.495274e-01  7.121766e-01
   outer loop
     vertex  8.225724e+00  2.183534e+01  2.266667e+01
     vertex  9.470038e+00  2.132517e+01  2.266667e+01
     vertex  9.071201e+00  2.221966e+01  2.200000e+01
   endloop
 endfacet
 facet normal  2.682984e-01  6.543880e-01  7.069599e-01
   outer loop
     vertex  7.990703e+00  2.121147e+01  2.333333e+01
     vertex  9.199466e+00  2.071588e+01  2.333333e+01
     vertex  9.470038e+00  2.132517e+01  2.266667e+01
   endloop
 endfacet
 facet normal  2.700338e-01  6.586206e-01  7.023537e-01
   outer loop
     vertex  7.990703e+00  2.121147e+01  2.333333e+01
     vertex  8.202843e+00  2.041356e+01  2.400000e+01
     vertex  9.199466e+00  2.071588e+01  2.333333e+01
   endloop
 endfacet
 facet normal  2.682984e-01  6.543880e-01  7.069599e-01
   outer loop
     vertex  7.990703e+00  2.121147e+01  2.333333e+01
     vertex  9.470038e+00  2.132517e+01  2.266667e+01
     vertex  8.225724e+00  2.183534e+01  2.266667e+01
   endloop
 endfacet
 facet normal  2.487380e-01  6.591122e-01  7.097186e-01
   outer loop
     vertex  7.990703e+00  2.121147e+01  2.333333e+01
     vertex  7.329075e+00  2.074330e+01  2.400000e+01
     vertex  8.202843e+00  2.041356e+01  2.400000e+01
   endloop
 endfacet
 facet normal  2.301522e-01  6.687583e-01  7.069599e-01
   outer loop
     vertex  6.954084e+00  2.227297e+01  2.266667e+01
     vertex  7.990703e+00  2.121147e+01  2.333333e+01
     vertex  8.225724e+00  2.183534e+01  2.266667e+01
   endloop
 endfacet
 facet normal  2.264514e-01  6.689719e-01  7.079522e-01
   outer loop
     vertex  6.954084e+00  2.227297e+01  2.266667e+01
     vertex  8.157343e+00  2.257117e+01  2.200000e+01
     vertex  7.229909e+00  2.288511e+01  2.200000e+01
   endloop
 endfacet
 facet normal  1.994557e-01  6.792836e-01  7.062515e-01
   outer loop
     vertex  6.954084e+00  2.227297e+01  2.266667e+01
     vertex  7.229909e+00  2.288511e+01  2.200000e+01
     vertex  6.290440e+00  2.316097e+01  2.200000e+01
   endloop
 endfacet
 facet normal  2.289228e-01  6.651860e-01  7.107194e-01
   outer loop
     vertex  6.954084e+00  2.227297e+01  2.266667e+01
     vertex  8.225724e+00  2.183534e+01  2.266667e+01
     vertex  8.157343e+00  2.257117e+01  2.200000e+01
   endloop
 endfacet
 facet normal  2.301522e-01  6.687583e-01  7.069599e-01
   outer loop
     vertex  6.755396e+00  2.163660e+01  2.333333e+01
     vertex  7.990703e+00  2.121147e+01  2.333333e+01
     vertex  6.954084e+00  2.227297e+01  2.266667e+01
   endloop
 endfacet
 facet normal  2.316069e-01  6.729853e-01  7.024593e-01
   outer loop
     vertex  6.755396e+00  2.163660e+01  2.333333e+01
     vertex  7.329075e+00  2.074330e+01  2.400000e+01
     vertex  7.990703e+00  2.121147e+01  2.333333e+01
   endloop
 endfacet
 facet normal  2.210067e-01  6.704897e-01  7.082370e-01
   outer loop
     vertex  6.755396e+00  2.163660e+01  2.333333e+01
     vertex  6.442101e+00  2.103567e+01  2.400000e+01
     vertex  7.329075e+00  2.074330e+01  2.400000e+01
   endloop
 endfacet
 facet normal  1.931096e-01  6.819435e-01  7.054514e-01
   outer loop
     vertex  6.755396e+00  2.163660e+01  2.333333e+01
     vertex  5.543517e+00  2.129012e+01  2.400000e+01
     vertex  6.442101e+00  2.103567e+01  2.400000e+01
   endloop
 endfacet
 facet normal  1.899438e-01  6.762868e-01  7.117286e-01
   outer loop
     vertex  5.659344e+00  2.263661e+01  2.266667e+01
     vertex  6.954084e+00  2.227297e+01  2.266667e+01
     vertex  6.290440e+00  2.316097e+01  2.200000e+01
   endloop
 endfacet
 facet normal  1.720186e-01  6.885990e-01  7.044437e-01
   outer loop
     vertex  5.659344e+00  2.263661e+01  2.266667e+01
     vertex  6.290440e+00  2.316097e+01  2.200000e+01
     vertex  5.340502e+00  2.339827e+01  2.200000e+01
   endloop
 endfacet
 facet normal  1.912414e-01  6.809071e-01  7.069599e-01
   outer loop
     vertex  5.497648e+00  2.198985e+01  2.333333e+01
     vertex  6.755396e+00  2.163660e+01  2.333333e+01
     vertex  6.954084e+00  2.227297e+01  2.266667e+01
   endloop
 endfacet
 facet normal  1.919787e-01  6.835322e-01  7.042215e-01
   outer loop
     vertex  5.497648e+00  2.198985e+01  2.333333e+01
     vertex  5.543517e+00  2.129012e+01  2.400000e+01
     vertex  6.755396e+00  2.163660e+01  2.333333e+01
   endloop
 endfacet
 facet normal  1.912414e-01  6.809071e-01  7.069599e-01
   outer loop
     vertex  5.497648e+00  2.198985e+01  2.333333e+01
     vertex  6.954084e+00  2.227297e+01  2.266667e+01
     vertex  5.659344e+00  2.263661e+01  2.266667e+01
   endloop
 endfacet
 facet normal  1.631869e-01  6.861353e-01  7.089346e-01
   outer loop
     vertex  5.497648e+00  2.198985e+01  2.333333e+01
     vertex  4.634944e+00  2.150622e+01  2.400000e+01
     vertex  5.543517e+00  2.129012e+01  2.400000e+01
   endloop
 endfacet
 facet normal  1.516954e-01  6.907939e-01  7.069599e-01
   outer loop
     vertex  4.345804e+00  2.292506e+01  2.266667e+01
     vertex  5.497648e+00  2.198985e+01  2.333333e+01
     vertex  5.659344e+00  2.263661e+01  2.266667e+01
   endloop
 endfacet
 facet normal  1.506575e-01  6.860676e-01  7.117679e-01
   outer loop
     vertex  4.345804e+00  2.292506e+01  2.266667e+01
     vertex  5.659344e+00  2.263661e+01  2.266667e+01
     vertex  5.340502e+00  2.339827e+01  2.200000e+01
   endloop
 endfacet
 facet normal  1.434399e-01  6.933573e-01  7.061732e-01
   outer loop
     vertex  4.345804e+00  2.292506e+01  2.266667e+01
     vertex  5.340502e+00  2.339827e+01  2.200000e+01
     vertex  4.381676e+00  2.359663e+01  2.200000e+01
   endloop
 endfacet
 facet normal  1.147324e-01  6.967665e-01  7.080628e-01
   outer loop
     vertex  4.345804e+00  2.292506e+01  2.266667e+01
     vertex  4.381676e+00  2.359663e+01  2.200000e+01
     vertex  3.415556e+00  2.375571e+01  2.200000e+01
   endloop
 endfacet
 facet normal  1.527193e-01  6.954569e-01  7.021514e-01
   outer loop
     vertex  4.221638e+00  2.227006e+01  2.333333e+01
     vertex  4.634944e+00  2.150622e+01  2.400000e+01
     vertex  5.497648e+00  2.198985e+01  2.333333e+01
   endloop
 endfacet
 facet normal  1.516954e-01  6.907939e-01  7.069599e-01
   outer loop
     vertex  4.221638e+00  2.227006e+01  2.333333e+01
     vertex  5.497648e+00  2.198985e+01  2.333333e+01
     vertex  4.345804e+00  2.292506e+01  2.266667e+01
   endloop
 endfacet
 facet normal  1.337848e-01  6.917469e-01  7.096392e-01
   outer loop
     vertex  4.221638e+00  2.227006e+01  2.333333e+01
     vertex  3.718018e+00  2.168355e+01  2.400000e+01
     vertex  4.634944e+00  2.150622e+01  2.400000e+01
   endloop
 endfacet
 facet normal  1.110606e-01  6.947281e-01  7.106465e-01
   outer loop
     vertex  3.017827e+00  2.313735e+01  2.266667e+01
     vertex  4.345804e+00  2.292506e+01  2.266667e+01
     vertex  3.415556e+00  2.375571e+01  2.200000e+01
   endloop
 endfacet
 facet normal  8.661728e-02  7.041217e-01  7.047766e-01
   outer loop
     vertex  3.017827e+00  2.313735e+01  2.266667e+01
     vertex  3.415556e+00  2.375571e+01  2.200000e+01
     vertex  2.443752e+00  2.387526e+01  2.200000e+01
   endloop
 endfacet
 facet normal  1.122948e-01  7.024485e-01  7.028200e-01
   outer loop
     vertex  2.931604e+00  2.247629e+01  2.333333e+01
     vertex  3.718018e+00  2.168355e+01  2.400000e+01
     vertex  4.221638e+00  2.227006e+01  2.333333e+01
   endloop
 endfacet
 facet normal  1.116454e-01  6.983860e-01  7.069599e-01
   outer loop
     vertex  2.931604e+00  2.247629e+01  2.333333e+01
     vertex  4.221638e+00  2.227006e+01  2.333333e+01
     vertex  4.345804e+00  2.292506e+01  2.266667e+01
   endloop
 endfacet
 facet normal  1.046104e-01  6.988369e-01  7.075901e-01
   outer loop
     vertex  2.931604e+00  2.247629e+01  2.333333e+01
     vertex  2.794392e+00  2.182181e+01  2.400000e+01
     vertex  3.718018e+00  2.168355e+01  2.400000e+01
   endloop
 endfacet
 facet normal  7.498300e-02  7.038330e-01  7.063970e-01
   outer loop
     vertex  2.931604e+00  2.247629e+01  2.333333e+01
     vertex  1.865730e+00  2.192074e+01  2.400000e+01
     vertex  2.794392e+00  2.182181e+01  2.400000e+01
   endloop
 endfacet
 facet normal  1.116454e-01  6.983860e-01  7.069599e-01
   outer loop
     vertex  2.931604e+00  2.247629e+01  2.333333e+01
     vertex  4.345804e+00  2.292506e+01  2.266667e+01
     vertex  3.017827e+00  2.313735e+01  2.266667e+01
   endloop
 endfacet
 facet normal  5.780593e-02  7.068347e-01  7.050129e-01
   outer loop
     vertex  1.679826e+00  2.327279e+01  2.266667e+01
     vertex  2.443752e+00  2.387526e+01  2.200000e+01
     vertex  1.467880e+00  2.395507e+01  2.200000e+01
   endloop
 endfacet
 facet normal  7.069490e-02  6.984254e-01  7.121827e-01
   outer loop
     vertex  1.679826e+00  2.327279e+01  2.266667e+01
     vertex  3.017827e+00  2.313735e+01  2.266667e+01
     vertex  2.443752e+00  2.387526e+01  2.200000e+01
   endloop
 endfacet
 facet normal  7.156361e-02  7.070078e-01  7.035756e-01
   outer loop
     vertex  1.631831e+00  2.260785e+01  2.333333e+01
     vertex  1.865730e+00  2.192074e+01  2.400000e+01
     vertex  2.931604e+00  2.247629e+01  2.333333e+01
   endloop
 endfacet
 facet normal  7.122456e-02  7.036581e-01  7.069599e-01
   outer loop
     vertex  1.631831e+00  2.260785e+01  2.333333e+01
     vertex  2.931604e+00  2.247629e+01  2.333333e+01
     vertex  3.017827e+00  2.313735e+01  2.266667e+01
   endloop
 endfacet
 facet normal  7.122456e-02  7.036581e-01  7.069599e-01
   outer loop
     vertex  1.631831e+00  2.260785e+01  2.333333e+01
     vertex  3.017827e+00  2.313735e+01  2.266667e+01
     vertex  1.679826e+00  2.327279e+01  2.266667e+01
   endloop
 endfacet
 facet normal  4.485856e-02  7.034745e-01  7.093035e-01
   outer loop
     vertex  1.631831e+00  2.260785e+01  2.333333e+01
     vertex  9.337065e-01  2.198018e+01  2.400000e+01
     vertex  1.865730e+00  2.192074e+01  2.400000e+01
   endloop
 endfacet
 facet normal  2.877426e-02  7.048616e-01  7.087610e-01
   outer loop
     vertex  3.362445e-01  2.333091e+01  2.266667e+01
     vertex  1.467880e+00  2.395507e+01  2.200000e+01
     vertex  4.895649e-01  2.399501e+01  2.200000e+01
   endloop
 endfacet
 facet normal  0.000000e+00  7.084715e-01  7.057394e-01
   outer loop
     vertex  3.362445e-01  2.333091e+01  2.266667e+01
     vertex  4.895649e-01  2.399501e+01  2.200000e+01
     vertex -4.895649e-01  2.399501e+01  2.200000e+01
   endloop
 endfacet
 facet normal  3.042773e-02  7.033706e-01  7.101717e-01
   outer loop
     vertex  3.362445e-01  2.333091e+01  2.266667e+01
     vertex  1.679826e+00  2.327279e+01  2.266667e+01
     vertex  1.467880e+00  2.395507e+01  2.200000e+01
   endloop
 endfacet
 facet normal  3.056712e-02  7.065928e-01  7.069599e-01
   outer loop
     vertex  3.266375e-01  2.266431e+01  2.333333e+01
     vertex  1.631831e+00  2.260785e+01  2.333333e+01
     vertex  1.679826e+00  2.327279e+01  2.266667e+01
   endloop
 endfacet
 facet normal  3.077715e-02  7.114478e-01  7.020646e-01
   outer loop
     vertex  3.266375e-01  2.266431e+01  2.333333e+01
     vertex  9.337065e-01  2.198018e+01  2.400000e+01
     vertex  1.631831e+00  2.260785e+01  2.333333e+01
   endloop
 endfacet
 facet normal  3.056712e-02  7.065928e-01  7.069599e-01
   outer loop
     vertex  3.266375e-01  2.266431e+01  2.333333e+01
     vertex  1.679826e+00  2.327279e+01  2.266667e+01
     vertex  3.362445e-01  2.333091e+01  2.266667e+01
   endloop
 endfacet
 facet normal  1.495883e-02  7.046027e-01  7.094443e-01
   outer loop
     vertex  3.266375e-01  2.266431e+01  2.333333e+01
     vertex -2.307780e-14  2.200000e+01  2.400000e+01
     vertex  9.337065e-01  2.198018e+01  2.400000e+01
   endloop
 endfacet
 facet normal -1.011922e-02  7.021399e-01  7.119671e-01
   outer loop
     vertex -1.008454e+00  2.331153e+01  2.266667e+01
     vertex  3.362445e-01  2.333091e+01  2.266667e+01
     vertex -4.895649e-01  2.399501e+01  2.200000e+01
   endloop
 endfacet
 facet normal -2.894861e-02  7.091327e-01  7.044806e-01
   outer loop
     vertex -1.008454e+00  2.331153e+01  2.266667e+01
     vertex -4.895649e-01  2.399501e+01  2.200000e+01
     vertex -1.467880e+00  2.395507e+01  2.200000e+01
   endloop
 endfacet
 facet normal -1.019186e-02  7.071802e-01  7.069599e-01
   outer loop
     vertex -9.796411e-01  2.264549e+01  2.333333e+01
     vertex  3.266375e-01  2.266431e+01  2.333333e+01
     vertex  3.362445e-01  2.333091e+01  2.266667e+01
   endloop
 endfacet
 facet normal -1.019186e-02  7.071802e-01  7.069599e-01
   outer loop
     vertex -9.796411e-01  2.264549e+01  2.333333e+01
     vertex  3.362445e-01  2.333091e+01  2.266667e+01
     vertex -1.008454e+00  2.331153e+01  2.266667e+01
   endloop
 endfacet
 facet normal -1.024438e-02  7.108241e-01  7.032952e-01
   outer loop
     vertex -9.796411e-01  2.264549e+01  2.333333e+01
     vertex -2.307780e-14  2.200000e+01  2.400000e+01
     vertex  3.266375e-01  2.266431e+01  2.333333e+01
   endloop
 endfacet
 facet normal -1.501460e-02  7.072295e-01  7.068246e-01
   outer loop
     vertex -9.796411e-01  2.264549e+01  2.333333e+01
     vertex -9.337065e-01  2.198018e+01  2.400000e+01
     vertex -2.307780e-14  2.200000e+01  2.400000e+01
   endloop
 endfacet
 facet normal -4.499144e-02  7.055583e-01  7.072222e-01
   outer loop
     vertex -9.796411e-01  2.264549e+01  2.333333e+01
     vertex -1.865730e+00  2.192074e+01  2.400000e+01
     vertex -9.337065e-01  2.198018e+01  2.400000e+01
   endloop
 endfacet
 facet normal -5.766424e-02  7.051021e-01  7.067573e-01
   outer loop
     vertex -2.349803e+00  2.321471e+01  2.266667e+01
     vertex -1.467880e+00  2.395507e+01  2.200000e+01
     vertex -2.443752e+00  2.387526e+01  2.200000e+01
   endloop
 endfacet
 facet normal -8.630715e-02  7.016005e-01  7.073244e-01
   outer loop
     vertex -2.349803e+00  2.321471e+01  2.266667e+01
     vertex -2.443752e+00  2.387526e+01  2.200000e+01
     vertex -3.415556e+00  2.375571e+01  2.200000e+01
   endloop
 endfacet
 facet normal -5.059139e-02  7.009075e-01  7.114557e-01
   outer loop
     vertex -2.349803e+00  2.321471e+01  2.266667e+01
     vertex -1.008454e+00  2.331153e+01  2.266667e+01
     vertex -1.467880e+00  2.395507e+01  2.200000e+01
   endloop
 endfacet
 facet normal -5.119728e-02  7.093017e-01  7.030433e-01
   outer loop
     vertex -2.282665e+00  2.255143e+01  2.333333e+01
     vertex -1.865730e+00  2.192074e+01  2.400000e+01
     vertex -9.796411e-01  2.264549e+01  2.333333e+01
   endloop
 endfacet
 facet normal -5.091699e-02  7.054184e-01  7.069599e-01
   outer loop
     vertex -2.282665e+00  2.255143e+01  2.333333e+01
     vertex -9.796411e-01  2.264549e+01  2.333333e+01
     vertex -1.008454e+00  2.331153e+01  2.266667e+01
   endloop
 endfacet
 facet normal -5.091699e-02  7.054184e-01  7.069599e-01
   outer loop
     vertex -2.282665e+00  2.255143e+01  2.333333e+01
     vertex -1.008454e+00  2.331153e+01  2.266667e+01
     vertex -2.349803e+00  2.321471e+01  2.266667e+01
   endloop
 endfacet
 facet normal -7.464749e-02  7.006837e-01  7.095562e-01
   outer loop
     vertex -2.282665e+00  2.255143e+01  2.333333e+01
     vertex -2.794392e+00  2.182181e+01  2.400000e+01
     vertex -1.865730e+00  2.192074e+01  2.400000e+01
   endloop
 endfacet
 facet normal -9.093205e-02  6.971661e-01  7.111194e-01
   outer loop
     vertex -3.683345e+00  2.304078e+01  2.266667e+01
     vertex -2.349803e+00  2.321471e+01  2.266667e+01
     vertex -3.415556e+00  2.375571e+01  2.200000e+01
   endloop
 endfacet
 facet normal -1.152970e-01  7.001950e-01  7.045805e-01
   outer loop
     vertex -3.683345e+00  2.304078e+01  2.266667e+01
     vertex -3.415556e+00  2.375571e+01  2.200000e+01
     vertex -4.381676e+00  2.359663e+01  2.200000e+01
   endloop
 endfacet
 facet normal -9.147297e-02  7.013133e-01  7.069599e-01
   outer loop
     vertex -3.578107e+00  2.238247e+01  2.333333e+01
     vertex -2.282665e+00  2.255143e+01  2.333333e+01
     vertex -2.349803e+00  2.321471e+01  2.266667e+01
   endloop
 endfacet
 facet normal -9.209780e-02  7.061039e-01  7.020935e-01
   outer loop
     vertex -3.578107e+00  2.238247e+01  2.333333e+01
     vertex -2.794392e+00  2.182181e+01  2.400000e+01
     vertex -2.282665e+00  2.255143e+01  2.333333e+01
   endloop
 endfacet
 facet normal -9.147297e-02  7.013133e-01  7.069599e-01
   outer loop
     vertex -3.578107e+00  2.238247e+01  2.333333e+01
     vertex -2.349803e+00  2.321471e+01  2.266667e+01
     vertex -3.683345e+00  2.304078e+01  2.266667e+01
   endloop
 endfacet
 facet normal -1.043811e-01  6.973049e-01  7.091336e-01
   outer loop
     vertex -3.578107e+00  2.238247e+01  2.333333e+01
     vertex -3.718018e+00  2.168355e+01  2.400000e+01
     vertex -2.794392e+00  2.182181e+01  2.400000e+01
   endloop
 endfacet
 facet normal -1.307605e-01  6.897903e-01  7.121033e-01
   outer loop
     vertex -5.004652e+00  2.279030e+01  2.266667e+01
     vertex -3.683345e+00  2.304078e+01  2.266667e+01
     vertex -4.381676e+00  2.359663e+01  2.200000e+01
   endloop
 endfacet
 facet normal -1.436025e-01  6.941432e-01  7.053677e-01
   outer loop
     vertex -5.004652e+00  2.279030e+01  2.266667e+01
     vertex -4.381676e+00  2.359663e+01  2.200000e+01
     vertex -5.340502e+00  2.339827e+01  2.200000e+01
   endloop
 endfacet
 facet normal -1.707890e-01  6.836769e-01  7.095189e-01
   outer loop
     vertex -5.004652e+00  2.279030e+01  2.266667e+01
     vertex -5.340502e+00  2.339827e+01  2.200000e+01
     vertex -6.290440e+00  2.316097e+01  2.200000e+01
   endloop
 endfacet
 facet normal -1.317251e-01  6.948786e-01  7.069599e-01
   outer loop
     vertex -5.004652e+00  2.279030e+01  2.266667e+01
     vertex -3.578107e+00  2.238247e+01  2.333333e+01
     vertex -3.683345e+00  2.304078e+01  2.266667e+01
   endloop
 endfacet
 facet normal -1.322952e-01  6.978859e-01  7.038844e-01
   outer loop
     vertex -4.861662e+00  2.213915e+01  2.333333e+01
     vertex -3.718018e+00  2.168355e+01  2.400000e+01
     vertex -3.578107e+00  2.238247e+01  2.333333e+01
   endloop
 endfacet
 facet normal -1.344887e-01  6.953865e-01  7.059393e-01
   outer loop
     vertex -4.861662e+00  2.213915e+01  2.333333e+01
     vertex -4.634944e+00  2.150622e+01  2.400000e+01
     vertex -3.718018e+00  2.168355e+01  2.400000e+01
   endloop
 endfacet
 facet normal -1.634206e-01  6.871181e-01  7.079283e-01
   outer loop
     vertex -4.861662e+00  2.213915e+01  2.333333e+01
     vertex -5.543517e+00  2.129012e+01  2.400000e+01
     vertex -4.634944e+00  2.150622e+01  2.400000e+01
   endloop
 endfacet
 facet normal -1.317251e-01  6.948786e-01  7.069599e-01
   outer loop
     vertex -4.861662e+00  2.213915e+01  2.333333e+01
     vertex -3.578107e+00  2.238247e+01  2.333333e+01
     vertex -5.004652e+00  2.279030e+01  2.266667e+01
   endloop
 endfacet
 facet normal -1.708892e-01  6.835338e-01  7.096326e-01
   outer loop
     vertex -6.309334e+00  2.246412e+01  2.266667e+01
     vertex -5.004652e+00  2.279030e+01  2.266667e+01
     vertex -6.290440e+00  2.316097e+01  2.200000e+01
   endloop
 endfacet
 facet normal -1.997194e-01  6.801819e-01  7.053118e-01
   outer loop
     vertex -6.309334e+00  2.246412e+01  2.266667e+01
     vertex -6.290440e+00  2.316097e+01  2.200000e+01
     vertex -7.229909e+00  2.288511e+01  2.200000e+01
   endloop
 endfacet
 facet normal -1.725841e-01  6.903133e-01  7.026253e-01
   outer loop
     vertex -6.129068e+00  2.182229e+01  2.333333e+01
     vertex -5.543517e+00  2.129012e+01  2.400000e+01
     vertex -4.861662e+00  2.213915e+01  2.333333e+01
   endloop
 endfacet
 facet normal -1.919523e-01  6.778567e-01  7.096933e-01
   outer loop
     vertex -6.129068e+00  2.182229e+01  2.333333e+01
     vertex -6.442101e+00  2.103567e+01  2.400000e+01
     vertex -5.543517e+00  2.129012e+01  2.400000e+01
   endloop
 endfacet
 facet normal -1.715396e-01  6.861355e-01  7.069599e-01
   outer loop
     vertex -6.129068e+00  2.182229e+01  2.333333e+01
     vertex -5.004652e+00  2.279030e+01  2.266667e+01
     vertex -6.309334e+00  2.246412e+01  2.266667e+01
   endloop
 endfacet
 facet normal -1.715396e-01  6.861355e-01  7.069599e-01
   outer loop
     vertex -6.129068e+00  2.182229e+01  2.333333e+01
     vertex -4.861662e+00  2.213915e+01  2.333333e+01
     vertex -5.004652e+00  2.279030e+01  2.266667e+01
   endloop
 endfacet
 facet normal -2.092359e-01  6.701535e-01  7.121198e-01
   outer loop
     vertex -7.593058e+00  2.206332e+01  2.266667e+01
     vertex -6.309334e+00  2.246412e+01  2.266667e+01
     vertex -7.229909e+00  2.288511e+01  2.200000e+01
   endloop
 endfacet
 facet normal -2.275227e-01  6.721367e-01  7.046032e-01
   outer loop
     vertex -7.593058e+00  2.206332e+01  2.266667e+01
     vertex -7.229909e+00  2.288511e+01  2.200000e+01
     vertex -8.157343e+00  2.257117e+01  2.200000e+01
   endloop
 endfacet
 facet normal -2.208591e-01  6.700420e-01  7.087065e-01
   outer loop
     vertex -7.376113e+00  2.143294e+01  2.333333e+01
     vertex -7.329075e+00  2.074330e+01  2.400000e+01
     vertex -6.442101e+00  2.103567e+01  2.400000e+01
   endloop
 endfacet
 facet normal -2.107843e-01  6.751131e-01  7.069599e-01
   outer loop
     vertex -7.376113e+00  2.143294e+01  2.333333e+01
     vertex -6.129068e+00  2.182229e+01  2.333333e+01
     vertex -6.309334e+00  2.246412e+01  2.266667e+01
   endloop
 endfacet
 facet normal -2.121817e-01  6.795885e-01  7.022381e-01
   outer loop
     vertex -7.376113e+00  2.143294e+01  2.333333e+01
     vertex -6.442101e+00  2.103567e+01  2.400000e+01
     vertex -6.129068e+00  2.182229e+01  2.333333e+01
   endloop
 endfacet
 facet normal -2.107843e-01  6.751131e-01  7.069599e-01
   outer loop
     vertex -7.376113e+00  2.143294e+01  2.333333e+01
     vertex -6.309334e+00  2.246412e+01  2.266667e+01
     vertex -7.593058e+00  2.206332e+01  2.266667e+01
   endloop
 endfacet
 facet normal -2.478766e-01  6.579931e-01  7.110571e-01
   outer loop
     vertex -8.851557e+00  2.158922e+01  2.266667e+01
     vertex -7.593058e+00  2.206332e+01  2.266667e+01
     vertex -8.157343e+00  2.257117e+01  2.200000e+01
   endloop
 endfacet
 facet normal -2.537390e-01  6.596716e-01  7.074248e-01
   outer loop
     vertex -8.851557e+00  2.158922e+01  2.266667e+01
     vertex -8.157343e+00  2.257117e+01  2.200000e+01
     vertex -9.071201e+00  2.221966e+01  2.200000e+01
   endloop
 endfacet
 facet normal -2.807349e-01  6.494669e-01  7.066687e-01
   outer loop
     vertex -8.851557e+00  2.158922e+01  2.266667e+01
     vertex -9.071201e+00  2.221966e+01  2.200000e+01
     vertex -9.969960e+00  2.183117e+01  2.200000e+01
   endloop
 endfacet
 facet normal -2.504288e-01  6.635923e-01  7.049331e-01
   outer loop
     vertex -8.598656e+00  2.097238e+01  2.333333e+01
     vertex -8.202843e+00  2.041356e+01  2.400000e+01
     vertex -7.329075e+00  2.074330e+01  2.400000e+01
   endloop
 endfacet
 facet normal -2.769620e-01  6.490737e-01  7.085163e-01
   outer loop
     vertex -8.598656e+00  2.097238e+01  2.333333e+01
     vertex -9.061827e+00  2.004703e+01  2.400000e+01
     vertex -8.202843e+00  2.041356e+01  2.400000e+01
   endloop
 endfacet
 facet normal -2.501623e-01  6.640606e-01  7.045866e-01
   outer loop
     vertex -8.598656e+00  2.097238e+01  2.333333e+01
     vertex -7.329075e+00  2.074330e+01  2.400000e+01
     vertex -7.376113e+00  2.143294e+01  2.333333e+01
   endloop
 endfacet
 facet normal -2.493288e-01  6.618480e-01  7.069599e-01
   outer loop
     vertex -8.598656e+00  2.097238e+01  2.333333e+01
     vertex -7.376113e+00  2.143294e+01  2.333333e+01
     vertex -7.593058e+00  2.206332e+01  2.266667e+01
   endloop
 endfacet
 facet normal -2.493288e-01  6.618480e-01  7.069599e-01
   outer loop
     vertex -8.598656e+00  2.097238e+01  2.333333e+01
     vertex -7.593058e+00  2.206332e+01  2.266667e+01
     vertex -8.851557e+00  2.158922e+01  2.266667e+01
   endloop
 endfacet
 facet normal -3.079419e-01  6.394480e-01  7.044700e-01
   outer loop
     vertex -1.008065e+01  2.104340e+01  2.266667e+01
     vertex -9.969960e+00  2.183117e+01  2.200000e+01
     vertex -1.085213e+01  2.140634e+01  2.200000e+01
   endloop
 endfacet
 facet normal -2.870451e-01  6.463844e-01  7.069599e-01
   outer loop
     vertex -1.008065e+01  2.104340e+01  2.266667e+01
     vertex -8.598656e+00  2.097238e+01  2.333333e+01
     vertex -8.851557e+00  2.158922e+01  2.266667e+01
   endloop
 endfacet
 facet normal -2.851890e-01  6.422049e-01  7.115055e-01
   outer loop
     vertex -1.008065e+01  2.104340e+01  2.266667e+01
     vertex -8.851557e+00  2.158922e+01  2.266667e+01
     vertex -9.969960e+00  2.183117e+01  2.200000e+01
   endloop
 endfacet
 facet normal -3.037401e-01  6.356466e-01  7.097150e-01
   outer loop
     vertex -9.792634e+00  2.044216e+01  2.333333e+01
     vertex -9.904482e+00  1.964437e+01  2.400000e+01
     vertex -9.061827e+00  2.004703e+01  2.400000e+01
   endloop
 endfacet
 facet normal -2.870451e-01  6.463844e-01  7.069599e-01
   outer loop
     vertex -9.792634e+00  2.044216e+01  2.333333e+01
     vertex -8.598656e+00  2.097238e+01  2.333333e+01
     vertex -1.008065e+01  2.104340e+01  2.266667e+01
   endloop
 endfacet
 facet normal -2.889144e-01  6.505937e-01  7.023221e-01
   outer loop
     vertex -9.792634e+00  2.044216e+01  2.333333e+01
     vertex -9.061827e+00  2.004703e+01  2.400000e+01
     vertex -8.598656e+00  2.097238e+01  2.333333e+01
   endloop
 endfacet
 facet normal -3.215133e-01  6.243181e-01  7.119383e-01
   outer loop
     vertex -1.127626e+01  2.042769e+01  2.266667e+01
     vertex -1.008065e+01  2.104340e+01  2.266667e+01
     vertex -1.085213e+01  2.140634e+01  2.200000e+01
   endloop
 endfacet
 facet normal -3.331424e-01  6.251816e-01  7.058074e-01
   outer loop
     vertex -1.127626e+01  2.042769e+01  2.266667e+01
     vertex -1.085213e+01  2.140634e+01  2.200000e+01
     vertex -1.171623e+01  2.094588e+01  2.200000e+01
   endloop
 endfacet
 facet normal -3.569318e-01  6.086283e-01  7.086405e-01
   outer loop
     vertex -1.127626e+01  2.042769e+01  2.266667e+01
     vertex -1.171623e+01  2.094588e+01  2.200000e+01
     vertex -1.256083e+01  2.045056e+01  2.200000e+01
   endloop
 endfacet
 facet normal -3.311760e-01  6.235609e-01  7.081626e-01
   outer loop
     vertex -1.095408e+01  1.984404e+01  2.333333e+01
     vertex -1.072929e+01  1.920631e+01  2.400000e+01
     vertex -9.904482e+00  1.964437e+01  2.400000e+01
   endloop
 endfacet
 facet normal -3.586504e-01  6.111727e-01  7.055762e-01
   outer loop
     vertex -1.095408e+01  1.984404e+01  2.333333e+01
     vertex -1.153476e+01  1.873364e+01  2.400000e+01
     vertex -1.072929e+01  1.920631e+01  2.400000e+01
   endloop
 endfacet
 facet normal -3.238078e-01  6.287736e-01  7.069599e-01
   outer loop
     vertex -1.095408e+01  1.984404e+01  2.333333e+01
     vertex -1.008065e+01  2.104340e+01  2.266667e+01
     vertex -1.127626e+01  2.042769e+01  2.266667e+01
   endloop
 endfacet
 facet normal -3.238078e-01  6.287736e-01  7.069599e-01
   outer loop
     vertex -1.095408e+01  1.984404e+01  2.333333e+01
     vertex -9.792634e+00  2.044216e+01  2.333333e+01
     vertex -1.008065e+01  2.104340e+01  2.266667e+01
   endloop
 endfacet
 facet normal -3.258370e-01  6.327138e-01  7.024981e-01
   outer loop
     vertex -1.095408e+01  1.984404e+01  2.333333e+01
     vertex -9.904482e+00  1.964437e+01  2.400000e+01
     vertex -9.792634e+00  2.044216e+01  2.333333e+01
   endloop
 endfacet
 facet normal -3.578127e-01  6.062239e-01  7.102553e-01
   outer loop
     vertex -1.243441e+01  1.974411e+01  2.266667e+01
     vertex -1.127626e+01  2.042769e+01  2.266667e+01
     vertex -1.256083e+01  2.045056e+01  2.200000e+01
   endloop
 endfacet
 facet normal -3.834430e-01  5.966489e-01  7.049692e-01
   outer loop
     vertex -1.243441e+01  1.974411e+01  2.266667e+01
     vertex -1.256083e+01  2.045056e+01  2.200000e+01
     vertex -1.338453e+01  1.992121e+01  2.200000e+01
   endloop
 endfacet
 facet normal -3.824156e-01  5.925332e-01  7.089871e-01
   outer loop
     vertex -1.207914e+01  1.917999e+01  2.333333e+01
     vertex -1.231945e+01  1.822721e+01  2.400000e+01
     vertex -1.153476e+01  1.873364e+01  2.400000e+01
   endloop
 endfacet
 facet normal -3.594949e-01  6.090740e-01  7.069599e-01
   outer loop
     vertex -1.207914e+01  1.917999e+01  2.333333e+01
     vertex -1.095408e+01  1.984404e+01  2.333333e+01
     vertex -1.127626e+01  2.042769e+01  2.266667e+01
   endloop
 endfacet
 facet normal -3.594949e-01  6.090740e-01  7.069599e-01
   outer loop
     vertex -1.207914e+01  1.917999e+01  2.333333e+01
     vertex -1.127626e+01  2.042769e+01  2.266667e+01
     vertex -1.243441e+01  1.974411e+01  2.266667e+01
   endloop
 endfacet
 facet normal -3.609247e-01  6.114964e-01  7.041346e-01
   outer loop
     vertex -1.207914e+01  1.917999e+01  2.333333e+01
     vertex -1.153476e+01  1.873364e+01  2.400000e+01
     vertex -1.095408e+01  1.984404e+01  2.333333e+01
   endloop
 endfacet
 facet normal -3.910554e-01  5.829797e-01  7.121870e-01
   outer loop
     vertex -1.355126e+01  1.899494e+01  2.266667e+01
     vertex -1.243441e+01  1.974411e+01  2.266667e+01
     vertex -1.338453e+01  1.992121e+01  2.200000e+01
   endloop
 endfacet
 facet normal -4.075503e-01  5.806404e-01  7.048117e-01
   outer loop
     vertex -1.355126e+01  1.899494e+01  2.266667e+01
     vertex -1.338453e+01  1.992121e+01  2.200000e+01
     vertex -1.418595e+01  1.935869e+01  2.200000e+01
   endloop
 endfacet
 facet normal -4.068505e-01  5.752482e-01  7.096212e-01
   outer loop
     vertex -1.316408e+01  1.845223e+01  2.333333e+01
     vertex -1.308193e+01  1.768794e+01  2.400000e+01
     vertex -1.231945e+01  1.822721e+01  2.400000e+01
   endloop
 endfacet
 facet normal -3.966566e-01  5.913299e-01  7.021342e-01
   outer loop
     vertex -1.316408e+01  1.845223e+01  2.333333e+01
     vertex -1.231945e+01  1.822721e+01  2.400000e+01
     vertex -1.207914e+01  1.917999e+01  2.333333e+01
   endloop
 endfacet
 facet normal -3.939877e-01  5.873511e-01  7.069599e-01
   outer loop
     vertex -1.316408e+01  1.845223e+01  2.333333e+01
     vertex -1.207914e+01  1.917999e+01  2.333333e+01
     vertex -1.243441e+01  1.974411e+01  2.266667e+01
   endloop
 endfacet
 facet normal -3.939877e-01  5.873511e-01  7.069599e-01
   outer loop
     vertex -1.316408e+01  1.845223e+01  2.333333e+01
     vertex -1.243441e+01  1.974411e+01  2.266667e+01
     vertex -1.355126e+01  1.899494e+01  2.266667e+01
   endloop
 endfacet
 facet normal -4.249800e-01  5.607849e-01  7.105718e-01
   outer loop
     vertex -1.462308e+01  1.818268e+01  2.266667e+01
     vertex -1.355126e+01  1.899494e+01  2.266667e+01
     vertex -1.418595e+01  1.935869e+01  2.200000e+01
   endloop
 endfacet
 facet normal -4.288552e-01  5.608667e-01  7.081750e-01
   outer loop
     vertex -1.462308e+01  1.818268e+01  2.266667e+01
     vertex -1.418595e+01  1.935869e+01  2.200000e+01
     vertex -1.496376e+01  1.876396e+01  2.200000e+01
   endloop
 endfacet
 facet normal -4.527041e-01  5.445058e-01  7.060966e-01
   outer loop
     vertex -1.462308e+01  1.818268e+01  2.266667e+01
     vertex -1.496376e+01  1.876396e+01  2.200000e+01
     vertex -1.571666e+01  1.813799e+01  2.200000e+01
   endloop
 endfacet
 facet normal -4.322001e-01  5.591471e-01  7.075009e-01
   outer loop
     vertex -1.420528e+01  1.766317e+01  2.333333e+01
     vertex -1.382084e+01  1.711679e+01  2.400000e+01
     vertex -1.308193e+01  1.768794e+01  2.400000e+01
   endloop
 endfacet
 facet normal -4.561823e-01  5.410601e-01  7.065067e-01
   outer loop
     vertex -1.420528e+01  1.766317e+01  2.333333e+01
     vertex -1.453484e+01  1.651479e+01  2.400000e+01
     vertex -1.382084e+01  1.711679e+01  2.400000e+01
   endloop
 endfacet
 facet normal -4.296250e-01  5.669142e-01  7.028731e-01
   outer loop
     vertex -1.420528e+01  1.766317e+01  2.333333e+01
     vertex -1.308193e+01  1.768794e+01  2.400000e+01
     vertex -1.316408e+01  1.845223e+01  2.333333e+01
   endloop
 endfacet
 facet normal -4.271718e-01  5.636772e-01  7.069599e-01
   outer loop
     vertex -1.420528e+01  1.766317e+01  2.333333e+01
     vertex -1.355126e+01  1.899494e+01  2.266667e+01
     vertex -1.462308e+01  1.818268e+01  2.266667e+01
   endloop
 endfacet
 facet normal -4.271718e-01  5.636772e-01  7.069599e-01
   outer loop
     vertex -1.420528e+01  1.766317e+01  2.333333e+01
     vertex -1.316408e+01  1.845223e+01  2.333333e+01
     vertex -1.355126e+01  1.899494e+01  2.266667e+01
   endloop
 endfacet
 facet normal -4.756378e-01  5.268067e-01  7.044455e-01
   outer loop
     vertex -1.564634e+01  1.731001e+01  2.266667e+01
     vertex -1.571666e+01  1.813799e+01  2.200000e+01
     vertex -1.644340e+01  1.748184e+01  2.200000e+01
   endloop
 endfacet
 facet normal -4.557722e-01  5.344199e-01  7.118055e-01
   outer loop
     vertex -1.564634e+01  1.731001e+01  2.266667e+01
     vertex -1.462308e+01  1.818268e+01  2.266667e+01
     vertex -1.571666e+01  1.813799e+01  2.200000e+01
   endloop
 endfacet
 facet normal -4.768125e-01  5.191191e-01  7.093414e-01
   outer loop
     vertex -1.519930e+01  1.681544e+01  2.333333e+01
     vertex -1.522266e+01  1.588303e+01  2.400000e+01
     vertex -1.453484e+01  1.651479e+01  2.400000e+01
   endloop
 endfacet
 facet normal -4.589369e-01  5.381307e-01  7.069599e-01
   outer loop
     vertex -1.519930e+01  1.681544e+01  2.333333e+01
     vertex -1.420528e+01  1.766317e+01  2.333333e+01
     vertex -1.462308e+01  1.818268e+01  2.266667e+01
   endloop
 endfacet
 facet normal -4.589369e-01  5.381307e-01  7.069599e-01
   outer loop
     vertex -1.519930e+01  1.681544e+01  2.333333e+01
     vertex -1.462308e+01  1.818268e+01  2.266667e+01
     vertex -1.564634e+01  1.731001e+01  2.266667e+01
   endloop
 endfacet
 facet normal -4.611683e-01  5.407472e-01  7.035029e-01
   outer loop
     vertex -1.519930e+01  1.681544e+01  2.333333e+01
     vertex -1.453484e+01  1.651479e+01  2.400000e+01
     vertex -1.420528e+01  1.766317e+01  2.333333e+01
   endloop
 endfacet
 facet normal -4.954160e-01  5.056270e-01  7.063315e-01
   outer loop
     vertex -1.661761e+01  1.637985e+01  2.266667e+01
     vertex -1.644340e+01  1.748184e+01  2.200000e+01
     vertex -1.714278e+01  1.679658e+01  2.200000e+01
   endloop
 endfacet
 facet normal -5.145264e-01  4.839631e-01  7.078434e-01
   outer loop
     vertex -1.661761e+01  1.637985e+01  2.266667e+01
     vertex -1.714278e+01  1.679658e+01  2.200000e+01
     vertex -1.781362e+01  1.608338e+01  2.200000e+01
   endloop
 endfacet
 facet normal -4.858869e-01  5.073607e-01  7.116875e-01
   outer loop
     vertex -1.661761e+01  1.637985e+01  2.266667e+01
     vertex -1.564634e+01  1.731001e+01  2.266667e+01
     vertex -1.644340e+01  1.748184e+01  2.200000e+01
   endloop
 endfacet
 facet normal -4.891774e-01  5.107966e-01  7.069599e-01
   outer loop
     vertex -1.614282e+01  1.591185e+01  2.333333e+01
     vertex -1.564634e+01  1.731001e+01  2.266667e+01
     vertex -1.661761e+01  1.637985e+01  2.266667e+01
   endloop
 endfacet
 facet normal -4.983648e-01  4.983648e-01  7.094118e-01
   outer loop
     vertex -1.614282e+01  1.591185e+01  2.333333e+01
     vertex -1.588303e+01  1.522266e+01  2.400000e+01
     vertex -1.522266e+01  1.588303e+01  2.400000e+01
   endloop
 endfacet
 facet normal -4.925404e-01  5.143083e-01  7.020619e-01
   outer loop
     vertex -1.614282e+01  1.591185e+01  2.333333e+01
     vertex -1.522266e+01  1.588303e+01  2.400000e+01
     vertex -1.519930e+01  1.681544e+01  2.333333e+01
   endloop
 endfacet
 facet normal -4.891774e-01  5.107966e-01  7.069599e-01
   outer loop
     vertex -1.614282e+01  1.591185e+01  2.333333e+01
     vertex -1.519930e+01  1.681544e+01  2.333333e+01
     vertex -1.564634e+01  1.731001e+01  2.266667e+01
   endloop
 endfacet
 facet normal -5.361995e-01  4.646195e-01  7.047119e-01
   outer loop
     vertex -1.753369e+01  1.539527e+01  2.266667e+01
     vertex -1.781362e+01  1.608338e+01  2.200000e+01
     vertex -1.845481e+01  1.534340e+01  2.200000e+01
   endloop
 endfacet
 facet normal -5.149744e-01  4.791433e-01  7.107905e-01
   outer loop
     vertex -1.753369e+01  1.539527e+01  2.266667e+01
     vertex -1.661761e+01  1.637985e+01  2.266667e+01
     vertex -1.781362e+01  1.608338e+01  2.200000e+01
   endloop
 endfacet
 facet normal -5.204120e-01  4.842027e-01  7.033627e-01
   outer loop
     vertex -1.703273e+01  1.495540e+01  2.333333e+01
     vertex -1.588303e+01  1.522266e+01  2.400000e+01
     vertex -1.614282e+01  1.591185e+01  2.333333e+01
   endloop
 endfacet
 facet normal -5.177929e-01  4.817658e-01  7.069599e-01
   outer loop
     vertex -1.703273e+01  1.495540e+01  2.333333e+01
     vertex -1.661761e+01  1.637985e+01  2.266667e+01
     vertex -1.753369e+01  1.539527e+01  2.266667e+01
   endloop
 endfacet
 facet normal -5.210544e-01  4.785901e-01  7.067205e-01
   outer loop
     vertex -1.703273e+01  1.495540e+01  2.333333e+01
     vertex -1.651479e+01  1.453484e+01  2.400000e+01
     vertex -1.588303e+01  1.522266e+01  2.400000e+01
   endloop
 endfacet
 facet normal -5.404410e-01  4.556603e-01  7.073170e-01
   outer loop
     vertex -1.703273e+01  1.495540e+01  2.333333e+01
     vertex -1.711679e+01  1.382084e+01  2.400000e+01
     vertex -1.651479e+01  1.453484e+01  2.400000e+01
   endloop
 endfacet
 facet normal -5.177929e-01  4.817658e-01  7.069599e-01
   outer loop
     vertex -1.703273e+01  1.495540e+01  2.333333e+01
     vertex -1.614282e+01  1.591185e+01  2.333333e+01
     vertex -1.661761e+01  1.637985e+01  2.266667e+01
   endloop
 endfacet
 facet normal -5.406487e-01  4.477887e-01  7.121687e-01
   outer loop
     vertex -1.839152e+01  1.435955e+01  2.266667e+01
     vertex -1.753369e+01  1.539527e+01  2.266667e+01
     vertex -1.845481e+01  1.534340e+01  2.200000e+01
   endloop
 endfacet
 facet normal -5.543985e-01  4.421181e-01  7.051056e-01
   outer loop
     vertex -1.839152e+01  1.435955e+01  2.266667e+01
     vertex -1.845481e+01  1.534340e+01  2.200000e+01
     vertex -1.906529e+01  1.457788e+01  2.200000e+01
   endloop
 endfacet
 facet normal -5.446883e-01  4.511345e-01  7.069599e-01
   outer loop
     vertex -1.786605e+01  1.394927e+01  2.333333e+01
     vertex -1.753369e+01  1.539527e+01  2.266667e+01
     vertex -1.839152e+01  1.435955e+01  2.266667e+01
   endloop
 endfacet
 facet normal -5.574957e-01  4.309237e-01  7.095797e-01
   outer loop
     vertex -1.786605e+01  1.394927e+01  2.333333e+01
     vertex -1.768794e+01  1.308193e+01  2.400000e+01
     vertex -1.711679e+01  1.382084e+01  2.400000e+01
   endloop
 endfacet
 facet normal -5.477314e-01  4.536549e-01  7.029848e-01
   outer loop
     vertex -1.786605e+01  1.394927e+01  2.333333e+01
     vertex -1.711679e+01  1.382084e+01  2.400000e+01
     vertex -1.703273e+01  1.495540e+01  2.333333e+01
   endloop
 endfacet
 facet normal -5.446883e-01  4.511345e-01  7.069599e-01
   outer loop
     vertex -1.786605e+01  1.394927e+01  2.333333e+01
     vertex -1.703273e+01  1.495540e+01  2.333333e+01
     vertex -1.753369e+01  1.539527e+01  2.266667e+01
   endloop
 endfacet
 facet normal -5.673163e-01  4.171970e-01  7.099992e-01
   outer loop
     vertex -1.918825e+01  1.327612e+01  2.266667e+01
     vertex -1.839152e+01  1.435955e+01  2.266667e+01
     vertex -1.906529e+01  1.457788e+01  2.200000e+01
   endloop
 endfacet
 facet normal -5.688240e-01  4.168313e-01  7.090070e-01
   outer loop
     vertex -1.918825e+01  1.327612e+01  2.266667e+01
     vertex -1.906529e+01  1.457788e+01  2.200000e+01
     vertex -1.964404e+01  1.378811e+01  2.200000e+01
   endloop
 endfacet
 facet normal -5.881751e-01  3.951792e-01  7.056086e-01
   outer loop
     vertex -1.918825e+01  1.327612e+01  2.266667e+01
     vertex -1.964404e+01  1.378811e+01  2.200000e+01
     vertex -2.019008e+01  1.297538e+01  2.200000e+01
   endloop
 endfacet
 facet normal -5.756874e-01  4.071611e-01  7.090866e-01
   outer loop
     vertex -1.864002e+01  1.289681e+01  2.333333e+01
     vertex -1.822721e+01  1.231945e+01  2.400000e+01
     vertex -1.768794e+01  1.308193e+01  2.400000e+01
   endloop
 endfacet
 facet normal -5.697744e-01  4.190046e-01  7.069599e-01
   outer loop
     vertex -1.864002e+01  1.289681e+01  2.333333e+01
     vertex -1.786605e+01  1.394927e+01  2.333333e+01
     vertex -1.839152e+01  1.435955e+01  2.266667e+01
   endloop
 endfacet
 facet normal -5.697744e-01  4.190046e-01  7.069599e-01
   outer loop
     vertex -1.864002e+01  1.289681e+01  2.333333e+01
     vertex -1.839152e+01  1.435955e+01  2.266667e+01
     vertex -1.918825e+01  1.327612e+01  2.266667e+01
   endloop
 endfacet
 facet normal -5.736571e-01  4.218599e-01  7.021053e-01
   outer loop
     vertex -1.864002e+01  1.289681e+01  2.333333e+01
     vertex -1.768794e+01  1.308193e+01  2.400000e+01
     vertex -1.786605e+01  1.394927e+01  2.333333e+01
   endloop
 endfacet
 facet normal -5.886969e-01  3.827064e-01  7.120195e-01
   outer loop
     vertex -1.992124e+01  1.214860e+01  2.266667e+01
     vertex -1.918825e+01  1.327612e+01  2.266667e+01
     vertex -2.019008e+01  1.297538e+01  2.200000e+01
   endloop
 endfacet
 facet normal -6.047378e-01  3.714328e-01  7.045069e-01
   outer loop
     vertex -1.992124e+01  1.214860e+01  2.266667e+01
     vertex -2.019008e+01  1.297538e+01  2.200000e+01
     vertex -2.070253e+01  1.214106e+01  2.200000e+01
   endloop
 endfacet
 facet normal -5.951963e-01  3.841344e-01  7.058202e-01
   outer loop
     vertex -1.935207e+01  1.180150e+01  2.333333e+01
     vertex -1.873364e+01  1.153476e+01  2.400000e+01
     vertex -1.822721e+01  1.231945e+01  2.400000e+01
   endloop
 endfacet
 facet normal -6.090770e-01  3.574206e-01  7.080082e-01
   outer loop
     vertex -1.935207e+01  1.180150e+01  2.333333e+01
     vertex -1.920631e+01  1.072929e+01  2.400000e+01
     vertex -1.873364e+01  1.153476e+01  2.400000e+01
   endloop
 endfacet
 facet normal -5.929677e-01  3.854828e-01  7.069599e-01
   outer loop
     vertex -1.935207e+01  1.180150e+01  2.333333e+01
     vertex -1.864002e+01  1.289681e+01  2.333333e+01
     vertex -1.918825e+01  1.327612e+01  2.266667e+01
   endloop
 endfacet
 facet normal -5.954662e-01  3.871071e-01  7.039660e-01
   outer loop
     vertex -1.935207e+01  1.180150e+01  2.333333e+01
     vertex -1.822721e+01  1.231945e+01  2.400000e+01
     vertex -1.864002e+01  1.289681e+01  2.333333e+01
   endloop
 endfacet
 facet normal -5.929677e-01  3.854828e-01  7.069599e-01
   outer loop
     vertex -1.935207e+01  1.180150e+01  2.333333e+01
     vertex -1.918825e+01  1.327612e+01  2.266667e+01
     vertex -1.992124e+01  1.214860e+01  2.266667e+01
   endloop
 endfacet
 facet normal -6.172699e-01  3.452743e-01  7.069395e-01
   outer loop
     vertex -2.058806e+01  1.098072e+01  2.266667e+01
     vertex -2.070253e+01  1.214106e+01  2.200000e+01
     vertex -2.118052e+01  1.128653e+01  2.200000e+01
   endloop
 endfacet
 facet normal -6.306709e-01  3.197240e-01  7.071286e-01
   outer loop
     vertex -2.058806e+01  1.098072e+01  2.266667e+01
     vertex -2.118052e+01  1.128653e+01  2.200000e+01
     vertex -2.162325e+01  1.041321e+01  2.200000e+01
   endloop
 endfacet
 facet normal -6.103560e-01  3.484908e-01  7.113506e-01
   outer loop
     vertex -2.058806e+01  1.098072e+01  2.266667e+01
     vertex -1.992124e+01  1.214860e+01  2.266667e+01
     vertex -2.070253e+01  1.214106e+01  2.200000e+01
   endloop
 endfacet
 facet normal -6.221940e-01  3.304500e-01  7.097024e-01
   outer loop
     vertex -1.999983e+01  1.066698e+01  2.333333e+01
     vertex -1.964437e+01  9.904482e+00  2.400000e+01
     vertex -1.920631e+01  1.072929e+01  2.400000e+01
   endloop
 endfacet
 facet normal -6.179689e-01  3.528374e-01  7.025811e-01
   outer loop
     vertex -1.999983e+01  1.066698e+01  2.333333e+01
     vertex -1.920631e+01  1.072929e+01  2.400000e+01
     vertex -1.935207e+01  1.180150e+01  2.333333e+01
   endloop
 endfacet
 facet normal -6.141912e-01  3.506805e-01  7.069599e-01
   outer loop
     vertex -1.999983e+01  1.066698e+01  2.333333e+01
     vertex -1.992124e+01  1.214860e+01  2.266667e+01
     vertex -2.058806e+01  1.098072e+01  2.266667e+01
   endloop
 endfacet
 facet normal -6.141912e-01  3.506805e-01  7.069599e-01
   outer loop
     vertex -1.999983e+01  1.066698e+01  2.333333e+01
     vertex -1.935207e+01  1.180150e+01  2.333333e+01
     vertex -1.992124e+01  1.214860e+01  2.266667e+01
   endloop
 endfacet
 facet normal -6.295211e-01  3.127986e-01  7.112385e-01
   outer loop
     vertex -2.118649e+01  9.776361e+00  2.266667e+01
     vertex -2.058806e+01  1.098072e+01  2.266667e+01
     vertex -2.162325e+01  1.041321e+01  2.200000e+01
   endloop
 endfacet
 facet normal -6.455332e-01  2.948051e-01  7.045402e-01
   outer loop
     vertex -2.118649e+01  9.776361e+00  2.266667e+01
     vertex -2.162325e+01  1.041321e+01  2.200000e+01
     vertex -2.203000e+01  9.522562e+00  2.200000e+01
   endloop
 endfacet
 facet normal -6.333745e-01  3.147133e-01  7.069599e-01
   outer loop
     vertex -2.058116e+01  9.497036e+00  2.333333e+01
     vertex -2.058806e+01  1.098072e+01  2.266667e+01
     vertex -2.118649e+01  9.776361e+00  2.266667e+01
   endloop
 endfacet
 facet normal -6.333745e-01  3.147133e-01  7.069599e-01
   outer loop
     vertex -2.058116e+01  9.497036e+00  2.333333e+01
     vertex -1.999983e+01  1.066698e+01  2.333333e+01
     vertex -2.058806e+01  1.098072e+01  2.266667e+01
   endloop
 endfacet
 facet normal -6.366177e-01  3.042042e-01  7.086450e-01
   outer loop
     vertex -2.058116e+01  9.497036e+00  2.333333e+01
     vertex -2.004703e+01  9.061827e+00  2.400000e+01
     vertex -1.964437e+01  9.904482e+00  2.400000e+01
   endloop
 endfacet
 facet normal -6.375501e-01  3.167881e-01  7.022643e-01
   outer loop
     vertex -2.058116e+01  9.497036e+00  2.333333e+01
     vertex -1.964437e+01  9.904482e+00  2.400000e+01
     vertex -1.999983e+01  1.066698e+01  2.333333e+01
   endloop
 endfacet
 facet normal -6.457266e-01  2.756824e-01  7.120649e-01
   outer loop
     vertex -2.171453e+01  8.539527e+00  2.266667e+01
     vertex -2.118649e+01  9.776361e+00  2.266667e+01
     vertex -2.203000e+01  9.522562e+00  2.200000e+01
   endloop
 endfacet
 facet normal -6.561514e-01  2.678745e-01  7.054847e-01
   outer loop
     vertex -2.171453e+01  8.539527e+00  2.266667e+01
     vertex -2.203000e+01  9.522562e+00  2.200000e+01
     vertex -2.240008e+01  8.616065e+00  2.200000e+01
   endloop
 endfacet
 facet normal -6.629786e-01  2.396041e-01  7.092596e-01
   outer loop
     vertex -2.171453e+01  8.539527e+00  2.266667e+01
     vertex -2.240008e+01  8.616065e+00  2.200000e+01
     vertex -2.273287e+01  7.695227e+00  2.200000e+01
   endloop
 endfacet
 facet normal -6.524887e-01  2.784192e-01  7.047987e-01
   outer loop
     vertex -2.109412e+01  8.295541e+00  2.333333e+01
     vertex -2.041356e+01  8.202843e+00  2.400000e+01
     vertex -2.004703e+01  9.061827e+00  2.400000e+01
   endloop
 endfacet
 facet normal -6.601822e-01  2.491418e-01  7.085815e-01
   outer loop
     vertex -2.109412e+01  8.295541e+00  2.333333e+01
     vertex -2.074330e+01  7.329075e+00  2.400000e+01
     vertex -2.041356e+01  8.202843e+00  2.400000e+01
   endloop
 endfacet
 facet normal -6.504538e-01  2.777006e-01  7.069599e-01
   outer loop
     vertex -2.109412e+01  8.295541e+00  2.333333e+01
     vertex -2.058116e+01  9.497036e+00  2.333333e+01
     vertex -2.118649e+01  9.776361e+00  2.266667e+01
   endloop
 endfacet
 facet normal -6.504538e-01  2.777006e-01  7.069599e-01
   outer loop
     vertex -2.109412e+01  8.295541e+00  2.333333e+01
     vertex -2.118649e+01  9.776361e+00  2.266667e+01
     vertex -2.171453e+01  8.539527e+00  2.266667e+01
   endloop
 endfacet
 facet normal -6.525408e-01  2.785916e-01  7.046823e-01
   outer loop
     vertex -2.109412e+01  8.295541e+00  2.333333e+01
     vertex -2.004703e+01  9.061827e+00  2.400000e+01
     vertex -2.058116e+01  9.497036e+00  2.333333e+01
   endloop
 endfacet
 facet normal -6.760675e-01  2.135845e-01  7.052052e-01
   outer loop
     vertex -2.217044e+01  7.274326e+00  2.266667e+01
     vertex -2.273287e+01  7.695227e+00  2.200000e+01
     vertex -2.302783e+01  6.761581e+00  2.200000e+01
   endloop
 endfacet
 facet normal -6.626722e-01  2.387925e-01  7.098195e-01
   outer loop
     vertex -2.217044e+01  7.274326e+00  2.266667e+01
     vertex -2.171453e+01  8.539527e+00  2.266667e+01
     vertex -2.273287e+01  7.695227e+00  2.200000e+01
   endloop
 endfacet
 facet normal -6.690837e-01  2.205432e-01  7.097096e-01
   outer loop
     vertex -2.153700e+01  7.066488e+00  2.333333e+01
     vertex -2.103567e+01  6.442101e+00  2.400000e+01
     vertex -2.074330e+01  7.329075e+00  2.400000e+01
   endloop
 endfacet
 facet normal -6.653723e-01  2.397654e-01  7.069599e-01
   outer loop
     vertex -2.153700e+01  7.066488e+00  2.333333e+01
     vertex -2.109412e+01  8.295541e+00  2.333333e+01
     vertex -2.171453e+01  8.539527e+00  2.266667e+01
   endloop
 endfacet
 facet normal -6.697329e-01  2.413367e-01  7.022923e-01
   outer loop
     vertex -2.153700e+01  7.066488e+00  2.333333e+01
     vertex -2.074330e+01  7.329075e+00  2.400000e+01
     vertex -2.109412e+01  8.295541e+00  2.333333e+01
   endloop
 endfacet
 facet normal -6.653723e-01  2.397654e-01  7.069599e-01
   outer loop
     vertex -2.153700e+01  7.066488e+00  2.333333e+01
     vertex -2.171453e+01  8.539527e+00  2.266667e+01
     vertex -2.217044e+01  7.274326e+00  2.266667e+01
   endloop
 endfacet
 facet normal -6.730719e-01  1.995488e-01  7.121478e-01
   outer loop
     vertex -2.255271e+01  5.984961e+00  2.266667e+01
     vertex -2.217044e+01  7.274326e+00  2.266667e+01
     vertex -2.302783e+01  6.761581e+00  2.200000e+01
   endloop
 endfacet
 facet normal -6.847453e-01  1.859745e-01  7.046541e-01
   outer loop
     vertex -2.255271e+01  5.984961e+00  2.266667e+01
     vertex -2.302783e+01  6.761581e+00  2.200000e+01
     vertex -2.328446e+01  5.816682e+00  2.200000e+01
   endloop
 endfacet
 facet normal -6.794107e-01  1.923923e-01  7.080863e-01
   outer loop
     vertex -2.190835e+01  5.813962e+00  2.333333e+01
     vertex -2.129012e+01  5.543517e+00  2.400000e+01
     vertex -2.103567e+01  6.442101e+00  2.400000e+01
   endloop
 endfacet
 facet normal -6.892849e-01  1.639360e-01  7.056992e-01
   outer loop
     vertex -2.190835e+01  5.813962e+00  2.333333e+01
     vertex -2.150622e+01  4.634944e+00  2.400000e+01
     vertex -2.129012e+01  5.543517e+00  2.400000e+01
   endloop
 endfacet
 facet normal -6.780805e-01  2.010338e-01  7.069599e-01
   outer loop
     vertex -2.190835e+01  5.813962e+00  2.333333e+01
     vertex -2.153700e+01  7.066488e+00  2.333333e+01
     vertex -2.217044e+01  7.274326e+00  2.266667e+01
   endloop
 endfacet
 facet normal -6.780805e-01  2.010338e-01  7.069599e-01
   outer loop
     vertex -2.190835e+01  5.813962e+00  2.333333e+01
     vertex -2.217044e+01  7.274326e+00  2.266667e+01
     vertex -2.255271e+01  5.984961e+00  2.266667e+01
   endloop
 endfacet
 facet normal -6.822912e-01  2.022821e-01  7.025387e-01
   outer loop
     vertex -2.190835e+01  5.813962e+00  2.333333e+01
     vertex -2.103567e+01  6.442101e+00  2.400000e+01
     vertex -2.153700e+01  7.066488e+00  2.333333e+01
   endloop
 endfacet
 facet normal -6.888669e-01  1.572294e-01  7.076307e-01
   outer loop
     vertex -2.286006e+01  4.675714e+00  2.266667e+01
     vertex -2.328446e+01  5.816682e+00  2.200000e+01
     vertex -2.350234e+01  4.862101e+00  2.200000e+01
   endloop
 endfacet
 facet normal -6.958216e-01  1.292076e-01  7.064967e-01
   outer loop
     vertex -2.286006e+01  4.675714e+00  2.266667e+01
     vertex -2.350234e+01  4.862101e+00  2.200000e+01
     vertex -2.368110e+01  3.899427e+00  2.200000e+01
   endloop
 endfacet
 facet normal -6.846536e-01  1.607228e-01  7.109273e-01
   outer loop
     vertex -2.286006e+01  4.675714e+00  2.266667e+01
     vertex -2.255271e+01  5.984961e+00  2.266667e+01
     vertex -2.328446e+01  5.816682e+00  2.200000e+01
   endloop
 endfacet
 facet normal -6.923412e-01  1.338998e-01  7.090378e-01
   outer loop
     vertex -2.220691e+01  4.542122e+00  2.333333e+01
     vertex -2.168355e+01  3.718018e+00  2.400000e+01
     vertex -2.150622e+01  4.634944e+00  2.400000e+01
   endloop
 endfacet
 facet normal -6.885362e-01  1.616343e-01  7.069599e-01
   outer loop
     vertex -2.220691e+01  4.542122e+00  2.333333e+01
     vertex -2.190835e+01  5.813962e+00  2.333333e+01
     vertex -2.255271e+01  5.984961e+00  2.266667e+01
   endloop
 endfacet
 facet normal -6.913569e-01  1.622964e-01  7.040494e-01
   outer loop
     vertex -2.220691e+01  4.542122e+00  2.333333e+01
     vertex -2.150622e+01  4.634944e+00  2.400000e+01
     vertex -2.190835e+01  5.813962e+00  2.333333e+01
   endloop
 endfacet
 facet normal -6.885362e-01  1.616343e-01  7.069599e-01
   outer loop
     vertex -2.220691e+01  4.542122e+00  2.333333e+01
     vertex -2.255271e+01  5.984961e+00  2.266667e+01
     vertex -2.286006e+01  4.675714e+00  2.266667e+01
   endloop
 endfacet
 facet normal -7.025252e-01  1.010079e-01  7.044543e-01
   outer loop
     vertex -2.309146e+01  3.350934e+00  2.266667e+01
     vertex -2.368110e+01  3.899427e+00  2.200000e+01
     vertex -2.382044e+01  2.930264e+00  2.200000e+01
   endloop
 endfacet
 facet normal -6.921054e-01  1.208945e-01  7.116000e-01
   outer loop
     vertex -2.309146e+01  3.350934e+00  2.266667e+01
     vertex -2.286006e+01  4.675714e+00  2.266667e+01
     vertex -2.368110e+01  3.899427e+00  2.200000e+01
   endloop
 endfacet
 facet normal -6.968393e-01  1.043114e-01  7.096014e-01
   outer loop
     vertex -2.243171e+01  3.255193e+00  2.333333e+01
     vertex -2.182181e+01  2.794392e+00  2.400000e+01
     vertex -2.168355e+01  3.718018e+00  2.400000e+01
   endloop
 endfacet
 facet normal -6.967046e-01  1.216979e-01  7.069599e-01
   outer loop
     vertex -2.243171e+01  3.255193e+00  2.333333e+01
     vertex -2.286006e+01  4.675714e+00  2.266667e+01
     vertex -2.309146e+01  3.350934e+00  2.266667e+01
   endloop
 endfacet
 facet normal -6.967046e-01  1.216979e-01  7.069599e-01
   outer loop
     vertex -2.243171e+01  3.255193e+00  2.333333e+01
     vertex -2.220691e+01  4.542122e+00  2.333333e+01
     vertex -2.286006e+01  4.675714e+00  2.266667e+01
   endloop
 endfacet
 facet normal -7.014391e-01  1.225249e-01  7.021188e-01
   outer loop
     vertex -2.243171e+01  3.255193e+00  2.333333e+01
     vertex -2.168355e+01  3.718018e+00  2.400000e+01
     vertex -2.220691e+01  4.542122e+00  2.333333e+01
   endloop
 endfacet
 facet normal -6.976437e-01  8.078805e-02  7.118754e-01
   outer loop
     vertex -2.324616e+01  2.015024e+00  2.266667e+01
     vertex -2.309146e+01  3.350934e+00  2.266667e+01
     vertex -2.382044e+01  2.930264e+00  2.200000e+01
   endloop
 endfacet
 facet normal -7.045819e-01  7.211746e-02  7.059486e-01
   outer loop
     vertex -2.324616e+01  2.015024e+00  2.266667e+01
     vertex -2.382044e+01  2.930264e+00  2.200000e+01
     vertex -2.392014e+01  1.956223e+00  2.200000e+01
   endloop
 endfacet
 facet normal -7.044854e-01  4.316832e-02  7.084044e-01
   outer loop
     vertex -2.324616e+01  2.015024e+00  2.266667e+01
     vertex -2.392014e+01  1.956223e+00  2.200000e+01
     vertex -2.398003e+01  9.789261e-01  2.200000e+01
   endloop
 endfacet
 facet normal -7.025587e-01  8.135721e-02  7.069599e-01
   outer loop
     vertex -2.258199e+01  1.957451e+00  2.333333e+01
     vertex -2.243171e+01  3.255193e+00  2.333333e+01
     vertex -2.309146e+01  3.350934e+00  2.266667e+01
   endloop
 endfacet
 facet normal -7.028264e-01  7.487576e-02  7.074099e-01
   outer loop
     vertex -2.258199e+01  1.957451e+00  2.333333e+01
     vertex -2.192074e+01  1.865730e+00  2.400000e+01
     vertex -2.182181e+01  2.794392e+00  2.400000e+01
   endloop
 endfacet
 facet normal -7.061644e-01  4.503010e-02  7.066145e-01
   outer loop
     vertex -2.258199e+01  1.957451e+00  2.333333e+01
     vertex -2.198018e+01  9.337065e-01  2.400000e+01
     vertex -2.192074e+01  1.865730e+00  2.400000e+01
   endloop
 endfacet
 facet normal -7.065394e-01  8.181819e-02  7.029281e-01
   outer loop
     vertex -2.258199e+01  1.957451e+00  2.333333e+01
     vertex -2.182181e+01  2.794392e+00  2.400000e+01
     vertex -2.243171e+01  3.255193e+00  2.333333e+01
   endloop
 endfacet
 facet normal -7.025587e-01  8.135721e-02  7.069599e-01
   outer loop
     vertex -2.258199e+01  1.957451e+00  2.333333e+01
     vertex -2.309146e+01  3.350934e+00  2.266667e+01
     vertex -2.324616e+01  2.015024e+00  2.266667e+01
   endloop
 endfacet
 facet normal -7.091721e-01  1.446908e-02  7.048869e-01
   outer loop
     vertex -2.332364e+01  6.724191e-01  2.266667e+01
     vertex -2.398003e+01  9.789261e-01  2.200000e+01
     vertex -2.400000e+01 -5.035155e-14  2.200000e+01
   endloop
 endfacet
 facet normal -7.026119e-01  4.054621e-02  7.104171e-01
   outer loop
     vertex -2.332364e+01  6.724191e-01  2.266667e+01
     vertex -2.324616e+01  2.015024e+00  2.266667e+01
     vertex -2.398003e+01  9.789261e-01  2.200000e+01
   endloop
 endfacet
 facet normal -7.060789e-01  4.074629e-02  7.069599e-01
   outer loop
     vertex -2.265725e+01  6.532071e-01  2.333333e+01
     vertex -2.324616e+01  2.015024e+00  2.266667e+01
     vertex -2.332364e+01  6.724191e-01  2.266667e+01
   endloop
 endfacet
 facet normal -7.060789e-01  4.074629e-02  7.069599e-01
   outer loop
     vertex -2.265725e+01  6.532071e-01  2.333333e+01
     vertex -2.258199e+01  1.957451e+00  2.333333e+01
     vertex -2.324616e+01  2.015024e+00  2.266667e+01
   endloop
 endfacet
 facet normal -7.046699e-01  1.496026e-02  7.093775e-01
   outer loop
     vertex -2.265725e+01  6.532071e-01  2.333333e+01
     vertex -2.200000e+01 -9.500540e-14  2.400000e+01
     vertex -2.198018e+01  9.337065e-01  2.400000e+01
   endloop
 endfacet
 facet normal -7.095821e-01  4.094845e-02  7.034319e-01
   outer loop
     vertex -2.265725e+01  6.532071e-01  2.333333e+01
     vertex -2.198018e+01  9.337065e-01  2.400000e+01
     vertex -2.258199e+01  1.957451e+00  2.333333e+01
   endloop
 endfacet
 facet normal -7.019862e-01  0.000000e+00  7.121905e-01
   outer loop
     vertex -2.332364e+01 -6.724191e-01  2.266667e+01
     vertex -2.332364e+01  6.724191e-01  2.266667e+01
     vertex -2.400000e+01 -5.035155e-14  2.200000e+01
   endloop
 endfacet
 facet normal -7.091721e-01 -1.446908e-02  7.048869e-01
   outer loop
     vertex -2.332364e+01 -6.724191e-01  2.266667e+01
     vertex -2.400000e+01 -5.035155e-14  2.200000e+01
     vertex -2.398003e+01 -9.789261e-01  2.200000e+01
   endloop
 endfacet
 facet normal -7.072536e-01  0.000000e+00  7.069599e-01
   outer loop
     vertex -2.265725e+01 -6.532071e-01  2.333333e+01
     vertex -2.332364e+01  6.724191e-01  2.266667e+01
     vertex -2.332364e+01 -6.724191e-01  2.266667e+01
   endloop
 endfacet
 facet normal -7.072536e-01  0.000000e+00  7.069599e-01
   outer loop
     vertex -2.265725e+01 -6.532071e-01  2.333333e+01
     vertex -2.265725e+01  6.532071e-01  2.333333e+01
     vertex -2.332364e+01  6.724191e-01  2.266667e+01
   endloop
 endfacet
 facet normal -7.121168e-01  0.000000e+00  7.020610e-01
   outer loop
     vertex -2.265725e+01 -6.532071e-01  2.333333e+01
     vertex -2.200000e+01 -9.500540e-14  2.400000e+01
     vertex -2.265725e+01  6.532071e-01  2.333333e+01
   endloop
 endfacet
 facet normal -7.046699e-01 -1.496026e-02  7.093775e-01
   outer loop
     vertex -2.265725e+01 -6.532071e-01  2.333333e+01
     vertex -2.198018e+01 -9.337065e-01  2.400000e+01
     vertex -2.200000e+01 -9.500540e-14  2.400000e+01
   endloop
 endfacet
 facet normal -7.026119e-01 -4.054621e-02  7.104171e-01
   outer loop
     vertex -2.324616e+01 -2.015024e+00  2.266667e+01
     vertex -2.332364e+01 -6.724191e-01  2.266667e+01
     vertex -2.398003e+01 -9.789261e-01  2.200000e+01
   endloop
 endfacet
 facet normal -7.044854e-01 -4.316832e-02  7.084044e-01
   outer loop
     vertex -2.324616e+01 -2.015024e+00  2.266667e+01
     vertex -2.398003e+01 -9.789261e-01  2.200000e+01
     vertex -2.392014e+01 -1.956223e+00  2.200000e+01
   endloop
 endfacet
 facet normal -7.045819e-01 -7.211746e-02  7.059486e-01
   outer loop
     vertex -2.324616e+01 -2.015024e+00  2.266667e+01
     vertex -2.392014e+01 -1.956223e+00  2.200000e+01
     vertex -2.382044e+01 -2.930264e+00  2.200000e+01
   endloop
 endfacet
 facet normal -7.060789e-01 -4.074629e-02  7.069599e-01
   outer loop
     vertex -2.258199e+01 -1.957451e+00  2.333333e+01
     vertex -2.265725e+01 -6.532071e-01  2.333333e+01
     vertex -2.332364e+01 -6.724191e-01  2.266667e+01
   endloop
 endfacet
 facet normal -7.095821e-01 -4.094845e-02  7.034319e-01
   outer loop
     vertex -2.258199e+01 -1.957451e+00  2.333333e+01
     vertex -2.198018e+01 -9.337065e-01  2.400000e+01
     vertex -2.265725e+01 -6.532071e-01  2.333333e+01
   endloop
 endfacet
 facet normal -7.061644e-01 -4.503010e-02  7.066145e-01
   outer loop
     vertex -2.258199e+01 -1.957451e+00  2.333333e+01
     vertex -2.192074e+01 -1.865730e+00  2.400000e+01
     vertex -2.198018e+01 -9.337065e-01  2.400000e+01
   endloop
 endfacet
 facet normal -7.028264e-01 -7.487576e-02  7.074099e-01
   outer loop
     vertex -2.258199e+01 -1.957451e+00  2.333333e+01
     vertex -2.182181e+01 -2.794392e+00  2.400000e+01
     vertex -2.192074e+01 -1.865730e+00  2.400000e+01
   endloop
 endfacet
 facet normal -7.060789e-01 -4.074629e-02  7.069599e-01
   outer loop
     vertex -2.258199e+01 -1.957451e+00  2.333333e+01
     vertex -2.332364e+01 -6.724191e-01  2.266667e+01
     vertex -2.324616e+01 -2.015024e+00  2.266667e+01
   endloop
 endfacet
 facet normal -6.976437e-01 -8.078805e-02  7.118754e-01
   outer loop
     vertex -2.309146e+01 -3.350934e+00  2.266667e+01
     vertex -2.324616e+01 -2.015024e+00  2.266667e+01
     vertex -2.382044e+01 -2.930264e+00  2.200000e+01
   endloop
 endfacet
 facet normal -7.025252e-01 -1.010079e-01  7.044543e-01
   outer loop
     vertex -2.309146e+01 -3.350934e+00  2.266667e+01
     vertex -2.382044e+01 -2.930264e+00  2.200000e+01
     vertex -2.368110e+01 -3.899427e+00  2.200000e+01
   endloop
 endfacet
 facet normal -7.025587e-01 -8.135721e-02  7.069599e-01
   outer loop
     vertex -2.243171e+01 -3.255193e+00  2.333333e+01
     vertex -2.324616e+01 -2.015024e+00  2.266667e+01
     vertex -2.309146e+01 -3.350934e+00  2.266667e+01
   endloop
 endfacet
 facet normal -7.025587e-01 -8.135721e-02  7.069599e-01
   outer loop
     vertex -2.243171e+01 -3.255193e+00  2.333333e+01
     vertex -2.258199e+01 -1.957451e+00  2.333333e+01
     vertex -2.324616e+01 -2.015024e+00  2.266667e+01
   endloop
 endfacet
 facet normal -6.968393e-01 -1.043114e-01  7.096014e-01
   outer loop
     vertex -2.243171e+01 -3.255193e+00  2.333333e+01
     vertex -2.168355e+01 -3.718018e+00  2.400000e+01
     vertex -2.182181e+01 -2.794392e+00  2.400000e+01
   endloop
 endfacet
 facet normal -7.065394e-01 -8.181819e-02  7.029281e-01
   outer loop
     vertex -2.243171e+01 -3.255193e+00  2.333333e+01
     vertex -2.182181e+01 -2.794392e+00  2.400000e+01
     vertex -2.258199e+01 -1.957451e+00  2.333333e+01
   endloop
 endfacet
 facet normal -6.921054e-01 -1.208945e-01  7.116000e-01
   outer loop
     vertex -2.286006e+01 -4.675714e+00  2.266667e+01
     vertex -2.309146e+01 -3.350934e+00  2.266667e+01
     vertex -2.368110e+01 -3.899427e+00  2.200000e+01
   endloop
 endfacet
 facet normal -6.958216e-01 -1.292076e-01  7.064967e-01
   outer loop
     vertex -2.286006e+01 -4.675714e+00  2.266667e+01
     vertex -2.368110e+01 -3.899427e+00  2.200000e+01
     vertex -2.350234e+01 -4.862101e+00  2.200000e+01
   endloop
 endfacet
 facet normal -6.888669e-01 -1.572294e-01  7.076307e-01
   outer loop
     vertex -2.286006e+01 -4.675714e+00  2.266667e+01
     vertex -2.350234e+01 -4.862101e+00  2.200000e+01
     vertex -2.328446e+01 -5.816682e+00  2.200000e+01
   endloop
 endfacet
 facet normal -6.923412e-01 -1.338998e-01  7.090378e-01
   outer loop
     vertex -2.220691e+01 -4.542122e+00  2.333333e+01
     vertex -2.150622e+01 -4.634944e+00  2.400000e+01
     vertex -2.168355e+01 -3.718018e+00  2.400000e+01
   endloop
 endfacet
 facet normal -6.967046e-01 -1.216979e-01  7.069599e-01
   outer loop
     vertex -2.220691e+01 -4.542122e+00  2.333333e+01
     vertex -2.243171e+01 -3.255193e+00  2.333333e+01
     vertex -2.309146e+01 -3.350934e+00  2.266667e+01
   endloop
 endfacet
 facet normal -7.014391e-01 -1.225249e-01  7.021188e-01
   outer loop
     vertex -2.220691e+01 -4.542122e+00  2.333333e+01
     vertex -2.168355e+01 -3.718018e+00  2.400000e+01
     vertex -2.243171e+01 -3.255193e+00  2.333333e+01
   endloop
 endfacet
 facet normal -6.967046e-01 -1.216979e-01  7.069599e-01
   outer loop
     vertex -2.220691e+01 -4.542122e+00  2.333333e+01
     vertex -2.309146e+01 -3.350934e+00  2.266667e+01
     vertex -2.286006e+01 -4.675714e+00  2.266667e+01
   endloop
 endfacet
 facet normal -6.846536e-01 -1.607228e-01  7.109273e-01
   outer loop
     vertex -2.255271e+01 -5.984961e+00  2.266667e+01
     vertex -2.286006e+01 -4.675714e+00  2.266667e+01
     vertex -2.328446e+01 -5.816682e+00  2.200000e+01
   endloop
 endfacet
 facet normal -6.847453e-01 -1.859745e-01  7.046541e-01
   outer loop
     vertex -2.255271e+01 -5.984961e+00  2.266667e+01
     vertex -2.328446e+01 -5.816682e+00  2.200000e+01
     vertex -2.302783e+01 -6.761581e+00  2.200000e+01
   endloop
 endfacet
 facet normal -6.913569e-01 -1.622964e-01  7.040494e-01
   outer loop
     vertex -2.190835e+01 -5.813962e+00  2.333333e+01
     vertex -2.150622e+01 -4.634944e+00  2.400000e+01
     vertex -2.220691e+01 -4.542122e+00  2.333333e+01
   endloop
 endfacet
 facet normal -6.885362e-01 -1.616343e-01  7.069599e-01
   outer loop
     vertex -2.190835e+01 -5.813962e+00  2.333333e+01
     vertex -2.220691e+01 -4.542122e+00  2.333333e+01
     vertex -2.286006e+01 -4.675714e+00  2.266667e+01
   endloop
 endfacet
 facet normal -6.892849e-01 -1.639360e-01  7.056992e-01
   outer loop
     vertex -2.190835e+01 -5.813962e+00  2.333333e+01
     vertex -2.129012e+01 -5.543517e+00  2.400000e+01
     vertex -2.150622e+01 -4.634944e+00  2.400000e+01
   endloop
 endfacet
 facet normal -6.885362e-01 -1.616343e-01  7.069599e-01
   outer loop
     vertex -2.190835e+01 -5.813962e+00  2.333333e+01
     vertex -2.286006e+01 -4.675714e+00  2.266667e+01
     vertex -2.255271e+01 -5.984961e+00  2.266667e+01
   endloop
 endfacet
 facet normal -6.794107e-01 -1.923923e-01  7.080863e-01
   outer loop
     vertex -2.190835e+01 -5.813962e+00  2.333333e+01
     vertex -2.103567e+01 -6.442101e+00  2.400000e+01
     vertex -2.129012e+01 -5.543517e+00  2.400000e+01
   endloop
 endfacet
 facet normal -6.730719e-01 -1.995488e-01  7.121478e-01
   outer loop
     vertex -2.217044e+01 -7.274326e+00  2.266667e+01
     vertex -2.255271e+01 -5.984961e+00  2.266667e+01
     vertex -2.302783e+01 -6.761581e+00  2.200000e+01
   endloop
 endfacet
 facet normal -6.760675e-01 -2.135845e-01  7.052052e-01
   outer loop
     vertex -2.217044e+01 -7.274326e+00  2.266667e+01
     vertex -2.302783e+01 -6.761581e+00  2.200000e+01
     vertex -2.273287e+01 -7.695227e+00  2.200000e+01
   endloop
 endfacet
 facet normal -6.690837e-01 -2.205432e-01  7.097096e-01
   outer loop
     vertex -2.153700e+01 -7.066488e+00  2.333333e+01
     vertex -2.074330e+01 -7.329075e+00  2.400000e+01
     vertex -2.103567e+01 -6.442101e+00  2.400000e+01
   endloop
 endfacet
 facet normal -6.780805e-01 -2.010338e-01  7.069599e-01
   outer loop
     vertex -2.153700e+01 -7.066488e+00  2.333333e+01
     vertex -2.190835e+01 -5.813962e+00  2.333333e+01
     vertex -2.255271e+01 -5.984961e+00  2.266667e+01
   endloop
 endfacet
 facet normal -6.780805e-01 -2.010338e-01  7.069599e-01
   outer loop
     vertex -2.153700e+01 -7.066488e+00  2.333333e+01
     vertex -2.255271e+01 -5.984961e+00  2.266667e+01
     vertex -2.217044e+01 -7.274326e+00  2.266667e+01
   endloop
 endfacet
 facet normal -6.822912e-01 -2.022821e-01  7.025387e-01
   outer loop
     vertex -2.153700e+01 -7.066488e+00  2.333333e+01
     vertex -2.103567e+01 -6.442101e+00  2.400000e+01
     vertex -2.190835e+01 -5.813962e+00  2.333333e+01
   endloop
 endfacet
 facet normal -6.626722e-01 -2.387925e-01  7.098195e-01
   outer loop
     vertex -2.171453e+01 -8.539527e+00  2.266667e+01
     vertex -2.217044e+01 -7.274326e+00  2.266667e+01
     vertex -2.273287e+01 -7.695227e+00  2.200000e+01
   endloop
 endfacet
 facet normal -6.629786e-01 -2.396041e-01  7.092596e-01
   outer loop
     vertex -2.171453e+01 -8.539527e+00  2.266667e+01
     vertex -2.273287e+01 -7.695227e+00  2.200000e+01
     vertex -2.240008e+01 -8.616065e+00  2.200000e+01
   endloop
 endfacet
 facet normal -6.561514e-01 -2.678745e-01  7.054847e-01
   outer loop
     vertex -2.171453e+01 -8.539527e+00  2.266667e+01
     vertex -2.240008e+01 -8.616065e+00  2.200000e+01
     vertex -2.203000e+01 -9.522562e+00  2.200000e+01
   endloop
 endfacet
 facet normal -6.601822e-01 -2.491418e-01  7.085815e-01
   outer loop
     vertex -2.109412e+01 -8.295541e+00  2.333333e+01
     vertex -2.041356e+01 -8.202843e+00  2.400000e+01
     vertex -2.074330e+01 -7.329075e+00  2.400000e+01
   endloop
 endfacet
 facet normal -6.524887e-01 -2.784192e-01  7.047987e-01
   outer loop
     vertex -2.109412e+01 -8.295541e+00  2.333333e+01
     vertex -2.004703e+01 -9.061827e+00  2.400000e+01
     vertex -2.041356e+01 -8.202843e+00  2.400000e+01
   endloop
 endfacet
 facet normal -6.653723e-01 -2.397654e-01  7.069599e-01
   outer loop
     vertex -2.109412e+01 -8.295541e+00  2.333333e+01
     vertex -2.217044e+01 -7.274326e+00  2.266667e+01
     vertex -2.171453e+01 -8.539527e+00  2.266667e+01
   endloop
 endfacet
 facet normal -6.697329e-01 -2.413367e-01  7.022923e-01
   outer loop
     vertex -2.109412e+01 -8.295541e+00  2.333333e+01
     vertex -2.074330e+01 -7.329075e+00  2.400000e+01
     vertex -2.153700e+01 -7.066488e+00  2.333333e+01
   endloop
 endfacet
 facet normal -6.653723e-01 -2.397654e-01  7.069599e-01
   outer loop
     vertex -2.109412e+01 -8.295541e+00  2.333333e+01
     vertex -2.153700e+01 -7.066488e+00  2.333333e+01
     vertex -2.217044e+01 -7.274326e+00  2.266667e+01
   endloop
 endfacet
 facet normal -6.457266e-01 -2.756824e-01  7.120649e-01
   outer loop
     vertex -2.118649e+01 -9.776361e+00  2.266667e+01
     vertex -2.171453e+01 -8.539527e+00  2.266667e+01
     vertex -2.203000e+01 -9.522562e+00  2.200000e+01
   endloop
 endfacet
 facet normal -6.455332e-01 -2.948051e-01  7.045402e-01
   outer loop
     vertex -2.118649e+01 -9.776361e+00  2.266667e+01
     vertex -2.203000e+01 -9.522562e+00  2.200000e+01
     vertex -2.162325e+01 -1.041321e+01  2.200000e+01
   endloop
 endfacet
 facet normal -6.366177e-01 -3.042042e-01  7.086450e-01
   outer loop
     vertex -2.058116e+01 -9.497036e+00  2.333333e+01
     vertex -1.964437e+01 -9.904482e+00  2.400000e+01
     vertex -2.004703e+01 -9.061827e+00  2.400000e+01
   endloop
 endfacet
 facet normal -6.525408e-01 -2.785916e-01  7.046823e-01
   outer loop
     vertex -2.058116e+01 -9.497036e+00  2.333333e+01
     vertex -2.004703e+01 -9.061827e+00  2.400000e+01
     vertex -2.109412e+01 -8.295541e+00  2.333333e+01
   endloop
 endfacet
 facet normal -6.504538e-01 -2.777006e-01  7.069599e-01
   outer loop
     vertex -2.058116e+01 -9.497036e+00  2.333333e+01
     vertex -2.109412e+01 -8.295541e+00  2.333333e+01
     vertex -2.171453e+01 -8.539527e+00  2.266667e+01
   endloop
 endfacet
 facet normal -6.504538e-01 -2.777006e-01  7.069599e-01
   outer loop
     vertex -2.058116e+01 -9.497036e+00  2.333333e+01
     vertex -2.171453e+01 -8.539527e+00  2.266667e+01
     vertex -2.118649e+01 -9.776361e+00  2.266667e+01
   endloop
 endfacet
 facet normal -6.295211e-01 -3.127986e-01  7.112385e-01
   outer loop
     vertex -2.058806e+01 -1.098072e+01  2.266667e+01
     vertex -2.118649e+01 -9.776361e+00  2.266667e+01
     vertex -2.162325e+01 -1.041321e+01  2.200000e+01
   endloop
 endfacet
 facet normal -6.306709e-01 -3.197240e-01  7.071286e-01
   outer loop
     vertex -2.058806e+01 -1.098072e+01  2.266667e+01
     vertex -2.162325e+01 -1.041321e+01  2.200000e+01
     vertex -2.118052e+01 -1.128653e+01  2.200000e+01
   endloop
 endfacet
 facet normal -6.172699e-01 -3.452743e-01  7.069395e-01
   outer loop
     vertex -2.058806e+01 -1.098072e+01  2.266667e+01
     vertex -2.118052e+01 -1.128653e+01  2.200000e+01
     vertex -2.070253e+01 -1.214106e+01  2.200000e+01
   endloop
 endfacet
 facet normal -6.221940e-01 -3.304500e-01  7.097024e-01
   outer loop
     vertex -1.999983e+01 -1.066698e+01  2.333333e+01
     vertex -1.920631e+01 -1.072929e+01  2.400000e+01
     vertex -1.964437e+01 -9.904482e+00  2.400000e+01
   endloop
 endfacet
 facet normal -6.375501e-01 -3.167881e-01  7.022643e-01
   outer loop
     vertex -1.999983e+01 -1.066698e+01  2.333333e+01
     vertex -1.964437e+01 -9.904482e+00  2.400000e+01
     vertex -2.058116e+01 -9.497036e+00  2.333333e+01
   endloop
 endfacet
 facet normal -6.333745e-01 -3.147133e-01  7.069599e-01
   outer loop
     vertex -1.999983e+01 -1.066698e+01  2.333333e+01
     vertex -2.058116e+01 -9.497036e+00  2.333333e+01
     vertex -2.118649e+01 -9.776361e+00  2.266667e+01
   endloop
 endfacet
 facet normal -6.333745e-01 -3.147133e-01  7.069599e-01
   outer loop
     vertex -1.999983e+01 -1.066698e+01  2.333333e+01
     vertex -2.118649e+01 -9.776361e+00  2.266667e+01
     vertex -2.058806e+01 -1.098072e+01  2.266667e+01
   endloop
 endfacet
 facet normal -6.103560e-01 -3.484908e-01  7.113506e-01
   outer loop
     vertex -1.992124e+01 -1.214860e+01  2.266667e+01
     vertex -2.058806e+01 -1.098072e+01  2.266667e+01
     vertex -2.070253e+01 -1.214106e+01  2.200000e+01
   endloop
 endfacet
 facet normal -6.047378e-01 -3.714328e-01  7.045069e-01
   outer loop
     vertex -1.992124e+01 -1.214860e+01  2.266667e+01
     vertex -2.070253e+01 -1.214106e+01  2.200000e+01
     vertex -2.019008e+01 -1.297538e+01  2.200000e+01
   endloop
 endfacet
 facet normal -6.090770e-01 -3.574206e-01  7.080082e-01
   outer loop
     vertex -1.935207e+01 -1.180150e+01  2.333333e+01
     vertex -1.873364e+01 -1.153476e+01  2.400000e+01
     vertex -1.920631e+01 -1.072929e+01  2.400000e+01
   endloop
 endfacet
 facet normal -5.951963e-01 -3.841344e-01  7.058202e-01
   outer loop
     vertex -1.935207e+01 -1.180150e+01  2.333333e+01
     vertex -1.822721e+01 -1.231945e+01  2.400000e+01
     vertex -1.873364e+01 -1.153476e+01  2.400000e+01
   endloop
 endfacet
 facet normal -6.179689e-01 -3.528374e-01  7.025811e-01
   outer loop
     vertex -1.935207e+01 -1.180150e+01  2.333333e+01
     vertex -1.920631e+01 -1.072929e+01  2.400000e+01
     vertex -1.999983e+01 -1.066698e+01  2.333333e+01
   endloop
 endfacet
 facet normal -6.141912e-01 -3.506805e-01  7.069599e-01
   outer loop
     vertex -1.935207e+01 -1.180150e+01  2.333333e+01
     vertex -2.058806e+01 -1.098072e+01  2.266667e+01
     vertex -1.992124e+01 -1.214860e+01  2.266667e+01
   endloop
 endfacet
 facet normal -6.141912e-01 -3.506805e-01  7.069599e-01
   outer loop
     vertex -1.935207e+01 -1.180150e+01  2.333333e+01
     vertex -1.999983e+01 -1.066698e+01  2.333333e+01
     vertex -2.058806e+01 -1.098072e+01  2.266667e+01
   endloop
 endfacet
 facet normal -5.886969e-01 -3.827064e-01  7.120195e-01
   outer loop
     vertex -1.918825e+01 -1.327612e+01  2.266667e+01
     vertex -1.992124e+01 -1.214860e+01  2.266667e+01
     vertex -2.019008e+01 -1.297538e+01  2.200000e+01
   endloop
 endfacet
 facet normal -5.881751e-01 -3.951792e-01  7.056086e-01
   outer loop
     vertex -1.918825e+01 -1.327612e+01  2.266667e+01
     vertex -2.019008e+01 -1.297538e+01  2.200000e+01
     vertex -1.964404e+01 -1.378811e+01  2.200000e+01
   endloop
 endfacet
 facet normal -5.688240e-01 -4.168313e-01  7.090070e-01
   outer loop
     vertex -1.918825e+01 -1.327612e+01  2.266667e+01
     vertex -1.964404e+01 -1.378811e+01  2.200000e+01
     vertex -1.906529e+01 -1.457788e+01  2.200000e+01
   endloop
 endfacet
 facet normal -5.756874e-01 -4.071611e-01  7.090866e-01
   outer loop
     vertex -1.864002e+01 -1.289681e+01  2.333333e+01
     vertex -1.768794e+01 -1.308193e+01  2.400000e+01
     vertex -1.822721e+01 -1.231945e+01  2.400000e+01
   endloop
 endfacet
 facet normal -5.954662e-01 -3.871071e-01  7.039660e-01
   outer loop
     vertex -1.864002e+01 -1.289681e+01  2.333333e+01
     vertex -1.822721e+01 -1.231945e+01  2.400000e+01
     vertex -1.935207e+01 -1.180150e+01  2.333333e+01
   endloop
 endfacet
 facet normal -5.929677e-01 -3.854828e-01  7.069599e-01
   outer loop
     vertex -1.864002e+01 -1.289681e+01  2.333333e+01
     vertex -1.935207e+01 -1.180150e+01  2.333333e+01
     vertex -1.992124e+01 -1.214860e+01  2.266667e+01
   endloop
 endfacet
 facet normal -5.929677e-01 -3.854828e-01  7.069599e-01
   outer loop
     vertex -1.864002e+01 -1.289681e+01  2.333333e+01
     vertex -1.992124e+01 -1.214860e+01  2.266667e+01
     vertex -1.918825e+01 -1.327612e+01  2.266667e+01
   endloop
 endfacet
 facet normal -5.673163e-01 -4.171970e-01  7.099992e-01
   outer loop
     vertex -1.839152e+01 -1.435955e+01  2.266667e+01
     vertex -1.918825e+01 -1.327612e+01  2.266667e+01
     vertex -1.906529e+01 -1.457788e+01  2.200000e+01
   endloop
 endfacet
 facet normal -5.543985e-01 -4.421181e-01  7.051056e-01
   outer loop
     vertex -1.839152e+01 -1.435955e+01  2.266667e+01
     vertex -1.906529e+01 -1.457788e+01  2.200000e+01
     vertex -1.845481e+01 -1.534340e+01  2.200000e+01
   endloop
 endfacet
 facet normal -5.574957e-01 -4.309237e-01  7.095797e-01
   outer loop
     vertex -1.786605e+01 -1.394927e+01  2.333333e+01
     vertex -1.711679e+01 -1.382084e+01  2.400000e+01
     vertex -1.768794e+01 -1.308193e+01  2.400000e+01
   endloop
 endfacet
 facet normal -5.736571e-01 -4.218599e-01  7.021053e-01
   outer loop
     vertex -1.786605e+01 -1.394927e+01  2.333333e+01
     vertex -1.768794e+01 -1.308193e+01  2.400000e+01
     vertex -1.864002e+01 -1.289681e+01  2.333333e+01
   endloop
 endfacet
 facet normal -5.697744e-01 -4.190046e-01  7.069599e-01
   outer loop
     vertex -1.786605e+01 -1.394927e+01  2.333333e+01
     vertex -1.918825e+01 -1.327612e+01  2.266667e+01
     vertex -1.839152e+01 -1.435955e+01  2.266667e+01
   endloop
 endfacet
 facet normal -5.697744e-01 -4.190046e-01  7.069599e-01
   outer loop
     vertex -1.786605e+01 -1.394927e+01  2.333333e+01
     vertex -1.864002e+01 -1.289681e+01  2.333333e+01
     vertex -1.918825e+01 -1.327612e+01  2.266667e+01
   endloop
 endfacet
 facet normal -5.406487e-01 -4.477887e-01  7.121687e-01
   outer loop
     vertex -1.753369e+01 -1.539527e+01  2.266667e+01
     vertex -1.839152e+01 -1.435955e+01  2.266667e+01
     vertex -1.845481e+01 -1.534340e+01  2.200000e+01
   endloop
 endfacet
 facet normal -5.361995e-01 -4.646195e-01  7.047119e-01
   outer loop
     vertex -1.753369e+01 -1.539527e+01  2.266667e+01
     vertex -1.845481e+01 -1.534340e+01  2.200000e+01
     vertex -1.781362e+01 -1.608338e+01  2.200000e+01
   endloop
 endfacet
 facet normal -5.446883e-01 -4.511345e-01  7.069599e-01
   outer loop
     vertex -1.703273e+01 -1.495540e+01  2.333333e+01
     vertex -1.839152e+01 -1.435955e+01  2.266667e+01
     vertex -1.753369e+01 -1.539527e+01  2.266667e+01
   endloop
 endfacet
 facet normal -5.404410e-01 -4.556603e-01  7.073170e-01
   outer loop
     vertex -1.703273e+01 -1.495540e+01  2.333333e+01
     vertex -1.651479e+01 -1.453484e+01  2.400000e+01
     vertex -1.711679e+01 -1.382084e+01  2.400000e+01
   endloop
 endfacet
 facet normal -5.210544e-01 -4.785901e-01  7.067205e-01
   outer loop
     vertex -1.703273e+01 -1.495540e+01  2.333333e+01
     vertex -1.588303e+01 -1.522266e+01  2.400000e+01
     vertex -1.651479e+01 -1.453484e+01  2.400000e+01
   endloop
 endfacet
 facet normal -5.477314e-01 -4.536549e-01  7.029848e-01
   outer loop
     vertex -1.703273e+01 -1.495540e+01  2.333333e+01
     vertex -1.711679e+01 -1.382084e+01  2.400000e+01
     vertex -1.786605e+01 -1.394927e+01  2.333333e+01
   endloop
 endfacet
 facet normal -5.446883e-01 -4.511345e-01  7.069599e-01
   outer loop
     vertex -1.703273e+01 -1.495540e+01  2.333333e+01
     vertex -1.786605e+01 -1.394927e+01  2.333333e+01
     vertex -1.839152e+01 -1.435955e+01  2.266667e+01
   endloop
 endfacet
 facet normal -5.149744e-01 -4.791433e-01  7.107905e-01
   outer loop
     vertex -1.661761e+01 -1.637985e+01  2.266667e+01
     vertex -1.753369e+01 -1.539527e+01  2.266667e+01
     vertex -1.781362e+01 -1.608338e+01  2.200000e+01
   endloop
 endfacet
 facet normal -5.145264e-01 -4.839631e-01  7.078434e-01
   outer loop
     vertex -1.661761e+01 -1.637985e+01  2.266667e+01
     vertex -1.781362e+01 -1.608338e+01  2.200000e+01
     vertex -1.714278e+01 -1.679658e+01  2.200000e+01
   endloop
 endfacet
 facet normal -4.954160e-01 -5.056270e-01  7.063315e-01
   outer loop
     vertex -1.661761e+01 -1.637985e+01  2.266667e+01
     vertex -1.714278e+01 -1.679658e+01  2.200000e+01
     vertex -1.644340e+01 -1.748184e+01  2.200000e+01
   endloop
 endfacet
 facet normal -5.204120e-01 -4.842027e-01  7.033627e-01
   outer loop
     vertex -1.614282e+01 -1.591185e+01  2.333333e+01
     vertex -1.588303e+01 -1.522266e+01  2.400000e+01
     vertex -1.703273e+01 -1.495540e+01  2.333333e+01
   endloop
 endfacet
 facet normal -4.983648e-01 -4.983648e-01  7.094118e-01
   outer loop
     vertex -1.614282e+01 -1.591185e+01  2.333333e+01
     vertex -1.522266e+01 -1.588303e+01  2.400000e+01
     vertex -1.588303e+01 -1.522266e+01  2.400000e+01
   endloop
 endfacet
 facet normal -5.177929e-01 -4.817658e-01  7.069599e-01
   outer loop
     vertex -1.614282e+01 -1.591185e+01  2.333333e+01
     vertex -1.753369e+01 -1.539527e+01  2.266667e+01
     vertex -1.661761e+01 -1.637985e+01  2.266667e+01
   endloop
 endfacet
 facet normal -5.177929e-01 -4.817658e-01  7.069599e-01
   outer loop
     vertex -1.614282e+01 -1.591185e+01  2.333333e+01
     vertex -1.703273e+01 -1.495540e+01  2.333333e+01
     vertex -1.753369e+01 -1.539527e+01  2.266667e+01
   endloop
 endfacet
 facet normal -4.756378e-01 -5.268067e-01  7.044455e-01
   outer loop
     vertex -1.564634e+01 -1.731001e+01  2.266667e+01
     vertex -1.644340e+01 -1.748184e+01  2.200000e+01
     vertex -1.571666e+01 -1.813799e+01  2.200000e+01
   endloop
 endfacet
 facet normal -4.858869e-01 -5.073607e-01  7.116875e-01
   outer loop
     vertex -1.564634e+01 -1.731001e+01  2.266667e+01
     vertex -1.661761e+01 -1.637985e+01  2.266667e+01
     vertex -1.644340e+01 -1.748184e+01  2.200000e+01
   endloop
 endfacet
 facet normal -4.925404e-01 -5.143083e-01  7.020619e-01
   outer loop
     vertex -1.519930e+01 -1.681544e+01  2.333333e+01
     vertex -1.522266e+01 -1.588303e+01  2.400000e+01
     vertex -1.614282e+01 -1.591185e+01  2.333333e+01
   endloop
 endfacet
 facet normal -4.891774e-01 -5.107966e-01  7.069599e-01
   outer loop
     vertex -1.519930e+01 -1.681544e+01  2.333333e+01
     vertex -1.661761e+01 -1.637985e+01  2.266667e+01
     vertex -1.564634e+01 -1.731001e+01  2.266667e+01
   endloop
 endfacet
 facet normal -4.768125e-01 -5.191191e-01  7.093414e-01
   outer loop
     vertex -1.519930e+01 -1.681544e+01  2.333333e+01
     vertex -1.453484e+01 -1.651479e+01  2.400000e+01
     vertex -1.522266e+01 -1.588303e+01  2.400000e+01
   endloop
 endfacet
 facet normal -4.891774e-01 -5.107966e-01  7.069599e-01
   outer loop
     vertex -1.519930e+01 -1.681544e+01  2.333333e+01
     vertex -1.614282e+01 -1.591185e+01  2.333333e+01
     vertex -1.661761e+01 -1.637985e+01  2.266667e+01
   endloop
 endfacet
 facet normal -4.527041e-01 -5.445058e-01  7.060966e-01
   outer loop
     vertex -1.462308e+01 -1.818268e+01  2.266667e+01
     vertex -1.571666e+01 -1.813799e+01  2.200000e+01
     vertex -1.496376e+01 -1.876396e+01  2.200000e+01
   endloop
 endfacet
 facet normal -4.288552e-01 -5.608667e-01  7.081750e-01
   outer loop
     vertex -1.462308e+01 -1.818268e+01  2.266667e+01
     vertex -1.496376e+01 -1.876396e+01  2.200000e+01
     vertex -1.418595e+01 -1.935869e+01  2.200000e+01
   endloop
 endfacet
 facet normal -4.589369e-01 -5.381307e-01  7.069599e-01
   outer loop
     vertex -1.462308e+01 -1.818268e+01  2.266667e+01
     vertex -1.519930e+01 -1.681544e+01  2.333333e+01
     vertex -1.564634e+01 -1.731001e+01  2.266667e+01
   endloop
 endfacet
 facet normal -4.557722e-01 -5.344199e-01  7.118055e-01
   outer loop
     vertex -1.462308e+01 -1.818268e+01  2.266667e+01
     vertex -1.564634e+01 -1.731001e+01  2.266667e+01
     vertex -1.571666e+01 -1.813799e+01  2.200000e+01
   endloop
 endfacet
 facet normal -4.611683e-01 -5.407472e-01  7.035029e-01
   outer loop
     vertex -1.420528e+01 -1.766317e+01  2.333333e+01
     vertex -1.453484e+01 -1.651479e+01  2.400000e+01
     vertex -1.519930e+01 -1.681544e+01  2.333333e+01
   endloop
 endfacet
 facet normal -4.589369e-01 -5.381307e-01  7.069599e-01
   outer loop
     vertex -1.420528e+01 -1.766317e+01  2.333333e+01
     vertex -1.519930e+01 -1.681544e+01  2.333333e+01
     vertex -1.462308e+01 -1.818268e+01  2.266667e+01
   endloop
 endfacet
 facet normal -4.561823e-01 -5.410601e-01  7.065067e-01
   outer loop
     vertex -1.420528e+01 -1.766317e+01  2.333333e+01
     vertex -1.382084e+01 -1.711679e+01  2.400000e+01
     vertex -1.453484e+01 -1.651479e+01  2.400000e+01
   endloop
 endfacet
 facet normal -4.322001e-01 -5.591471e-01  7.075009e-01
   outer loop
     vertex -1.420528e+01 -1.766317e+01  2.333333e+01
     vertex -1.308193e+01 -1.768794e+01  2.400000e+01
     vertex -1.382084e+01 -1.711679e+01  2.400000e+01
   endloop
 endfacet
 facet normal -4.249800e-01 -5.607849e-01  7.105718e-01
   outer loop
     vertex -1.355126e+01 -1.899494e+01  2.266667e+01
     vertex -1.462308e+01 -1.818268e+01  2.266667e+01
     vertex -1.418595e+01 -1.935869e+01  2.200000e+01
   endloop
 endfacet
 facet normal -4.075503e-01 -5.806404e-01  7.048117e-01
   outer loop
     vertex -1.355126e+01 -1.899494e+01  2.266667e+01
     vertex -1.418595e+01 -1.935869e+01  2.200000e+01
     vertex -1.338453e+01 -1.992121e+01  2.200000e+01
   endloop
 endfacet
 facet normal -4.296250e-01 -5.669142e-01  7.028731e-01
   outer loop
     vertex -1.316408e+01 -1.845223e+01  2.333333e+01
     vertex -1.308193e+01 -1.768794e+01  2.400000e+01
     vertex -1.420528e+01 -1.766317e+01  2.333333e+01
   endloop
 endfacet
 facet normal -4.271718e-01 -5.636772e-01  7.069599e-01
   outer loop
     vertex -1.316408e+01 -1.845223e+01  2.333333e+01
     vertex -1.462308e+01 -1.818268e+01  2.266667e+01
     vertex -1.355126e+01 -1.899494e+01  2.266667e+01
   endloop
 endfacet
 facet normal -4.271718e-01 -5.636772e-01  7.069599e-01
   outer loop
     vertex -1.316408e+01 -1.845223e+01  2.333333e+01
     vertex -1.420528e+01 -1.766317e+01  2.333333e+01
     vertex -1.462308e+01 -1.818268e+01  2.266667e+01
   endloop
 endfacet
 facet normal -4.068505e-01 -5.752482e-01  7.096212e-01
   outer loop
     vertex -1.316408e+01 -1.845223e+01  2.333333e+01
     vertex -1.231945e+01 -1.822721e+01  2.400000e+01
     vertex -1.308193e+01 -1.768794e+01  2.400000e+01
   endloop
 endfacet
 facet normal -3.834430e-01 -5.966489e-01  7.049692e-01
   outer loop
     vertex -1.243441e+01 -1.974411e+01  2.266667e+01
     vertex -1.338453e+01 -1.992121e+01  2.200000e+01
     vertex -1.256083e+01 -2.045056e+01  2.200000e+01
   endloop
 endfacet
 facet normal -3.910554e-01 -5.829797e-01  7.121870e-01
   outer loop
     vertex -1.243441e+01 -1.974411e+01  2.266667e+01
     vertex -1.355126e+01 -1.899494e+01  2.266667e+01
     vertex -1.338453e+01 -1.992121e+01  2.200000e+01
   endloop
 endfacet
 facet normal -3.939877e-01 -5.873511e-01  7.069599e-01
   outer loop
     vertex -1.243441e+01 -1.974411e+01  2.266667e+01
     vertex -1.316408e+01 -1.845223e+01  2.333333e+01
     vertex -1.355126e+01 -1.899494e+01  2.266667e+01
   endloop
 endfacet
 facet normal -3.966566e-01 -5.913299e-01  7.021342e-01
   outer loop
     vertex -1.207914e+01 -1.917999e+01  2.333333e+01
     vertex -1.231945e+01 -1.822721e+01  2.400000e+01
     vertex -1.316408e+01 -1.845223e+01  2.333333e+01
   endloop
 endfacet
 facet normal -3.939877e-01 -5.873511e-01  7.069599e-01
   outer loop
     vertex -1.207914e+01 -1.917999e+01  2.333333e+01
     vertex -1.316408e+01 -1.845223e+01  2.333333e+01
     vertex -1.243441e+01 -1.974411e+01  2.266667e+01
   endloop
 endfacet
 facet normal -3.824156e-01 -5.925332e-01  7.089871e-01
   outer loop
     vertex -1.207914e+01 -1.917999e+01  2.333333e+01
     vertex -1.153476e+01 -1.873364e+01  2.400000e+01
     vertex -1.231945e+01 -1.822721e+01  2.400000e+01
   endloop
 endfacet
 facet normal -3.569318e-01 -6.086283e-01  7.086405e-01
   outer loop
     vertex -1.127626e+01 -2.042769e+01  2.266667e+01
     vertex -1.256083e+01 -2.045056e+01  2.200000e+01
     vertex -1.171623e+01 -2.094588e+01  2.200000e+01
   endloop
 endfacet
 facet normal -3.331424e-01 -6.251816e-01  7.058074e-01
   outer loop
     vertex -1.127626e+01 -2.042769e+01  2.266667e+01
     vertex -1.171623e+01 -2.094588e+01  2.200000e+01
     vertex -1.085213e+01 -2.140634e+01  2.200000e+01
   endloop
 endfacet
 facet normal -3.578127e-01 -6.062239e-01  7.102553e-01
   outer loop
     vertex -1.127626e+01 -2.042769e+01  2.266667e+01
     vertex -1.243441e+01 -1.974411e+01  2.266667e+01
     vertex -1.256083e+01 -2.045056e+01  2.200000e+01
   endloop
 endfacet
 facet normal -3.594949e-01 -6.090740e-01  7.069599e-01
   outer loop
     vertex -1.127626e+01 -2.042769e+01  2.266667e+01
     vertex -1.207914e+01 -1.917999e+01  2.333333e+01
     vertex -1.243441e+01 -1.974411e+01  2.266667e+01
   endloop
 endfacet
 facet normal -3.609247e-01 -6.114964e-01  7.041346e-01
   outer loop
     vertex -1.095408e+01 -1.984404e+01  2.333333e+01
     vertex -1.153476e+01 -1.873364e+01  2.400000e+01
     vertex -1.207914e+01 -1.917999e+01  2.333333e+01
   endloop
 endfacet
 facet normal -3.594949e-01 -6.090740e-01  7.069599e-01
   outer loop
     vertex -1.095408e+01 -1.984404e+01  2.333333e+01
     vertex -1.207914e+01 -1.917999e+01  2.333333e+01
     vertex -1.127626e+01 -2.042769e+01  2.266667e+01
   endloop
 endfacet
 facet normal -3.586504e-01 -6.111727e-01  7.055762e-01
   outer loop
     vertex -1.095408e+01 -1.984404e+01  2.333333e+01
     vertex -1.072929e+01 -1.920631e+01  2.400000e+01
     vertex -1.153476e+01 -1.873364e+01  2.400000e+01
   endloop
 endfacet
 facet normal -3.311760e-01 -6.235609e-01  7.081626e-01
   outer loop
     vertex -1.095408e+01 -1.984404e+01  2.333333e+01
     vertex -9.904482e+00 -1.964437e+01  2.400000e+01
     vertex -1.072929e+01 -1.920631e+01  2.400000e+01
   endloop
 endfacet
 facet normal -3.079419e-01 -6.394480e-01  7.044700e-01
   outer loop
     vertex -1.008065e+01 -2.104340e+01  2.266667e+01
     vertex -1.085213e+01 -2.140634e+01  2.200000e+01
     vertex -9.969960e+00 -2.183117e+01  2.200000e+01
   endloop
 endfacet
 facet normal -3.215133e-01 -6.243181e-01  7.119383e-01
   outer loop
     vertex -1.008065e+01 -2.104340e+01  2.266667e+01
     vertex -1.127626e+01 -2.042769e+01  2.266667e+01
     vertex -1.085213e+01 -2.140634e+01  2.200000e+01
   endloop
 endfacet
 facet normal -3.238078e-01 -6.287736e-01  7.069599e-01
   outer loop
     vertex -1.008065e+01 -2.104340e+01  2.266667e+01
     vertex -1.095408e+01 -1.984404e+01  2.333333e+01
     vertex -1.127626e+01 -2.042769e+01  2.266667e+01
   endloop
 endfacet
 facet normal -3.258370e-01 -6.327138e-01  7.024981e-01
   outer loop
     vertex -9.792634e+00 -2.044216e+01  2.333333e+01
     vertex -9.904482e+00 -1.964437e+01  2.400000e+01
     vertex -1.095408e+01 -1.984404e+01  2.333333e+01
   endloop
 endfacet
 facet normal -3.238078e-01 -6.287736e-01  7.069599e-01
   outer loop
     vertex -9.792634e+00 -2.044216e+01  2.333333e+01
     vertex -1.095408e+01 -1.984404e+01  2.333333e+01
     vertex -1.008065e+01 -2.104340e+01  2.266667e+01
   endloop
 endfacet
 facet normal -3.037401e-01 -6.356466e-01  7.097150e-01
   outer loop
     vertex -9.792634e+00 -2.044216e+01  2.333333e+01
     vertex -9.061827e+00 -2.004703e+01  2.400000e+01
     vertex -9.904482e+00 -1.964437e+01  2.400000e+01
   endloop
 endfacet
 facet normal -2.807349e-01 -6.494669e-01  7.066687e-01
   outer loop
     vertex -8.851557e+00 -2.158922e+01  2.266667e+01
     vertex -9.969960e+00 -2.183117e+01  2.200000e+01
     vertex -9.071201e+00 -2.221966e+01  2.200000e+01
   endloop
 endfacet
 facet normal -2.537390e-01 -6.596716e-01  7.074248e-01
   outer loop
     vertex -8.851557e+00 -2.158922e+01  2.266667e+01
     vertex -9.071201e+00 -2.221966e+01  2.200000e+01
     vertex -8.157343e+00 -2.257117e+01  2.200000e+01
   endloop
 endfacet
 facet normal -2.851890e-01 -6.422049e-01  7.115055e-01
   outer loop
     vertex -8.851557e+00 -2.158922e+01  2.266667e+01
     vertex -1.008065e+01 -2.104340e+01  2.266667e+01
     vertex -9.969960e+00 -2.183117e+01  2.200000e+01
   endloop
 endfacet
 facet normal -2.870451e-01 -6.463844e-01  7.069599e-01
   outer loop
     vertex -8.598656e+00 -2.097238e+01  2.333333e+01
     vertex -9.792634e+00 -2.044216e+01  2.333333e+01
     vertex -1.008065e+01 -2.104340e+01  2.266667e+01
   endloop
 endfacet
 facet normal -2.889144e-01 -6.505937e-01  7.023221e-01
   outer loop
     vertex -8.598656e+00 -2.097238e+01  2.333333e+01
     vertex -9.061827e+00 -2.004703e+01  2.400000e+01
     vertex -9.792634e+00 -2.044216e+01  2.333333e+01
   endloop
 endfacet
 facet normal -2.870451e-01 -6.463844e-01  7.069599e-01
   outer loop
     vertex -8.598656e+00 -2.097238e+01  2.333333e+01
     vertex -1.008065e+01 -2.104340e+01  2.266667e+01
     vertex -8.851557e+00 -2.158922e+01  2.266667e+01
   endloop
 endfacet
 facet normal -2.769620e-01 -6.490737e-01  7.085163e-01
   outer loop
     vertex -8.598656e+00 -2.097238e+01  2.333333e+01
     vertex -8.202843e+00 -2.041356e+01  2.400000e+01
     vertex -9.061827e+00 -2.004703e+01  2.400000e+01
   endloop
 endfacet
 facet normal -2.504288e-01 -6.635923e-01  7.049331e-01
   outer loop
     vertex -8.598656e+00 -2.097238e+01  2.333333e+01
     vertex -7.329075e+00 -2.074330e+01  2.400000e+01
     vertex -8.202843e+00 -2.041356e+01  2.400000e+01
   endloop
 endfacet
 facet normal -2.275227e-01 -6.721367e-01  7.046032e-01
   outer loop
     vertex -7.593058e+00 -2.206332e+01  2.266667e+01
     vertex -8.157343e+00 -2.257117e+01  2.200000e+01
     vertex -7.229909e+00 -2.288511e+01  2.200000e+01
   endloop
 endfacet
 facet normal -2.478766e-01 -6.579931e-01  7.110571e-01
   outer loop
     vertex -7.593058e+00 -2.206332e+01  2.266667e+01
     vertex -8.851557e+00 -2.158922e+01  2.266667e+01
     vertex -8.157343e+00 -2.257117e+01  2.200000e+01
   endloop
 endfacet
 facet normal -2.493288e-01 -6.618480e-01  7.069599e-01
   outer loop
     vertex -7.376113e+00 -2.143294e+01  2.333333e+01
     vertex -8.851557e+00 -2.158922e+01  2.266667e+01
     vertex -7.593058e+00 -2.206332e+01  2.266667e+01
   endloop
 endfacet
 facet normal -2.493288e-01 -6.618480e-01  7.069599e-01
   outer loop
     vertex -7.376113e+00 -2.143294e+01  2.333333e+01
     vertex -8.598656e+00 -2.097238e+01  2.333333e+01
     vertex -8.851557e+00 -2.158922e+01  2.266667e+01
   endloop
 endfacet
 facet normal -2.501623e-01 -6.640606e-01  7.045866e-01
   outer loop
     vertex -7.376113e+00 -2.143294e+01  2.333333e+01
     vertex -7.329075e+00 -2.074330e+01  2.400000e+01
     vertex -8.598656e+00 -2.097238e+01  2.333333e+01
   endloop
 endfacet
 facet normal -2.208591e-01 -6.700420e-01  7.087065e-01
   outer loop
     vertex -7.376113e+00 -2.143294e+01  2.333333e+01
     vertex -6.442101e+00 -2.103567e+01  2.400000e+01
     vertex -7.329075e+00 -2.074330e+01  2.400000e+01
   endloop
 endfacet
 facet normal -1.997194e-01 -6.801819e-01  7.053118e-01
   outer loop
     vertex -6.309334e+00 -2.246412e+01  2.266667e+01
     vertex -7.229909e+00 -2.288511e+01  2.200000e+01
     vertex -6.290440e+00 -2.316097e+01  2.200000e+01
   endloop
 endfacet
 facet normal -2.092359e-01 -6.701535e-01  7.121198e-01
   outer loop
     vertex -6.309334e+00 -2.246412e+01  2.266667e+01
     vertex -7.593058e+00 -2.206332e+01  2.266667e+01
     vertex -7.229909e+00 -2.288511e+01  2.200000e+01
   endloop
 endfacet
 facet normal -2.107843e-01 -6.751131e-01  7.069599e-01
   outer loop
     vertex -6.309334e+00 -2.246412e+01  2.266667e+01
     vertex -7.376113e+00 -2.143294e+01  2.333333e+01
     vertex -7.593058e+00 -2.206332e+01  2.266667e+01
   endloop
 endfacet
 facet normal -2.121817e-01 -6.795885e-01  7.022381e-01
   outer loop
     vertex -6.129068e+00 -2.182229e+01  2.333333e+01
     vertex -6.442101e+00 -2.103567e+01  2.400000e+01
     vertex -7.376113e+00 -2.143294e+01  2.333333e+01
   endloop
 endfacet
 facet normal -2.107843e-01 -6.751131e-01  7.069599e-01
   outer loop
     vertex -6.129068e+00 -2.182229e+01  2.333333e+01
     vertex -7.376113e+00 -2.143294e+01  2.333333e+01
     vertex -6.309334e+00 -2.246412e+01  2.266667e+01
   endloop
 endfacet
 facet normal -1.919523e-01 -6.778567e-01  7.096933e-01
   outer loop
     vertex -6.129068e+00 -2.182229e+01  2.333333e+01
     vertex -5.543517e+00 -2.129012e+01  2.400000e+01
     vertex -6.442101e+00 -2.103567e+01  2.400000e+01
   endloop
 endfacet
 facet normal -1.707890e-01 -6.836769e-01  7.095189e-01
   outer loop
     vertex -5.004652e+00 -2.279030e+01  2.266667e+01
     vertex -6.290440e+00 -2.316097e+01  2.200000e+01
     vertex -5.340502e+00 -2.339827e+01  2.200000e+01
   endloop
 endfacet
 facet normal -1.436025e-01 -6.941432e-01  7.053677e-01
   outer loop
     vertex -5.004652e+00 -2.279030e+01  2.266667e+01
     vertex -5.340502e+00 -2.339827e+01  2.200000e+01
     vertex -4.381676e+00 -2.359663e+01  2.200000e+01
   endloop
 endfacet
 facet normal -1.708892e-01 -6.835338e-01  7.096326e-01
   outer loop
     vertex -5.004652e+00 -2.279030e+01  2.266667e+01
     vertex -6.309334e+00 -2.246412e+01  2.266667e+01
     vertex -6.290440e+00 -2.316097e+01  2.200000e+01
   endloop
 endfacet
 facet normal -1.715396e-01 -6.861355e-01  7.069599e-01
   outer loop
     vertex -4.861662e+00 -2.213915e+01  2.333333e+01
     vertex -6.129068e+00 -2.182229e+01  2.333333e+01
     vertex -6.309334e+00 -2.246412e+01  2.266667e+01
   endloop
 endfacet
 facet normal -1.634206e-01 -6.871181e-01  7.079283e-01
   outer loop
     vertex -4.861662e+00 -2.213915e+01  2.333333e+01
     vertex -4.634944e+00 -2.150622e+01  2.400000e+01
     vertex -5.543517e+00 -2.129012e+01  2.400000e+01
   endloop
 endfacet
 facet normal -1.725841e-01 -6.903133e-01  7.026253e-01
   outer loop
     vertex -4.861662e+00 -2.213915e+01  2.333333e+01
     vertex -5.543517e+00 -2.129012e+01  2.400000e+01
     vertex -6.129068e+00 -2.182229e+01  2.333333e+01
   endloop
 endfacet
 facet normal -1.344887e-01 -6.953865e-01  7.059393e-01
   outer loop
     vertex -4.861662e+00 -2.213915e+01  2.333333e+01
     vertex -3.718018e+00 -2.168355e+01  2.400000e+01
     vertex -4.634944e+00 -2.150622e+01  2.400000e+01
   endloop
 endfacet
 facet normal -1.715396e-01 -6.861355e-01  7.069599e-01
   outer loop
     vertex -4.861662e+00 -2.213915e+01  2.333333e+01
     vertex -6.309334e+00 -2.246412e+01  2.266667e+01
     vertex -5.004652e+00 -2.279030e+01  2.266667e+01
   endloop
 endfacet
 facet normal -1.152970e-01 -7.001950e-01  7.045805e-01
   outer loop
     vertex -3.683345e+00 -2.304078e+01  2.266667e+01
     vertex -4.381676e+00 -2.359663e+01  2.200000e+01
     vertex -3.415556e+00 -2.375571e+01  2.200000e+01
   endloop
 endfacet
 facet normal -1.307605e-01 -6.897903e-01  7.121033e-01
   outer loop
     vertex -3.683345e+00 -2.304078e+01  2.266667e+01
     vertex -5.004652e+00 -2.279030e+01  2.266667e+01
     vertex -4.381676e+00 -2.359663e+01  2.200000e+01
   endloop
 endfacet
 facet normal -1.317251e-01 -6.948786e-01  7.069599e-01
   outer loop
     vertex -3.683345e+00 -2.304078e+01  2.266667e+01
     vertex -4.861662e+00 -2.213915e+01  2.333333e+01
     vertex -5.004652e+00 -2.279030e+01  2.266667e+01
   endloop
 endfacet
 facet normal -1.043811e-01 -6.973049e-01  7.091336e-01
   outer loop
     vertex -3.578107e+00 -2.238247e+01  2.333333e+01
     vertex -2.794392e+00 -2.182181e+01  2.400000e+01
     vertex -3.718018e+00 -2.168355e+01  2.400000e+01
   endloop
 endfacet
 facet normal -1.322952e-01 -6.978859e-01  7.038844e-01
   outer loop
     vertex -3.578107e+00 -2.238247e+01  2.333333e+01
     vertex -3.718018e+00 -2.168355e+01  2.400000e+01
     vertex -4.861662e+00 -2.213915e+01  2.333333e+01
   endloop
 endfacet
 facet normal -1.317251e-01 -6.948786e-01  7.069599e-01
   outer loop
     vertex -3.578107e+00 -2.238247e+01  2.333333e+01
     vertex -4.861662e+00 -2.213915e+01  2.333333e+01
     vertex -3.683345e+00 -2.304078e+01  2.266667e+01
   endloop
 endfacet
 facet normal -8.630715e-02 -7.016005e-01  7.073244e-01
   outer loop
     vertex -2.349803e+00 -2.321471e+01  2.266667e+01
     vertex -3.415556e+00 -2.375571e+01  2.200000e+01
     vertex -2.443752e+00 -2.387526e+01  2.200000e+01
   endloop
 endfacet
 facet normal -5.766424e-02 -7.051021e-01  7.067573e-01
   outer loop
     vertex -2.349803e+00 -2.321471e+01  2.266667e+01
     vertex -2.443752e+00 -2.387526e+01  2.200000e+01
     vertex -1.467880e+00 -2.395507e+01  2.200000e+01
   endloop
 endfacet
 facet normal -9.093205e-02 -6.971661e-01  7.111194e-01
   outer loop
     vertex -2.349803e+00 -2.321471e+01  2.266667e+01
     vertex -3.683345e+00 -2.304078e+01  2.266667e+01
     vertex -3.415556e+00 -2.375571e+01  2.200000e+01
   endloop
 endfacet
 facet normal -9.147297e-02 -7.013133e-01  7.069599e-01
   outer loop
     vertex -2.282665e+00 -2.255143e+01  2.333333e+01
     vertex -3.683345e+00 -2.304078e+01  2.266667e+01
     vertex -2.349803e+00 -2.321471e+01  2.266667e+01
   endloop
 endfacet
 facet normal -7.464749e-02 -7.006837e-01  7.095562e-01
   outer loop
     vertex -2.282665e+00 -2.255143e+01  2.333333e+01
     vertex -1.865730e+00 -2.192074e+01  2.400000e+01
     vertex -2.794392e+00 -2.182181e+01  2.400000e+01
   endloop
 endfacet
 facet normal -9.147297e-02 -7.013133e-01  7.069599e-01
   outer loop
     vertex -2.282665e+00 -2.255143e+01  2.333333e+01
     vertex -3.578107e+00 -2.238247e+01  2.333333e+01
     vertex -3.683345e+00 -2.304078e+01  2.266667e+01
   endloop
 endfacet
 facet normal -9.209780e-02 -7.061039e-01  7.020935e-01
   outer loop
     vertex -2.282665e+00 -2.255143e+01  2.333333e+01
     vertex -2.794392e+00 -2.182181e+01  2.400000e+01
     vertex -3.578107e+00 -2.238247e+01  2.333333e+01
   endloop
 endfacet
 facet normal -2.894861e-02 -7.091327e-01  7.044806e-01
   outer loop
     vertex -1.008454e+00 -2.331153e+01  2.266667e+01
     vertex -1.467880e+00 -2.395507e+01  2.200000e+01
     vertex -4.895649e-01 -2.399501e+01  2.200000e+01
   endloop
 endfacet
 facet normal -5.059139e-02 -7.009075e-01  7.114557e-01
   outer loop
     vertex -1.008454e+00 -2.331153e+01  2.266667e+01
     vertex -2.349803e+00 -2.321471e+01  2.266667e+01
     vertex -1.467880e+00 -2.395507e+01  2.200000e+01
   endloop
 endfacet
 facet normal -5.091699e-02 -7.054184e-01  7.069599e-01
   outer loop
     vertex -9.796411e-01 -2.264549e+01  2.333333e+01
     vertex -2.349803e+00 -2.321471e+01  2.266667e+01
     vertex -1.008454e+00 -2.331153e+01  2.266667e+01
   endloop
 endfacet
 facet normal -4.499144e-02 -7.055583e-01  7.072222e-01
   outer loop
     vertex -9.796411e-01 -2.264549e+01  2.333333e+01
     vertex -9.337065e-01 -2.198018e+01  2.400000e+01
     vertex -1.865730e+00 -2.192074e+01  2.400000e+01
   endloop
 endfacet
 facet normal -1.501460e-02 -7.072295e-01  7.068246e-01
   outer loop
     vertex -9.796411e-01 -2.264549e+01  2.333333e+01
     vertex  1.718180e-13 -2.200000e+01  2.400000e+01
     vertex -9.337065e-01 -2.198018e+01  2.400000e+01
   endloop
 endfacet
 facet normal -5.091699e-02 -7.054184e-01  7.069599e-01
   outer loop
     vertex -9.796411e-01 -2.264549e+01  2.333333e+01
     vertex -2.282665e+00 -2.255143e+01  2.333333e+01
     vertex -2.349803e+00 -2.321471e+01  2.266667e+01
   endloop
 endfacet
 facet normal -5.119728e-02 -7.093017e-01  7.030433e-01
   outer loop
     vertex -9.796411e-01 -2.264549e+01  2.333333e+01
     vertex -1.865730e+00 -2.192074e+01  2.400000e+01
     vertex -2.282665e+00 -2.255143e+01  2.333333e+01
   endloop
 endfacet
 facet normal -5.121209e-15 -7.084715e-01  7.057394e-01
   outer loop
     vertex  3.362445e-01 -2.333091e+01  2.266667e+01
     vertex -4.895649e-01 -2.399501e+01  2.200000e+01
     vertex  4.895649e-01 -2.399501e+01  2.200000e+01
   endloop
 endfacet
 facet normal  2.877426e-02 -7.048616e-01  7.087610e-01
   outer loop
     vertex  3.362445e-01 -2.333091e+01  2.266667e+01
     vertex  4.895649e-01 -2.399501e+01  2.200000e+01
     vertex  1.467880e+00 -2.395507e+01  2.200000e+01
   endloop
 endfacet
 facet normal -1.011922e-02 -7.021399e-01  7.119671e-01
   outer loop
     vertex  3.362445e-01 -2.333091e+01  2.266667e+01
     vertex -1.008454e+00 -2.331153e+01  2.266667e+01
     vertex -4.895649e-01 -2.399501e+01  2.200000e+01
   endloop
 endfacet
 facet normal  1.495883e-02 -7.046027e-01  7.094443e-01
   outer loop
     vertex  3.266375e-01 -2.266431e+01  2.333333e+01
     vertex  9.337065e-01 -2.198018e+01  2.400000e+01
     vertex  1.718180e-13 -2.200000e+01  2.400000e+01
   endloop
 endfacet
 facet normal -1.019186e-02 -7.071802e-01  7.069599e-01
   outer loop
     vertex  3.266375e-01 -2.266431e+01  2.333333e+01
     vertex -1.008454e+00 -2.331153e+01  2.266667e+01
     vertex  3.362445e-01 -2.333091e+01  2.266667e+01
   endloop
 endfacet
 facet normal -1.024438e-02 -7.108241e-01  7.032952e-01
   outer loop
     vertex  3.266375e-01 -2.266431e+01  2.333333e+01
     vertex  1.718180e-13 -2.200000e+01  2.400000e+01
     vertex -9.796411e-01 -2.264549e+01  2.333333e+01
   endloop
 endfacet
 facet normal -1.019186e-02 -7.071802e-01  7.069599e-01
   outer loop
     vertex  3.266375e-01 -2.266431e+01  2.333333e+01
     vertex -9.796411e-01 -2.264549e+01  2.333333e+01
     vertex -1.008454e+00 -2.331153e+01  2.266667e+01
   endloop
 endfacet
 facet normal  5.780593e-02 -7.068347e-01  7.050129e-01
   outer loop
     vertex  1.679826e+00 -2.327279e+01  2.266667e+01
     vertex  1.467880e+00 -2.395507e+01  2.200000e+01
     vertex  2.443752e+00 -2.387526e+01  2.200000e+01
   endloop
 endfacet
 facet normal  3.042773e-02 -7.033706e-01  7.101717e-01
   outer loop
     vertex  1.679826e+00 -2.327279e+01  2.266667e+01
     vertex  3.362445e-01 -2.333091e+01  2.266667e+01
     vertex  1.467880e+00 -2.395507e+01  2.200000e+01
   endloop
 endfacet
 facet normal  4.485856e-02 -7.034745e-01  7.093035e-01
   outer loop
     vertex  1.631831e+00 -2.260785e+01  2.333333e+01
     vertex  1.865730e+00 -2.192074e+01  2.400000e+01
     vertex  9.337065e-01 -2.198018e+01  2.400000e+01
   endloop
 endfacet
 facet normal  3.056712e-02 -7.065928e-01  7.069599e-01
   outer loop
     vertex  1.631831e+00 -2.260785e+01  2.333333e+01
     vertex  3.362445e-01 -2.333091e+01  2.266667e+01
     vertex  1.679826e+00 -2.327279e+01  2.266667e+01
   endloop
 endfacet
 facet normal  3.077715e-02 -7.114478e-01  7.020646e-01
   outer loop
     vertex  1.631831e+00 -2.260785e+01  2.333333e+01
     vertex  9.337065e-01 -2.198018e+01  2.400000e+01
     vertex  3.266375e-01 -2.266431e+01  2.333333e+01
   endloop
 endfacet
 facet normal  3.056712e-02 -7.065928e-01  7.069599e-01
   outer loop
     vertex  1.631831e+00 -2.260785e+01  2.333333e+01
     vertex  3.266375e-01 -2.266431e+01  2.333333e+01
     vertex  3.362445e-01 -2.333091e+01  2.266667e+01
   endloop
 endfacet
 facet normal  8.661728e-02 -7.041217e-01  7.047766e-01
   outer loop
     vertex  3.017827e+00 -2.313735e+01  2.266667e+01
     vertex  2.443752e+00 -2.387526e+01  2.200000e+01
     vertex  3.415556e+00 -2.375571e+01  2.200000e+01
   endloop
 endfacet
 facet normal  7.069490e-02 -6.984254e-01  7.121827e-01
   outer loop
     vertex  3.017827e+00 -2.313735e+01  2.266667e+01
     vertex  1.679826e+00 -2.327279e+01  2.266667e+01
     vertex  2.443752e+00 -2.387526e+01  2.200000e+01
   endloop
 endfacet
 facet normal  7.122456e-02 -7.036581e-01  7.069599e-01
   outer loop
     vertex  2.931604e+00 -2.247629e+01  2.333333e+01
     vertex  1.679826e+00 -2.327279e+01  2.266667e+01
     vertex  3.017827e+00 -2.313735e+01  2.266667e+01
   endloop
 endfacet
 facet normal  7.498300e-02 -7.038330e-01  7.063970e-01
   outer loop
     vertex  2.931604e+00 -2.247629e+01  2.333333e+01
     vertex  2.794392e+00 -2.182181e+01  2.400000e+01
     vertex  1.865730e+00 -2.192074e+01  2.400000e+01
   endloop
 endfacet
 facet normal  1.046104e-01 -6.988369e-01  7.075901e-01
   outer loop
     vertex  2.931604e+00 -2.247629e+01  2.333333e+01
     vertex  3.718018e+00 -2.168355e+01  2.400000e+01
     vertex  2.794392e+00 -2.182181e+01  2.400000e+01
   endloop
 endfacet
 facet normal  7.156361e-02 -7.070078e-01  7.035756e-01
   outer loop
     vertex  2.931604e+00 -2.247629e+01  2.333333e+01
     vertex  1.865730e+00 -2.192074e+01  2.400000e+01
     vertex  1.631831e+00 -2.260785e+01  2.333333e+01
   endloop
 endfacet
 facet normal  7.122456e-02 -7.036581e-01  7.069599e-01
   outer loop
     vertex  2.931604e+00 -2.247629e+01  2.333333e+01
     vertex  1.631831e+00 -2.260785e+01  2.333333e+01
     vertex  1.679826e+00 -2.327279e+01  2.266667e+01
   endloop
 endfacet
 facet normal  1.147324e-01 -6.967665e-01  7.080628e-01
   outer loop
     vertex  4.345804e+00 -2.292506e+01  2.266667e+01
     vertex  3.415556e+00 -2.375571e+01  2.200000e+01
     vertex  4.381676e+00 -2.359663e+01  2.200000e+01
   endloop
 endfacet
 facet normal  1.434399e-01 -6.933573e-01  7.061732e-01
   outer loop
     vertex  4.345804e+00 -2.292506e+01  2.266667e+01
     vertex  4.381676e+00 -2.359663e+01  2.200000e+01
     vertex  5.340502e+00 -2.339827e+01  2.200000e+01
   endloop
 endfacet
 facet normal  1.110606e-01 -6.947281e-01  7.106465e-01
   outer loop
     vertex  4.345804e+00 -2.292506e+01  2.266667e+01
     vertex  3.017827e+00 -2.313735e+01  2.266667e+01
     vertex  3.415556e+00 -2.375571e+01  2.200000e+01
   endloop
 endfacet
 facet normal  1.116454e-01 -6.983860e-01  7.069599e-01
   outer loop
     vertex  4.221638e+00 -2.227006e+01  2.333333e+01
     vertex  2.931604e+00 -2.247629e+01  2.333333e+01
     vertex  3.017827e+00 -2.313735e+01  2.266667e+01
   endloop
 endfacet
 facet normal  1.122948e-01 -7.024485e-01  7.028200e-01
   outer loop
     vertex  4.221638e+00 -2.227006e+01  2.333333e+01
     vertex  3.718018e+00 -2.168355e+01  2.400000e+01
     vertex  2.931604e+00 -2.247629e+01  2.333333e+01
   endloop
 endfacet
 facet normal  1.116454e-01 -6.983860e-01  7.069599e-01
   outer loop
     vertex  4.221638e+00 -2.227006e+01  2.333333e+01
     vertex  3.017827e+00 -2.313735e+01  2.266667e+01
     vertex  4.345804e+00 -2.292506e+01  2.266667e+01
   endloop
 endfacet
 facet normal  1.337848e-01 -6.917469e-01  7.096392e-01
   outer loop
     vertex  4.221638e+00 -2.227006e+01  2.333333e+01
     vertex  4.634944e+00 -2.150622e+01  2.400000e+01
     vertex  3.718018e+00 -2.168355e+01  2.400000e+01
   endloop
 endfacet
 facet normal  1.720186e-01 -6.885990e-01  7.044437e-01
   outer loop
     vertex  5.659344e+00 -2.263661e+01  2.266667e+01
     vertex  5.340502e+00 -2.339827e+01  2.200000e+01
     vertex  6.290440e+00 -2.316097e+01  2.200000e+01
   endloop
 endfacet
 facet normal  1.506575e-01 -6.860676e-01  7.117679e-01
   outer loop
     vertex  5.659344e+00 -2.263661e+01  2.266667e+01
     vertex  4.345804e+00 -2.292506e+01  2.266667e+01
     vertex  5.340502e+00 -2.339827e+01  2.200000e+01
   endloop
 endfacet
 facet normal  1.516954e-01 -6.907939e-01  7.069599e-01
   outer loop
     vertex  5.497648e+00 -2.198985e+01  2.333333e+01
     vertex  4.221638e+00 -2.227006e+01  2.333333e+01
     vertex  4.345804e+00 -2.292506e+01  2.266667e+01
   endloop
 endfacet
 facet normal  1.516954e-01 -6.907939e-01  7.069599e-01
   outer loop
     vertex  5.497648e+00 -2.198985e+01  2.333333e+01
     vertex  4.345804e+00 -2.292506e+01  2.266667e+01
     vertex  5.659344e+00 -2.263661e+01  2.266667e+01
   endloop
 endfacet
 facet normal  1.527193e-01 -6.954569e-01  7.021514e-01
   outer loop
     vertex  5.497648e+00 -2.198985e+01  2.333333e+01
     vertex  4.634944e+00 -2.150622e+01  2.400000e+01
     vertex  4.221638e+00 -2.227006e+01  2.333333e+01
   endloop
 endfacet
 facet normal  1.631869e-01 -6.861353e-01  7.089346e-01
   outer loop
     vertex  5.497648e+00 -2.198985e+01  2.333333e+01
     vertex  5.543517e+00 -2.129012e+01  2.400000e+01
     vertex  4.634944e+00 -2.150622e+01  2.400000e+01
   endloop
 endfacet
 facet normal  1.912414e-01 -6.809071e-01  7.069599e-01
   outer loop
     vertex  6.954084e+00 -2.227297e+01  2.266667e+01
     vertex  5.497648e+00 -2.198985e+01  2.333333e+01
     vertex  5.659344e+00 -2.263661e+01  2.266667e+01
   endloop
 endfacet
 facet normal  1.994557e-01 -6.792836e-01  7.062515e-01
   outer loop
     vertex  6.954084e+00 -2.227297e+01  2.266667e+01
     vertex  6.290440e+00 -2.316097e+01  2.200000e+01
     vertex  7.229909e+00 -2.288511e+01  2.200000e+01
   endloop
 endfacet
 facet normal  2.264514e-01 -6.689719e-01  7.079522e-01
   outer loop
     vertex  6.954084e+00 -2.227297e+01  2.266667e+01
     vertex  7.229909e+00 -2.288511e+01  2.200000e+01
     vertex  8.157343e+00 -2.257117e+01  2.200000e+01
   endloop
 endfacet
 facet normal  1.899438e-01 -6.762868e-01  7.117286e-01
   outer loop
     vertex  6.954084e+00 -2.227297e+01  2.266667e+01
     vertex  5.659344e+00 -2.263661e+01  2.266667e+01
     vertex  6.290440e+00 -2.316097e+01  2.200000e+01
   endloop
 endfacet
 facet normal  1.919787e-01 -6.835322e-01  7.042215e-01
   outer loop
     vertex  6.755396e+00 -2.163660e+01  2.333333e+01
     vertex  5.543517e+00 -2.129012e+01  2.400000e+01
     vertex  5.497648e+00 -2.198985e+01  2.333333e+01
   endloop
 endfacet
 facet normal  1.931096e-01 -6.819435e-01  7.054514e-01
   outer loop
     vertex  6.755396e+00 -2.163660e+01  2.333333e+01
     vertex  6.442101e+00 -2.103567e+01  2.400000e+01
     vertex  5.543517e+00 -2.129012e+01  2.400000e+01
   endloop
 endfacet
 facet normal  2.210067e-01 -6.704897e-01  7.082370e-01
   outer loop
     vertex  6.755396e+00 -2.163660e+01  2.333333e+01
     vertex  7.329075e+00 -2.074330e+01  2.400000e+01
     vertex  6.442101e+00 -2.103567e+01  2.400000e+01
   endloop
 endfacet
 facet normal  1.912414e-01 -6.809071e-01  7.069599e-01
   outer loop
     vertex  6.755396e+00 -2.163660e+01  2.333333e+01
     vertex  5.497648e+00 -2.198985e+01  2.333333e+01
     vertex  6.954084e+00 -2.227297e+01  2.266667e+01
   endloop
 endfacet
 facet normal  2.289228e-01 -6.651860e-01  7.107194e-01
   outer loop
     vertex  8.225724e+00 -2.183534e+01  2.266667e+01
     vertex  6.954084e+00 -2.227297e+01  2.266667e+01
     vertex  8.157343e+00 -2.257117e+01  2.200000e+01
   endloop
 endfacet
 facet normal  2.546989e-01 -6.621671e-01  7.047434e-01
   outer loop
     vertex  8.225724e+00 -2.183534e+01  2.266667e+01
     vertex  8.157343e+00 -2.257117e+01  2.200000e+01
     vertex  9.071201e+00 -2.221966e+01  2.200000e+01
   endloop
 endfacet
 facet normal  2.301522e-01 -6.687583e-01  7.069599e-01
   outer loop
     vertex  7.990703e+00 -2.121147e+01  2.333333e+01
     vertex  6.954084e+00 -2.227297e+01  2.266667e+01
     vertex  8.225724e+00 -2.183534e+01  2.266667e+01
   endloop
 endfacet
 facet normal  2.301522e-01 -6.687583e-01  7.069599e-01
   outer loop
     vertex  7.990703e+00 -2.121147e+01  2.333333e+01
     vertex  6.755396e+00 -2.163660e+01  2.333333e+01
     vertex  6.954084e+00 -2.227297e+01  2.266667e+01
   endloop
 endfacet
 facet normal  2.316069e-01 -6.729853e-01  7.024593e-01
   outer loop
     vertex  7.990703e+00 -2.121147e+01  2.333333e+01
     vertex  7.329075e+00 -2.074330e+01  2.400000e+01
     vertex  6.755396e+00 -2.163660e+01  2.333333e+01
   endloop
 endfacet
 facet normal  2.487380e-01 -6.591122e-01  7.097186e-01
   outer loop
     vertex  7.990703e+00 -2.121147e+01  2.333333e+01
     vertex  8.202843e+00 -2.041356e+01  2.400000e+01
     vertex  7.329075e+00 -2.074330e+01  2.400000e+01
   endloop
 endfacet
 facet normal  2.682984e-01 -6.543880e-01  7.069599e-01
   outer loop
     vertex  9.470038e+00 -2.132517e+01  2.266667e+01
     vertex  7.990703e+00 -2.121147e+01  2.333333e+01
     vertex  8.225724e+00 -2.183534e+01  2.266667e+01
   endloop
 endfacet
 facet normal  2.663056e-01 -6.495274e-01  7.121766e-01
   outer loop
     vertex  9.470038e+00 -2.132517e+01  2.266667e+01
     vertex  8.225724e+00 -2.183534e+01  2.266667e+01
     vertex  9.071201e+00 -2.221966e+01  2.200000e+01
   endloop
 endfacet
 facet normal  2.813716e-01 -6.509399e-01  7.050584e-01
   outer loop
     vertex  9.470038e+00 -2.132517e+01  2.266667e+01
     vertex  9.071201e+00 -2.221966e+01  2.200000e+01
     vertex  9.969960e+00 -2.183117e+01  2.200000e+01
   endloop
 endfacet
 facet normal  2.682984e-01 -6.543880e-01  7.069599e-01
   outer loop
     vertex  9.199466e+00 -2.071588e+01  2.333333e+01
     vertex  7.990703e+00 -2.121147e+01  2.333333e+01
     vertex  9.470038e+00 -2.132517e+01  2.266667e+01
   endloop
 endfacet
 facet normal  2.700338e-01 -6.586206e-01  7.023537e-01
   outer loop
     vertex  9.199466e+00 -2.071588e+01  2.333333e+01
     vertex  8.202843e+00 -2.041356e+01  2.400000e+01
     vertex  7.990703e+00 -2.121147e+01  2.333333e+01
   endloop
 endfacet
 facet normal  2.769884e-01 -6.491357e-01  7.084492e-01
   outer loop
     vertex  9.199466e+00 -2.071588e+01  2.333333e+01
     vertex  9.061827e+00 -2.004703e+01  2.400000e+01
     vertex  8.202843e+00 -2.041356e+01  2.400000e+01
   endloop
 endfacet
 facet normal  3.057464e-01 -6.398451e-01  7.050655e-01
   outer loop
     vertex  9.199466e+00 -2.071588e+01  2.333333e+01
     vertex  9.904482e+00 -1.964437e+01  2.400000e+01
     vertex  9.061827e+00 -2.004703e+01  2.400000e+01
   endloop
 endfacet
 facet normal  3.060294e-01 -6.354767e-01  7.088832e-01
   outer loop
     vertex  1.068289e+01 -2.074416e+01  2.266667e+01
     vertex  9.969960e+00 -2.183117e+01  2.200000e+01
     vertex  1.085213e+01 -2.140634e+01  2.200000e+01
   endloop
 endfacet
 facet normal  3.332053e-01 -6.252996e-01  7.056731e-01
   outer loop
     vertex  1.068289e+01 -2.074416e+01  2.266667e+01
     vertex  1.085213e+01 -2.140634e+01  2.200000e+01
     vertex  1.171623e+01 -2.094588e+01  2.200000e+01
   endloop
 endfacet
 facet normal  3.041972e-01 -6.350129e-01  7.100864e-01
   outer loop
     vertex  1.068289e+01 -2.074416e+01  2.266667e+01
     vertex  9.470038e+00 -2.132517e+01  2.266667e+01
     vertex  9.969960e+00 -2.183117e+01  2.200000e+01
   endloop
 endfacet
 facet normal  3.055534e-01 -6.378439e-01  7.069599e-01
   outer loop
     vertex  1.037767e+01 -2.015147e+01  2.333333e+01
     vertex  9.199466e+00 -2.071588e+01  2.333333e+01
     vertex  9.470038e+00 -2.132517e+01  2.266667e+01
   endloop
 endfacet
 facet normal  3.055534e-01 -6.378439e-01  7.069599e-01
   outer loop
     vertex  1.037767e+01 -2.015147e+01  2.333333e+01
     vertex  9.470038e+00 -2.132517e+01  2.266667e+01
     vertex  1.068289e+01 -2.074416e+01  2.266667e+01
   endloop
 endfacet
 facet normal  3.066151e-01 -6.400603e-01  7.044927e-01
   outer loop
     vertex  1.037767e+01 -2.015147e+01  2.333333e+01
     vertex  9.904482e+00 -1.964437e+01  2.400000e+01
     vertex  9.199466e+00 -2.071588e+01  2.333333e+01
   endloop
 endfacet
 facet normal  3.308917e-01 -6.230257e-01  7.087663e-01
   outer loop
     vertex  1.037767e+01 -2.015147e+01  2.333333e+01
     vertex  1.072929e+01 -1.920631e+01  2.400000e+01
     vertex  9.904482e+00 -1.964437e+01  2.400000e+01
   endloop
 endfacet
 facet normal  3.590268e-01 -6.122006e-01  7.044928e-01
   outer loop
     vertex  1.186026e+01 -2.009424e+01  2.266667e+01
     vertex  1.171623e+01 -2.094588e+01  2.200000e+01
     vertex  1.256083e+01 -2.045056e+01  2.200000e+01
   endloop
 endfacet
 facet normal  3.393440e-01 -6.147438e-01  7.119941e-01
   outer loop
     vertex  1.186026e+01 -2.009424e+01  2.266667e+01
     vertex  1.068289e+01 -2.074416e+01  2.266667e+01
     vertex  1.171623e+01 -2.094588e+01  2.200000e+01
   endloop
 endfacet
 facet normal  3.417933e-01 -6.191809e-01  7.069599e-01
   outer loop
     vertex  1.152140e+01 -1.952012e+01  2.333333e+01
     vertex  1.068289e+01 -2.074416e+01  2.266667e+01
     vertex  1.186026e+01 -2.009424e+01  2.266667e+01
   endloop
 endfacet
 facet normal  3.417933e-01 -6.191809e-01  7.069599e-01
   outer loop
     vertex  1.152140e+01 -1.952012e+01  2.333333e+01
     vertex  1.037767e+01 -2.015147e+01  2.333333e+01
     vertex  1.068289e+01 -2.074416e+01  2.266667e+01
   endloop
 endfacet
 facet normal  3.440708e-01 -6.233067e-01  7.022137e-01
   outer loop
     vertex  1.152140e+01 -1.952012e+01  2.333333e+01
     vertex  1.072929e+01 -1.920631e+01  2.400000e+01
     vertex  1.037767e+01 -2.015147e+01  2.333333e+01
   endloop
 endfacet
 facet normal  3.565691e-01 -6.076259e-01  7.096825e-01
   outer loop
     vertex  1.152140e+01 -1.952012e+01  2.333333e+01
     vertex  1.153476e+01 -1.873364e+01  2.400000e+01
     vertex  1.072929e+01 -1.920631e+01  2.400000e+01
   endloop
 endfacet
 facet normal  3.745156e-01 -5.946784e-01  7.114040e-01
   outer loop
     vertex  1.299823e+01 -1.937757e+01  2.266667e+01
     vertex  1.186026e+01 -2.009424e+01  2.266667e+01
     vertex  1.256083e+01 -2.045056e+01  2.200000e+01
   endloop
 endfacet
 facet normal  3.824309e-01 -5.950741e-01  7.068476e-01
   outer loop
     vertex  1.299823e+01 -1.937757e+01  2.266667e+01
     vertex  1.256083e+01 -2.045056e+01  2.200000e+01
     vertex  1.338453e+01 -1.992121e+01  2.200000e+01
   endloop
 endfacet
 facet normal  4.061677e-01 -5.786707e-01  7.072256e-01
   outer loop
     vertex  1.299823e+01 -1.937757e+01  2.266667e+01
     vertex  1.338453e+01 -1.992121e+01  2.200000e+01
     vertex  1.418595e+01 -1.935869e+01  2.200000e+01
   endloop
 endfacet
 facet normal  3.768978e-01 -5.984611e-01  7.069599e-01
   outer loop
     vertex  1.299823e+01 -1.937757e+01  2.266667e+01
     vertex  1.152140e+01 -1.952012e+01  2.333333e+01
     vertex  1.186026e+01 -2.009424e+01  2.266667e+01
   endloop
 endfacet
 facet normal  3.768978e-01 -5.984611e-01  7.069599e-01
   outer loop
     vertex  1.262685e+01 -1.882393e+01  2.333333e+01
     vertex  1.152140e+01 -1.952012e+01  2.333333e+01
     vertex  1.299823e+01 -1.937757e+01  2.266667e+01
   endloop
 endfacet
 facet normal  3.791686e-01 -6.020667e-01  7.026713e-01
   outer loop
     vertex  1.262685e+01 -1.882393e+01  2.333333e+01
     vertex  1.153476e+01 -1.873364e+01  2.400000e+01
     vertex  1.152140e+01 -1.952012e+01  2.333333e+01
   endloop
 endfacet
 facet normal  3.830364e-01 -5.934951e-01  7.078465e-01
   outer loop
     vertex  1.262685e+01 -1.882393e+01  2.333333e+01
     vertex  1.231945e+01 -1.822721e+01  2.400000e+01
     vertex  1.153476e+01 -1.873364e+01  2.400000e+01
   endloop
 endfacet
 facet normal  4.089131e-01 -5.781645e-01  7.060566e-01
   outer loop
     vertex  1.262685e+01 -1.882393e+01  2.333333e+01
     vertex  1.308193e+01 -1.768794e+01  2.400000e+01
     vertex  1.231945e+01 -1.822721e+01  2.400000e+01
   endloop
 endfacet
 facet normal  4.310468e-01 -5.637328e-01  7.045594e-01
   outer loop
     vertex  1.409302e+01 -1.859654e+01  2.266667e+01
     vertex  1.418595e+01 -1.935869e+01  2.200000e+01
     vertex  1.496376e+01 -1.876396e+01  2.200000e+01
   endloop
 endfacet
 facet normal  4.082859e-01 -5.722988e-01  7.111798e-01
   outer loop
     vertex  1.409302e+01 -1.859654e+01  2.266667e+01
     vertex  1.299823e+01 -1.937757e+01  2.266667e+01
     vertex  1.418595e+01 -1.935869e+01  2.200000e+01
   endloop
 endfacet
 facet normal  4.107504e-01 -5.757533e-01  7.069599e-01
   outer loop
     vertex  1.369037e+01 -1.806521e+01  2.333333e+01
     vertex  1.262685e+01 -1.882393e+01  2.333333e+01
     vertex  1.299823e+01 -1.937757e+01  2.266667e+01
   endloop
 endfacet
 facet normal  4.107504e-01 -5.757533e-01  7.069599e-01
   outer loop
     vertex  1.369037e+01 -1.806521e+01  2.333333e+01
     vertex  1.299823e+01 -1.937757e+01  2.266667e+01
     vertex  1.409302e+01 -1.859654e+01  2.266667e+01
   endloop
 endfacet
 facet normal  4.125740e-01 -5.783095e-01  7.038046e-01
   outer loop
     vertex  1.369037e+01 -1.806521e+01  2.333333e+01
     vertex  1.308193e+01 -1.768794e+01  2.400000e+01
     vertex  1.262685e+01 -1.882393e+01  2.333333e+01
   endloop
 endfacet
 facet normal  4.311704e-01 -5.578150e-01  7.091788e-01
   outer loop
     vertex  1.369037e+01 -1.806521e+01  2.333333e+01
     vertex  1.382084e+01 -1.711679e+01  2.400000e+01
     vertex  1.308193e+01 -1.768794e+01  2.400000e+01
   endloop
 endfacet
 facet normal  4.432384e-01 -5.511328e-01  7.069599e-01
   outer loop
     vertex  1.514100e+01 -1.775372e+01  2.266667e+01
     vertex  1.369037e+01 -1.806521e+01  2.333333e+01
     vertex  1.409302e+01 -1.859654e+01  2.266667e+01
   endloop
 endfacet
 facet normal  4.531316e-01 -5.450200e-01  7.054253e-01
   outer loop
     vertex  1.514100e+01 -1.775372e+01  2.266667e+01
     vertex  1.496376e+01 -1.876396e+01  2.200000e+01
     vertex  1.571666e+01 -1.813799e+01  2.200000e+01
   endloop
 endfacet
 facet normal  4.723270e-01 -5.231398e-01  7.093884e-01
   outer loop
     vertex  1.514100e+01 -1.775372e+01  2.266667e+01
     vertex  1.571666e+01 -1.813799e+01  2.200000e+01
     vertex  1.644340e+01 -1.748184e+01  2.200000e+01
   endloop
 endfacet
 facet normal  4.400044e-01 -5.471116e-01  7.120849e-01
   outer loop
     vertex  1.514100e+01 -1.775372e+01  2.266667e+01
     vertex  1.409302e+01 -1.859654e+01  2.266667e+01
     vertex  1.496376e+01 -1.876396e+01  2.200000e+01
   endloop
 endfacet
 facet normal  4.432384e-01 -5.511328e-01  7.069599e-01
   outer loop
     vertex  1.470840e+01 -1.724647e+01  2.333333e+01
     vertex  1.369037e+01 -1.806521e+01  2.333333e+01
     vertex  1.514100e+01 -1.775372e+01  2.266667e+01
   endloop
 endfacet
 facet normal  4.462722e-01 -5.549051e-01  7.020836e-01
   outer loop
     vertex  1.470840e+01 -1.724647e+01  2.333333e+01
     vertex  1.382084e+01 -1.711679e+01  2.400000e+01
     vertex  1.369037e+01 -1.806521e+01  2.333333e+01
   endloop
 endfacet
 facet normal  4.542278e-01 -5.387420e-01  7.095310e-01
   outer loop
     vertex  1.470840e+01 -1.724647e+01  2.333333e+01
     vertex  1.453484e+01 -1.651479e+01  2.400000e+01
     vertex  1.382084e+01 -1.711679e+01  2.400000e+01
   endloop
 endfacet
 facet normal  4.723921e-01 -5.226216e-01  7.097269e-01
   outer loop
     vertex  1.613868e+01 -1.685193e+01  2.266667e+01
     vertex  1.514100e+01 -1.775372e+01  2.266667e+01
     vertex  1.644340e+01 -1.748184e+01  2.200000e+01
   endloop
 endfacet
 facet normal  4.961648e-01 -5.063912e-01  7.052576e-01
   outer loop
     vertex  1.613868e+01 -1.685193e+01  2.266667e+01
     vertex  1.644340e+01 -1.748184e+01  2.200000e+01
     vertex  1.714278e+01 -1.679658e+01  2.200000e+01
   endloop
 endfacet
 facet normal  4.742541e-01 -5.246816e-01  7.069599e-01
   outer loop
     vertex  1.567757e+01 -1.637045e+01  2.333333e+01
     vertex  1.514100e+01 -1.775372e+01  2.266667e+01
     vertex  1.613868e+01 -1.685193e+01  2.266667e+01
   endloop
 endfacet
 facet normal  4.742541e-01 -5.246816e-01  7.069599e-01
   outer loop
     vertex  1.567757e+01 -1.637045e+01  2.333333e+01
     vertex  1.470840e+01 -1.724647e+01  2.333333e+01
     vertex  1.514100e+01 -1.775372e+01  2.266667e+01
   endloop
 endfacet
 facet normal  4.768248e-01 -5.275257e-01  7.031036e-01
   outer loop
     vertex  1.567757e+01 -1.637045e+01  2.333333e+01
     vertex  1.453484e+01 -1.651479e+01  2.400000e+01
     vertex  1.470840e+01 -1.724647e+01  2.333333e+01
   endloop
 endfacet
 facet normal  4.783162e-01 -5.207562e-01  7.071256e-01
   outer loop
     vertex  1.567757e+01 -1.637045e+01  2.333333e+01
     vertex  1.522266e+01 -1.588303e+01  2.400000e+01
     vertex  1.453484e+01 -1.651479e+01  2.400000e+01
   endloop
 endfacet
 facet normal  5.001273e-01 -5.001273e-01  7.069268e-01
   outer loop
     vertex  1.567757e+01 -1.637045e+01  2.333333e+01
     vertex  1.588303e+01 -1.522266e+01  2.400000e+01
     vertex  1.522266e+01 -1.588303e+01  2.400000e+01
   endloop
 endfacet
 facet normal  5.168629e-01 -4.861609e-01  7.046278e-01
   outer loop
     vertex  1.708275e+01 -1.589416e+01  2.266667e+01
     vertex  1.714278e+01 -1.679658e+01  2.200000e+01
     vertex  1.781362e+01 -1.608338e+01  2.200000e+01
   endloop
 endfacet
 facet normal  4.999833e-01 -4.928295e-01  7.121347e-01
   outer loop
     vertex  1.708275e+01 -1.589416e+01  2.266667e+01
     vertex  1.613868e+01 -1.685193e+01  2.266667e+01
     vertex  1.714278e+01 -1.679658e+01  2.200000e+01
   endloop
 endfacet
 facet normal  5.036943e-01 -4.964874e-01  7.069599e-01
   outer loop
     vertex  1.659467e+01 -1.544004e+01  2.333333e+01
     vertex  1.613868e+01 -1.685193e+01  2.266667e+01
     vertex  1.708275e+01 -1.589416e+01  2.266667e+01
   endloop
 endfacet
 facet normal  5.063359e-01 -4.990912e-01  7.032296e-01
   outer loop
     vertex  1.659467e+01 -1.544004e+01  2.333333e+01
     vertex  1.588303e+01 -1.522266e+01  2.400000e+01
     vertex  1.567757e+01 -1.637045e+01  2.333333e+01
   endloop
 endfacet
 facet normal  5.036943e-01 -4.964874e-01  7.069599e-01
   outer loop
     vertex  1.659467e+01 -1.544004e+01  2.333333e+01
     vertex  1.567757e+01 -1.637045e+01  2.333333e+01
     vertex  1.613868e+01 -1.685193e+01  2.266667e+01
   endloop
 endfacet
 facet normal  5.190201e-01 -4.767215e-01  7.094750e-01
   outer loop
     vertex  1.659467e+01 -1.544004e+01  2.333333e+01
     vertex  1.651479e+01 -1.453484e+01  2.400000e+01
     vertex  1.588303e+01 -1.522266e+01  2.400000e+01
   endloop
 endfacet
 facet normal  5.340779e-01 -4.627812e-01  7.075269e-01
   outer loop
     vertex  1.797007e+01 -1.488359e+01  2.266667e+01
     vertex  1.781362e+01 -1.608338e+01  2.200000e+01
     vertex  1.845481e+01 -1.534340e+01  2.200000e+01
   endloop
 endfacet
 facet normal  5.532484e-01 -4.412009e-01  7.065819e-01
   outer loop
     vertex  1.797007e+01 -1.488359e+01  2.266667e+01
     vertex  1.845481e+01 -1.534340e+01  2.200000e+01
     vertex  1.906529e+01 -1.457788e+01  2.200000e+01
   endloop
 endfacet
 facet normal  5.284145e-01 -4.639687e-01  7.109931e-01
   outer loop
     vertex  1.797007e+01 -1.488359e+01  2.266667e+01
     vertex  1.708275e+01 -1.589416e+01  2.266667e+01
     vertex  1.781362e+01 -1.608338e+01  2.200000e+01
   endloop
 endfacet
 facet normal  5.314613e-01 -4.666439e-01  7.069599e-01
   outer loop
     vertex  1.745664e+01 -1.445834e+01  2.333333e+01
     vertex  1.708275e+01 -1.589416e+01  2.266667e+01
     vertex  1.797007e+01 -1.488359e+01  2.266667e+01
   endloop
 endfacet
 facet normal  5.314613e-01 -4.666439e-01  7.069599e-01
   outer loop
     vertex  1.745664e+01 -1.445834e+01  2.333333e+01
     vertex  1.659467e+01 -1.544004e+01  2.333333e+01
     vertex  1.708275e+01 -1.589416e+01  2.266667e+01
   endloop
 endfacet
 facet normal  5.351097e-01 -4.698473e-01  7.020691e-01
   outer loop
     vertex  1.745664e+01 -1.445834e+01  2.333333e+01
     vertex  1.651479e+01 -1.453484e+01  2.400000e+01
     vertex  1.659467e+01 -1.544004e+01  2.333333e+01
   endloop
 endfacet
 facet normal  5.389476e-01 -4.544012e-01  7.092637e-01
   outer loop
     vertex  1.745664e+01 -1.445834e+01  2.333333e+01
     vertex  1.711679e+01 -1.382084e+01  2.400000e+01
     vertex  1.651479e+01 -1.453484e+01  2.400000e+01
   endloop
 endfacet
 facet normal  5.724868e-01 -4.195154e-01  7.044613e-01
   outer loop
     vertex  1.879769e+01 -1.382358e+01  2.266667e+01
     vertex  1.906529e+01 -1.457788e+01  2.200000e+01
     vertex  1.964404e+01 -1.378811e+01  2.200000e+01
   endloop
 endfacet
 facet normal  5.538199e-01 -4.324060e-01  7.115537e-01
   outer loop
     vertex  1.879769e+01 -1.382358e+01  2.266667e+01
     vertex  1.797007e+01 -1.488359e+01  2.266667e+01
     vertex  1.906529e+01 -1.457788e+01  2.200000e+01
   endloop
 endfacet
 facet normal  5.574629e-01 -4.352503e-01  7.069599e-01
   outer loop
     vertex  1.826061e+01 -1.342862e+01  2.333333e+01
     vertex  1.797007e+01 -1.488359e+01  2.266667e+01
     vertex  1.879769e+01 -1.382358e+01  2.266667e+01
   endloop
 endfacet
 facet normal  5.574629e-01 -4.352503e-01  7.069599e-01
   outer loop
     vertex  1.826061e+01 -1.342862e+01  2.333333e+01
     vertex  1.745664e+01 -1.445834e+01  2.333333e+01
     vertex  1.797007e+01 -1.488359e+01  2.266667e+01
   endloop
 endfacet
 facet normal  5.600584e-01 -4.372768e-01  7.036502e-01
   outer loop
     vertex  1.826061e+01 -1.342862e+01  2.333333e+01
     vertex  1.711679e+01 -1.382084e+01  2.400000e+01
     vertex  1.745664e+01 -1.445834e+01  2.333333e+01
   endloop
 endfacet
 facet normal  5.601082e-01 -4.329430e-01  7.062854e-01
   outer loop
     vertex  1.826061e+01 -1.342862e+01  2.333333e+01
     vertex  1.768794e+01 -1.308193e+01  2.400000e+01
     vertex  1.711679e+01 -1.382084e+01  2.400000e+01
   endloop
 endfacet
 facet normal  5.768421e-01 -4.079778e-01  7.076774e-01
   outer loop
     vertex  1.826061e+01 -1.342862e+01  2.333333e+01
     vertex  1.822721e+01 -1.231945e+01  2.400000e+01
     vertex  1.768794e+01 -1.308193e+01  2.400000e+01
   endloop
 endfacet
 facet normal  5.879530e-01 -3.950300e-01  7.058771e-01
   outer loop
     vertex  1.956287e+01 -1.271764e+01  2.266667e+01
     vertex  1.964404e+01 -1.378811e+01  2.200000e+01
     vertex  2.019008e+01 -1.297538e+01  2.200000e+01
   endloop
 endfacet
 facet normal  6.013225e-01 -3.693351e-01  7.085216e-01
   outer loop
     vertex  1.956287e+01 -1.271764e+01  2.266667e+01
     vertex  2.019008e+01 -1.297538e+01  2.200000e+01
     vertex  2.070253e+01 -1.214106e+01  2.200000e+01
   endloop
 endfacet
 facet normal  5.775168e-01 -3.995770e-01  7.119077e-01
   outer loop
     vertex  1.956287e+01 -1.271764e+01  2.266667e+01
     vertex  1.879769e+01 -1.382358e+01  2.266667e+01
     vertex  1.964404e+01 -1.378811e+01  2.200000e+01
   endloop
 endfacet
 facet normal  5.816126e-01 -4.024108e-01  7.069599e-01
   outer loop
     vertex  1.956287e+01 -1.271764e+01  2.266667e+01
     vertex  1.826061e+01 -1.342862e+01  2.333333e+01
     vertex  1.879769e+01 -1.382358e+01  2.266667e+01
   endloop
 endfacet
 facet normal  5.850376e-01 -4.047806e-01  7.027686e-01
   outer loop
     vertex  1.900393e+01 -1.235428e+01  2.333333e+01
     vertex  1.822721e+01 -1.231945e+01  2.400000e+01
     vertex  1.826061e+01 -1.342862e+01  2.333333e+01
   endloop
 endfacet
 facet normal  5.816126e-01 -4.024108e-01  7.069599e-01
   outer loop
     vertex  1.900393e+01 -1.235428e+01  2.333333e+01
     vertex  1.826061e+01 -1.342862e+01  2.333333e+01
     vertex  1.956287e+01 -1.271764e+01  2.266667e+01
   endloop
 endfacet
 facet normal  5.919681e-01 -3.820509e-01  7.096555e-01
   outer loop
     vertex  1.900393e+01 -1.235428e+01  2.333333e+01
     vertex  1.873364e+01 -1.153476e+01  2.400000e+01
     vertex  1.822721e+01 -1.231945e+01  2.400000e+01
   endloop
 endfacet
 facet normal  6.190204e-01 -3.462535e-01  7.049272e-01
   outer loop
     vertex  2.026307e+01 -1.156946e+01  2.266667e+01
     vertex  2.070253e+01 -1.214106e+01  2.200000e+01
     vertex  2.118052e+01 -1.128653e+01  2.200000e+01
   endloop
 endfacet
 facet normal  6.009343e-01 -3.664685e-01  7.103371e-01
   outer loop
     vertex  2.026307e+01 -1.156946e+01  2.266667e+01
     vertex  1.956287e+01 -1.271764e+01  2.266667e+01
     vertex  2.070253e+01 -1.214106e+01  2.200000e+01
   endloop
 endfacet
 facet normal  6.038303e-01 -3.682346e-01  7.069599e-01
   outer loop
     vertex  1.968412e+01 -1.123891e+01  2.333333e+01
     vertex  1.956287e+01 -1.271764e+01  2.266667e+01
     vertex  2.026307e+01 -1.156946e+01  2.266667e+01
   endloop
 endfacet
 facet normal  6.038303e-01 -3.682346e-01  7.069599e-01
   outer loop
     vertex  1.968412e+01 -1.123891e+01  2.333333e+01
     vertex  1.900393e+01 -1.235428e+01  2.333333e+01
     vertex  1.956287e+01 -1.271764e+01  2.266667e+01
   endloop
 endfacet
 facet normal  6.083220e-01 -3.569776e-01  7.088804e-01
   outer loop
     vertex  1.968412e+01 -1.123891e+01  2.333333e+01
     vertex  1.920631e+01 -1.072929e+01  2.400000e+01
     vertex  1.873364e+01 -1.153476e+01  2.400000e+01
   endloop
 endfacet
 facet normal  6.078902e-01 -3.707105e-01  7.021703e-01
   outer loop
     vertex  1.968412e+01 -1.123891e+01  2.333333e+01
     vertex  1.873364e+01 -1.153476e+01  2.400000e+01
     vertex  1.900393e+01 -1.235428e+01  2.333333e+01
   endloop
 endfacet
 facet normal  6.326982e-01 -3.207517e-01  7.048484e-01
   outer loop
     vertex  2.089595e+01 -1.038285e+01  2.266667e+01
     vertex  2.118052e+01 -1.128653e+01  2.200000e+01
     vertex  2.162325e+01 -1.041321e+01  2.200000e+01
   endloop
 endfacet
 facet normal  6.193952e-01 -3.303567e-01  7.121897e-01
   outer loop
     vertex  2.089595e+01 -1.038285e+01  2.266667e+01
     vertex  2.026307e+01 -1.156946e+01  2.266667e+01
     vertex  2.118052e+01 -1.128653e+01  2.200000e+01
   endloop
 endfacet
 facet normal  6.240421e-01 -3.328351e-01  7.069599e-01
   outer loop
     vertex  2.089595e+01 -1.038285e+01  2.266667e+01
     vertex  1.968412e+01 -1.123891e+01  2.333333e+01
     vertex  2.026307e+01 -1.156946e+01  2.266667e+01
   endloop
 endfacet
 facet normal  6.263704e-01 -3.340769e-01  7.043101e-01
   outer loop
     vertex  2.029893e+01 -1.008620e+01  2.333333e+01
     vertex  1.920631e+01 -1.072929e+01  2.400000e+01
     vertex  1.968412e+01 -1.123891e+01  2.333333e+01
   endloop
 endfacet
 facet normal  6.240421e-01 -3.328351e-01  7.069599e-01
   outer loop
     vertex  2.029893e+01 -1.008620e+01  2.333333e+01
     vertex  1.968412e+01 -1.123891e+01  2.333333e+01
     vertex  2.089595e+01 -1.038285e+01  2.266667e+01
   endloop
 endfacet
 facet normal  6.260647e-01 -3.325058e-01  7.053247e-01
   outer loop
     vertex  2.029893e+01 -1.008620e+01  2.333333e+01
     vertex  1.964437e+01 -9.904482e+00  2.400000e+01
     vertex  1.920631e+01 -1.072929e+01  2.400000e+01
   endloop
 endfacet
 facet normal  6.369215e-01 -3.043494e-01  7.083096e-01
   outer loop
     vertex  2.029893e+01 -1.008620e+01  2.333333e+01
     vertex  2.004703e+01 -9.061827e+00  2.400000e+01
     vertex  1.964437e+01 -9.904482e+00  2.400000e+01
   endloop
 endfacet
 facet normal  6.421299e-01 -2.932509e-01  7.082888e-01
   outer loop
     vertex  2.145942e+01 -9.161749e+00  2.266667e+01
     vertex  2.162325e+01 -1.041321e+01  2.200000e+01
     vertex  2.203000e+01 -9.522562e+00  2.200000e+01
   endloop
 endfacet
 facet normal  6.556560e-01 -2.676723e-01  7.060217e-01
   outer loop
     vertex  2.145942e+01 -9.161749e+00  2.266667e+01
     vertex  2.203000e+01 -9.522562e+00  2.200000e+01
     vertex  2.240008e+01 -8.616065e+00  2.200000e+01
   endloop
 endfacet
 facet normal  6.389559e-01 -2.948419e-01  7.104954e-01
   outer loop
     vertex  2.145942e+01 -9.161749e+00  2.266667e+01
     vertex  2.089595e+01 -1.038285e+01  2.266667e+01
     vertex  2.162325e+01 -1.041321e+01  2.200000e+01
   endloop
 endfacet
 facet normal  6.462730e-01 -2.982183e-01  7.024223e-01
   outer loop
     vertex  2.084630e+01 -8.899985e+00  2.333333e+01
     vertex  2.004703e+01 -9.061827e+00  2.400000e+01
     vertex  2.029893e+01 -1.008620e+01  2.333333e+01
   endloop
 endfacet
 facet normal  6.421808e-01 -2.963300e-01  7.069599e-01
   outer loop
     vertex  2.084630e+01 -8.899985e+00  2.333333e+01
     vertex  2.089595e+01 -1.038285e+01  2.266667e+01
     vertex  2.145942e+01 -9.161749e+00  2.266667e+01
   endloop
 endfacet
 facet normal  6.421808e-01 -2.963300e-01  7.069599e-01
   outer loop
     vertex  2.084630e+01 -8.899985e+00  2.333333e+01
     vertex  2.029893e+01 -1.008620e+01  2.333333e+01
     vertex  2.089595e+01 -1.038285e+01  2.266667e+01
   endloop
 endfacet
 facet normal  6.479599e-01 -2.764867e-01  7.097204e-01
   outer loop
     vertex  2.084630e+01 -8.899985e+00  2.333333e+01
     vertex  2.041356e+01 -8.202843e+00  2.400000e+01
     vertex  2.004703e+01 -9.061827e+00  2.400000e+01
   endloop
 endfacet
 facet normal  6.674997e-01 -2.412380e-01  7.044490e-01
   outer loop
     vertex  2.195161e+01 -7.910212e+00  2.266667e+01
     vertex  2.240008e+01 -8.616065e+00  2.200000e+01
     vertex  2.273287e+01 -7.695227e+00  2.200000e+01
   endloop
 endfacet
 facet normal  6.536140e-01 -2.570423e-01  7.118413e-01
   outer loop
     vertex  2.195161e+01 -7.910212e+00  2.266667e+01
     vertex  2.145942e+01 -9.161749e+00  2.266667e+01
     vertex  2.240008e+01 -8.616065e+00  2.200000e+01
   endloop
 endfacet
 facet normal  6.581864e-01 -2.588405e-01  7.069599e-01
   outer loop
     vertex  2.132442e+01 -7.684206e+00  2.333333e+01
     vertex  2.084630e+01 -8.899985e+00  2.333333e+01
     vertex  2.145942e+01 -9.161749e+00  2.266667e+01
   endloop
 endfacet
 facet normal  6.624128e-01 -2.605026e-01  7.023871e-01
   outer loop
     vertex  2.132442e+01 -7.684206e+00  2.333333e+01
     vertex  2.041356e+01 -8.202843e+00  2.400000e+01
     vertex  2.084630e+01 -8.899985e+00  2.333333e+01
   endloop
 endfacet
 facet normal  6.581864e-01 -2.588405e-01  7.069599e-01
   outer loop
     vertex  2.132442e+01 -7.684206e+00  2.333333e+01
     vertex  2.145942e+01 -9.161749e+00  2.266667e+01
     vertex  2.195161e+01 -7.910212e+00  2.266667e+01
   endloop
 endfacet
 facet normal  6.603712e-01 -2.492132e-01  7.083803e-01
   outer loop
     vertex  2.132442e+01 -7.684206e+00  2.333333e+01
     vertex  2.074330e+01 -7.329075e+00  2.400000e+01
     vertex  2.041356e+01 -8.202843e+00  2.400000e+01
   endloop
 endfacet
 facet normal  6.733746e-01 -2.219576e-01  7.051961e-01
   outer loop
     vertex  2.132442e+01 -7.684206e+00  2.333333e+01
     vertex  2.103567e+01 -6.442101e+00  2.400000e+01
     vertex  2.074330e+01 -7.329075e+00  2.400000e+01
   endloop
 endfacet
 facet normal  6.720055e-01 -2.204912e-01  7.069599e-01
   outer loop
     vertex  2.237087e+01 -6.632398e+00  2.266667e+01
     vertex  2.132442e+01 -7.684206e+00  2.333333e+01
     vertex  2.195161e+01 -7.910212e+00  2.266667e+01
   endloop
 endfacet
 facet normal  6.675264e-01 -2.190215e-01  7.116446e-01
   outer loop
     vertex  2.237087e+01 -6.632398e+00  2.266667e+01
     vertex  2.195161e+01 -7.910212e+00  2.266667e+01
     vertex  2.273287e+01 -7.695227e+00  2.200000e+01
   endloop
 endfacet
 facet normal  6.749198e-01 -2.132219e-01  7.064133e-01
   outer loop
     vertex  2.237087e+01 -6.632398e+00  2.266667e+01
     vertex  2.273287e+01 -7.695227e+00  2.200000e+01
     vertex  2.302783e+01 -6.761581e+00  2.200000e+01
   endloop
 endfacet
 facet normal  6.817785e-01 -1.851688e-01  7.077362e-01
   outer loop
     vertex  2.237087e+01 -6.632398e+00  2.266667e+01
     vertex  2.302783e+01 -6.761581e+00  2.200000e+01
     vertex  2.328446e+01 -5.816682e+00  2.200000e+01
   endloop
 endfacet
 facet normal  6.720055e-01 -2.204912e-01  7.069599e-01
   outer loop
     vertex  2.173170e+01 -6.442901e+00  2.333333e+01
     vertex  2.132442e+01 -7.684206e+00  2.333333e+01
     vertex  2.237087e+01 -6.632398e+00  2.266667e+01
   endloop
 endfacet
 facet normal  6.744275e-01 -2.212858e-01  7.044005e-01
   outer loop
     vertex  2.173170e+01 -6.442901e+00  2.333333e+01
     vertex  2.103567e+01 -6.442101e+00  2.400000e+01
     vertex  2.132442e+01 -7.684206e+00  2.333333e+01
   endloop
 endfacet
 facet normal  6.786980e-01 -1.921905e-01  7.088242e-01
   outer loop
     vertex  2.173170e+01 -6.442901e+00  2.333333e+01
     vertex  2.129012e+01 -5.543517e+00  2.400000e+01
     vertex  2.103567e+01 -6.442101e+00  2.400000e+01
   endloop
 endfacet
 facet normal  6.798035e-01 -1.804039e-01  7.108598e-01
   outer loop
     vertex  2.271582e+01 -5.332552e+00  2.266667e+01
     vertex  2.237087e+01 -6.632398e+00  2.266667e+01
     vertex  2.328446e+01 -5.816682e+00  2.200000e+01
   endloop
 endfacet
 facet normal  6.917340e-01 -1.578838e-01  7.046821e-01
   outer loop
     vertex  2.271582e+01 -5.332552e+00  2.266667e+01
     vertex  2.328446e+01 -5.816682e+00  2.200000e+01
     vertex  2.350234e+01 -4.862101e+00  2.200000e+01
   endloop
 endfacet
 facet normal  6.854156e-01 -1.630157e-01  7.096699e-01
   outer loop
     vertex  2.206679e+01 -5.180193e+00  2.333333e+01
     vertex  2.150622e+01 -4.634944e+00  2.400000e+01
     vertex  2.129012e+01 -5.543517e+00  2.400000e+01
   endloop
 endfacet
 facet normal  6.881687e-01 -1.826238e-01  7.021911e-01
   outer loop
     vertex  2.206679e+01 -5.180193e+00  2.333333e+01
     vertex  2.129012e+01 -5.543517e+00  2.400000e+01
     vertex  2.173170e+01 -6.442901e+00  2.333333e+01
   endloop
 endfacet
 facet normal  6.835922e-01 -1.814094e-01  7.069599e-01
   outer loop
     vertex  2.206679e+01 -5.180193e+00  2.333333e+01
     vertex  2.173170e+01 -6.442901e+00  2.333333e+01
     vertex  2.237087e+01 -6.632398e+00  2.266667e+01
   endloop
 endfacet
 facet normal  6.835922e-01 -1.814094e-01  7.069599e-01
   outer loop
     vertex  2.206679e+01 -5.180193e+00  2.333333e+01
     vertex  2.237087e+01 -6.632398e+00  2.266667e+01
     vertex  2.271582e+01 -5.332552e+00  2.266667e+01
   endloop
 endfacet
 facet normal  6.877788e-01 -1.406758e-01  7.121591e-01
   outer loop
     vertex  2.298531e+01 -4.014991e+00  2.266667e+01
     vertex  2.271582e+01 -5.332552e+00  2.266667e+01
     vertex  2.350234e+01 -4.862101e+00  2.200000e+01
   endloop
 endfacet
 facet normal  6.971365e-01 -1.294518e-01  7.051545e-01
   outer loop
     vertex  2.298531e+01 -4.014991e+00  2.266667e+01
     vertex  2.350234e+01 -4.862101e+00  2.200000e+01
     vertex  2.368110e+01 -3.899427e+00  2.200000e+01
   endloop
 endfacet
 facet normal  6.935975e-01 -1.341427e-01  7.077629e-01
   outer loop
     vertex  2.232858e+01 -3.900277e+00  2.333333e+01
     vertex  2.168355e+01 -3.718018e+00  2.400000e+01
     vertex  2.150622e+01 -4.634944e+00  2.400000e+01
   endloop
 endfacet
 facet normal  6.929082e-01 -1.417249e-01  7.069599e-01
   outer loop
     vertex  2.232858e+01 -3.900277e+00  2.333333e+01
     vertex  2.271582e+01 -5.332552e+00  2.266667e+01
     vertex  2.298531e+01 -4.014991e+00  2.266667e+01
   endloop
 endfacet
 facet normal  7.002385e-01 -1.048202e-01  7.061719e-01
   outer loop
     vertex  2.232858e+01 -3.900277e+00  2.333333e+01
     vertex  2.182181e+01 -2.794392e+00  2.400000e+01
     vertex  2.168355e+01 -3.718018e+00  2.400000e+01
   endloop
 endfacet
 facet normal  6.929082e-01 -1.417249e-01  7.069599e-01
   outer loop
     vertex  2.232858e+01 -3.900277e+00  2.333333e+01
     vertex  2.206679e+01 -5.180193e+00  2.333333e+01
     vertex  2.271582e+01 -5.332552e+00  2.266667e+01
   endloop
 endfacet
 facet normal  6.970365e-01 -1.425693e-01  7.027190e-01
   outer loop
     vertex  2.232858e+01 -3.900277e+00  2.333333e+01
     vertex  2.150622e+01 -4.634944e+00  2.400000e+01
     vertex  2.206679e+01 -5.180193e+00  2.333333e+01
   endloop
 endfacet
 facet normal  6.969916e-01 -1.011444e-01  7.099102e-01
   outer loop
     vertex  2.317844e+01 -2.684094e+00  2.266667e+01
     vertex  2.298531e+01 -4.014991e+00  2.266667e+01
     vertex  2.368110e+01 -3.899427e+00  2.200000e+01
   endloop
 endfacet
 facet normal  6.978986e-01 -1.003427e-01  7.091325e-01
   outer loop
     vertex  2.317844e+01 -2.684094e+00  2.266667e+01
     vertex  2.368110e+01 -3.899427e+00  2.200000e+01
     vertex  2.382044e+01 -2.930264e+00  2.200000e+01
   endloop
 endfacet
 facet normal  7.049811e-01 -7.215832e-02  7.055458e-01
   outer loop
     vertex  2.317844e+01 -2.684094e+00  2.266667e+01
     vertex  2.382044e+01 -2.930264e+00  2.200000e+01
     vertex  2.392014e+01 -1.956223e+00  2.200000e+01
   endloop
 endfacet
 facet normal  6.999223e-01 -1.015697e-01  7.069599e-01
   outer loop
     vertex  2.317844e+01 -2.684094e+00  2.266667e+01
     vertex  2.232858e+01 -3.900277e+00  2.333333e+01
     vertex  2.298531e+01 -4.014991e+00  2.266667e+01
   endloop
 endfacet
 facet normal  7.010181e-01 -7.468311e-02  7.092222e-01
   outer loop
     vertex  2.251620e+01 -2.607405e+00  2.333333e+01
     vertex  2.192074e+01 -1.865730e+00  2.400000e+01
     vertex  2.182181e+01 -2.794392e+00  2.400000e+01
   endloop
 endfacet
 facet normal  7.031064e-01 -1.020318e-01  7.037265e-01
   outer loop
     vertex  2.251620e+01 -2.607405e+00  2.333333e+01
     vertex  2.182181e+01 -2.794392e+00  2.400000e+01
     vertex  2.232858e+01 -3.900277e+00  2.333333e+01
   endloop
 endfacet
 facet normal  6.999223e-01 -1.015697e-01  7.069599e-01
   outer loop
     vertex  2.251620e+01 -2.607405e+00  2.333333e+01
     vertex  2.232858e+01 -3.900277e+00  2.333333e+01
     vertex  2.317844e+01 -2.684094e+00  2.266667e+01
   endloop
 endfacet
 facet normal  7.026012e-01 -2.025595e-02  7.112954e-01
   outer loop
     vertex  2.329458e+01 -1.344280e+00  2.266667e+01
     vertex  2.398003e+01 -9.789261e-01  2.200000e+01
     vertex  2.333333e+01  0.000000e+00  2.266667e+01
   endloop
 endfacet
 facet normal  7.046114e-01 -6.107712e-02  7.069599e-01
   outer loop
     vertex  2.329458e+01 -1.344280e+00  2.266667e+01
     vertex  2.251620e+01 -2.607405e+00  2.333333e+01
     vertex  2.317844e+01 -2.684094e+00  2.266667e+01
   endloop
 endfacet
 facet normal  6.995128e-01 -6.063515e-02  7.120430e-01
   outer loop
     vertex  2.329458e+01 -1.344280e+00  2.266667e+01
     vertex  2.317844e+01 -2.684094e+00  2.266667e+01
     vertex  2.392014e+01 -1.956223e+00  2.200000e+01
   endloop
 endfacet
 facet normal  7.083529e-01 -4.340530e-02  7.045226e-01
   outer loop
     vertex  2.329458e+01 -1.344280e+00  2.266667e+01
     vertex  2.392014e+01 -1.956223e+00  2.200000e+01
     vertex  2.398003e+01 -9.789261e-01  2.200000e+01
   endloop
 endfacet
 facet normal  7.032731e-01 -4.484572e-02  7.095039e-01
   outer loop
     vertex  2.262902e+01 -1.305872e+00  2.333333e+01
     vertex  2.198018e+01 -9.337065e-01  2.400000e+01
     vertex  2.192074e+01 -1.865730e+00  2.400000e+01
   endloop
 endfacet
 facet normal  7.046114e-01 -6.107712e-02  7.069599e-01
   outer loop
     vertex  2.262902e+01 -1.305872e+00  2.333333e+01
     vertex  2.251620e+01 -2.607405e+00  2.333333e+01
     vertex  2.329458e+01 -1.344280e+00  2.266667e+01
   endloop
 endfacet
 facet normal  7.069599e-01 -2.038161e-02  7.069599e-01
   outer loop
     vertex  2.262902e+01 -1.305872e+00  2.333333e+01
     vertex  2.329458e+01 -1.344280e+00  2.266667e+01
     vertex  2.333333e+01  0.000000e+00  2.266667e+01
   endloop
 endfacet
 facet normal  7.107307e-01 -2.049032e-02  7.031657e-01
   outer loop
     vertex  2.262902e+01 -1.305872e+00  2.333333e+01
     vertex  2.266667e+01  0.000000e+00  2.333333e+01
     vertex  2.198018e+01 -9.337065e-01  2.400000e+01
   endloop
 endfacet
 facet normal  7.094422e-01 -6.149586e-02  7.020755e-01
   outer loop
     vertex  2.262902e+01 -1.305872e+00  2.333333e+01
     vertex  2.192074e+01 -1.865730e+00  2.400000e+01
     vertex  2.251620e+01 -2.607405e+00  2.333333e+01
   endloop
 endfacet
 facet normal  7.069599e-01 -2.038161e-02  7.069599e-01
   outer loop
     vertex  2.262902e+01 -1.305872e+00  2.333333e+01
     vertex  2.333333e+01  0.000000e+00  2.266667e+01
     vertex  2.266667e+01  0.000000e+00  2.333333e+01
   endloop
 endfacet
 facet normal  0.000000e+00  0.000000e+00 -1.000000e+00
   outer loop
     vertex -1.117179e+01 -1.145387e+01  0.000000e+00
     vertex -1.522266e+01 -1.588303e+01  0.000000e+00
     vertex -1.588303e+01 -1.522266e+01  0.000000e+00
   endloop
 endfacet
 facet normal  0.000000e+00 -0.000000e+00 -1.000000e+00
   outer loop
     vertex -1.172883e+01 -1.088276e+01  0.000000e+00
     vertex -1.117179e+01 -1.145387e+01  0.000000e+00
     vertex -1.588303e+01 -1.522266e+01  0.000000e+00
   endloop
 endfacet
 facet normal  0.000000e+00  0.000000e+00 -1.000000e+00
   outer loop
     vertex -1.172883e+01 -1.088276e+01  0.000000e+00
     vertex -1.588303e+01 -1.522266e+01  0.000000e+00
     vertex -1.651479e+01 -1.453484e+01  0.000000e+00
   endloop
 endfacet
 facet normal -0.000000e+00  0.000000e+00 -1.000000e+00
   outer loop
     vertex -1.058697e+01 -1.199650e+01  0.000000e+00
     vertex -1.522266e+01 -1.588303e+01  0.000000e+00
     vertex -1.117179e+01 -1.145387e+01  0.000000e+00
   endloop
 endfacet
 facet normal  0.000000e+00  0.000000e+00 -1.000000e+00
   outer loop
     vertex -1.058697e+01 -1.199650e+01  0.000000e+00
     vertex -1.453484e+01 -1.651479e+01  0.000000e+00
     vertex -1.522266e+01 -1.588303e+01  0.000000e+00
   endloop
 endfacet
 facet normal  0.000000e+00  0.000000e+00 -1.000000e+00
   outer loop
     vertex -1.058697e+01 -1.199650e+01  0.000000e+00
     vertex -1.382084e+01 -1.711679e+01  0.000000e+00
     vertex -1.453484e+01 -1.651479e+01  0.000000e+00
   endloop
 endfacet
 facet normal  0.000000e+00 -0.000000e+00 -1.000000e+00
   outer loop
     vertex -1.225671e+01 -1.028460e+01  0.000000e+00
     vertex -1.172883e+01 -1.088276e+01  0.000000e+00
     vertex -1.651479e+01 -1.453484e+01  0.000000e+00
   endloop
 endfacet
 facet normal  0.000000e+00  0.000000e+00 -1.000000e+00
   outer loop
     vertex -1.225671e+01 -1.028460e+01  0.000000e+00
     vertex -1.651479e+01 -1.453484e+01  0.000000e+00
     vertex -1.711679e+01 -1.382084e+01  0.000000e+00
   endloop
 endfacet
 facet normal -0.000000e+00  0.000000e+00 -1.000000e+00
   outer loop
     vertex -9.975837e+00 -1.250930e+01  0.000000e+00
     vertex -1.382084e+01 -1.711679e+01  0.000000e+00
     vertex -1.058697e+01 -1.199650e+01  0.000000e+00
   endloop
 endfacet
 facet normal  0.000000e+00  0.000000e+00 -1.000000e+00
   outer loop
     vertex -9.975837e+00 -1.250930e+01  0.000000e+00
     vertex -1.308193e+01 -1.768794e+01  0.000000e+00
     vertex -1.382084e+01 -1.711679e+01  0.000000e+00
   endloop
 endfacet
 facet normal  0.000000e+00 -0.000000e+00 -1.000000e+00
   outer loop
     vertex -1.275412e+01 -9.660871e+00  0.000000e+00
     vertex -1.225671e+01 -1.028460e+01  0.000000e+00
     vertex -1.711679e+01 -1.382084e+01  0.000000e+00
   endloop
 endfacet
 facet normal  0.000000e+00  0.000000e+00 -1.000000e+00
   outer loop
     vertex -1.275412e+01 -9.660871e+00  0.000000e+00
     vertex -1.711679e+01 -1.382084e+01  0.000000e+00
     vertex -1.768794e+01 -1.308193e+01  0.000000e+00
   endloop
 endfacet
 facet normal -0.000000e+00  0.000000e+00 -1.000000e+00
   outer loop
     vertex -9.339899e+00 -1.299101e+01  0.000000e+00
     vertex -1.308193e+01 -1.768794e+01  0.000000e+00
     vertex -9.975837e+00 -1.250930e+01  0.000000e+00
   endloop
 endfacet
 facet normal  0.000000e+00  0.000000e+00 -1.000000e+00
   outer loop
     vertex -9.339899e+00 -1.299101e+01  0.000000e+00
     vertex -1.231945e+01 -1.822721e+01  0.000000e+00
     vertex -1.308193e+01 -1.768794e+01  0.000000e+00
   endloop
 endfacet
 facet normal  0.000000e+00 -0.000000e+00 -1.000000e+00
   outer loop
     vertex -1.321982e+01 -9.013121e+00  0.000000e+00
     vertex -1.275412e+01 -9.660871e+00  0.000000e+00
     vertex -1.768794e+01 -1.308193e+01  0.000000e+00
   endloop
 endfacet
 facet normal  0.000000e+00  0.000000e+00 -1.000000e+00
   outer loop
     vertex -1.321982e+01 -9.013121e+00  0.000000e+00
     vertex -1.768794e+01 -1.308193e+01  0.000000e+00
     vertex -1.822721e+01 -1.231945e+01  0.000000e+00
   endloop
 endfacet
 facet normal -0.000000e+00  0.000000e+00 -1.000000e+00
   outer loop
     vertex -8.680740e+00 -1.344041e+01  0.000000e+00
     vertex -1.231945e+01 -1.822721e+01  0.000000e+00
     vertex -9.339899e+00 -1.299101e+01  0.000000e+00
   endloop
 endfacet
 facet normal  0.000000e+00  0.000000e+00 -1.000000e+00
   outer loop
     vertex -8.680740e+00 -1.344041e+01  0.000000e+00
     vertex -1.153476e+01 -1.873364e+01  0.000000e+00
     vertex -1.231945e+01 -1.822721e+01  0.000000e+00
   endloop
 endfacet
 facet normal  0.000000e+00 -0.000000e+00 -1.000000e+00
   outer loop
     vertex -1.365265e+01 -8.342963e+00  0.000000e+00
     vertex -1.321982e+01 -9.013121e+00  0.000000e+00
     vertex -1.822721e+01 -1.231945e+01  0.000000e+00
   endloop
 endfacet
 facet normal  0.000000e+00  0.000000e+00 -1.000000e+00
   outer loop
     vertex -1.365265e+01 -8.342963e+00  0.000000e+00
     vertex -1.873364e+01 -1.153476e+01  0.000000e+00
     vertex -1.920631e+01 -1.072929e+01  0.000000e+00
   endloop
 endfacet
 facet normal  0.000000e+00  0.000000e+00 -1.000000e+00
   outer loop
     vertex -1.365265e+01 -8.342963e+00  0.000000e+00
     vertex -1.822721e+01 -1.231945e+01  0.000000e+00
     vertex -1.873364e+01 -1.153476e+01  0.000000e+00
   endloop
 endfacet
 facet normal -0.000000e+00  0.000000e+00 -1.000000e+00
   outer loop
     vertex -8.000000e+00 -1.385641e+01  0.000000e+00
     vertex -1.153476e+01 -1.873364e+01  0.000000e+00
     vertex -8.680740e+00 -1.344041e+01  0.000000e+00
   endloop
 endfacet
 facet normal  0.000000e+00  0.000000e+00 -1.000000e+00
   outer loop
     vertex -8.000000e+00 -1.385641e+01  0.000000e+00
     vertex -1.072929e+01 -1.920631e+01  0.000000e+00
     vertex -1.153476e+01 -1.873364e+01  0.000000e+00
   endloop
 endfacet
 facet normal  0.000000e+00 -0.000000e+00 -1.000000e+00
   outer loop
     vertex -1.405155e+01 -7.652064e+00  0.000000e+00
     vertex -1.365265e+01 -8.342963e+00  0.000000e+00
     vertex -1.920631e+01 -1.072929e+01  0.000000e+00
   endloop
 endfacet
 facet normal  0.000000e+00  0.000000e+00 -1.000000e+00
   outer loop
     vertex -1.405155e+01 -7.652064e+00  0.000000e+00
     vertex -1.920631e+01 -1.072929e+01  0.000000e+00
     vertex -1.964437e+01 -9.904482e+00  0.000000e+00
   endloop
 endfacet
 facet normal -0.000000e+00  0.000000e+00 -1.000000e+00
   outer loop
     vertex -7.299371e+00 -1.423795e+01  0.000000e+00
     vertex -1.072929e+01 -1.920631e+01  0.000000e+00
     vertex -8.000000e+00 -1.385641e+01  0.000000e+00
   endloop
 endfacet
 facet normal  0.000000e+00  0.000000e+00 -1.000000e+00
   outer loop
     vertex -7.299371e+00 -1.423795e+01  0.000000e+00
     vertex -9.904482e+00 -1.964437e+01  0.000000e+00
     vertex -1.072929e+01 -1.920631e+01  0.000000e+00
   endloop
 endfacet
 facet normal  0.000000e+00 -0.000000e+00 -1.000000e+00
   outer loop
     vertex -1.441550e+01 -6.942140e+00  0.000000e+00
     vertex -1.405155e+01 -7.652064e+00  0.000000e+00
     vertex -1.964437e+01 -9.904482e+00  0.000000e+00
   endloop
 endfacet
 facet normal  0.000000e+00  0.000000e+00 -1.000000e+00
   outer loop
     vertex -1.441550e+01 -6.942140e+00  0.000000e+00
     vertex -1.964437e+01 -9.904482e+00  0.000000e+00
     vertex -2.004703e+01 -9.061827e+00  0.000000e+00
   endloop
 endfacet
 facet normal  0.000000e+00  0.000000e+00 -1.000000e+00
   outer loop
     vertex -6.580594e+00 -1.458409e+01  0.000000e+00
     vertex -9.061827e+00 -2.004703e+01  0.000000e+00
     vertex -9.904482e+00 -1.964437e+01  0.000000e+00
   endloop
 endfacet
 facet normal  0.000000e+00  0.000000e+00 -1.000000e+00
   outer loop
     vertex -6.580594e+00 -1.458409e+01  0.000000e+00
     vertex -8.202843e+00 -2.041356e+01  0.000000e+00
     vertex -9.061827e+00 -2.004703e+01  0.000000e+00
   endloop
 endfacet
 facet normal -0.000000e+00  0.000000e+00 -1.000000e+00
   outer loop
     vertex -6.580594e+00 -1.458409e+01  0.000000e+00
     vertex -9.904482e+00 -1.964437e+01  0.000000e+00
     vertex -7.299371e+00 -1.423795e+01  0.000000e+00
   endloop
 endfacet
 facet normal  0.000000e+00 -0.000000e+00 -1.000000e+00
   outer loop
     vertex -1.474362e+01 -6.214957e+00  0.000000e+00
     vertex -1.441550e+01 -6.942140e+00  0.000000e+00
     vertex -2.004703e+01 -9.061827e+00  0.000000e+00
   endloop
 endfacet
 facet normal  0.000000e+00  0.000000e+00 -1.000000e+00
   outer loop
     vertex -1.474362e+01 -6.214957e+00  0.000000e+00
     vertex -2.004703e+01 -9.061827e+00  0.000000e+00
     vertex -2.041356e+01 -8.202843e+00  0.000000e+00
   endloop
 endfacet
 facet normal  0.000000e+00  0.000000e+00 -1.000000e+00
   outer loop
     vertex -5.845456e+00 -1.489398e+01  0.000000e+00
     vertex -7.329075e+00 -2.074330e+01  0.000000e+00
     vertex -8.202843e+00 -2.041356e+01  0.000000e+00
   endloop
 endfacet
 facet normal -0.000000e+00  0.000000e+00 -1.000000e+00
   outer loop
     vertex -5.845456e+00 -1.489398e+01  0.000000e+00
     vertex -8.202843e+00 -2.041356e+01  0.000000e+00
     vertex -6.580594e+00 -1.458409e+01  0.000000e+00
   endloop
 endfacet
 facet normal  0.000000e+00  0.000000e+00 -1.000000e+00
   outer loop
     vertex -1.503508e+01 -5.472322e+00  0.000000e+00
     vertex -2.041356e+01 -8.202843e+00  0.000000e+00
     vertex -2.074330e+01 -7.329075e+00  0.000000e+00
   endloop
 endfacet
 facet normal  0.000000e+00 -0.000000e+00 -1.000000e+00
   outer loop
     vertex -1.503508e+01 -5.472322e+00  0.000000e+00
     vertex -1.474362e+01 -6.214957e+00  0.000000e+00
     vertex -2.041356e+01 -8.202843e+00  0.000000e+00
   endloop
 endfacet
 facet normal  0.000000e+00  0.000000e+00 -1.000000e+00
   outer loop
     vertex -5.095786e+00 -1.516684e+01  0.000000e+00
     vertex -6.442101e+00 -2.103567e+01  0.000000e+00
     vertex -7.329075e+00 -2.074330e+01  0.000000e+00
   endloop
 endfacet
 facet normal -0.000000e+00  0.000000e+00 -1.000000e+00
   outer loop
     vertex -5.095786e+00 -1.516684e+01  0.000000e+00
     vertex -7.329075e+00 -2.074330e+01  0.000000e+00
     vertex -5.845456e+00 -1.489398e+01  0.000000e+00
   endloop
 endfacet
 facet normal  0.000000e+00 -0.000000e+00 -1.000000e+00
   outer loop
     vertex -1.528916e+01 -4.716083e+00  0.000000e+00
     vertex -1.503508e+01 -5.472322e+00  0.000000e+00
     vertex -2.074330e+01 -7.329075e+00  0.000000e+00
   endloop
 endfacet
 facet normal  0.000000e+00  0.000000e+00 -1.000000e+00
   outer loop
     vertex -1.528916e+01 -4.716083e+00  0.000000e+00
     vertex -2.103567e+01 -6.442101e+00  0.000000e+00
     vertex -2.129012e+01 -5.543517e+00  0.000000e+00
   endloop
 endfacet
 facet normal  0.000000e+00  0.000000e+00 -1.000000e+00
   outer loop
     vertex -1.528916e+01 -4.716083e+00  0.000000e+00
     vertex -2.074330e+01 -7.329075e+00  0.000000e+00
     vertex -2.103567e+01 -6.442101e+00  0.000000e+00
   endloop
 endfacet
 facet normal  0.000000e+00  0.000000e+00 -1.000000e+00
   outer loop
     vertex -4.333447e+00 -1.540199e+01  0.000000e+00
     vertex -5.543517e+00 -2.129012e+01  0.000000e+00
     vertex -6.442101e+00 -2.103567e+01  0.000000e+00
   endloop
 endfacet
 facet normal -0.000000e+00  0.000000e+00 -1.000000e+00
   outer loop
     vertex -4.333447e+00 -1.540199e+01  0.000000e+00
     vertex -6.442101e+00 -2.103567e+01  0.000000e+00
     vertex -5.095786e+00 -1.516684e+01  0.000000e+00
   endloop
 endfacet
 facet normal  0.000000e+00  0.000000e+00 -1.000000e+00
   outer loop
     vertex -1.550524e+01 -3.948118e+00  0.000000e+00
     vertex -2.129012e+01 -5.543517e+00  0.000000e+00
     vertex -2.150622e+01 -4.634944e+00  0.000000e+00
   endloop
 endfacet
 facet normal  0.000000e+00 -0.000000e+00 -1.000000e+00
   outer loop
     vertex -1.550524e+01 -3.948118e+00  0.000000e+00
     vertex -1.528916e+01 -4.716083e+00  0.000000e+00
     vertex -2.129012e+01 -5.543517e+00  0.000000e+00
   endloop
 endfacet
 facet normal  0.000000e+00  0.000000e+00 -1.000000e+00
   outer loop
     vertex -3.560335e+00 -1.559885e+01  0.000000e+00
     vertex -4.634944e+00 -2.150622e+01  0.000000e+00
     vertex -5.543517e+00 -2.129012e+01  0.000000e+00
   endloop
 endfacet
 facet normal -0.000000e+00  0.000000e+00 -1.000000e+00
   outer loop
     vertex -3.560335e+00 -1.559885e+01  0.000000e+00
     vertex -5.543517e+00 -2.129012e+01  0.000000e+00
     vertex -4.333447e+00 -1.540199e+01  0.000000e+00
   endloop
 endfacet
 facet normal  0.000000e+00 -0.000000e+00 -1.000000e+00
   outer loop
     vertex -1.568276e+01 -3.170338e+00  0.000000e+00
     vertex -1.550524e+01 -3.948118e+00  0.000000e+00
     vertex -2.150622e+01 -4.634944e+00  0.000000e+00
   endloop
 endfacet
 facet normal  0.000000e+00  0.000000e+00 -1.000000e+00
   outer loop
     vertex -1.568276e+01 -3.170338e+00  0.000000e+00
     vertex -2.150622e+01 -4.634944e+00  0.000000e+00
     vertex -2.168355e+01 -3.718018e+00  0.000000e+00
   endloop
 endfacet
 facet normal  0.000000e+00  0.000000e+00 -1.000000e+00
   outer loop
     vertex -2.778371e+00 -1.575692e+01  0.000000e+00
     vertex -3.718018e+00 -2.168355e+01  0.000000e+00
     vertex -4.634944e+00 -2.150622e+01  0.000000e+00
   endloop
 endfacet
 facet normal -0.000000e+00  0.000000e+00 -1.000000e+00
   outer loop
     vertex -2.778371e+00 -1.575692e+01  0.000000e+00
     vertex -4.634944e+00 -2.150622e+01  0.000000e+00
     vertex -3.560335e+00 -1.559885e+01  0.000000e+00
   endloop
 endfacet
 facet normal  0.000000e+00 -0.000000e+00 -1.000000e+00
   outer loop
     vertex -1.582129e+01 -2.384676e+00  0.000000e+00
     vertex -1.568276e+01 -3.170338e+00  0.000000e+00
     vertex -2.168355e+01 -3.718018e+00  0.000000e+00
   endloop
 endfacet
 facet normal  0.000000e+00  0.000000e+00 -1.000000e+00
   outer loop
     vertex -1.582129e+01 -2.384676e+00  0.000000e+00
     vertex -2.168355e+01 -3.718018e+00  0.000000e+00
     vertex -2.182181e+01 -2.794392e+00  0.000000e+00
   endloop
 endfacet
 facet normal  0.000000e+00  0.000000e+00 -1.000000e+00
   outer loop
     vertex -1.989499e+00 -1.587583e+01  0.000000e+00
     vertex -2.794392e+00 -2.182181e+01  0.000000e+00
     vertex -3.718018e+00 -2.168355e+01  0.000000e+00
   endloop
 endfacet
 facet normal  0.000000e+00 -0.000000e+00 -1.000000e+00
   outer loop
     vertex -1.989499e+00 -1.587583e+01  0.000000e+00
     vertex -1.865730e+00 -2.192074e+01  0.000000e+00
     vertex -2.794392e+00 -2.182181e+01  0.000000e+00
   endloop
 endfacet
 facet normal -0.000000e+00  0.000000e+00 -1.000000e+00
   outer loop
     vertex -1.989499e+00 -1.587583e+01  0.000000e+00
     vertex -3.718018e+00 -2.168355e+01  0.000000e+00
     vertex -2.778371e+00 -1.575692e+01  0.000000e+00
   endloop
 endfacet
 facet normal  0.000000e+00 -0.000000e+00 -1.000000e+00
   outer loop
     vertex -1.592049e+01 -1.593086e+00  0.000000e+00
     vertex -1.582129e+01 -2.384676e+00  0.000000e+00
     vertex -2.182181e+01 -2.794392e+00  0.000000e+00
   endloop
 endfacet
 facet normal  0.000000e+00  0.000000e+00 -1.000000e+00
   outer loop
     vertex -1.592049e+01 -1.593086e+00  0.000000e+00
     vertex -2.182181e+01 -2.794392e+00  0.000000e+00
     vertex -2.192074e+01 -1.865730e+00  0.000000e+00
   endloop
 endfacet
 facet normal -0.000000e+00  0.000000e+00 -1.000000e+00
   outer loop
     vertex -1.195681e+00 -1.595526e+01  0.000000e+00
     vertex -1.865730e+00 -2.192074e+01  0.000000e+00
     vertex -1.989499e+00 -1.587583e+01  0.000000e+00
   endloop
 endfacet
 facet normal  0.000000e+00 -0.000000e+00 -1.000000e+00
   outer loop
     vertex -1.195681e+00 -1.595526e+01  0.000000e+00
     vertex -9.337065e-01 -2.198018e+01  0.000000e+00
     vertex -1.865730e+00 -2.192074e+01  0.000000e+00
   endloop
 endfacet
 facet normal  0.000000e+00 -0.000000e+00 -1.000000e+00
   outer loop
     vertex -1.598011e+01 -7.975342e-01  0.000000e+00
     vertex -1.592049e+01 -1.593086e+00  0.000000e+00
     vertex -2.192074e+01 -1.865730e+00  0.000000e+00
   endloop
 endfacet
 facet normal  0.000000e+00  0.000000e+00 -1.000000e+00
   outer loop
     vertex -1.598011e+01 -7.975342e-01  0.000000e+00
     vertex -2.192074e+01 -1.865730e+00  0.000000e+00
     vertex -2.198018e+01 -9.337065e-01  0.000000e+00
   endloop
 endfacet
 facet normal  0.000000e+00 -0.000000e+00 -1.000000e+00
   outer loop
     vertex -3.988911e-01 -1.599503e+01  0.000000e+00
     vertex  1.718180e-13 -2.200000e+01  0.000000e+00
     vertex -9.337065e-01 -2.198018e+01  0.000000e+00
   endloop
 endfacet
 facet normal -0.000000e+00  0.000000e+00 -1.000000e+00
   outer loop
     vertex -3.988911e-01 -1.599503e+01  0.000000e+00
     vertex -9.337065e-01 -2.198018e+01  0.000000e+00
     vertex -1.195681e+00 -1.595526e+01  0.000000e+00
   endloop
 endfacet
 facet normal  0.000000e+00 -0.000000e+00 -1.000000e+00
   outer loop
     vertex -1.600000e+01 -5.488398e-14  0.000000e+00
     vertex -1.598011e+01 -7.975342e-01  0.000000e+00
     vertex -2.198018e+01 -9.337065e-01  0.000000e+00
   endloop
 endfacet
 facet normal -0.000000e+00  0.000000e+00 -1.000000e+00
   outer loop
     vertex -1.600000e+01 -5.488398e-14  0.000000e+00
     vertex -2.200000e+01 -9.500540e-14  0.000000e+00
     vertex -2.198018e+01  9.337065e-01  0.000000e+00
   endloop
 endfacet
 facet normal  0.000000e+00  0.000000e+00 -1.000000e+00
   outer loop
     vertex -1.600000e+01 -5.488398e-14  0.000000e+00
     vertex -2.198018e+01 -9.337065e-01  0.000000e+00
     vertex -2.200000e+01 -9.500540e-14  0.000000e+00
   endloop
 endfacet
 facet normal  0.000000e+00 -0.000000e+00 -1.000000e+00
   outer loop
     vertex  3.988911e-01 -1.599503e+01  0.000000e+00
     vertex  9.337065e-01 -2.198018e+01  0.000000e+00
     vertex  1.718180e-13 -2.200000e+01  0.000000e+00
   endloop
 endfacet
 facet normal  0.000000e+00  0.000000e+00 -1.000000e+00
   outer loop
     vertex  3.988911e-01 -1.599503e+01  0.000000e+00
     vertex  1.718180e-13 -2.200000e+01  0.000000e+00
     vertex -3.988911e-01 -1.599503e+01  0.000000e+00
   endloop
 endfacet
 facet normal -0.000000e+00  0.000000e+00 -1.000000e+00
   outer loop
     vertex -1.598011e+01  7.975342e-01  0.000000e+00
     vertex -1.600000e+01 -5.488398e-14  0.000000e+00
     vertex -2.198018e+01  9.337065e-01  0.000000e+00
   endloop
 endfacet
 facet normal  0.000000e+00  0.000000e+00 -1.000000e+00
   outer loop
     vertex -1.598011e+01  7.975342e-01  0.000000e+00
     vertex -2.198018e+01  9.337065e-01  0.000000e+00
     vertex -2.192074e+01  1.865730e+00  0.000000e+00
   endloop
 endfacet
 facet normal  0.000000e+00 -0.000000e+00 -1.000000e+00
   outer loop
     vertex  1.195681e+00 -1.595526e+01  0.000000e+00
     vertex  1.865730e+00 -2.192074e+01  0.000000e+00
     vertex  9.337065e-01 -2.198018e+01  0.000000e+00
   endloop
 endfacet
 facet normal  0.000000e+00  0.000000e+00 -1.000000e+00
   outer loop
     vertex  1.195681e+00 -1.595526e+01  0.000000e+00
     vertex  9.337065e-01 -2.198018e+01  0.000000e+00
     vertex  3.988911e-01 -1.599503e+01  0.000000e+00
   endloop
 endfacet
 facet normal -0.000000e+00  0.000000e+00 -1.000000e+00
   outer loop
     vertex -1.592049e+01  1.593086e+00  0.000000e+00
     vertex -1.598011e+01  7.975342e-01  0.000000e+00
     vertex -2.192074e+01  1.865730e+00  0.000000e+00
   endloop
 endfacet
 facet normal  0.000000e+00  0.000000e+00 -1.000000e+00
   outer loop
     vertex -1.592049e+01  1.593086e+00  0.000000e+00
     vertex -2.192074e+01  1.865730e+00  0.000000e+00
     vertex -2.182181e+01  2.794392e+00  0.000000e+00
   endloop
 endfacet
 facet normal  0.000000e+00 -0.000000e+00 -1.000000e+00
   outer loop
     vertex  1.989499e+00 -1.587583e+01  0.000000e+00
     vertex  2.794392e+00 -2.182181e+01  0.000000e+00
     vertex  1.865730e+00 -2.192074e+01  0.000000e+00
   endloop
 endfacet
 facet normal  0.000000e+00  0.000000e+00 -1.000000e+00
   outer loop
     vertex  1.989499e+00 -1.587583e+01  0.000000e+00
     vertex  1.865730e+00 -2.192074e+01  0.000000e+00
     vertex  1.195681e+00 -1.595526e+01  0.000000e+00
   endloop
 endfacet
 facet normal  0.000000e+00  0.000000e+00 -1.000000e+00
   outer loop
     vertex  1.989499e+00 -1.587583e+01  0.000000e+00
     vertex  3.718018e+00 -2.168355e+01  0.000000e+00
     vertex  2.794392e+00 -2.182181e+01  0.000000e+00
   endloop
 endfacet
 facet normal -0.000000e+00  0.000000e+00 -1.000000e+00
   outer loop
     vertex -1.582129e+01  2.384676e+00  0.000000e+00
     vertex -1.592049e+01  1.593086e+00  0.000000e+00
     vertex -2.182181e+01  2.794392e+00  0.000000e+00
   endloop
 endfacet
 facet normal  0.000000e+00  0.000000e+00 -1.000000e+00
   outer loop
     vertex -1.582129e+01  2.384676e+00  0.000000e+00
     vertex -2.182181e+01  2.794392e+00  0.000000e+00
     vertex -2.168355e+01  3.718018e+00  0.000000e+00
   endloop
 endfacet
 facet normal  0.000000e+00  0.000000e+00 -1.000000e+00
   outer loop
     vertex  2.778371e+00 -1.575692e+01  0.000000e+00
     vertex  4.634944e+00 -2.150622e+01  0.000000e+00
     vertex  3.718018e+00 -2.168355e+01  0.000000e+00
   endloop
 endfacet
 facet normal  0.000000e+00 -0.000000e+00 -1.000000e+00
   outer loop
     vertex  2.778371e+00 -1.575692e+01  0.000000e+00
     vertex  3.718018e+00 -2.168355e+01  0.000000e+00
     vertex  1.989499e+00 -1.587583e+01  0.000000e+00
   endloop
 endfacet
 facet normal -0.000000e+00  0.000000e+00 -1.000000e+00
   outer loop
     vertex -1.568276e+01  3.170338e+00  0.000000e+00
     vertex -1.582129e+01  2.384676e+00  0.000000e+00
     vertex -2.168355e+01  3.718018e+00  0.000000e+00
   endloop
 endfacet
 facet normal  0.000000e+00  0.000000e+00 -1.000000e+00
   outer loop
     vertex -1.568276e+01  3.170338e+00  0.000000e+00
     vertex -2.168355e+01  3.718018e+00  0.000000e+00
     vertex -2.150622e+01  4.634944e+00  0.000000e+00
   endloop
 endfacet
 facet normal  0.000000e+00  0.000000e+00 -1.000000e+00
   outer loop
     vertex  3.560335e+00 -1.559885e+01  0.000000e+00
     vertex  5.543517e+00 -2.129012e+01  0.000000e+00
     vertex  4.634944e+00 -2.150622e+01  0.000000e+00
   endloop
 endfacet
 facet normal  0.000000e+00 -0.000000e+00 -1.000000e+00
   outer loop
     vertex  3.560335e+00 -1.559885e+01  0.000000e+00
     vertex  4.634944e+00 -2.150622e+01  0.000000e+00
     vertex  2.778371e+00 -1.575692e+01  0.000000e+00
   endloop
 endfacet
 facet normal -0.000000e+00  0.000000e+00 -1.000000e+00
   outer loop
     vertex -1.550524e+01  3.948118e+00  0.000000e+00
     vertex -1.568276e+01  3.170338e+00  0.000000e+00
     vertex -2.150622e+01  4.634944e+00  0.000000e+00
   endloop
 endfacet
 facet normal  0.000000e+00  0.000000e+00 -1.000000e+00
   outer loop
     vertex -1.550524e+01  3.948118e+00  0.000000e+00
     vertex -2.150622e+01  4.634944e+00  0.000000e+00
     vertex -2.129012e+01  5.543517e+00  0.000000e+00
   endloop
 endfacet
 facet normal  0.000000e+00  0.000000e+00 -1.000000e+00
   outer loop
     vertex  4.333447e+00 -1.540199e+01  0.000000e+00
     vertex  6.442101e+00 -2.103567e+01  0.000000e+00
     vertex  5.543517e+00 -2.129012e+01  0.000000e+00
   endloop
 endfacet
 facet normal  0.000000e+00 -0.000000e+00 -1.000000e+00
   outer loop
     vertex  4.333447e+00 -1.540199e+01  0.000000e+00
     vertex  5.543517e+00 -2.129012e+01  0.000000e+00
     vertex  3.560335e+00 -1.559885e+01  0.000000e+00
   endloop
 endfacet
 facet normal  0.000000e+00  0.000000e+00 -1.000000e+00
   outer loop
     vertex -1.528916e+01  4.716083e+00  0.000000e+00
     vertex -2.103567e+01  6.442101e+00  0.000000e+00
     vertex -2.074330e+01  7.329075e+00  0.000000e+00
   endloop
 endfacet
 facet normal  0.000000e+00  0.000000e+00 -1.000000e+00
   outer loop
     vertex -1.528916e+01  4.716083e+00  0.000000e+00
     vertex -2.129012e+01  5.543517e+00  0.000000e+00
     vertex -2.103567e+01  6.442101e+00  0.000000e+00
   endloop
 endfacet
 facet normal -0.000000e+00  0.000000e+00 -1.000000e+00
   outer loop
     vertex -1.528916e+01  4.716083e+00  0.000000e+00
     vertex -1.550524e+01  3.948118e+00  0.000000e+00
     vertex -2.129012e+01  5.543517e+00  0.000000e+00
   endloop
 endfacet
 facet normal  0.000000e+00  0.000000e+00 -1.000000e+00
   outer loop
     vertex  5.095786e+00 -1.516684e+01  0.000000e+00
     vertex  7.329075e+00 -2.074330e+01  0.000000e+00
     vertex  6.442101e+00 -2.103567e+01  0.000000e+00
   endloop
 endfacet
 facet normal  0.000000e+00 -0.000000e+00 -1.000000e+00
   outer loop
     vertex  5.095786e+00 -1.516684e+01  0.000000e+00
     vertex  6.442101e+00 -2.103567e+01  0.000000e+00
     vertex  4.333447e+00 -1.540199e+01  0.000000e+00
   endloop
 endfacet
 facet normal -0.000000e+00  0.000000e+00 -1.000000e+00
   outer loop
     vertex -1.503508e+01  5.472322e+00  0.000000e+00
     vertex -1.528916e+01  4.716083e+00  0.000000e+00
     vertex -2.074330e+01  7.329075e+00  0.000000e+00
   endloop
 endfacet
 facet normal  0.000000e+00  0.000000e+00 -1.000000e+00
   outer loop
     vertex -1.503508e+01  5.472322e+00  0.000000e+00
     vertex -2.074330e+01  7.329075e+00  0.000000e+00
     vertex -2.041356e+01  8.202843e+00  0.000000e+00
   endloop
 endfacet
 facet normal  0.000000e+00  0.000000e+00 -1.000000e+00
   outer loop
     vertex  5.845456e+00 -1.489398e+01  0.000000e+00
     vertex  8.202843e+00 -2.041356e+01  0.000000e+00
     vertex  7.329075e+00 -2.074330e+01  0.000000e+00
   endloop
 endfacet
 facet normal  0.000000e+00 -0.000000e+00 -1.000000e+00
   outer loop
     vertex  5.845456e+00 -1.489398e+01  0.000000e+00
     vertex  7.329075e+00 -2.074330e+01  0.000000e+00
     vertex  5.095786e+00 -1.516684e+01  0.000000e+00
   endloop
 endfacet
 facet normal -0.000000e+00  0.000000e+00 -1.000000e+00
   outer loop
     vertex -1.474362e+01  6.214957e+00  0.000000e+00
     vertex -1.503508e+01  5.472322e+00  0.000000e+00
     vertex -2.041356e+01  8.202843e+00  0.000000e+00
   endloop
 endfacet
 facet normal  0.000000e+00  0.000000e+00 -1.000000e+00
   outer loop
     vertex -1.474362e+01  6.214957e+00  0.000000e+00
     vertex -2.041356e+01  8.202843e+00  0.000000e+00
     vertex -2.004703e+01  9.061827e+00  0.000000e+00
   endloop
 endfacet
 facet normal  0.000000e+00  0.000000e+00 -1.000000e+00
   outer loop
     vertex  6.580594e+00 -1.458409e+01  0.000000e+00
     vertex  9.061827e+00 -2.004703e+01  0.000000e+00
     vertex  8.202843e+00 -2.041356e+01  0.000000e+00
   endloop
 endfacet
 facet normal  0.000000e+00  0.000000e+00 -1.000000e+00
   outer loop
     vertex  6.580594e+00 -1.458409e+01  0.000000e+00
     vertex  9.904482e+00 -1.964437e+01  0.000000e+00
     vertex  9.061827e+00 -2.004703e+01  0.000000e+00
   endloop
 endfacet
 facet normal  0.000000e+00 -0.000000e+00 -1.000000e+00
   outer loop
     vertex  6.580594e+00 -1.458409e+01  0.000000e+00
     vertex  8.202843e+00 -2.041356e+01  0.000000e+00
     vertex  5.845456e+00 -1.489398e+01  0.000000e+00
   endloop
 endfacet
 facet normal  0.000000e+00  0.000000e+00 -1.000000e+00
   outer loop
     vertex -1.441550e+01  6.942140e+00  0.000000e+00
     vertex -2.004703e+01  9.061827e+00  0.000000e+00
     vertex -1.964437e+01  9.904482e+00  0.000000e+00
   endloop
 endfacet
 facet normal -0.000000e+00  0.000000e+00 -1.000000e+00
   outer loop
     vertex -1.441550e+01  6.942140e+00  0.000000e+00
     vertex -1.474362e+01  6.214957e+00  0.000000e+00
     vertex -2.004703e+01  9.061827e+00  0.000000e+00
   endloop
 endfacet
 facet normal  0.000000e+00  0.000000e+00 -1.000000e+00
   outer loop
     vertex  7.299371e+00 -1.423795e+01  0.000000e+00
     vertex  1.072929e+01 -1.920631e+01  0.000000e+00
     vertex  9.904482e+00 -1.964437e+01  0.000000e+00
   endloop
 endfacet
 facet normal  0.000000e+00 -0.000000e+00 -1.000000e+00
   outer loop
     vertex  7.299371e+00 -1.423795e+01  0.000000e+00
     vertex  9.904482e+00 -1.964437e+01  0.000000e+00
     vertex  6.580594e+00 -1.458409e+01  0.000000e+00
   endloop
 endfacet
 facet normal  0.000000e+00  0.000000e+00 -1.000000e+00
   outer loop
     vertex -1.405155e+01  7.652064e+00  0.000000e+00
     vertex -1.964437e+01  9.904482e+00  0.000000e+00
     vertex -1.920631e+01  1.072929e+01  0.000000e+00
   endloop
 endfacet
 facet normal -0.000000e+00  0.000000e+00 -1.000000e+00
   outer loop
     vertex -1.405155e+01  7.652064e+00  0.000000e+00
     vertex -1.441550e+01  6.942140e+00  0.000000e+00
     vertex -1.964437e+01  9.904482e+00  0.000000e+00
   endloop
 endfacet
 facet normal  0.000000e+00 -0.000000e+00 -1.000000e+00
   outer loop
     vertex  8.000000e+00 -1.385641e+01  0.000000e+00
     vertex  1.072929e+01 -1.920631e+01  0.000000e+00
     vertex  7.299371e+00 -1.423795e+01  0.000000e+00
   endloop
 endfacet
 facet normal  0.000000e+00  0.000000e+00 -1.000000e+00
   outer loop
     vertex  8.000000e+00 -1.385641e+01  0.000000e+00
     vertex  1.153476e+01 -1.873364e+01  0.000000e+00
     vertex  1.072929e+01 -1.920631e+01  0.000000e+00
   endloop
 endfacet
 facet normal  0.000000e+00  0.000000e+00 -1.000000e+00
   outer loop
     vertex -1.365265e+01  8.342963e+00  0.000000e+00
     vertex -1.873364e+01  1.153476e+01  0.000000e+00
     vertex -1.822721e+01  1.231945e+01  0.000000e+00
   endloop
 endfacet
 facet normal  0.000000e+00  0.000000e+00 -1.000000e+00
   outer loop
     vertex -1.365265e+01  8.342963e+00  0.000000e+00
     vertex -1.920631e+01  1.072929e+01  0.000000e+00
     vertex -1.873364e+01  1.153476e+01  0.000000e+00
   endloop
 endfacet
 facet normal -0.000000e+00  0.000000e+00 -1.000000e+00
   outer loop
     vertex -1.365265e+01  8.342963e+00  0.000000e+00
     vertex -1.405155e+01  7.652064e+00  0.000000e+00
     vertex -1.920631e+01  1.072929e+01  0.000000e+00
   endloop
 endfacet
 facet normal  0.000000e+00  0.000000e+00 -1.000000e+00
   outer loop
     vertex  8.680740e+00 -1.344041e+01  0.000000e+00
     vertex  1.231945e+01 -1.822721e+01  0.000000e+00
     vertex  1.153476e+01 -1.873364e+01  0.000000e+00
   endloop
 endfacet
 facet normal  0.000000e+00 -0.000000e+00 -1.000000e+00
   outer loop
     vertex  8.680740e+00 -1.344041e+01  0.000000e+00
     vertex  1.153476e+01 -1.873364e+01  0.000000e+00
     vertex  8.000000e+00 -1.385641e+01  0.000000e+00
   endloop
 endfacet
 facet normal -0.000000e+00  0.000000e+00 -1.000000e+00
   outer loop
     vertex -1.321982e+01  9.013121e+00  0.000000e+00
     vertex -1.365265e+01  8.342963e+00  0.000000e+00
     vertex -1.822721e+01  1.231945e+01  0.000000e+00
   endloop
 endfacet
 facet normal  0.000000e+00  0.000000e+00 -1.000000e+00
   outer loop
     vertex -1.321982e+01  9.013121e+00  0.000000e+00
     vertex -1.822721e+01  1.231945e+01  0.000000e+00
     vertex -1.768794e+01  1.308193e+01  0.000000e+00
   endloop
 endfacet
 facet normal  0.000000e+00  0.000000e+00 -1.000000e+00
   outer loop
     vertex  9.339899e+00 -1.299101e+01  0.000000e+00
     vertex  1.308193e+01 -1.768794e+01  0.000000e+00
     vertex  1.231945e+01 -1.822721e+01  0.000000e+00
   endloop
 endfacet
 facet normal  0.000000e+00 -0.000000e+00 -1.000000e+00
   outer loop
     vertex  9.339899e+00 -1.299101e+01  0.000000e+00
     vertex  1.231945e+01 -1.822721e+01  0.000000e+00
     vertex  8.680740e+00 -1.344041e+01  0.000000e+00
   endloop
 endfacet
 facet normal  0.000000e+00  0.000000e+00 -1.000000e+00
   outer loop
     vertex -1.275412e+01  9.660871e+00  0.000000e+00
     vertex -1.768794e+01  1.308193e+01  0.000000e+00
     vertex -1.711679e+01  1.382084e+01  0.000000e+00
   endloop
 endfacet
 facet normal -0.000000e+00  0.000000e+00 -1.000000e+00
   outer loop
     vertex -1.275412e+01  9.660871e+00  0.000000e+00
     vertex -1.321982e+01  9.013121e+00  0.000000e+00
     vertex -1.768794e+01  1.308193e+01  0.000000e+00
   endloop
 endfacet
 facet normal  0.000000e+00 -0.000000e+00 -1.000000e+00
   outer loop
     vertex  9.975837e+00 -1.250930e+01  0.000000e+00
     vertex  1.308193e+01 -1.768794e+01  0.000000e+00
     vertex  9.339899e+00 -1.299101e+01  0.000000e+00
   endloop
 endfacet
 facet normal  0.000000e+00  0.000000e+00 -1.000000e+00
   outer loop
     vertex  9.975837e+00 -1.250930e+01  0.000000e+00
     vertex  1.382084e+01 -1.711679e+01  0.000000e+00
     vertex  1.308193e+01 -1.768794e+01  0.000000e+00
   endloop
 endfacet
 facet normal -0.000000e+00  0.000000e+00 -1.000000e+00
   outer loop
     vertex -1.225671e+01  1.028460e+01  0.000000e+00
     vertex -1.275412e+01  9.660871e+00  0.000000e+00
     vertex -1.711679e+01  1.382084e+01  0.000000e+00
   endloop
 endfacet
 facet normal  0.000000e+00  0.000000e+00 -1.000000e+00
   outer loop
     vertex -1.225671e+01  1.028460e+01  0.000000e+00
     vertex -1.711679e+01  1.382084e+01  0.000000e+00
     vertex -1.651479e+01  1.453484e+01  0.000000e+00
   endloop
 endfacet
 facet normal  0.000000e+00  0.000000e+00 -1.000000e+00
   outer loop
     vertex  1.058697e+01 -1.199650e+01  0.000000e+00
     vertex  1.453484e+01 -1.651479e+01  0.000000e+00
     vertex  1.382084e+01 -1.711679e+01  0.000000e+00
   endloop
 endfacet
 facet normal  0.000000e+00 -0.000000e+00 -1.000000e+00
   outer loop
     vertex  1.058697e+01 -1.199650e+01  0.000000e+00
     vertex  1.382084e+01 -1.711679e+01  0.000000e+00
     vertex  9.975837e+00 -1.250930e+01  0.000000e+00
   endloop
 endfacet
 facet normal -0.000000e+00  0.000000e+00 -1.000000e+00
   outer loop
     vertex -1.172883e+01  1.088276e+01  0.000000e+00
     vertex -1.225671e+01  1.028460e+01  0.000000e+00
     vertex -1.651479e+01  1.453484e+01  0.000000e+00
   endloop
 endfacet
 facet normal  0.000000e+00 -0.000000e+00 -1.000000e+00
   outer loop
     vertex -1.588303e+01  1.522266e+01  0.000000e+00
     vertex -1.172883e+01  1.088276e+01  0.000000e+00
     vertex -1.651479e+01  1.453484e+01  0.000000e+00
   endloop
 endfacet
 facet normal -0.000000e+00  0.000000e+00 -1.000000e+00
   outer loop
     vertex  1.522266e+01 -1.588303e+01  0.000000e+00
     vertex  1.453484e+01 -1.651479e+01  0.000000e+00
     vertex  1.058697e+01 -1.199650e+01  0.000000e+00
   endloop
 endfacet
 facet normal  0.000000e+00 -0.000000e+00 -1.000000e+00
   outer loop
     vertex  1.117179e+01 -1.145387e+01  0.000000e+00
     vertex  1.522266e+01 -1.588303e+01  0.000000e+00
     vertex  1.058697e+01 -1.199650e+01  0.000000e+00
   endloop
 endfacet
 facet normal -0.000000e+00  0.000000e+00 -1.000000e+00
   outer loop
     vertex -1.117179e+01  1.145387e+01  0.000000e+00
     vertex -1.172883e+01  1.088276e+01  0.000000e+00
     vertex -1.588303e+01  1.522266e+01  0.000000e+00
   endloop
 endfacet
 facet normal  0.000000e+00 -0.000000e+00 -1.000000e+00
   outer loop
     vertex -1.522266e+01  1.588303e+01  0.000000e+00
     vertex -1.117179e+01  1.145387e+01  0.000000e+00
     vertex -1.588303e+01  1.522266e+01  0.000000e+00
   endloop
 endfacet
 facet normal -0.000000e+00  0.000000e+00 -1.000000e+00
   outer loop
     vertex  1.588303e+01 -1.522266e+01  0.000000e+00
     vertex  1.522266e+01 -1.588303e+01  0.000000e+00
     vertex  1.117179e+01 -1.145387e+01  0.000000e+00
   endloop
 endfacet
 facet normal  0.000000e+00 -0.000000e+00 -1.000000e+00
   outer loop
     vertex  1.172883e+01 -1.088276e+01  0.000000e+00
     vertex  1.588303e+01 -1.522266e+01  0.000000e+00
     vertex  1.117179e+01 -1.145387e+01  0.000000e+00
   endloop
 endfacet
 facet normal -0.000000e+00  0.000000e+00 -1.000000e+00
   outer loop
     vertex -1.058697e+01  1.199650e+01  0.000000e+00
     vertex -1.117179e+01  1.145387e+01  0.000000e+00
     vertex -1.522266e+01  1.588303e+01  0.000000e+00
   endloop
 endfacet
 facet normal  0.000000e+00 -0.000000e+00 -1.000000e+00
   outer loop
     vertex -1.453484e+01  1.651479e+01  0.000000e+00
     vertex -1.058697e+01  1.199650e+01  0.000000e+00
     vertex -1.522266e+01  1.588303e+01  0.000000e+00
   endloop
 endfacet
 facet normal -0.000000e+00  0.000000e+00 -1.000000e+00
   outer loop
     vertex  1.651479e+01 -1.453484e+01  0.000000e+00
     vertex  1.588303e+01 -1.522266e+01  0.000000e+00
     vertex  1.172883e+01 -1.088276e+01  0.000000e+00
   endloop
 endfacet
 facet normal  0.000000e+00  0.000000e+00 -1.000000e+00
   outer loop
     vertex  1.651479e+01 -1.453484e+01  0.000000e+00
     vertex  1.172883e+01 -1.088276e+01  0.000000e+00
     vertex  1.225671e+01 -1.028460e+01  0.000000e+00
   endloop
 endfacet
 facet normal  0.000000e+00 -0.000000e+00 -1.000000e+00
   outer loop
     vertex -1.382084e+01  1.711679e+01  0.000000e+00
     vertex -1.058697e+01  1.199650e+01  0.000000e+00
     vertex -1.453484e+01  1.651479e+01  0.000000e+00
   endloop
 endfacet
 facet normal  0.000000e+00  0.000000e+00 -1.000000e+00
   outer loop
     vertex -1.382084e+01  1.711679e+01  0.000000e+00
     vertex -9.975837e+00  1.250930e+01  0.000000e+00
     vertex -1.058697e+01  1.199650e+01  0.000000e+00
   endloop
 endfacet
 facet normal -0.000000e+00  0.000000e+00 -1.000000e+00
   outer loop
     vertex  1.711679e+01 -1.382084e+01  0.000000e+00
     vertex  1.651479e+01 -1.453484e+01  0.000000e+00
     vertex  1.225671e+01 -1.028460e+01  0.000000e+00
   endloop
 endfacet
 facet normal  0.000000e+00  0.000000e+00 -1.000000e+00
   outer loop
     vertex  1.711679e+01 -1.382084e+01  0.000000e+00
     vertex  1.225671e+01 -1.028460e+01  0.000000e+00
     vertex  1.275412e+01 -9.660871e+00  0.000000e+00
   endloop
 endfacet
 facet normal  0.000000e+00 -0.000000e+00 -1.000000e+00
   outer loop
     vertex -1.308193e+01  1.768794e+01  0.000000e+00
     vertex -9.975837e+00  1.250930e+01  0.000000e+00
     vertex -1.382084e+01  1.711679e+01  0.000000e+00
   endloop
 endfacet
 facet normal  0.000000e+00  0.000000e+00 -1.000000e+00
   outer loop
     vertex -1.308193e+01  1.768794e+01  0.000000e+00
     vertex -9.339899e+00  1.299101e+01  0.000000e+00
     vertex -9.975837e+00  1.250930e+01  0.000000e+00
   endloop
 endfacet
 facet normal  0.000000e+00  0.000000e+00 -1.000000e+00
   outer loop
     vertex  1.768794e+01 -1.308193e+01  0.000000e+00
     vertex  1.275412e+01 -9.660871e+00  0.000000e+00
     vertex  1.321982e+01 -9.013121e+00  0.000000e+00
   endloop
 endfacet
 facet normal -0.000000e+00  0.000000e+00 -1.000000e+00
   outer loop
     vertex  1.768794e+01 -1.308193e+01  0.000000e+00
     vertex  1.711679e+01 -1.382084e+01  0.000000e+00
     vertex  1.275412e+01 -9.660871e+00  0.000000e+00
   endloop
 endfacet
 facet normal  0.000000e+00 -0.000000e+00 -1.000000e+00
   outer loop
     vertex -1.231945e+01  1.822721e+01  0.000000e+00
     vertex -9.339899e+00  1.299101e+01  0.000000e+00
     vertex -1.308193e+01  1.768794e+01  0.000000e+00
   endloop
 endfacet
 facet normal  0.000000e+00  0.000000e+00 -1.000000e+00
   outer loop
     vertex -1.231945e+01  1.822721e+01  0.000000e+00
     vertex -8.680740e+00  1.344041e+01  0.000000e+00
     vertex -9.339899e+00  1.299101e+01  0.000000e+00
   endloop
 endfacet
 facet normal  0.000000e+00  0.000000e+00 -1.000000e+00
   outer loop
     vertex  1.822721e+01 -1.231945e+01  0.000000e+00
     vertex  1.321982e+01 -9.013121e+00  0.000000e+00
     vertex  1.365265e+01 -8.342963e+00  0.000000e+00
   endloop
 endfacet
 facet normal -0.000000e+00  0.000000e+00 -1.000000e+00
   outer loop
     vertex  1.822721e+01 -1.231945e+01  0.000000e+00
     vertex  1.768794e+01 -1.308193e+01  0.000000e+00
     vertex  1.321982e+01 -9.013121e+00  0.000000e+00
   endloop
 endfacet
 facet normal  0.000000e+00 -0.000000e+00 -1.000000e+00
   outer loop
     vertex -1.153476e+01  1.873364e+01  0.000000e+00
     vertex -8.680740e+00  1.344041e+01  0.000000e+00
     vertex -1.231945e+01  1.822721e+01  0.000000e+00
   endloop
 endfacet
 facet normal  0.000000e+00  0.000000e+00 -1.000000e+00
   outer loop
     vertex -1.153476e+01  1.873364e+01  0.000000e+00
     vertex -8.000000e+00  1.385641e+01  0.000000e+00
     vertex -8.680740e+00  1.344041e+01  0.000000e+00
   endloop
 endfacet
 facet normal -0.000000e+00  0.000000e+00 -1.000000e+00
   outer loop
     vertex  1.873364e+01 -1.153476e+01  0.000000e+00
     vertex  1.822721e+01 -1.231945e+01  0.000000e+00
     vertex  1.365265e+01 -8.342963e+00  0.000000e+00
   endloop
 endfacet
 facet normal  0.000000e+00  0.000000e+00 -1.000000e+00
   outer loop
     vertex -1.072929e+01  1.920631e+01  0.000000e+00
     vertex -7.299371e+00  1.423795e+01  0.000000e+00
     vertex -8.000000e+00  1.385641e+01  0.000000e+00
   endloop
 endfacet
 facet normal  0.000000e+00 -0.000000e+00 -1.000000e+00
   outer loop
     vertex -1.072929e+01  1.920631e+01  0.000000e+00
     vertex -8.000000e+00  1.385641e+01  0.000000e+00
     vertex -1.153476e+01  1.873364e+01  0.000000e+00
   endloop
 endfacet
 facet normal  0.000000e+00  0.000000e+00 -1.000000e+00
   outer loop
     vertex  1.920631e+01 -1.072929e+01  0.000000e+00
     vertex  1.365265e+01 -8.342963e+00  0.000000e+00
     vertex  1.405155e+01 -7.652064e+00  0.000000e+00
   endloop
 endfacet
 facet normal -0.000000e+00  0.000000e+00 -1.000000e+00
   outer loop
     vertex  1.920631e+01 -1.072929e+01  0.000000e+00
     vertex  1.873364e+01 -1.153476e+01  0.000000e+00
     vertex  1.365265e+01 -8.342963e+00  0.000000e+00
   endloop
 endfacet
 facet normal  0.000000e+00 -0.000000e+00 -1.000000e+00
   outer loop
     vertex -9.904482e+00  1.964437e+01  0.000000e+00
     vertex -7.299371e+00  1.423795e+01  0.000000e+00
     vertex -1.072929e+01  1.920631e+01  0.000000e+00
   endloop
 endfacet
 facet normal  0.000000e+00  0.000000e+00 -1.000000e+00
   outer loop
     vertex -9.904482e+00  1.964437e+01  0.000000e+00
     vertex -6.580594e+00  1.458409e+01  0.000000e+00
     vertex -7.299371e+00  1.423795e+01  0.000000e+00
   endloop
 endfacet
 facet normal  0.000000e+00  0.000000e+00 -1.000000e+00
   outer loop
     vertex  1.964437e+01 -9.904482e+00  0.000000e+00
     vertex  1.405155e+01 -7.652064e+00  0.000000e+00
     vertex  1.441550e+01 -6.942140e+00  0.000000e+00
   endloop
 endfacet
 facet normal -0.000000e+00  0.000000e+00 -1.000000e+00
   outer loop
     vertex  1.964437e+01 -9.904482e+00  0.000000e+00
     vertex  1.920631e+01 -1.072929e+01  0.000000e+00
     vertex  1.405155e+01 -7.652064e+00  0.000000e+00
   endloop
 endfacet
 facet normal  0.000000e+00 -0.000000e+00 -1.000000e+00
   outer loop
     vertex -9.061827e+00  2.004703e+01  0.000000e+00
     vertex -6.580594e+00  1.458409e+01  0.000000e+00
     vertex -9.904482e+00  1.964437e+01  0.000000e+00
   endloop
 endfacet
 facet normal  0.000000e+00  0.000000e+00 -1.000000e+00
   outer loop
     vertex  2.004703e+01 -9.061827e+00  0.000000e+00
     vertex  1.441550e+01 -6.942140e+00  0.000000e+00
     vertex  1.474362e+01 -6.214957e+00  0.000000e+00
   endloop
 endfacet
 facet normal -0.000000e+00  0.000000e+00 -1.000000e+00
   outer loop
     vertex  2.004703e+01 -9.061827e+00  0.000000e+00
     vertex  1.964437e+01 -9.904482e+00  0.000000e+00
     vertex  1.441550e+01 -6.942140e+00  0.000000e+00
   endloop
 endfacet
 facet normal  0.000000e+00 -0.000000e+00 -1.000000e+00
   outer loop
     vertex -8.202843e+00  2.041356e+01  0.000000e+00
     vertex -6.580594e+00  1.458409e+01  0.000000e+00
     vertex -9.061827e+00  2.004703e+01  0.000000e+00
   endloop
 endfacet
 facet normal  0.000000e+00  0.000000e+00 -1.000000e+00
   outer loop
     vertex -8.202843e+00  2.041356e+01  0.000000e+00
     vertex -5.845456e+00  1.489398e+01  0.000000e+00
     vertex -6.580594e+00  1.458409e+01  0.000000e+00
   endloop
 endfacet
 facet normal -0.000000e+00  0.000000e+00 -1.000000e+00
   outer loop
     vertex  2.041356e+01 -8.202843e+00  0.000000e+00
     vertex  2.004703e+01 -9.061827e+00  0.000000e+00
     vertex  1.474362e+01 -6.214957e+00  0.000000e+00
   endloop
 endfacet
 facet normal  0.000000e+00  0.000000e+00 -1.000000e+00
   outer loop
     vertex  2.041356e+01 -8.202843e+00  0.000000e+00
     vertex  1.474362e+01 -6.214957e+00  0.000000e+00
     vertex  1.503508e+01 -5.472322e+00  0.000000e+00
   endloop
 endfacet
 facet normal  0.000000e+00 -0.000000e+00 -1.000000e+00
   outer loop
     vertex -7.329075e+00  2.074330e+01  0.000000e+00
     vertex -5.845456e+00  1.489398e+01  0.000000e+00
     vertex -8.202843e+00  2.041356e+01  0.000000e+00
   endloop
 endfacet
 facet normal  0.000000e+00  0.000000e+00 -1.000000e+00
   outer loop
     vertex -7.329075e+00  2.074330e+01  0.000000e+00
     vertex -5.095786e+00  1.516684e+01  0.000000e+00
     vertex -5.845456e+00  1.489398e+01  0.000000e+00
   endloop
 endfacet
 facet normal -0.000000e+00  0.000000e+00 -1.000000e+00
   outer loop
     vertex  2.074330e+01 -7.329075e+00  0.000000e+00
     vertex  2.041356e+01 -8.202843e+00  0.000000e+00
     vertex  1.503508e+01 -5.472322e+00  0.000000e+00
   endloop
 endfacet
 facet normal  0.000000e+00  0.000000e+00 -1.000000e+00
   outer loop
     vertex  2.074330e+01 -7.329075e+00  0.000000e+00
     vertex  1.503508e+01 -5.472322e+00  0.000000e+00
     vertex  1.528916e+01 -4.716083e+00  0.000000e+00
   endloop
 endfacet
 facet normal  0.000000e+00 -0.000000e+00 -1.000000e+00
   outer loop
     vertex -6.442101e+00  2.103567e+01  0.000000e+00
     vertex -5.095786e+00  1.516684e+01  0.000000e+00
     vertex -7.329075e+00  2.074330e+01  0.000000e+00
   endloop
 endfacet
 facet normal  0.000000e+00  0.000000e+00 -1.000000e+00
   outer loop
     vertex -6.442101e+00  2.103567e+01  0.000000e+00
     vertex -4.333447e+00  1.540199e+01  0.000000e+00
     vertex -5.095786e+00  1.516684e+01  0.000000e+00
   endloop
 endfacet
 facet normal -0.000000e+00  0.000000e+00 -1.000000e+00
   outer loop
     vertex  2.103567e+01 -6.442101e+00  0.000000e+00
     vertex  2.074330e+01 -7.329075e+00  0.000000e+00
     vertex  1.528916e+01 -4.716083e+00  0.000000e+00
   endloop
 endfacet
 facet normal  0.000000e+00 -0.000000e+00 -1.000000e+00
   outer loop
     vertex -5.543517e+00  2.129012e+01  0.000000e+00
     vertex -4.333447e+00  1.540199e+01  0.000000e+00
     vertex -6.442101e+00  2.103567e+01  0.000000e+00
   endloop
 endfacet
 facet normal  0.000000e+00  0.000000e+00 -1.000000e+00
   outer loop
     vertex -5.543517e+00  2.129012e+01  0.000000e+00
     vertex -3.560335e+00  1.559885e+01  0.000000e+00
     vertex -4.333447e+00  1.540199e+01  0.000000e+00
   endloop
 endfacet
 facet normal -0.000000e+00  0.000000e+00 -1.000000e+00
   outer loop
     vertex  2.129012e+01 -5.543517e+00  0.000000e+00
     vertex  2.103567e+01 -6.442101e+00  0.000000e+00
     vertex  1.528916e+01 -4.716083e+00  0.000000e+00
   endloop
 endfacet
 facet normal  0.000000e+00  0.000000e+00 -1.000000e+00
   outer loop
     vertex  2.129012e+01 -5.543517e+00  0.000000e+00
     vertex  1.528916e+01 -4.716083e+00  0.000000e+00
     vertex  1.550524e+01 -3.948118e+00  0.000000e+00
   endloop
 endfacet
 facet normal  0.000000e+00 -0.000000e+00 -1.000000e+00
   outer loop
     vertex -4.634944e+00  2.150622e+01  0.000000e+00
     vertex -3.560335e+00  1.559885e+01  0.000000e+00
     vertex -5.543517e+00  2.129012e+01  0.000000e+00
   endloop
 endfacet
 facet normal  0.000000e+00  0.000000e+00 -1.000000e+00
   outer loop
     vertex -4.634944e+00  2.150622e+01  0.000000e+00
     vertex -2.778371e+00  1.575692e+01  0.000000e+00
     vertex -3.560335e+00  1.559885e+01  0.000000e+00
   endloop
 endfacet
 facet normal -0.000000e+00  0.000000e+00 -1.000000e+00
   outer loop
     vertex  2.150622e+01 -4.634944e+00  0.000000e+00
     vertex  2.129012e+01 -5.543517e+00  0.000000e+00
     vertex  1.550524e+01 -3.948118e+00  0.000000e+00
   endloop
 endfacet
 facet normal  0.000000e+00  0.000000e+00 -1.000000e+00
   outer loop
     vertex  2.150622e+01 -4.634944e+00  0.000000e+00
     vertex  1.550524e+01 -3.948118e+00  0.000000e+00
     vertex  1.568276e+01 -3.170338e+00  0.000000e+00
   endloop
 endfacet
 facet normal  0.000000e+00 -0.000000e+00 -1.000000e+00
   outer loop
     vertex -3.718018e+00  2.168355e+01  0.000000e+00
     vertex -2.778371e+00  1.575692e+01  0.000000e+00
     vertex -4.634944e+00  2.150622e+01  0.000000e+00
   endloop
 endfacet
 facet normal  0.000000e+00  0.000000e+00 -1.000000e+00
   outer loop
     vertex -3.718018e+00  2.168355e+01  0.000000e+00
     vertex -1.989499e+00  1.587583e+01  0.000000e+00
     vertex -2.778371e+00  1.575692e+01  0.000000e+00
   endloop
 endfacet
 facet normal -0.000000e+00  0.000000e+00 -1.000000e+00
   outer loop
     vertex  2.168355e+01 -3.718018e+00  0.000000e+00
     vertex  2.150622e+01 -4.634944e+00  0.000000e+00
     vertex  1.568276e+01 -3.170338e+00  0.000000e+00
   endloop
 endfacet
 facet normal  0.000000e+00  0.000000e+00 -1.000000e+00
   outer loop
     vertex  2.168355e+01 -3.718018e+00  0.000000e+00
     vertex  1.568276e+01 -3.170338e+00  0.000000e+00
     vertex  1.582129e+01 -2.384676e+00  0.000000e+00
   endloop
 endfacet
 facet normal  0.000000e+00 -0.000000e+00 -1.000000e+00
   outer loop
     vertex -2.794392e+00  2.182181e+01  0.000000e+00
     vertex -1.989499e+00  1.587583e+01  0.000000e+00
     vertex -3.718018e+00  2.168355e+01  0.000000e+00
   endloop
 endfacet
 facet normal -0.000000e+00  0.000000e+00 -1.000000e+00
   outer loop
     vertex  2.182181e+01 -2.794392e+00  0.000000e+00
     vertex  2.168355e+01 -3.718018e+00  0.000000e+00
     vertex  1.582129e+01 -2.384676e+00  0.000000e+00
   endloop
 endfacet
 facet normal  0.000000e+00  0.000000e+00 -1.000000e+00
   outer loop
     vertex  2.182181e+01 -2.794392e+00  0.000000e+00
     vertex  1.582129e+01 -2.384676e+00  0.000000e+00
     vertex  1.592049e+01 -1.593086e+00  0.000000e+00
   endloop
 endfacet
 facet normal  0.000000e+00  0.000000e+00 -1.000000e+00
   outer loop
     vertex -1.865730e+00  2.192074e+01  0.000000e+00
     vertex -1.989499e+00  1.587583e+01  0.000000e+00
     vertex -2.794392e+00  2.182181e+01  0.000000e+00
   endloop
 endfacet
 facet normal  0.000000e+00 -0.000000e+00 -1.000000e+00
   outer loop
     vertex -1.865730e+00  2.192074e+01  0.000000e+00
     vertex -1.195681e+00  1.595526e+01  0.000000e+00
     vertex -1.989499e+00  1.587583e+01  0.000000e+00
   endloop
 endfacet
 facet normal -0.000000e+00  0.000000e+00 -1.000000e+00
   outer loop
     vertex  2.192074e+01 -1.865730e+00  0.000000e+00
     vertex  2.182181e+01 -2.794392e+00  0.000000e+00
     vertex  1.592049e+01 -1.593086e+00  0.000000e+00
   endloop
 endfacet
 facet normal  0.000000e+00  0.000000e+00 -1.000000e+00
   outer loop
     vertex  2.192074e+01 -1.865730e+00  0.000000e+00
     vertex  1.592049e+01 -1.593086e+00  0.000000e+00
     vertex  1.598011e+01 -7.975342e-01  0.000000e+00
   endloop
 endfacet
 facet normal  0.000000e+00  0.000000e+00 -1.000000e+00
   outer loop
     vertex -9.337065e-01  2.198018e+01  0.000000e+00
     vertex -1.195681e+00  1.595526e+01  0.000000e+00
     vertex -1.865730e+00  2.192074e+01  0.000000e+00
   endloop
 endfacet
 facet normal  0.000000e+00 -0.000000e+00 -1.000000e+00
   outer loop
     vertex -9.337065e-01  2.198018e+01  0.000000e+00
     vertex -3.988911e-01  1.599503e+01  0.000000e+00
     vertex -1.195681e+00  1.595526e+01  0.000000e+00
   endloop
 endfacet
 facet normal -0.000000e+00  0.000000e+00 -1.000000e+00
   outer loop
     vertex  2.198018e+01 -9.337065e-01  0.000000e+00
     vertex  2.192074e+01 -1.865730e+00  0.000000e+00
     vertex  1.598011e+01 -7.975342e-01  0.000000e+00
   endloop
 endfacet
 facet normal  0.000000e+00  0.000000e+00 -1.000000e+00
   outer loop
     vertex  2.198018e+01 -9.337065e-01  0.000000e+00
     vertex  1.598011e+01 -7.975342e-01  0.000000e+00
     vertex  1.600000e+01 -3.918870e-15  0.000000e+00
   endloop
 endfacet
 facet normal  0.000000e+00  0.000000e+00 -1.000000e+00
   outer loop
     vertex -2.307780e-14  2.200000e+01  0.000000e+00
     vertex -3.988911e-01  1.599503e+01  0.000000e+00
     vertex -9.337065e-01  2.198018e+01  0.000000e+00
   endloop
 endfacet
 facet normal  0.000000e+00 -0.000000e+00 -1.000000e+00
   outer loop
     vertex -2.307780e-14  2.200000e+01  0.000000e+00
     vertex  3.988911e-01  1.599503e+01  0.000000e+00
     vertex -3.988911e-01  1.599503e+01  0.000000e+00
   endloop
 endfacet
 facet normal  0.000000e+00  0.000000e+00 -1.000000e+00
   outer loop
     vertex  2.200000e+01  0.000000e+00  0.000000e+00
     vertex  2.198018e+01 -9.337065e-01  0.000000e+00
     vertex  1.600000e+01 -3.918870e-15  0.000000e+00
   endloop
 endfacet
 facet normal -0.000000e+00  0.000000e+00 -1.000000e+00
   outer loop
     vertex  9.337065e-01  2.198018e+01  0.000000e+00
     vertex  3.988911e-01  1.599503e+01  0.000000e+00
     vertex -2.307780e-14  2.200000e+01  0.000000e+00
   endloop
 endfacet
 facet normal  0.000000e+00 -0.000000e+00 -1.000000e+00
   outer loop
     vertex  9.337065e-01  2.198018e+01  0.000000e+00
     vertex  1.195681e+00  1.595526e+01  0.000000e+00
     vertex  3.988911e-01  1.599503e+01  0.000000e+00
   endloop
 endfacet
 facet normal  0.000000e+00  0.000000e+00 -1.000000e+00
   outer loop
     vertex  2.198018e+01  9.337065e-01  0.000000e+00
     vertex  1.600000e+01 -3.918870e-15  0.000000e+00
     vertex  1.598011e+01  7.975342e-01  0.000000e+00
   endloop
 endfacet
 facet normal  0.000000e+00 -0.000000e+00 -1.000000e+00
   outer loop
     vertex  2.198018e+01  9.337065e-01  0.000000e+00
     vertex  2.200000e+01  0.000000e+00  0.000000e+00
     vertex  1.600000e+01 -3.918870e-15  0.000000e+00
   endloop
 endfacet
 facet normal -0.000000e+00  0.000000e+00 -1.000000e+00
   outer loop
     vertex  1.865730e+00  2.192074e+01  0.000000e+00
     vertex  1.195681e+00  1.595526e+01  0.000000e+00
     vertex  9.337065e-01  2.198018e+01  0.000000e+00
   endloop
 endfacet
 facet normal  0.000000e+00 -0.000000e+00 -1.000000e+00
   outer loop
     vertex  1.865730e+00  2.192074e+01  0.000000e+00
     vertex  1.989499e+00  1.587583e+01  0.000000e+00
     vertex  1.195681e+00  1.595526e+01  0.000000e+00
   endloop
 endfacet
 facet normal  0.000000e+00 -0.000000e+00 -1.000000e+00
   outer loop
     vertex  2.192074e+01  1.865730e+00  0.000000e+00
     vertex  2.198018e+01  9.337065e-01  0.000000e+00
     vertex  1.598011e+01  7.975342e-01  0.000000e+00
   endloop
 endfacet
 facet normal  0.000000e+00  0.000000e+00 -1.000000e+00
   outer loop
     vertex  2.192074e+01  1.865730e+00  0.000000e+00
     vertex  1.598011e+01  7.975342e-01  0.000000e+00
     vertex  1.592049e+01  1.593086e+00  0.000000e+00
   endloop
 endfacet
 facet normal -0.000000e+00  0.000000e+00 -1.000000e+00
   outer loop
     vertex  2.794392e+00  2.182181e+01  0.000000e+00
     vertex  1.989499e+00  1.587583e+01  0.000000e+00
     vertex  1.865730e+00  2.192074e+01  0.000000e+00
   endloop
 endfacet
 facet normal  0.000000e+00  0.000000e+00 -1.000000e+00
   outer loop
     vertex  2.182181e+01  2.794392e+00  0.000000e+00
     vertex  1.592049e+01  1.593086e+00  0.000000e+00
     vertex  1.582129e+01  2.384676e+00  0.000000e+00
   endloop
 endfacet
 facet normal  0.000000e+00 -0.000000e+00 -1.000000e+00
   outer loop
     vertex  2.182181e+01  2.794392e+00  0.000000e+00
     vertex  2.192074e+01  1.865730e+00  0.000000e+00
     vertex  1.592049e+01  1.593086e+00  0.000000e+00
   endloop
 endfacet
 facet normal  0.000000e+00  0.000000e+00 -1.000000e+00
   outer loop
     vertex  3.718018e+00  2.168355e+01  0.000000e+00
     vertex  2.778371e+00  1.575692e+01  0.000000e+00
     vertex  1.989499e+00  1.587583e+01  0.000000e+00
   endloop
 endfacet
 facet normal -0.000000e+00  0.000000e+00 -1.000000e+00
   outer loop
     vertex  3.718018e+00  2.168355e+01  0.000000e+00
     vertex  1.989499e+00  1.587583e+01  0.000000e+00
     vertex  2.794392e+00  2.182181e+01  0.000000e+00
   endloop
 endfacet
 facet normal  0.000000e+00  0.000000e+00 -1.000000e+00
   outer loop
     vertex  2.168355e+01  3.718018e+00  0.000000e+00
     vertex  1.582129e+01  2.384676e+00  0.000000e+00
     vertex  1.568276e+01  3.170338e+00  0.000000e+00
   endloop
 endfacet
 facet normal  0.000000e+00 -0.000000e+00 -1.000000e+00
   outer loop
     vertex  2.168355e+01  3.718018e+00  0.000000e+00
     vertex  2.182181e+01  2.794392e+00  0.000000e+00
     vertex  1.582129e+01  2.384676e+00  0.000000e+00
   endloop
 endfacet
 facet normal  0.000000e+00 -0.000000e+00 -1.000000e+00
   outer loop
     vertex  2.150622e+01  4.634944e+00  0.000000e+00
     vertex  2.168355e+01  3.718018e+00  0.000000e+00
     vertex  1.568276e+01  3.170338e+00  0.000000e+00
   endloop
 endfacet
 facet normal  0.000000e+00  0.000000e+00 -1.000000e+00
   outer loop
     vertex  2.150622e+01  4.634944e+00  0.000000e+00
     vertex  1.568276e+01  3.170338e+00  0.000000e+00
     vertex  1.550524e+01  3.948118e+00  0.000000e+00
   endloop
 endfacet
 facet normal -0.000000e+00  0.000000e+00 -1.000000e+00
   outer loop
     vertex  4.634944e+00  2.150622e+01  0.000000e+00
     vertex  2.778371e+00  1.575692e+01  0.000000e+00
     vertex  3.718018e+00  2.168355e+01  0.000000e+00
   endloop
 endfacet
 facet normal  0.000000e+00  0.000000e+00 -1.000000e+00
   outer loop
     vertex  4.634944e+00  2.150622e+01  0.000000e+00
     vertex  3.560335e+00  1.559885e+01  0.000000e+00
     vertex  2.778371e+00  1.575692e+01  0.000000e+00
   endloop
 endfacet
 facet normal -0.000000e+00  0.000000e+00 -1.000000e+00
   outer loop
     vertex  5.543517e+00  2.129012e+01  0.000000e+00
     vertex  3.560335e+00  1.559885e+01  0.000000e+00
     vertex  4.634944e+00  2.150622e+01  0.000000e+00
   endloop
 endfacet
 facet normal  0.000000e+00  0.000000e+00 -1.000000e+00
   outer loop
     vertex  5.543517e+00  2.129012e+01  0.000000e+00
     vertex  4.333447e+00  1.540199e+01  0.000000e+00
     vertex  3.560335e+00  1.559885e+01  0.000000e+00
   endloop
 endfacet
 facet normal  0.000000e+00 -0.000000e+00 -1.000000e+00
   outer loop
     vertex  2.129012e+01  5.543517e+00  0.000000e+00
     vertex  2.150622e+01  4.634944e+00  0.000000e+00
     vertex  1.550524e+01  3.948118e+00  0.000000e+00
   endloop
 endfacet
 facet normal  0.000000e+00  0.000000e+00 -1.000000e+00
   outer loop
     vertex  2.129012e+01  5.543517e+00  0.000000e+00
     vertex  1.550524e+01  3.948118e+00  0.000000e+00
     vertex  1.528916e+01  4.716083e+00  0.000000e+00
   endloop
 endfacet
 facet normal -0.000000e+00  0.000000e+00 -1.000000e+00
   outer loop
     vertex  6.442101e+00  2.103567e+01  0.000000e+00
     vertex  4.333447e+00  1.540199e+01  0.000000e+00
     vertex  5.543517e+00  2.129012e+01  0.000000e+00
   endloop
 endfacet
 facet normal  0.000000e+00  0.000000e+00 -1.000000e+00
   outer loop
     vertex  6.442101e+00  2.103567e+01  0.000000e+00
     vertex  5.095786e+00  1.516684e+01  0.000000e+00
     vertex  4.333447e+00  1.540199e+01  0.000000e+00
   endloop
 endfacet
 facet normal  0.000000e+00 -0.000000e+00 -1.000000e+00
   outer loop
     vertex  2.103567e+01  6.442101e+00  0.000000e+00
     vertex  2.129012e+01  5.543517e+00  0.000000e+00
     vertex  1.528916e+01  4.716083e+00  0.000000e+00
   endloop
 endfacet
 facet normal  0.000000e+00  0.000000e+00 -1.000000e+00
   outer loop
     vertex  7.329075e+00  2.074330e+01  0.000000e+00
     vertex  5.845456e+00  1.489398e+01  0.000000e+00
     vertex  5.095786e+00  1.516684e+01  0.000000e+00
   endloop
 endfacet
 facet normal -0.000000e+00  0.000000e+00 -1.000000e+00
   outer loop
     vertex  7.329075e+00  2.074330e+01  0.000000e+00
     vertex  5.095786e+00  1.516684e+01  0.000000e+00
     vertex  6.442101e+00  2.103567e+01  0.000000e+00
   endloop
 endfacet
 facet normal  0.000000e+00 -0.000000e+00 -1.000000e+00
   outer loop
     vertex  2.074330e+01  7.329075e+00  0.000000e+00
     vertex  2.103567e+01  6.442101e+00  0.000000e+00
     vertex  1.528916e+01  4.716083e+00  0.000000e+00
   endloop
 endfacet
 facet normal  0.000000e+00  0.000000e+00 -1.000000e+00
   outer loop
     vertex  2.074330e+01  7.329075e+00  0.000000e+00
     vertex  1.528916e+01  4.716083e+00  0.000000e+00
     vertex  1.503508e+01  5.472322e+00  0.000000e+00
   endloop
 endfacet
 facet normal -0.000000e+00  0.000000e+00 -1.000000e+00
   outer loop
     vertex  8.202843e+00  2.041356e+01  0.000000e+00
     vertex  5.845456e+00  1.489398e+01  0.000000e+00
     vertex  7.329075e+00  2.074330e+01  0.000000e+00
   endloop
 endfacet
 facet normal  0.000000e+00  0.000000e+00 -1.000000e+00
   outer loop
     vertex  8.202843e+00  2.041356e+01  0.000000e+00
     vertex  6.580594e+00  1.458409e+01  0.000000e+00
     vertex  5.845456e+00  1.489398e+01  0.000000e+00
   endloop
 endfacet
 facet normal  0.000000e+00  0.000000e+00 -1.000000e+00
   outer loop
     vertex  2.041356e+01  8.202843e+00  0.000000e+00
     vertex  1.503508e+01  5.472322e+00  0.000000e+00
     vertex  1.474362e+01  6.214957e+00  0.000000e+00
   endloop
 endfacet
 facet normal  0.000000e+00 -0.000000e+00 -1.000000e+00
   outer loop
     vertex  2.041356e+01  8.202843e+00  0.000000e+00
     vertex  2.074330e+01  7.329075e+00  0.000000e+00
     vertex  1.503508e+01  5.472322e+00  0.000000e+00
   endloop
 endfacet
 facet normal -0.000000e+00  0.000000e+00 -1.000000e+00
   outer loop
     vertex  9.061827e+00  2.004703e+01  0.000000e+00
     vertex  6.580594e+00  1.458409e+01  0.000000e+00
     vertex  8.202843e+00  2.041356e+01  0.000000e+00
   endloop
 endfacet
 facet normal  0.000000e+00  0.000000e+00 -1.000000e+00
   outer loop
     vertex  2.004703e+01  9.061827e+00  0.000000e+00
     vertex  1.474362e+01  6.214957e+00  0.000000e+00
     vertex  1.441550e+01  6.942140e+00  0.000000e+00
   endloop
 endfacet
 facet normal  0.000000e+00 -0.000000e+00 -1.000000e+00
   outer loop
     vertex  2.004703e+01  9.061827e+00  0.000000e+00
     vertex  2.041356e+01  8.202843e+00  0.000000e+00
     vertex  1.474362e+01  6.214957e+00  0.000000e+00
   endloop
 endfacet
 facet normal  0.000000e+00  0.000000e+00 -1.000000e+00
   outer loop
     vertex  1.964437e+01  9.904482e+00  0.000000e+00
     vertex  1.441550e+01  6.942140e+00  0.000000e+00
     vertex  1.405155e+01  7.652064e+00  0.000000e+00
   endloop
 endfacet
 facet normal  0.000000e+00 -0.000000e+00 -1.000000e+00
   outer loop
     vertex  1.964437e+01  9.904482e+00  0.000000e+00
     vertex  2.004703e+01  9.061827e+00  0.000000e+00
     vertex  1.441550e+01  6.942140e+00  0.000000e+00
   endloop
 endfacet
 facet normal  0.000000e+00  0.000000e+00 -1.000000e+00
   outer loop
     vertex  9.904482e+00  1.964437e+01  0.000000e+00
     vertex  7.299371e+00  1.423795e+01  0.000000e+00
     vertex  6.580594e+00  1.458409e+01  0.000000e+00
   endloop
 endfacet
 facet normal -0.000000e+00  0.000000e+00 -1.000000e+00
   outer loop
     vertex  9.904482e+00  1.964437e+01  0.000000e+00
     vertex  6.580594e+00  1.458409e+01  0.000000e+00
     vertex  9.061827e+00  2.004703e+01  0.000000e+00
   endloop
 endfacet
 facet normal  0.000000e+00  0.000000e+00 -1.000000e+00
   outer loop
     vertex  1.920631e+01  1.072929e+01  0.000000e+00
     vertex  1.405155e+01  7.652064e+00  0.000000e+00
     vertex  1.365265e+01  8.342963e+00  0.000000e+00
   endloop
 endfacet
 facet normal  0.000000e+00 -0.000000e+00 -1.000000e+00
   outer loop
     vertex  1.920631e+01  1.072929e+01  0.000000e+00
     vertex  1.964437e+01  9.904482e+00  0.000000e+00
     vertex  1.405155e+01  7.652064e+00  0.000000e+00
   endloop
 endfacet
 facet normal -0.000000e+00  0.000000e+00 -1.000000e+00
   outer loop
     vertex  1.072929e+01  1.920631e+01  0.000000e+00
     vertex  7.299371e+00  1.423795e+01  0.000000e+00
     vertex  9.904482e+00  1.964437e+01  0.000000e+00
   endloop
 endfacet
 facet normal  0.000000e+00  0.000000e+00 -1.000000e+00
   outer loop
     vertex  1.072929e+01  1.920631e+01  0.000000e+00
     vertex  8.000000e+00  1.385641e+01  0.000000e+00
     vertex  7.299371e+00  1.423795e+01  0.000000e+00
   endloop
 endfacet
 facet normal  0.000000e+00 -0.000000e+00 -1.000000e+00
   outer loop
     vertex  1.873364e+01  1.153476e+01  0.000000e+00
     vertex  1.920631e+01  1.072929e+01  0.000000e+00
     vertex  1.365265e+01  8.342963e+00  0.000000e+00
   endloop
 endfacet
 facet normal -0.000000e+00  0.000000e+00 -1.000000e+00
   outer loop
     vertex  1.153476e+01  1.873364e+01  0.000000e+00
     vertex  8.000000e+00  1.385641e+01  0.000000e+00
     vertex  1.072929e+01  1.920631e+01  0.000000e+00
   endloop
 endfacet
 facet normal  0.000000e+00  0.000000e+00 -1.000000e+00
   outer loop
     vertex  1.153476e+01  1.873364e+01  0.000000e+00
     vertex  8.680740e+00  1.344041e+01  0.000000e+00
     vertex  8.000000e+00  1.385641e+01  0.000000e+00
   endloop
 endfacet
 facet normal  0.000000e+00  0.000000e+00 -1.000000e+00
   outer loop
     vertex  1.822721e+01  1.231945e+01  0.000000e+00
     vertex  1.365265e+01  8.342963e+00  0.000000e+00
     vertex  1.321982e+01  9.013121e+00  0.000000e+00
   endloop
 endfacet
 facet normal  0.000000e+00 -0.000000e+00 -1.000000e+00
   outer loop
     vertex  1.822721e+01  1.231945e+01  0.000000e+00
     vertex  1.873364e+01  1.153476e+01  0.000000e+00
     vertex  1.365265e+01  8.342963e+00  0.000000e+00
   endloop
 endfacet
 facet normal -0.000000e+00  0.000000e+00 -1.000000e+00
   outer loop
     vertex  1.231945e+01  1.822721e+01  0.000000e+00
     vertex  8.680740e+00  1.344041e+01  0.000000e+00
     vertex  1.153476e+01  1.873364e+01  0.000000e+00
   endloop
 endfacet
 facet normal  0.000000e+00  0.000000e+00 -1.000000e+00
   outer loop
     vertex  1.231945e+01  1.822721e+01  0.000000e+00
     vertex  9.339899e+00  1.299101e+01  0.000000e+00
     vertex  8.680740e+00  1.344041e+01  0.000000e+00
   endloop
 endfacet
 facet normal -0.000000e+00  0.000000e+00 -1.000000e+00
   outer loop
     vertex  1.308193e+01  1.768794e+01  0.000000e+00
     vertex  9.339899e+00  1.299101e+01  0.000000e+00
     vertex  1.231945e+01  1.822721e+01  0.000000e+00
   endloop
 endfacet
 facet normal  0.000000e+00  0.000000e+00 -1.000000e+00
   outer loop
     vertex  1.308193e+01  1.768794e+01  0.000000e+00
     vertex  9.975837e+00  1.250930e+01  0.000000e+00
     vertex  9.339899e+00  1.299101e+01  0.000000e+00
   endloop
 endfacet
 facet normal  0.000000e+00  0.000000e+00 -1.000000e+00
   outer loop
     vertex  1.768794e+01  1.308193e+01  0.000000e+00
     vertex  1.321982e+01  9.013121e+00  0.000000e+00
     vertex  1.275412e+01  9.660871e+00  0.000000e+00
   endloop
 endfacet
 facet normal  0.000000e+00 -0.000000e+00 -1.000000e+00
   outer loop
     vertex  1.768794e+01  1.308193e+01  0.000000e+00
     vertex  1.822721e+01  1.231945e+01  0.000000e+00
     vertex  1.321982e+01  9.013121e+00  0.000000e+00
   endloop
 endfacet
 facet normal -0.000000e+00  0.000000e+00 -1.000000e+00
   outer loop
     vertex  1.382084e+01  1.711679e+01  0.000000e+00
     vertex  9.975837e+00  1.250930e+01  0.000000e+00
     vertex  1.308193e+01  1.768794e+01  0.000000e+00
   endloop
 endfacet
 facet normal  0.000000e+00  0.000000e+00 -1.000000e+00
   outer loop
     vertex  1.382084e+01  1.711679e+01  0.000000e+00
     vertex  1.058697e+01  1.199650e+01  0.000000e+00
     vertex  9.975837e+00  1.250930e+01  0.000000e+00
   endloop
 endfacet
 facet normal  0.000000e+00 -0.000000e+00 -1.000000e+00
   outer loop
     vertex  1.711679e+01  1.382084e+01  0.000000e+00
     vertex  1.768794e+01  1.308193e+01  0.000000e+00
     vertex  1.275412e+01  9.660871e+00  0.000000e+00
   endloop
 endfacet
 facet normal  0.000000e+00  0.000000e+00 -1.000000e+00
   outer loop
     vertex  1.711679e+01  1.382084e+01  0.000000e+00
     vertex  1.275412e+01  9.660871e+00  0.000000e+00
     vertex  1.225671e+01  1.028460e+01  0.000000e+00
   endloop
 endfacet
 facet normal -0.000000e+00  0.000000e+00 -1.000000e+00
   outer loop
     vertex  1.453484e+01  1.651479e+01  0.000000e+00
     vertex  1.058697e+01  1.199650e+01  0.000000e+00
     vertex  1.382084e+01  1.711679e+01  0.000000e+00
   endloop
 endfacet
 facet normal  0.000000e+00 -0.000000e+00 -1.000000e+00
   outer loop
     vertex  1.651479e+01  1.453484e+01  0.000000e+00
     vertex  1.711679e+01  1.382084e+01  0.000000e+00
     vertex  1.225671e+01  1.028460e+01  0.000000e+00
   endloop
 endfacet
 facet normal  0.000000e+00  0.000000e+00 -1.000000e+00
   outer loop
     vertex  1.651479e+01  1.453484e+01  0.000000e+00
     vertex  1.225671e+01  1.028460e+01  0.000000e+00
     vertex  1.172883e+01  1.088276e+01  0.000000e+00
   endloop
 endfacet
 facet normal -0.000000e+00  0.000000e+00 -1.000000e+00
   outer loop
     vertex  1.522266e+01  1.588303e+01  0.000000e+00
     vertex  1.058697e+01  1.199650e+01  0.000000e+00
     vertex  1.453484e+01  1.651479e+01  0.000000e+00
   endloop
 endfacet
 facet normal  0.000000e+00  0.000000e+00 -1.000000e+00
   outer loop
     vertex  1.522266e+01  1.588303e+01  0.000000e+00
     vertex  1.117179e+01  1.145387e+01  0.000000e+00
     vertex  1.058697e+01  1.199650e+01  0.000000e+00
   endloop
 endfacet
 facet normal  0.000000e+00 -0.000000e+00 -1.000000e+00
   outer loop
     vertex  1.588303e+01  1.522266e+01  0.000000e+00
     vertex  1.651479e+01  1.453484e+01  0.000000e+00
     vertex  1.172883e+01  1.088276e+01  0.000000e+00
   endloop
 endfacet
 facet normal -0.000000e+00  0.000000e+00 -1.000000e+00
   outer loop
     vertex  1.588303e+01  1.522266e+01  0.000000e+00
     vertex  1.117179e+01  1.145387e+01  0.000000e+00
     vertex  1.522266e+01  1.588303e+01  0.000000e+00
   endloop
 endfacet
 facet normal  0.000000e+00  0.000000e+00 -1.000000e+00
   outer loop
     vertex  1.588303e+01  1.522266e+01  0.000000e+00
     vertex  1.172883e+01  1.088276e+01  0.000000e+00
     vertex  1.117179e+01  1.145387e+01  0.000000e+00
   endloop
 endfacet
 facet normal  0.000000e+00  0.000000e+00  1.000000e+00
   outer loop
     vertex -1.711679e+01 -1.382084e+01  2.400000e+01
     vertex -1.651479e+01 -1.453484e+01  2.400000e+01
     vertex -1.588303e+01 -1.522266e+01  2.400000e+01
   endloop
 endfacet
 facet normal  0.000000e+00  0.000000e+00  1.000000e+00
   outer loop
     vertex -1.382084e+01 -1.711679e+01  2.400000e+01
     vertex -1.711679e+01 -1.382084e+01  2.400000e+01
     vertex -1.588303e+01 -1.522266e+01  2.400000e+01
   endloop
 endfacet
 facet normal  0.000000e+00  0.000000e+00  1.000000e+00
   outer loop
     vertex -1.382084e+01 -1.711679e+01  2.400000e+01
     vertex -1.588303e+01 -1.522266e+01  2.400000e+01
     vertex -1.522266e+01 -1.588303e+01  2.400000e+01
   endloop
 endfacet
 facet normal  0.000000e+00  0.000000e+00  1.000000e+00
   outer loop
     vertex -1.382084e+01 -1.711679e+01  2.400000e+01
     vertex -1.522266e+01 -1.588303e+01  2.400000e+01
     vertex -1.453484e+01 -1.651479e+01  2.400000e+01
   endloop
 endfacet
 facet normal  0.000000e+00  0.000000e+00  1.000000e+00
   outer loop
     vertex -1.768794e+01 -1.308193e+01  2.400000e+01
     vertex -1.711679e+01 -1.382084e+01  2.400000e+01
     vertex -1.382084e+01 -1.711679e+01  2.400000e+01
   endloop
 endfacet
 facet normal  0.000000e+00  0.000000e+00  1.000000e+00
   outer loop
     vertex -1.873364e+01 -1.153476e+01  2.400000e+01
     vertex -1.822721e+01 -1.231945e+01  2.400000e+01
     vertex -1.768794e+01 -1.308193e+01  2.400000e+01
   endloop
 endfacet
 facet normal  0.000000e+00  0.000000e+00  1.000000e+00
   outer loop
     vertex -1.153476e+01 -1.873364e+01  2.400000e+01
     vertex -1.308193e+01 -1.768794e+01  2.400000e+01
     vertex -1.231945e+01 -1.822721e+01  2.400000e+01
   endloop
 endfacet
 facet normal  0.000000e+00  0.000000e+00  1.000000e+00
   outer loop
     vertex -1.964437e+01 -9.904482e+00  2.400000e+01
     vertex -1.920631e+01 -1.072929e+01  2.400000e+01
     vertex -1.873364e+01 -1.153476e+01  2.400000e+01
   endloop
 endfacet
 facet normal  0.000000e+00  0.000000e+00  1.000000e+00
   outer loop
     vertex -2.041356e+01 -8.202843e+00  2.400000e+01
     vertex -1.873364e+01 -1.153476e+01  2.400000e+01
     vertex -1.768794e+01 -1.308193e+01  2.400000e+01
   endloop
 endfacet
 facet normal  0.000000e+00  0.000000e+00  1.000000e+00
   outer loop
     vertex -2.041356e+01 -8.202843e+00  2.400000e+01
     vertex -1.964437e+01 -9.904482e+00  2.400000e+01
     vertex -1.873364e+01 -1.153476e+01  2.400000e+01
   endloop
 endfacet
 facet normal  0.000000e+00  0.000000e+00  1.000000e+00
   outer loop
     vertex -2.041356e+01 -8.202843e+00  2.400000e+01
     vertex -2.004703e+01 -9.061827e+00  2.400000e+01
     vertex -1.964437e+01 -9.904482e+00  2.400000e+01
   endloop
 endfacet
 facet normal  0.000000e+00  0.000000e+00  1.000000e+00
   outer loop
     vertex -7.329075e+00 -2.074330e+01  2.400000e+01
     vertex -9.904482e+00 -1.964437e+01  2.400000e+01
     vertex -9.061827e+00 -2.004703e+01  2.400000e+01
   endloop
 endfacet
 facet normal  0.000000e+00  0.000000e+00  1.000000e+00
   outer loop
     vertex -7.329075e+00 -2.074330e+01  2.400000e+01
     vertex -9.061827e+00 -2.004703e+01  2.400000e+01
     vertex -8.202843e+00 -2.041356e+01  2.400000e+01
   endloop
 endfacet
 facet normal  0.000000e+00  0.000000e+00  1.000000e+00
   outer loop
     vertex -7.329075e+00 -2.074330e+01  2.400000e+01
     vertex -1.153476e+01 -1.873364e+01  2.400000e+01
     vertex -1.072929e+01 -1.920631e+01  2.400000e+01
   endloop
 endfacet
 facet normal  0.000000e+00  0.000000e+00  1.000000e+00
   outer loop
     vertex -7.329075e+00 -2.074330e+01  2.400000e+01
     vertex -1.072929e+01 -1.920631e+01  2.400000e+01
     vertex -9.904482e+00 -1.964437e+01  2.400000e+01
   endloop
 endfacet
 facet normal  0.000000e+00  0.000000e+00  1.000000e+00
   outer loop
     vertex -2.129012e+01 -5.543517e+00  2.400000e+01
     vertex -2.103567e+01 -6.442101e+00  2.400000e+01
     vertex -2.074330e+01 -7.329075e+00  2.400000e+01
   endloop
 endfacet
 facet normal  0.000000e+00  0.000000e+00  1.000000e+00
   outer loop
     vertex -5.543517e+00 -2.129012e+01  2.400000e+01
     vertex -7.329075e+00 -2.074330e+01  2.400000e+01
     vertex -6.442101e+00 -2.103567e+01  2.400000e+01
   endloop
 endfacet
 facet normal  0.000000e+00  0.000000e+00  1.000000e+00
   outer loop
     vertex -2.150622e+01 -4.634944e+00  2.400000e+01
     vertex -2.074330e+01 -7.329075e+00  2.400000e+01
     vertex -2.041356e+01 -8.202843e+00  2.400000e+01
   endloop
 endfacet
 facet normal  0.000000e+00  0.000000e+00  1.000000e+00
   outer loop
     vertex -2.150622e+01 -4.634944e+00  2.400000e+01
     vertex -2.129012e+01 -5.543517e+00  2.400000e+01
     vertex -2.074330e+01 -7.329075e+00  2.400000e+01
   endloop
 endfacet
 facet normal  0.000000e+00  0.000000e+00  1.000000e+00
   outer loop
     vertex -4.634944e+00 -2.150622e+01  2.400000e+01
     vertex -1.768794e+01 -1.308193e+01  2.400000e+01
     vertex -1.382084e+01 -1.711679e+01  2.400000e+01
   endloop
 endfacet
 facet normal  0.000000e+00  0.000000e+00  1.000000e+00
   outer loop
     vertex -4.634944e+00 -2.150622e+01  2.400000e+01
     vertex -1.308193e+01 -1.768794e+01  2.400000e+01
     vertex -1.153476e+01 -1.873364e+01  2.400000e+01
   endloop
 endfacet
 facet normal  0.000000e+00  0.000000e+00  1.000000e+00
   outer loop
     vertex -4.634944e+00 -2.150622e+01  2.400000e+01
     vertex -1.153476e+01 -1.873364e+01  2.400000e+01
     vertex -7.329075e+00 -2.074330e+01  2.400000e+01
   endloop
 endfacet
 facet normal  0.000000e+00  0.000000e+00  1.000000e+00
   outer loop
     vertex -4.634944e+00 -2.150622e+01  2.400000e+01
     vertex -7.329075e+00 -2.074330e+01  2.400000e+01
     vertex -5.543517e+00 -2.129012e+01  2.400000e+01
   endloop
 endfacet
 facet normal  0.000000e+00  0.000000e+00  1.000000e+00
   outer loop
     vertex -4.634944e+00 -2.150622e+01  2.400000e+01
     vertex -1.382084e+01 -1.711679e+01  2.400000e+01
     vertex -1.308193e+01 -1.768794e+01  2.400000e+01
   endloop
 endfacet
 facet normal  0.000000e+00  0.000000e+00  1.000000e+00
   outer loop
     vertex -2.182181e+01 -2.794392e+00  2.400000e+01
     vertex -2.168355e+01 -3.718018e+00  2.400000e+01
     vertex -2.150622e+01 -4.634944e+00  2.400000e+01
   endloop
 endfacet
 facet normal  0.000000e+00  0.000000e+00  1.000000e+00
   outer loop
     vertex -2.794392e+00 -2.182181e+01  2.400000e+01
     vertex -4.634944e+00 -2.150622e+01  2.400000e+01
     vertex -3.718018e+00 -2.168355e+01  2.400000e+01
   endloop
 endfacet
 facet normal  0.000000e+00  0.000000e+00  1.000000e+00
   outer loop
     vertex -2.192074e+01 -1.865730e+00  2.400000e+01
     vertex -2.150622e+01 -4.634944e+00  2.400000e+01
     vertex -2.041356e+01 -8.202843e+00  2.400000e+01
   endloop
 endfacet
 facet normal  0.000000e+00  0.000000e+00  1.000000e+00
   outer loop
     vertex -2.192074e+01 -1.865730e+00  2.400000e+01
     vertex -2.182181e+01 -2.794392e+00  2.400000e+01
     vertex -2.150622e+01 -4.634944e+00  2.400000e+01
   endloop
 endfacet
 facet normal  0.000000e+00  0.000000e+00  1.000000e+00
   outer loop
     vertex -9.337065e-01 -2.198018e+01  2.400000e+01
     vertex -2.794392e+00 -2.182181e+01  2.400000e+01
     vertex -1.865730e+00 -2.192074e+01  2.400000e+01
   endloop
 endfacet
 facet normal  0.000000e+00  0.000000e+00  1.000000e+00
   outer loop
     vertex -9.337065e-01 -2.198018e+01  2.400000e+01
     vertex -4.634944e+00 -2.150622e+01  2.400000e+01
     vertex -2.794392e+00 -2.182181e+01  2.400000e+01
   endloop
 endfacet
 facet normal  0.000000e+00  0.000000e+00  1.000000e+00
   outer loop
     vertex -2.198018e+01  9.337065e-01  2.400000e+01
     vertex -2.200000e+01 -9.500540e-14  2.400000e+01
     vertex -2.198018e+01 -9.337065e-01  2.400000e+01
   endloop
 endfacet
 facet normal  0.000000e+00  0.000000e+00  1.000000e+00
   outer loop
     vertex  9.337065e-01 -2.198018e+01  2.400000e+01
     vertex -9.337065e-01 -2.198018e+01  2.400000e+01
     vertex  1.718180e-13 -2.200000e+01  2.400000e+01
   endloop
 endfacet
 facet normal  0.000000e+00  0.000000e+00  1.000000e+00
   outer loop
     vertex -2.192074e+01  1.865730e+00  2.400000e+01
     vertex -1.768794e+01 -1.308193e+01  2.400000e+01
     vertex -4.634944e+00 -2.150622e+01  2.400000e+01
   endloop
 endfacet
 facet normal  0.000000e+00  0.000000e+00  1.000000e+00
   outer loop
     vertex -2.192074e+01  1.865730e+00  2.400000e+01
     vertex -2.192074e+01 -1.865730e+00  2.400000e+01
     vertex -2.041356e+01 -8.202843e+00  2.400000e+01
   endloop
 endfacet
 facet normal  0.000000e+00  0.000000e+00  1.000000e+00
   outer loop
     vertex -2.192074e+01  1.865730e+00  2.400000e+01
     vertex -2.198018e+01  9.337065e-01  2.400000e+01
     vertex -2.198018e+01 -9.337065e-01  2.400000e+01
   endloop
 endfacet
 facet normal  0.000000e+00  0.000000e+00  1.000000e+00
   outer loop
     vertex -2.192074e+01  1.865730e+00  2.400000e+01
     vertex -2.198018e+01 -9.337065e-01  2.400000e+01
     vertex -2.192074e+01 -1.865730e+00  2.400000e+01
   endloop
 endfacet
 facet normal  0.000000e+00  0.000000e+00  1.000000e+00
   outer loop
     vertex -2.192074e+01  1.865730e+00  2.400000e+01
     vertex -2.041356e+01 -8.202843e+00  2.400000e+01
     vertex -1.768794e+01 -1.308193e+01  2.400000e+01
   endloop
 endfacet
 facet normal  0.000000e+00  0.000000e+00  1.000000e+00
   outer loop
     vertex  3.718018e+00 -2.168355e+01  2.400000e+01
     vertex -9.337065e-01 -2.198018e+01  2.400000e+01
     vertex  9.337065e-01 -2.198018e+01  2.400000e+01
   endloop
 endfacet
 facet normal  0.000000e+00  0.000000e+00  1.000000e+00
   outer loop
     vertex  3.718018e+00 -2.168355e+01  2.400000e+01
     vertex  9.337065e-01 -2.198018e+01  2.400000e+01
     vertex  1.865730e+00 -2.192074e+01  2.400000e+01
   endloop
 endfacet
 facet normal  0.000000e+00  0.000000e+00  1.000000e+00
   outer loop
     vertex  3.718018e+00 -2.168355e+01  2.400000e+01
     vertex  1.865730e+00 -2.192074e+01  2.400000e+01
     vertex  2.794392e+00 -2.182181e+01  2.400000e+01
   endloop
 endfacet
 facet normal  0.000000e+00  0.000000e+00  1.000000e+00
   outer loop
     vertex  3.718018e+00 -2.168355e+01  2.400000e+01
     vertex -4.634944e+00 -2.150622e+01  2.400000e+01
     vertex -9.337065e-01 -2.198018e+01  2.400000e+01
   endloop
 endfacet
 facet normal  0.000000e+00  0.000000e+00  1.000000e+00
   outer loop
     vertex  3.718018e+00 -2.168355e+01  2.400000e+01
     vertex -2.192074e+01  1.865730e+00  2.400000e+01
     vertex -4.634944e+00 -2.150622e+01  2.400000e+01
   endloop
 endfacet
 facet normal  0.000000e+00  0.000000e+00  1.000000e+00
   outer loop
     vertex  3.718018e+00 -2.168355e+01  2.400000e+01
     vertex -2.182181e+01  2.794392e+00  2.400000e+01
     vertex -2.192074e+01  1.865730e+00  2.400000e+01
   endloop
 endfacet
 facet normal  0.000000e+00  0.000000e+00  1.000000e+00
   outer loop
     vertex -2.129012e+01  5.543517e+00  2.400000e+01
     vertex -2.150622e+01  4.634944e+00  2.400000e+01
     vertex -2.168355e+01  3.718018e+00  2.400000e+01
   endloop
 endfacet
 facet normal  0.000000e+00  0.000000e+00  1.000000e+00
   outer loop
     vertex  5.543517e+00 -2.129012e+01  2.400000e+01
     vertex  3.718018e+00 -2.168355e+01  2.400000e+01
     vertex  4.634944e+00 -2.150622e+01  2.400000e+01
   endloop
 endfacet
 facet normal  0.000000e+00  0.000000e+00  1.000000e+00
   outer loop
     vertex -2.103567e+01  6.442101e+00  2.400000e+01
     vertex -2.129012e+01  5.543517e+00  2.400000e+01
     vertex -2.168355e+01  3.718018e+00  2.400000e+01
   endloop
 endfacet
 facet normal  0.000000e+00  0.000000e+00  1.000000e+00
   outer loop
     vertex -2.103567e+01  6.442101e+00  2.400000e+01
     vertex -2.168355e+01  3.718018e+00  2.400000e+01
     vertex -2.182181e+01  2.794392e+00  2.400000e+01
   endloop
 endfacet
 facet normal  0.000000e+00  0.000000e+00  1.000000e+00
   outer loop
     vertex -2.074330e+01  7.329075e+00  2.400000e+01
     vertex -2.103567e+01  6.442101e+00  2.400000e+01
     vertex -2.182181e+01  2.794392e+00  2.400000e+01
   endloop
 endfacet
 facet normal  0.000000e+00  0.000000e+00  1.000000e+00
   outer loop
     vertex  7.329075e+00 -2.074330e+01  2.400000e+01
     vertex  5.543517e+00 -2.129012e+01  2.400000e+01
     vertex  6.442101e+00 -2.103567e+01  2.400000e+01
   endloop
 endfacet
 facet normal  0.000000e+00  0.000000e+00  1.000000e+00
   outer loop
     vertex  8.202843e+00 -2.041356e+01  2.400000e+01
     vertex  3.718018e+00 -2.168355e+01  2.400000e+01
     vertex  5.543517e+00 -2.129012e+01  2.400000e+01
   endloop
 endfacet
 facet normal  0.000000e+00  0.000000e+00  1.000000e+00
   outer loop
     vertex  8.202843e+00 -2.041356e+01  2.400000e+01
     vertex  5.543517e+00 -2.129012e+01  2.400000e+01
     vertex  7.329075e+00 -2.074330e+01  2.400000e+01
   endloop
 endfacet
 facet normal  0.000000e+00  0.000000e+00  1.000000e+00
   outer loop
     vertex -2.004703e+01  9.061827e+00  2.400000e+01
     vertex -2.074330e+01  7.329075e+00  2.400000e+01
     vertex -2.182181e+01  2.794392e+00  2.400000e+01
   endloop
 endfacet
 facet normal  0.000000e+00  0.000000e+00  1.000000e+00
   outer loop
     vertex -2.004703e+01  9.061827e+00  2.400000e+01
     vertex -2.041356e+01  8.202843e+00  2.400000e+01
     vertex -2.074330e+01  7.329075e+00  2.400000e+01
   endloop
 endfacet
 facet normal  0.000000e+00  0.000000e+00  1.000000e+00
   outer loop
     vertex  9.904482e+00 -1.964437e+01  2.400000e+01
     vertex  8.202843e+00 -2.041356e+01  2.400000e+01
     vertex  9.061827e+00 -2.004703e+01  2.400000e+01
   endloop
 endfacet
 facet normal  0.000000e+00  0.000000e+00  1.000000e+00
   outer loop
     vertex  1.072929e+01 -1.920631e+01  2.400000e+01
     vertex -2.182181e+01  2.794392e+00  2.400000e+01
     vertex  3.718018e+00 -2.168355e+01  2.400000e+01
   endloop
 endfacet
 facet normal  0.000000e+00  0.000000e+00  1.000000e+00
   outer loop
     vertex  1.072929e+01 -1.920631e+01  2.400000e+01
     vertex  3.718018e+00 -2.168355e+01  2.400000e+01
     vertex  8.202843e+00 -2.041356e+01  2.400000e+01
   endloop
 endfacet
 facet normal  0.000000e+00  0.000000e+00  1.000000e+00
   outer loop
     vertex  1.072929e+01 -1.920631e+01  2.400000e+01
     vertex -2.004703e+01  9.061827e+00  2.400000e+01
     vertex -2.182181e+01  2.794392e+00  2.400000e+01
   endloop
 endfacet
 facet normal  0.000000e+00  0.000000e+00  1.000000e+00
   outer loop
     vertex  1.072929e+01 -1.920631e+01  2.400000e+01
     vertex -1.920631e+01  1.072929e+01  2.400000e+01
     vertex -1.964437e+01  9.904482e+00  2.400000e+01
   endloop
 endfacet
 facet normal  0.000000e+00  0.000000e+00  1.000000e+00
   outer loop
     vertex  1.072929e+01 -1.920631e+01  2.400000e+01
     vertex -1.964437e+01  9.904482e+00  2.400000e+01
     vertex -2.004703e+01  9.061827e+00  2.400000e+01
   endloop
 endfacet
 facet normal  0.000000e+00  0.000000e+00  1.000000e+00
   outer loop
     vertex  1.072929e+01 -1.920631e+01  2.400000e+01
     vertex  8.202843e+00 -2.041356e+01  2.400000e+01
     vertex  9.904482e+00 -1.964437e+01  2.400000e+01
   endloop
 endfacet
 facet normal  0.000000e+00  0.000000e+00  1.000000e+00
   outer loop
     vertex -1.873364e+01  1.153476e+01  2.400000e+01
     vertex -1.920631e+01  1.072929e+01  2.400000e+01
     vertex  1.072929e+01 -1.920631e+01  2.400000e+01
   endloop
 endfacet
 facet normal  0.000000e+00  0.000000e+00  1.000000e+00
   outer loop
     vertex -1.768794e+01  1.308193e+01  2.400000e+01
     vertex -1.822721e+01  1.231945e+01  2.400000e+01
     vertex -1.873364e+01  1.153476e+01  2.400000e+01
   endloop
 endfacet
 facet normal  0.000000e+00  0.000000e+00  1.000000e+00
   outer loop
     vertex -1.651479e+01  1.453484e+01  2.400000e+01
     vertex  1.072929e+01 -1.920631e+01  2.400000e+01
     vertex  1.153476e+01 -1.873364e+01  2.400000e+01
   endloop
 endfacet
 facet normal  0.000000e+00  0.000000e+00  1.000000e+00
   outer loop
     vertex -1.651479e+01  1.453484e+01  2.400000e+01
     vertex -1.711679e+01  1.382084e+01  2.400000e+01
     vertex -1.768794e+01  1.308193e+01  2.400000e+01
   endloop
 endfacet
 facet normal  0.000000e+00  0.000000e+00  1.000000e+00
   outer loop
     vertex -1.651479e+01  1.453484e+01  2.400000e+01
     vertex -1.873364e+01  1.153476e+01  2.400000e+01
     vertex  1.072929e+01 -1.920631e+01  2.400000e+01
   endloop
 endfacet
 facet normal  0.000000e+00  0.000000e+00  1.000000e+00
   outer loop
     vertex -1.651479e+01  1.453484e+01  2.400000e+01
     vertex -1.768794e+01  1.308193e+01  2.400000e+01
     vertex -1.873364e+01  1.153476e+01  2.400000e+01
   endloop
 endfacet
 facet normal  0.000000e+00  0.000000e+00  1.000000e+00
   outer loop
     vertex  1.453484e+01 -1.651479e+01  2.400000e+01
     vertex  1.231945e+01 -1.822721e+01  2.400000e+01
     vertex  1.308193e+01 -1.768794e+01  2.400000e+01
   endloop
 endfacet
 facet normal  0.000000e+00  0.000000e+00  1.000000e+00
   outer loop
     vertex  1.453484e+01 -1.651479e+01  2.400000e+01
     vertex  1.308193e+01 -1.768794e+01  2.400000e+01
     vertex  1.382084e+01 -1.711679e+01  2.400000e+01
   endloop
 endfacet
 facet normal  0.000000e+00  0.000000e+00  1.000000e+00
   outer loop
     vertex  1.522266e+01 -1.588303e+01  2.400000e+01
     vertex  1.153476e+01 -1.873364e+01  2.400000e+01
     vertex  1.231945e+01 -1.822721e+01  2.400000e+01
   endloop
 endfacet
 facet normal  0.000000e+00  0.000000e+00  1.000000e+00
   outer loop
     vertex  1.522266e+01 -1.588303e+01  2.400000e+01
     vertex  1.231945e+01 -1.822721e+01  2.400000e+01
     vertex  1.453484e+01 -1.651479e+01  2.400000e+01
   endloop
 endfacet
 facet normal  0.000000e+00  0.000000e+00  1.000000e+00
   outer loop
     vertex -1.522266e+01  1.588303e+01  2.400000e+01
     vertex -1.588303e+01  1.522266e+01  2.400000e+01
     vertex -1.651479e+01  1.453484e+01  2.400000e+01
   endloop
 endfacet
 facet normal  0.000000e+00  0.000000e+00  1.000000e+00
   outer loop
     vertex -1.382084e+01  1.711679e+01  2.400000e+01
     vertex -1.453484e+01  1.651479e+01  2.400000e+01
     vertex -1.522266e+01  1.588303e+01  2.400000e+01
   endloop
 endfacet
 facet normal  0.000000e+00  0.000000e+00  1.000000e+00
   outer loop
     vertex -1.308193e+01  1.768794e+01  2.400000e+01
     vertex -1.382084e+01  1.711679e+01  2.400000e+01
     vertex -1.522266e+01  1.588303e+01  2.400000e+01
   endloop
 endfacet
 facet normal  0.000000e+00  0.000000e+00  1.000000e+00
   outer loop
     vertex  1.822721e+01 -1.231945e+01  2.400000e+01
     vertex  1.522266e+01 -1.588303e+01  2.400000e+01
     vertex  1.588303e+01 -1.522266e+01  2.400000e+01
   endloop
 endfacet
 facet normal  0.000000e+00  0.000000e+00  1.000000e+00
   outer loop
     vertex  1.822721e+01 -1.231945e+01  2.400000e+01
     vertex  1.588303e+01 -1.522266e+01  2.400000e+01
     vertex  1.651479e+01 -1.453484e+01  2.400000e+01
   endloop
 endfacet
 facet normal  0.000000e+00  0.000000e+00  1.000000e+00
   outer loop
     vertex  1.822721e+01 -1.231945e+01  2.400000e+01
     vertex  1.651479e+01 -1.453484e+01  2.400000e+01
     vertex  1.711679e+01 -1.382084e+01  2.400000e+01
   endloop
 endfacet
 facet normal  0.000000e+00  0.000000e+00  1.000000e+00
   outer loop
     vertex  1.822721e+01 -1.231945e+01  2.400000e+01
     vertex  1.711679e+01 -1.382084e+01  2.400000e+01
     vertex  1.768794e+01 -1.308193e+01  2.400000e+01
   endloop
 endfacet
 facet normal  0.000000e+00  0.000000e+00  1.000000e+00
   outer loop
     vertex  1.822721e+01 -1.231945e+01  2.400000e+01
     vertex  1.153476e+01 -1.873364e+01  2.400000e+01
     vertex  1.522266e+01 -1.588303e+01  2.400000e+01
   endloop
 endfacet
 facet normal  0.000000e+00  0.000000e+00  1.000000e+00
   outer loop
     vertex -1.153476e+01  1.873364e+01  2.400000e+01
     vertex -1.308193e+01  1.768794e+01  2.400000e+01
     vertex -1.522266e+01  1.588303e+01  2.400000e+01
   endloop
 endfacet
 facet normal  0.000000e+00  0.000000e+00  1.000000e+00
   outer loop
     vertex -1.153476e+01  1.873364e+01  2.400000e+01
     vertex -1.231945e+01  1.822721e+01  2.400000e+01
     vertex -1.308193e+01  1.768794e+01  2.400000e+01
   endloop
 endfacet
 facet normal  0.000000e+00  0.000000e+00  1.000000e+00
   outer loop
     vertex -9.904482e+00  1.964437e+01  2.400000e+01
     vertex -1.153476e+01  1.873364e+01  2.400000e+01
     vertex -1.522266e+01  1.588303e+01  2.400000e+01
   endloop
 endfacet
 facet normal  0.000000e+00  0.000000e+00  1.000000e+00
   outer loop
     vertex -9.904482e+00  1.964437e+01  2.400000e+01
     vertex -1.072929e+01  1.920631e+01  2.400000e+01
     vertex -1.153476e+01  1.873364e+01  2.400000e+01
   endloop
 endfacet
 facet normal  0.000000e+00  0.000000e+00  1.000000e+00
   outer loop
     vertex -9.904482e+00  1.964437e+01  2.400000e+01
     vertex -1.651479e+01  1.453484e+01  2.400000e+01
     vertex  1.153476e+01 -1.873364e+01  2.400000e+01
   endloop
 endfacet
 facet normal  0.000000e+00  0.000000e+00  1.000000e+00
   outer loop
     vertex -9.904482e+00  1.964437e+01  2.400000e+01
     vertex -1.522266e+01  1.588303e+01  2.400000e+01
     vertex -1.651479e+01  1.453484e+01  2.400000e+01
   endloop
 endfacet
 facet normal  0.000000e+00  0.000000e+00  1.000000e+00
   outer loop
     vertex  1.964437e+01 -9.904482e+00  2.400000e+01
     vertex  1.822721e+01 -1.231945e+01  2.400000e+01
     vertex  1.873364e+01 -1.153476e+01  2.400000e+01
   endloop
 endfacet
 facet normal  0.000000e+00  0.000000e+00  1.000000e+00
   outer loop
     vertex  1.964437e+01 -9.904482e+00  2.400000e+01
     vertex  1.873364e+01 -1.153476e+01  2.400000e+01
     vertex  1.920631e+01 -1.072929e+01  2.400000e+01
   endloop
 endfacet
 facet normal  0.000000e+00  0.000000e+00  1.000000e+00
   outer loop
     vertex -8.202843e+00  2.041356e+01  2.400000e+01
     vertex -9.061827e+00  2.004703e+01  2.400000e+01
     vertex -9.904482e+00  1.964437e+01  2.400000e+01
   endloop
 endfacet
 facet normal  0.000000e+00  0.000000e+00  1.000000e+00
   outer loop
     vertex  2.041356e+01 -8.202843e+00  2.400000e+01
     vertex  1.153476e+01 -1.873364e+01  2.400000e+01
     vertex  1.822721e+01 -1.231945e+01  2.400000e+01
   endloop
 endfacet
 facet normal  0.000000e+00  0.000000e+00  1.000000e+00
   outer loop
     vertex  2.041356e+01 -8.202843e+00  2.400000e+01
     vertex  1.822721e+01 -1.231945e+01  2.400000e+01
     vertex  1.964437e+01 -9.904482e+00  2.400000e+01
   endloop
 endfacet
 facet normal  0.000000e+00  0.000000e+00  1.000000e+00
   outer loop
     vertex  2.041356e+01 -8.202843e+00  2.400000e+01
     vertex  1.964437e+01 -9.904482e+00  2.400000e+01
     vertex  2.004703e+01 -9.061827e+00  2.400000e+01
   endloop
 endfacet
 facet normal  0.000000e+00  0.000000e+00  1.000000e+00
   outer loop
     vertex  2.103567e+01 -6.442101e+00  2.400000e+01
     vertex  2.041356e+01 -8.202843e+00  2.400000e+01
     vertex  2.074330e+01 -7.329075e+00  2.400000e+01
   endloop
 endfacet
 facet normal  0.000000e+00  0.000000e+00  1.000000e+00
   outer loop
     vertex -4.634944e+00  2.150622e+01  2.400000e+01
     vertex -8.202843e+00  2.041356e+01  2.400000e+01
     vertex -9.904482e+00  1.964437e+01  2.400000e+01
   endloop
 endfacet
 facet normal  0.000000e+00  0.000000e+00  1.000000e+00
   outer loop
     vertex -4.634944e+00  2.150622e+01  2.400000e+01
     vertex -5.543517e+00  2.129012e+01  2.400000e+01
     vertex -6.442101e+00  2.103567e+01  2.400000e+01
   endloop
 endfacet
 facet normal  0.000000e+00  0.000000e+00  1.000000e+00
   outer loop
     vertex -4.634944e+00  2.150622e+01  2.400000e+01
     vertex -6.442101e+00  2.103567e+01  2.400000e+01
     vertex -7.329075e+00  2.074330e+01  2.400000e+01
   endloop
 endfacet
 facet normal  0.000000e+00  0.000000e+00  1.000000e+00
   outer loop
     vertex -4.634944e+00  2.150622e+01  2.400000e+01
     vertex -7.329075e+00  2.074330e+01  2.400000e+01
     vertex -8.202843e+00  2.041356e+01  2.400000e+01
   endloop
 endfacet
 facet normal  0.000000e+00  0.000000e+00  1.000000e+00
   outer loop
     vertex  2.150622e+01 -4.634944e+00  2.400000e+01
     vertex  2.103567e+01 -6.442101e+00  2.400000e+01
     vertex  2.129012e+01 -5.543517e+00  2.400000e+01
   endloop
 endfacet
 facet normal  0.000000e+00  0.000000e+00  1.000000e+00
   outer loop
     vertex -3.718018e+00  2.168355e+01  2.400000e+01
     vertex -4.634944e+00  2.150622e+01  2.400000e+01
     vertex -9.904482e+00  1.964437e+01  2.400000e+01
   endloop
 endfacet
 facet normal  0.000000e+00  0.000000e+00  1.000000e+00
   outer loop
     vertex -2.794392e+00  2.182181e+01  2.400000e+01
     vertex  2.041356e+01 -8.202843e+00  2.400000e+01
     vertex  2.103567e+01 -6.442101e+00  2.400000e+01
   endloop
 endfacet
 facet normal  0.000000e+00  0.000000e+00  1.000000e+00
   outer loop
     vertex -2.794392e+00  2.182181e+01  2.400000e+01
     vertex -9.904482e+00  1.964437e+01  2.400000e+01
     vertex  1.153476e+01 -1.873364e+01  2.400000e+01
   endloop
 endfacet
 facet normal  0.000000e+00  0.000000e+00  1.000000e+00
   outer loop
     vertex -2.794392e+00  2.182181e+01  2.400000e+01
     vertex  1.153476e+01 -1.873364e+01  2.400000e+01
     vertex  2.041356e+01 -8.202843e+00  2.400000e+01
   endloop
 endfacet
 facet normal  0.000000e+00  0.000000e+00  1.000000e+00
   outer loop
     vertex -2.794392e+00  2.182181e+01  2.400000e+01
     vertex -3.718018e+00  2.168355e+01  2.400000e+01
     vertex -9.904482e+00  1.964437e+01  2.400000e+01
   endloop
 endfacet
 facet normal  0.000000e+00  0.000000e+00  1.000000e+00
   outer loop
     vertex -2.794392e+00  2.182181e+01  2.400000e+01
     vertex  2.103567e+01 -6.442101e+00  2.400000e+01
     vertex  2.150622e+01 -4.634944e+00  2.400000e+01
   endloop
 endfacet
 facet normal  0.000000e+00  0.000000e+00  1.000000e+00
   outer loop
     vertex  2.182181e+01 -2.794392e+00  2.400000e+01
     vertex  2.150622e+01 -4.634944e+00  2.400000e+01
     vertex  2.168355e+01 -3.718018e+00  2.400000e+01
   endloop
 endfacet
 facet normal  0.000000e+00  0.000000e+00  1.000000e+00
   outer loop
     vertex  2.198018e+01 -9.337065e-01  2.400000e+01
     vertex  2.182181e+01 -2.794392e+00  2.400000e+01
     vertex  2.192074e+01 -1.865730e+00  2.400000e+01
   endloop
 endfacet
 facet normal  0.000000e+00  0.000000e+00  1.000000e+00
   outer loop
     vertex  2.200000e+01  0.000000e+00  2.400000e+01
     vertex -1.865730e+00  2.192074e+01  2.400000e+01
     vertex -2.794392e+00  2.182181e+01  2.400000e+01
   endloop
 endfacet
 facet normal  0.000000e+00  0.000000e+00  1.000000e+00
   outer loop
     vertex  2.200000e+01  0.000000e+00  2.400000e+01
     vertex -2.794392e+00  2.182181e+01  2.400000e+01
     vertex  2.150622e+01 -4.634944e+00  2.400000e+01
   endloop
 endfacet
 facet normal  0.000000e+00  0.000000e+00  1.000000e+00
   outer loop
     vertex  2.200000e+01  0.000000e+00  2.400000e+01
     vertex  2.150622e+01 -4.634944e+00  2.400000e+01
     vertex  2.182181e+01 -2.794392e+00  2.400000e+01
   endloop
 endfacet
 facet normal  0.000000e+00  0.000000e+00  1.000000e+00
   outer loop
     vertex  2.200000e+01  0.000000e+00  2.400000e+01
     vertex  2.182181e+01 -2.794392e+00  2.400000e+01
     vertex  2.198018e+01 -9.337065e-01  2.400000e+01
   endloop
 endfacet
 facet normal  0.000000e+00  0.000000e+00  1.000000e+00
   outer loop
     vertex  1.865730e+00  2.192074e+01  2.400000e+01
     vertex  9.337065e-01  2.198018e+01  2.400000e+01
     vertex -2.307780e-14  2.200000e+01  2.400000e+01
   endloop
 endfacet
 facet normal  0.000000e+00  0.000000e+00  1.000000e+00
   outer loop
     vertex  1.865730e+00  2.192074e+01  2.400000e+01
     vertex -2.307780e-14  2.200000e+01  2.400000e+01
     vertex -9.337065e-01  2.198018e+01  2.400000e+01
   endloop
 endfacet
 facet normal  0.000000e+00  0.000000e+00  1.000000e+00
   outer loop
     vertex  1.865730e+00  2.192074e+01  2.400000e+01
     vertex -9.337065e-01  2.198018e+01  2.400000e+01
     vertex -1.865730e+00  2.192074e+01  2.400000e+01
   endloop
 endfacet
 facet normal  0.000000e+00  0.000000e+00  1.000000e+00
   outer loop
     vertex  2.182181e+01  2.794392e+00  2.400000e+01
     vertex  2.200000e+01  0.000000e+00  2.400000e+01
     vertex  2.198018e+01  9.337065e-01  2.400000e+01
   endloop
 endfacet
 facet normal  0.000000e+00  0.000000e+00  1.000000e+00
   outer loop
     vertex  2.182181e+01  2.794392e+00  2.400000e+01
     vertex  2.198018e+01  9.337065e-01  2.400000e+01
     vertex  2.192074e+01  1.865730e+00  2.400000e+01
   endloop
 endfacet
 facet normal  0.000000e+00  0.000000e+00  1.000000e+00
   outer loop
     vertex  3.718018e+00  2.168355e+01  2.400000e+01
     vertex  2.794392e+00  2.182181e+01  2.400000e+01
     vertex  1.865730e+00  2.192074e+01  2.400000e+01
   endloop
 endfacet
 facet normal  0.000000e+00  0.000000e+00  1.000000e+00
   outer loop
     vertex  5.543517e+00  2.129012e+01  2.400000e+01
     vertex  4.634944e+00  2.150622e+01  2.400000e+01
     vertex  3.718018e+00  2.168355e+01  2.400000e+01
   endloop
 endfacet
 facet normal  0.000000e+00  0.000000e+00  1.000000e+00
   outer loop
     vertex  5.543517e+00  2.129012e+01  2.400000e+01
     vertex  3.718018e+00  2.168355e+01  2.400000e+01
     vertex  1.865730e+00  2.192074e+01  2.400000e+01
   endloop
 endfacet
 facet normal  0.000000e+00  0.000000e+00  1.000000e+00
   outer loop
     vertex  7.329075e+00  2.074330e+01  2.400000e+01
     vertex  6.442101e+00  2.103567e+01  2.400000e+01
     vertex  5.543517e+00  2.129012e+01  2.400000e+01
   endloop
 endfacet
 facet normal  0.000000e+00  0.000000e+00  1.000000e+00
   outer loop
     vertex  7.329075e+00  2.074330e+01  2.400000e+01
     vertex  5.543517e+00  2.129012e+01  2.400000e+01
     vertex  1.865730e+00  2.192074e+01  2.400000e+01
   endloop
 endfacet
 facet normal  0.000000e+00  0.000000e+00  1.000000e+00
   outer loop
     vertex  2.074330e+01  7.329075e+00  2.400000e+01
     vertex  2.168355e+01  3.718018e+00  2.400000e+01
     vertex  2.150622e+01  4.634944e+00  2.400000e+01
   endloop
 endfacet
 facet normal  0.000000e+00  0.000000e+00  1.000000e+00
   outer loop
     vertex  2.074330e+01  7.329075e+00  2.400000e+01
     vertex  2.150622e+01  4.634944e+00  2.400000e+01
     vertex  2.129012e+01  5.543517e+00  2.400000e+01
   endloop
 endfacet
 facet normal  0.000000e+00  0.000000e+00  1.000000e+00
   outer loop
     vertex  2.074330e+01  7.329075e+00  2.400000e+01
     vertex  2.129012e+01  5.543517e+00  2.400000e+01
     vertex  2.103567e+01  6.442101e+00  2.400000e+01
   endloop
 endfacet
 facet normal  0.000000e+00  0.000000e+00  1.000000e+00
   outer loop
     vertex  8.202843e+00  2.041356e+01  2.400000e+01
     vertex  7.329075e+00  2.074330e+01  2.400000e+01
     vertex  1.865730e+00  2.192074e+01  2.400000e+01
   endloop
 endfacet
 facet normal  0.000000e+00  0.000000e+00  1.000000e+00
   outer loop
     vertex  2.041356e+01  8.202843e+00  2.400000e+01
     vertex  2.182181e+01  2.794392e+00  2.400000e+01
     vertex  2.168355e+01  3.718018e+00  2.400000e+01
   endloop
 endfacet
 facet normal  0.000000e+00  0.000000e+00  1.000000e+00
   outer loop
     vertex  2.041356e+01  8.202843e+00  2.400000e+01
     vertex  2.168355e+01  3.718018e+00  2.400000e+01
     vertex  2.074330e+01  7.329075e+00  2.400000e+01
   endloop
 endfacet
 facet normal  0.000000e+00  0.000000e+00  1.000000e+00
   outer loop
     vertex  2.004703e+01  9.061827e+00  2.400000e+01
     vertex  2.182181e+01  2.794392e+00  2.400000e+01
     vertex  2.041356e+01  8.202843e+00  2.400000e+01
   endloop
 endfacet
 facet normal  0.000000e+00  0.000000e+00  1.000000e+00
   outer loop
     vertex  2.004703e+01  9.061827e+00  2.400000e+01
     vertex -1.865730e+00  2.192074e+01  2.400000e+01
     vertex  2.200000e+01  0.000000e+00  2.400000e+01
   endloop
 endfacet
 facet normal  0.000000e+00  0.000000e+00  1.000000e+00
   outer loop
     vertex  2.004703e+01  9.061827e+00  2.400000e+01
     vertex  2.200000e+01  0.000000e+00  2.400000e+01
     vertex  2.182181e+01  2.794392e+00  2.400000e+01
   endloop
 endfacet
 facet normal  0.000000e+00  0.000000e+00  1.000000e+00
   outer loop
     vertex  2.004703e+01  9.061827e+00  2.400000e+01
     vertex  1.865730e+00  2.192074e+01  2.400000e+01
     vertex -1.865730e+00  2.192074e+01  2.400000e+01
   endloop
 endfacet
 facet normal  0.000000e+00  0.000000e+00  1.000000e+00
   outer loop
     vertex  1.072929e+01  1.920631e+01  2.400000e+01
     vertex  9.904482e+00  1.964437e+01  2.400000e+01
     vertex  9.061827e+00  2.004703e+01  2.400000e+01
   endloop
 endfacet
 facet normal  0.000000e+00  0.000000e+00  1.000000e+00
   outer loop
     vertex  1.072929e+01  1.920631e+01  2.400000e+01
     vertex  9.061827e+00  2.004703e+01  2.400000e+01
     vertex  8.202843e+00  2.041356e+01  2.400000e+01
   endloop
 endfacet
 facet normal  0.000000e+00  0.000000e+00  1.000000e+00
   outer loop
     vertex  1.873364e+01  1.153476e+01  2.400000e+01
     vertex  2.004703e+01  9.061827e+00  2.400000e+01
     vertex  1.964437e+01  9.904482e+00  2.400000e+01
   endloop
 endfacet
 facet normal  0.000000e+00  0.000000e+00  1.000000e+00
   outer loop
     vertex  1.873364e+01  1.153476e+01  2.400000e+01
     vertex  1.964437e+01  9.904482e+00  2.400000e+01
     vertex  1.920631e+01  1.072929e+01  2.400000e+01
   endloop
 endfacet
 facet normal  0.000000e+00  0.000000e+00  1.000000e+00
   outer loop
     vertex  1.153476e+01  1.873364e+01  2.400000e+01
     vertex  1.865730e+00  2.192074e+01  2.400000e+01
     vertex  2.004703e+01  9.061827e+00  2.400000e+01
   endloop
 endfacet
 facet normal  0.000000e+00  0.000000e+00  1.000000e+00
   outer loop
     vertex  1.153476e+01  1.873364e+01  2.400000e+01
     vertex  2.004703e+01  9.061827e+00  2.400000e+01
     vertex  1.873364e+01  1.153476e+01  2.400000e+01
   endloop
 endfacet
 facet normal  0.000000e+00  0.000000e+00  1.000000e+00
   outer loop
     vertex  1.153476e+01  1.873364e+01  2.400000e+01
     vertex  1.072929e+01  1.920631e+01  2.400000e+01
     vertex  8.202843e+00  2.041356e+01  2.400000e+01
   endloop
 endfacet
 facet normal  0.000000e+00  0.000000e+00  1.000000e+00
   outer loop
     vertex  1.153476e+01  1.873364e+01  2.400000e+01
     vertex  8.202843e+00  2.041356e+01  2.400000e+01
     vertex  1.865730e+00  2.192074e+01  2.400000e+01
   endloop
 endfacet
 facet normal  0.000000e+00  0.000000e+00  1.000000e+00
   outer loop
     vertex  1.768794e+01  1.308193e+01  2.400000e+01
     vertex  1.873364e+01  1.153476e+01  2.400000e+01
     vertex  1.822721e+01  1.231945e+01  2.400000e+01
   endloop
 endfacet
 facet normal  0.000000e+00  0.000000e+00  1.000000e+00
   outer loop
     vertex  1.382084e+01  1.711679e+01  2.400000e+01
     vertex  1.308193e+01  1.768794e+01  2.400000e+01
     vertex  1.231945e+01  1.822721e+01  2.400000e+01
   endloop
 endfacet
 facet normal  0.000000e+00  0.000000e+00  1.000000e+00
   outer loop
     vertex  1.711679e+01  1.382084e+01  2.400000e+01
     vertex  1.873364e+01  1.153476e+01  2.400000e+01
     vertex  1.768794e+01  1.308193e+01  2.400000e+01
   endloop
 endfacet
 facet normal  0.000000e+00  0.000000e+00  1.000000e+00
   outer loop
     vertex  1.651479e+01  1.453484e+01  2.400000e+01
     vertex  1.873364e+01  1.153476e+01  2.400000e+01
     vertex  1.711679e+01  1.382084e+01  2.400000e+01
   endloop
 endfacet
 facet normal  0.000000e+00  0.000000e+00  1.000000e+00
   outer loop
     vertex  1.522266e+01  1.588303e+01  2.400000e+01
     vertex  1.453484e+01  1.651479e+01  2.400000e+01
     vertex  1.382084e+01  1.711679e+01  2.400000e+01
   endloop
 endfacet
 facet normal  0.000000e+00  0.000000e+00  1.000000e+00
   outer loop
     vertex  1.522266e+01  1.588303e+01  2.400000e+01
     vertex  1.382084e+01  1.711679e+01  2.400000e+01
     vertex  1.231945e+01  1.822721e+01  2.400000e+01
   endloop
 endfacet
 facet normal  0.000000e+00  0.000000e+00  1.000000e+00
   outer loop
     vertex  1.588303e+01  1.522266e+01  2.400000e+01
     vertex  1.153476e+01  1.873364e+01  2.400000e+01
     vertex  1.873364e+01  1.153476e+01  2.400000e+01
   endloop
 endfacet
 facet normal  0.000000e+00  0.000000e+00  1.000000e+00
   outer loop
     vertex  1.588303e+01  1.522266e+01  2.400000e+01
     vertex  1.231945e+01  1.822721e+01  2.400000e+01
     vertex  1.153476e+01  1.873364e+01  2.400000e+01
   endloop
 endfacet
 facet normal  0.000000e+00  0.000000e+00  1.000000e+00
   outer loop
     vertex  1.588303e+01  1.522266e+01  2.400000e+01
     vertex  1.873364e+01  1.153476e+01  2.400000e+01
     vertex  1.651479e+01  1.453484e+01  2.400000e+01
   endloop
 endfacet
 facet normal  0.000000e+00  0.000000e+00  1.000000e+00
   outer loop
     vertex  1.588303e+01  1.522266e+01  2.400000e+01
     vertex  1.522266e+01  1.588303e+01  2.400000e+01
     vertex  1.231945e+01  1.822721e+01  2.400000e+01
   endloop
 endfacet
 facet normal -9.996892e-01 -2.493069e-02  0.000000e+00
   outer loop
     vertex  1.598011e+01  7.975342e-01  1.200000e+01
     vertex  1.600000e+01 -3.918870e-15  0.000000e+00
     vertex  1.600000e+01 -3.918870e-15  1.200000e+01
   endloop
 endfacet
 facet normal -9.996892e-01 -2.493069e-02 -0.000000e+00
   outer loop
     vertex  1.598011e+01  7.975342e-01  1.200000e+01
     vertex  1.598011e+01  7.975342e-01  0.000000e+00
     vertex  1.600000e+01 -3.918870e-15  0.000000e+00
   endloop
 endfacet
 facet normal -9.972038e-01 -7.473009e-02 -0.000000e+00
   outer loop
     vertex  1.592049e+01  1.593086e+00  1.200000e+01
     vertex  1.592049e+01  1.593086e+00  0.000000e+00
     vertex  1.598011e+01  7.975342e-01  0.000000e+00
   endloop
 endfacet
 facet normal -9.972038e-01 -7.473009e-02  0.000000e+00
   outer loop
     vertex  1.592049e+01  1.593086e+00  1.200000e+01
     vertex  1.598011e+01  7.975342e-01  0.000000e+00
     vertex  1.598011e+01  7.975342e-01  1.200000e+01
   endloop
 endfacet
 facet normal -9.922392e-01 -1.243437e-01 -0.000000e+00
   outer loop
     vertex  1.582129e+01  2.384676e+00  1.200000e+01
     vertex  1.582129e+01  2.384676e+00  0.000000e+00
     vertex  1.592049e+01  1.593086e+00  0.000000e+00
   endloop
 endfacet
 facet normal -9.922392e-01 -1.243437e-01  0.000000e+00
   outer loop
     vertex  1.582129e+01  2.384676e+00  1.200000e+01
     vertex  1.592049e+01  1.593086e+00  0.000000e+00
     vertex  1.592049e+01  1.593086e+00  1.200000e+01
   endloop
 endfacet
 facet normal -9.848078e-01 -1.736482e-01 -0.000000e+00
   outer loop
     vertex  1.568276e+01  3.170338e+00  1.200000e+01
     vertex  1.568276e+01  3.170338e+00  0.000000e+00
     vertex  1.582129e+01  2.384676e+00  0.000000e+00
   endloop
 endfacet
 facet normal -9.848078e-01 -1.736482e-01  0.000000e+00
   outer loop
     vertex  1.568276e+01  3.170338e+00  1.200000e+01
     vertex  1.582129e+01  2.384676e+00  0.000000e+00
     vertex  1.582129e+01  2.384676e+00  1.200000e+01
   endloop
 endfacet
 facet normal -9.749279e-01 -2.225209e-01 -0.000000e+00
   outer loop
     vertex  1.550524e+01  3.948118e+00  1.200000e+01
     vertex  1.550524e+01  3.948118e+00  0.000000e+00
     vertex  1.568276e+01  3.170338e+00  0.000000e+00
   endloop
 endfacet
 facet normal -9.749279e-01 -2.225209e-01  0.000000e+00
   outer loop
     vertex  1.550524e+01  3.948118e+00  1.200000e+01
     vertex  1.568276e+01  3.170338e+00  0.000000e+00
     vertex  1.568276e+01  3.170338e+00  1.200000e+01
   endloop
 endfacet
 facet normal -9.626242e-01 -2.708405e-01 -0.000000e+00
   outer loop
     vertex  1.528916e+01  4.716083e+00  1.200000e+01
     vertex  1.528916e+01  4.716083e+00  0.000000e+00
     vertex  1.550524e+01  3.948118e+00  0.000000e+00
   endloop
 endfacet
 facet normal -9.626242e-01 -2.708405e-01  0.000000e+00
   outer loop
     vertex  1.528916e+01  4.716083e+00  1.200000e+01
     vertex  1.550524e+01  3.948118e+00  0.000000e+00
     vertex  1.550524e+01  3.948118e+00  1.200000e+01
   endloop
 endfacet
 facet normal -9.479273e-01 -3.184867e-01 -0.000000e+00
   outer loop
     vertex  1.503508e+01  5.472322e+00  1.200000e+01
     vertex  1.503508e+01  5.472322e+00  0.000000e+00
     vertex  1.528916e+01  4.716083e+00  0.000000e+00
   endloop
 endfacet
 facet normal -9.479273e-01 -3.184867e-01  0.000000e+00
   outer loop
     vertex  1.503508e+01  5.472322e+00  1.200000e+01
     vertex  1.528916e+01  4.716083e+00  0.000000e+00
     vertex  1.528916e+01  4.716083e+00  1.200000e+01
   endloop
 endfacet
 facet normal -9.308737e-01 -3.653410e-01 -0.000000e+00
   outer loop
     vertex  1.474362e+01  6.214957e+00  1.200000e+01
     vertex  1.474362e+01  6.214957e+00  0.000000e+00
     vertex  1.503508e+01  5.472322e+00  0.000000e+00
   endloop
 endfacet
 facet normal -9.115059e-01 -4.112871e-01 -0.000000e+00
   outer loop
     vertex  1.474362e+01  6.214957e+00  1.200000e+01
     vertex  1.441550e+01  6.942140e+00  0.000000e+00
     vertex  1.474362e+01  6.214957e+00  0.000000e+00
   endloop
 endfacet
 facet normal -9.308737e-01 -3.653410e-01  0.000000e+00
   outer loop
     vertex  1.474362e+01  6.214957e+00  1.200000e+01
     vertex  1.503508e+01  5.472322e+00  0.000000e+00
     vertex  1.503508e+01  5.472322e+00  1.200000e+01
   endloop
 endfacet
 facet normal -9.115059e-01 -4.112871e-01 -0.000000e+00
   outer loop
     vertex  1.441550e+01  6.942140e+00  1.200000e+01
     vertex  1.441550e+01  6.942140e+00  0.000000e+00
     vertex  1.474362e+01  6.214957e+00  1.200000e+01
   endloop
 endfacet
 facet normal -8.898718e-01 -4.562107e-01 -0.000000e+00
   outer loop
     vertex  1.405155e+01  7.652064e+00  1.200000e+01
     vertex  1.405155e+01  7.652064e+00  0.000000e+00
     vertex  1.441550e+01  6.942140e+00  0.000000e+00
   endloop
 endfacet
 facet normal -8.660254e-01 -5.000000e-01 -0.000000e+00
   outer loop
     vertex  1.405155e+01  7.652064e+00  1.200000e+01
     vertex  1.365265e+01  8.342963e+00  0.000000e+00
     vertex  1.405155e+01  7.652064e+00  0.000000e+00
   endloop
 endfacet
 facet normal -8.898718e-01 -4.562107e-01  0.000000e+00
   outer loop
     vertex  1.405155e+01  7.652064e+00  1.200000e+01
     vertex  1.441550e+01  6.942140e+00  0.000000e+00
     vertex  1.441550e+01  6.942140e+00  1.200000e+01
   endloop
 endfacet
 facet normal -8.660254e-01 -5.000000e-01 -0.000000e+00
   outer loop
     vertex  1.365265e+01  8.342963e+00  1.200000e+01
     vertex  1.365265e+01  8.342963e+00  0.000000e+00
     vertex  1.405155e+01  7.652064e+00  1.200000e+01
   endloop
 endfacet
 facet normal -8.400259e-01 -5.425463e-01 -0.000000e+00
   outer loop
     vertex  1.321982e+01  9.013121e+00  1.200000e+01
     vertex  1.321982e+01  9.013121e+00  0.000000e+00
     vertex  1.365265e+01  8.342963e+00  0.000000e+00
   endloop
 endfacet
 facet normal -8.400259e-01 -5.425463e-01  0.000000e+00
   outer loop
     vertex  1.321982e+01  9.013121e+00  1.200000e+01
     vertex  1.365265e+01  8.342963e+00  0.000000e+00
     vertex  1.365265e+01  8.342963e+00  1.200000e+01
   endloop
 endfacet
 facet normal -8.119380e-01 -5.837437e-01  0.000000e+00
   outer loop
     vertex  1.275412e+01  9.660871e+00  1.200000e+01
     vertex  1.321982e+01  9.013121e+00  0.000000e+00
     vertex  1.321982e+01  9.013121e+00  1.200000e+01
   endloop
 endfacet
 facet normal -8.119380e-01 -5.837437e-01 -0.000000e+00
   outer loop
     vertex  1.275412e+01  9.660871e+00  1.200000e+01
     vertex  1.275412e+01  9.660871e+00  0.000000e+00
     vertex  1.321982e+01  9.013121e+00  0.000000e+00
   endloop
 endfacet
 facet normal -7.818315e-01 -6.234898e-01  0.000000e+00
   outer loop
     vertex  1.225671e+01  1.028460e+01  1.200000e+01
     vertex  1.275412e+01  9.660871e+00  0.000000e+00
     vertex  1.275412e+01  9.660871e+00  1.200000e+01
   endloop
 endfacet
 facet normal -7.818315e-01 -6.234898e-01 -0.000000e+00
   outer loop
     vertex  1.225671e+01  1.028460e+01  1.200000e+01
     vertex  1.225671e+01  1.028460e+01  0.000000e+00
     vertex  1.275412e+01  9.660871e+00  0.000000e+00
   endloop
 endfacet
 facet normal -7.497812e-01 -6.616858e-01  0.000000e+00
   outer loop
     vertex  1.172883e+01  1.088276e+01  1.200000e+01
     vertex  1.225671e+01  1.028460e+01  0.000000e+00
     vertex  1.225671e+01  1.028460e+01  1.200000e+01
   endloop
 endfacet
 facet normal -7.497812e-01 -6.616858e-01 -0.000000e+00
   outer loop
     vertex  1.172883e+01  1.088276e+01  1.200000e+01
     vertex  1.172883e+01  1.088276e+01  0.000000e+00
     vertex  1.225671e+01  1.028460e+01  0.000000e+00
   endloop
 endfacet
 facet normal -7.158668e-01 -6.982368e-01  0.000000e+00
   outer loop
     vertex  1.117179e+01  1.145387e+01  1.200000e+01
     vertex  1.172883e+01  1.088276e+01  0.000000e+00
     vertex  1.172883e+01  1.088276e+01  1.200000e+01
   endloop
 endfacet
 facet normal -7.158668e-01 -6.982368e-01 -0.000000e+00
   outer loop
     vertex  1.117179e+01  1.145387e+01  1.200000e+01
     vertex  1.117179e+01  1.145387e+01  0.000000e+00
     vertex  1.172883e+01  1.088276e+01  0.000000e+00
   endloop
 endfacet
 facet normal -6.801727e-01 -7.330519e-01  0.000000e+00
   outer loop
     vertex  1.058697e+01  1.199650e+01  1.200000e+01
     vertex  1.117179e+01  1.145387e+01  0.000000e+00
     vertex  1.117179e+01  1.145387e+01  1.200000e+01
   endloop
 endfacet
 facet normal -6.801727e-01 -7.330519e-01 -0.000000e+00
   outer loop
     vertex  1.058697e+01  1.199650e+01  1.200000e+01
     vertex  1.058697e+01  1.199650e+01  0.000000e+00
     vertex  1.117179e+01  1.145387e+01  0.000000e+00
   endloop
 endfacet
 facet normal -6.427876e-01 -7.660444e-01 -0.000000e+00
   outer loop
     vertex  1.058697e+01  1.199650e+01  1.200000e+01
     vertex  9.975837e+00  1.250930e+01  0.000000e+00
     vertex  1.058697e+01  1.199650e+01  0.000000e+00
   endloop
 endfacet
 facet normal -6.427876e-01 -7.660444e-01 -0.000000e+00
   outer loop
     vertex  9.975837e+00  1.250930e+01  1.200000e+01
     vertex  9.975837e+00  1.250930e+01  0.000000e+00
     vertex  1.058697e+01  1.199650e+01  1.200000e+01
   endloop
 endfacet
 facet normal -6.038044e-01 -7.971325e-01  0.000000e+00
   outer loop
     vertex  9.339899e+00  1.299101e+01  1.200000e+01
     vertex  9.975837e+00  1.250930e+01  0.000000e+00
     vertex  9.975837e+00  1.250930e+01  1.200000e+01
   endloop
 endfacet
 facet normal -6.038044e-01 -7.971325e-01 -0.000000e+00
   outer loop
     vertex  9.339899e+00  1.299101e+01  1.200000e+01
     vertex  9.339899e+00  1.299101e+01  0.000000e+00
     vertex  9.975837e+00  1.250930e+01  0.000000e+00
   endloop
 endfacet
 facet normal -5.633201e-01 -8.262388e-01  0.000000e+00
   outer loop
     vertex  8.680740e+00  1.344041e+01  1.200000e+01
     vertex  9.339899e+00  1.299101e+01  0.000000e+00
     vertex  9.339899e+00  1.299101e+01  1.200000e+01
   endloop
 endfacet
 facet normal -5.633201e-01 -8.262388e-01 -0.000000e+00
   outer loop
     vertex  8.680740e+00  1.344041e+01  1.200000e+01
     vertex  8.680740e+00  1.344041e+01  0.000000e+00
     vertex  9.339899e+00  1.299101e+01  0.000000e+00
   endloop
 endfacet
 facet normal -5.214352e-01 -8.532909e-01  0.000000e+00
   outer loop
     vertex  8.000000e+00  1.385641e+01  1.200000e+01
     vertex  8.680740e+00  1.344041e+01  0.000000e+00
     vertex  8.680740e+00  1.344041e+01  1.200000e+01
   endloop
 endfacet
 facet normal -5.214352e-01 -8.532909e-01 -0.000000e+00
   outer loop
     vertex  8.000000e+00  1.385641e+01  1.200000e+01
     vertex  8.000000e+00  1.385641e+01  0.000000e+00
     vertex  8.680740e+00  1.344041e+01  0.000000e+00
   endloop
 endfacet
 facet normal -4.782540e-01 -8.782216e-01  0.000000e+00
   outer loop
     vertex  7.299371e+00  1.423795e+01  1.200000e+01
     vertex  8.000000e+00  1.385641e+01  0.000000e+00
     vertex  8.000000e+00  1.385641e+01  1.200000e+01
   endloop
 endfacet
 facet normal -4.782540e-01 -8.782216e-01 -0.000000e+00
   outer loop
     vertex  7.299371e+00  1.423795e+01  1.200000e+01
     vertex  7.299371e+00  1.423795e+01  0.000000e+00
     vertex  8.000000e+00  1.385641e+01  0.000000e+00
   endloop
 endfacet
 facet normal -4.338837e-01 -9.009689e-01 -0.000000e+00
   outer loop
     vertex  7.299371e+00  1.423795e+01  1.200000e+01
     vertex  6.580594e+00  1.458409e+01  0.000000e+00
     vertex  7.299371e+00  1.423795e+01  0.000000e+00
   endloop
 endfacet
 facet normal -4.338837e-01 -9.009689e-01 -0.000000e+00
   outer loop
     vertex  6.580594e+00  1.458409e+01  1.200000e+01
     vertex  6.580594e+00  1.458409e+01  0.000000e+00
     vertex  7.299371e+00  1.423795e+01  1.200000e+01
   endloop
 endfacet
 facet normal -3.884348e-01 -9.214762e-01 -0.000000e+00
   outer loop
     vertex  5.845456e+00  1.489398e+01  1.200000e+01
     vertex  5.845456e+00  1.489398e+01  0.000000e+00
     vertex  6.580594e+00  1.458409e+01  0.000000e+00
   endloop
 endfacet
 facet normal -3.420201e-01 -9.396926e-01 -0.000000e+00
   outer loop
     vertex  5.845456e+00  1.489398e+01  1.200000e+01
     vertex  5.095786e+00  1.516684e+01  0.000000e+00
     vertex  5.845456e+00  1.489398e+01  0.000000e+00
   endloop
 endfacet
 facet normal -3.884348e-01 -9.214762e-01  0.000000e+00
   outer loop
     vertex  5.845456e+00  1.489398e+01  1.200000e+01
     vertex  6.580594e+00  1.458409e+01  0.000000e+00
     vertex  6.580594e+00  1.458409e+01  1.200000e+01
   endloop
 endfacet
 facet normal -3.420201e-01 -9.396926e-01 -0.000000e+00
   outer loop
     vertex  5.095786e+00  1.516684e+01  1.200000e+01
     vertex  5.095786e+00  1.516684e+01  0.000000e+00
     vertex  5.845456e+00  1.489398e+01  1.200000e+01
   endloop
 endfacet
 facet normal -2.947552e-01 -9.555728e-01 -0.000000e+00
   outer loop
     vertex  4.333447e+00  1.540199e+01  1.200000e+01
     vertex  4.333447e+00  1.540199e+01  0.000000e+00
     vertex  5.095786e+00  1.516684e+01  0.000000e+00
   endloop
 endfacet
 facet normal -2.947552e-01 -9.555728e-01  0.000000e+00
   outer loop
     vertex  4.333447e+00  1.540199e+01  1.200000e+01
     vertex  5.095786e+00  1.516684e+01  0.000000e+00
     vertex  5.095786e+00  1.516684e+01  1.200000e+01
   endloop
 endfacet
 facet normal -2.467574e-01 -9.690773e-01 -0.000000e+00
   outer loop
     vertex  3.560335e+00  1.559885e+01  1.200000e+01
     vertex  3.560335e+00  1.559885e+01  0.000000e+00
     vertex  4.333447e+00  1.540199e+01  0.000000e+00
   endloop
 endfacet
 facet normal -2.467574e-01 -9.690773e-01  0.000000e+00
   outer loop
     vertex  3.560335e+00  1.559885e+01  1.200000e+01
     vertex  4.333447e+00  1.540199e+01  0.000000e+00
     vertex  4.333447e+00  1.540199e+01  1.200000e+01
   endloop
 endfacet
 facet normal -1.981461e-01 -9.801725e-01 -0.000000e+00
   outer loop
     vertex  2.778371e+00  1.575692e+01  1.200000e+01
     vertex  2.778371e+00  1.575692e+01  0.000000e+00
     vertex  3.560335e+00  1.559885e+01  0.000000e+00
   endloop
 endfacet
 facet normal -1.490423e-01 -9.888308e-01 -0.000000e+00
   outer loop
     vertex  2.778371e+00  1.575692e+01  1.200000e+01
     vertex  1.989499e+00  1.587583e+01  0.000000e+00
     vertex  2.778371e+00  1.575692e+01  0.000000e+00
   endloop
 endfacet
 facet normal -1.981461e-01 -9.801725e-01  0.000000e+00
   outer loop
     vertex  2.778371e+00  1.575692e+01  1.200000e+01
     vertex  3.560335e+00  1.559885e+01  0.000000e+00
     vertex  3.560335e+00  1.559885e+01  1.200000e+01
   endloop
 endfacet
 facet normal -9.956785e-02 -9.950308e-01 -0.000000e+00
   outer loop
     vertex  1.989499e+00  1.587583e+01  1.200000e+01
     vertex  1.195681e+00  1.595526e+01  0.000000e+00
     vertex  1.989499e+00  1.587583e+01  0.000000e+00
   endloop
 endfacet
 facet normal -1.490423e-01 -9.888308e-01 -0.000000e+00
   outer loop
     vertex  1.989499e+00  1.587583e+01  1.200000e+01
     vertex  1.989499e+00  1.587583e+01  0.000000e+00
     vertex  2.778371e+00  1.575692e+01  1.200000e+01
   endloop
 endfacet
 facet normal -4.984589e-02 -9.987569e-01 -0.000000e+00
   outer loop
     vertex  1.195681e+00  1.595526e+01  1.200000e+01
     vertex  3.988911e-01  1.599503e+01  0.000000e+00
     vertex  1.195681e+00  1.595526e+01  0.000000e+00
   endloop
 endfacet
 facet normal -9.956785e-02 -9.950308e-01 -0.000000e+00
   outer loop
     vertex  1.195681e+00  1.595526e+01  1.200000e+01
     vertex  1.195681e+00  1.595526e+01  0.000000e+00
     vertex  1.989499e+00  1.587583e+01  1.200000e+01
   endloop
 endfacet
 facet normal -4.984589e-02 -9.987569e-01 -0.000000e+00
   outer loop
     vertex  3.988911e-01  1.599503e+01  1.200000e+01
     vertex  3.988911e-01  1.599503e+01  0.000000e+00
     vertex  1.195681e+00  1.595526e+01  1.200000e+01
   endloop
 endfacet
 facet normal  0.000000e+00 -1.000000e+00  0.000000e+00
   outer loop
     vertex -3.988911e-01  1.599503e+01  1.200000e+01
     vertex -3.988911e-01  1.599503e+01  0.000000e+00
     vertex  3.988911e-01  1.599503e+01  0.000000e+00
   endloop
 endfacet
 facet normal  0.000000e+00 -1.000000e+00  0.000000e+00
   outer loop
     vertex -3.988911e-01  1.599503e+01  1.200000e+01
     vertex  3.988911e-01  1.599503e+01  0.000000e+00
     vertex  3.988911e-01  1.599503e+01  1.200000e+01
   endloop
 endfacet
 facet normal  4.984589e-02 -9.987569e-01  0.000000e+00
   outer loop
     vertex -1.195681e+00  1.595526e+01  1.200000e+01
     vertex -1.195681e+00  1.595526e+01  0.000000e+00
     vertex -3.988911e-01  1.599503e+01  0.000000e+00
   endloop
 endfacet
 facet normal  4.984589e-02 -9.987569e-01  0.000000e+00
   outer loop
     vertex -1.195681e+00  1.595526e+01  1.200000e+01
     vertex -3.988911e-01  1.599503e+01  0.000000e+00
     vertex -3.988911e-01  1.599503e+01  1.200000e+01
   endloop
 endfacet
 facet normal  9.956785e-02 -9.950308e-01  0.000000e+00
   outer loop
     vertex -1.989499e+00  1.587583e+01  1.200000e+01
     vertex -1.989499e+00  1.587583e+01  0.000000e+00
     vertex -1.195681e+00  1.595526e+01  0.000000e+00
   endloop
 endfacet
 facet normal  9.956785e-02 -9.950308e-01  0.000000e+00
   outer loop
     vertex -1.989499e+00  1.587583e+01  1.200000e+01
     vertex -1.195681e+00  1.595526e+01  0.000000e+00
     vertex -1.195681e+00  1.595526e+01  1.200000e+01
   endloop
 endfacet
 facet normal  1.490423e-01 -9.888308e-01  0.000000e+00
   outer loop
     vertex -2.778371e+00  1.575692e+01  1.200000e+01
     vertex -2.778371e+00  1.575692e+01  0.000000e+00
     vertex -1.989499e+00  1.587583e+01  0.000000e+00
   endloop
 endfacet
 facet normal  1.490423e-01 -9.888308e-01  0.000000e+00
   outer loop
     vertex -2.778371e+00  1.575692e+01  1.200000e+01
     vertex -1.989499e+00  1.587583e+01  0.000000e+00
     vertex -1.989499e+00  1.587583e+01  1.200000e+01
   endloop
 endfacet
 facet normal  1.981461e-01 -9.801725e-01  0.000000e+00
   outer loop
     vertex -3.560335e+00  1.559885e+01  1.200000e+01
     vertex -3.560335e+00  1.559885e+01  0.000000e+00
     vertex -2.778371e+00  1.575692e+01  0.000000e+00
   endloop
 endfacet
 facet normal  1.981461e-01 -9.801725e-01  0.000000e+00
   outer loop
     vertex -3.560335e+00  1.559885e+01  1.200000e+01
     vertex -2.778371e+00  1.575692e+01  0.000000e+00
     vertex -2.778371e+00  1.575692e+01  1.200000e+01
   endloop
 endfacet
 facet normal  2.467574e-01 -9.690773e-01  0.000000e+00
   outer loop
     vertex -4.333447e+00  1.540199e+01  1.200000e+01
     vertex -3.560335e+00  1.559885e+01  0.000000e+00
     vertex -3.560335e+00  1.559885e+01  1.200000e+01
   endloop
 endfacet
 facet normal  2.467574e-01 -9.690773e-01  0.000000e+00
   outer loop
     vertex -4.333447e+00  1.540199e+01  1.200000e+01
     vertex -4.333447e+00  1.540199e+01  0.000000e+00
     vertex -3.560335e+00  1.559885e+01  0.000000e+00
   endloop
 endfacet
 facet normal  2.947552e-01 -9.555728e-01  0.000000e+00
   outer loop
     vertex -4.333447e+00  1.540199e+01  1.200000e+01
     vertex -5.095786e+00  1.516684e+01  0.000000e+00
     vertex -4.333447e+00  1.540199e+01  0.000000e+00
   endloop
 endfacet
 facet normal  2.947552e-01 -9.555728e-01  0.000000e+00
   outer loop
     vertex -5.095786e+00  1.516684e+01  1.200000e+01
     vertex -5.095786e+00  1.516684e+01  0.000000e+00
     vertex -4.333447e+00  1.540199e+01  1.200000e+01
   endloop
 endfacet
 facet normal  3.420201e-01 -9.396926e-01  0.000000e+00
   outer loop
     vertex -5.845456e+00  1.489398e+01  1.200000e+01
     vertex -5.095786e+00  1.516684e+01  0.000000e+00
     vertex -5.095786e+00  1.516684e+01  1.200000e+01
   endloop
 endfacet
 facet normal  3.420201e-01 -9.396926e-01  0.000000e+00
   outer loop
     vertex -5.845456e+00  1.489398e+01  1.200000e+01
     vertex -5.845456e+00  1.489398e+01  0.000000e+00
     vertex -5.095786e+00  1.516684e+01  0.000000e+00
   endloop
 endfacet
 facet normal  3.884348e-01 -9.214762e-01  0.000000e+00
   outer loop
     vertex -6.580594e+00  1.458409e+01  1.200000e+01
     vertex -5.845456e+00  1.489398e+01  0.000000e+00
     vertex -5.845456e+00  1.489398e+01  1.200000e+01
   endloop
 endfacet
 facet normal  3.884348e-01 -9.214762e-01  0.000000e+00
   outer loop
     vertex -6.580594e+00  1.458409e+01  1.200000e+01
     vertex -6.580594e+00  1.458409e+01  0.000000e+00
     vertex -5.845456e+00  1.489398e+01  0.000000e+00
   endloop
 endfacet
 facet normal  4.338837e-01 -9.009689e-01  0.000000e+00
   outer loop
     vertex -6.580594e+00  1.458409e+01  1.200000e+01
     vertex -7.299371e+00  1.423795e+01  0.000000e+00
     vertex -6.580594e+00  1.458409e+01  0.000000e+00
   endloop
 endfacet
 facet normal  4.338837e-01 -9.009689e-01  0.000000e+00
   outer loop
     vertex -7.299371e+00  1.423795e+01  1.200000e+01
     vertex -7.299371e+00  1.423795e+01  0.000000e+00
     vertex -6.580594e+00  1.458409e+01  1.200000e+01
   endloop
 endfacet
 facet normal  4.782540e-01 -8.782216e-01  0.000000e+00
   outer loop
     vertex -8.000000e+00  1.385641e+01  1.200000e+01
     vertex -7.299371e+00  1.423795e+01  0.000000e+00
     vertex -7.299371e+00  1.423795e+01  1.200000e+01
   endloop
 endfacet
 facet normal  4.782540e-01 -8.782216e-01  0.000000e+00
   outer loop
     vertex -8.000000e+00  1.385641e+01  1.200000e+01
     vertex -8.000000e+00  1.385641e+01  0.000000e+00
     vertex -7.299371e+00  1.423795e+01  0.000000e+00
   endloop
 endfacet
 facet normal  5.214352e-01 -8.532909e-01  0.000000e+00
   outer loop
     vertex -8.680740e+00  1.344041e+01  1.200000e+01
     vertex -8.000000e+00  1.385641e+01  0.000000e+00
     vertex -8.000000e+00  1.385641e+01  1.200000e+01
   endloop
 endfacet
 facet normal  5.214352e-01 -8.532909e-01  0.000000e+00
   outer loop
     vertex -8.680740e+00  1.344041e+01  1.200000e+01
     vertex -8.680740e+00  1.344041e+01  0.000000e+00
     vertex -8.000000e+00  1.385641e+01  0.000000e+00
   endloop
 endfacet
 facet normal  5.633201e-01 -8.262388e-01  0.000000e+00
   outer loop
     vertex -9.339899e+00  1.299101e+01  1.200000e+01
     vertex -8.680740e+00  1.344041e+01  0.000000e+00
     vertex -8.680740e+00  1.344041e+01  1.200000e+01
   endloop
 endfacet
 facet normal  5.633201e-01 -8.262388e-01  0.000000e+00
   outer loop
     vertex -9.339899e+00  1.299101e+01  1.200000e+01
     vertex -9.339899e+00  1.299101e+01  0.000000e+00
     vertex -8.680740e+00  1.344041e+01  0.000000e+00
   endloop
 endfacet
 facet normal  6.038044e-01 -7.971325e-01  0.000000e+00
   outer loop
     vertex -9.975837e+00  1.250930e+01  1.200000e+01
     vertex -9.339899e+00  1.299101e+01  0.000000e+00
     vertex -9.339899e+00  1.299101e+01  1.200000e+01
   endloop
 endfacet
 facet normal  6.038044e-01 -7.971325e-01  0.000000e+00
   outer loop
     vertex -9.975837e+00  1.250930e+01  1.200000e+01
     vertex -9.975837e+00  1.250930e+01  0.000000e+00
     vertex -9.339899e+00  1.299101e+01  0.000000e+00
   endloop
 endfacet
 facet normal  6.427876e-01 -7.660444e-01  0.000000e+00
   outer loop
     vertex -1.058697e+01  1.199650e+01  1.200000e+01
     vertex -9.975837e+00  1.250930e+01  0.000000e+00
     vertex -9.975837e+00  1.250930e+01  1.200000e+01
   endloop
 endfacet
 facet normal  6.427876e-01 -7.660444e-01  0.000000e+00
   outer loop
     vertex -1.058697e+01  1.199650e+01  1.200000e+01
     vertex -1.058697e+01  1.199650e+01  0.000000e+00
     vertex -9.975837e+00  1.250930e+01  0.000000e+00
   endloop
 endfacet
 facet normal  6.801727e-01 -7.330519e-01  0.000000e+00
   outer loop
     vertex -1.117179e+01  1.145387e+01  1.200000e+01
     vertex -1.058697e+01  1.199650e+01  0.000000e+00
     vertex -1.058697e+01  1.199650e+01  1.200000e+01
   endloop
 endfacet
 facet normal  6.801727e-01 -7.330519e-01  0.000000e+00
   outer loop
     vertex -1.117179e+01  1.145387e+01  1.200000e+01
     vertex -1.117179e+01  1.145387e+01  0.000000e+00
     vertex -1.058697e+01  1.199650e+01  0.000000e+00
   endloop
 endfacet
 facet normal  7.158668e-01 -6.982368e-01  0.000000e+00
   outer loop
     vertex -1.172883e+01  1.088276e+01  1.200000e+01
     vertex -1.117179e+01  1.145387e+01  0.000000e+00
     vertex -1.117179e+01  1.145387e+01  1.200000e+01
   endloop
 endfacet
 facet normal  7.158668e-01 -6.982368e-01  0.000000e+00
   outer loop
     vertex -1.172883e+01  1.088276e+01  1.200000e+01
     vertex -1.172883e+01  1.088276e+01  0.000000e+00
     vertex -1.117179e+01  1.145387e+01  0.000000e+00
   endloop
 endfacet
 facet normal  7.497812e-01 -6.616858e-01  0.000000e+00
   outer loop
     vertex -1.172883e+01  1.088276e+01  1.200000e+01
     vertex -1.225671e+01  1.028460e+01  0.000000e+00
     vertex -1.172883e+01  1.088276e+01  0.000000e+00
   endloop
 endfacet
 facet normal  7.497812e-01 -6.616858e-01  0.000000e+00
   outer loop
     vertex -1.225671e+01  1.028460e+01  1.200000e+01
     vertex -1.225671e+01  1.028460e+01  0.000000e+00
     vertex -1.172883e+01  1.088276e+01  1.200000e+01
   endloop
 endfacet
 facet normal  7.818315e-01 -6.234898e-01  0.000000e+00
   outer loop
     vertex -1.275412e+01  9.660871e+00  1.200000e+01
     vertex -1.225671e+01  1.028460e+01  0.000000e+00
     vertex -1.225671e+01  1.028460e+01  1.200000e+01
   endloop
 endfacet
 facet normal  7.818315e-01 -6.234898e-01  0.000000e+00
   outer loop
     vertex -1.275412e+01  9.660871e+00  1.200000e+01
     vertex -1.275412e+01  9.660871e+00  0.000000e+00
     vertex -1.225671e+01  1.028460e+01  0.000000e+00
   endloop
 endfacet
 facet normal  8.119380e-01 -5.837437e-01  0.000000e+00
   outer loop
     vertex -1.321982e+01  9.013121e+00  1.200000e+01
     vertex -1.275412e+01  9.660871e+00  0.000000e+00
     vertex -1.275412e+01  9.660871e+00  1.200000e+01
   endloop
 endfacet
 facet normal  8.119380e-01 -5.837437e-01  0.000000e+00
   outer loop
     vertex -1.321982e+01  9.013121e+00  1.200000e+01
     vertex -1.321982e+01  9.013121e+00  0.000000e+00
     vertex -1.275412e+01  9.660871e+00  0.000000e+00
   endloop
 endfacet
 facet normal  8.400259e-01 -5.425463e-01  0.000000e+00
   outer loop
     vertex -1.321982e+01  9.013121e+00  1.200000e+01
     vertex -1.365265e+01  8.342963e+00  0.000000e+00
     vertex -1.321982e+01  9.013121e+00  0.000000e+00
   endloop
 endfacet
 facet normal  8.400259e-01 -5.425463e-01  0.000000e+00
   outer loop
     vertex -1.365265e+01  8.342963e+00  1.200000e+01
     vertex -1.365265e+01  8.342963e+00  0.000000e+00
     vertex -1.321982e+01  9.013121e+00  1.200000e+01
   endloop
 endfacet
 facet normal  8.660254e-01 -5.000000e-01  0.000000e+00
   outer loop
     vertex -1.405155e+01  7.652064e+00  1.200000e+01
     vertex -1.365265e+01  8.342963e+00  0.000000e+00
     vertex -1.365265e+01  8.342963e+00  1.200000e+01
   endloop
 endfacet
 facet normal  8.660254e-01 -5.000000e-01  0.000000e+00
   outer loop
     vertex -1.405155e+01  7.652064e+00  1.200000e+01
     vertex -1.405155e+01  7.652064e+00  0.000000e+00
     vertex -1.365265e+01  8.342963e+00  0.000000e+00
   endloop
 endfacet
 facet normal  8.898718e-01 -4.562107e-01  0.000000e+00
   outer loop
     vertex -1.441550e+01  6.942140e+00  1.200000e+01
     vertex -1.405155e+01  7.652064e+00  0.000000e+00
     vertex -1.405155e+01  7.652064e+00  1.200000e+01
   endloop
 endfacet
 facet normal  8.898718e-01 -4.562107e-01  0.000000e+00
   outer loop
     vertex -1.441550e+01  6.942140e+00  1.200000e+01
     vertex -1.441550e+01  6.942140e+00  0.000000e+00
     vertex -1.405155e+01  7.652064e+00  0.000000e+00
   endloop
 endfacet
 facet normal  9.115059e-01 -4.112871e-01  0.000000e+00
   outer loop
     vertex -1.441550e+01  6.942140e+00  1.200000e+01
     vertex -1.474362e+01  6.214957e+00  0.000000e+00
     vertex -1.441550e+01  6.942140e+00  0.000000e+00
   endloop
 endfacet
 facet normal  9.115059e-01 -4.112871e-01  0.000000e+00
   outer loop
     vertex -1.474362e+01  6.214957e+00  1.200000e+01
     vertex -1.474362e+01  6.214957e+00  0.000000e+00
     vertex -1.441550e+01  6.942140e+00  1.200000e+01
   endloop
 endfacet
 facet normal  9.308737e-01 -3.653410e-01  0.000000e+00
   outer loop
     vertex -1.503508e+01  5.472322e+00  1.200000e+01
     vertex -1.474362e+01  6.214957e+00  0.000000e+00
     vertex -1.474362e+01  6.214957e+00  1.200000e+01
   endloop
 endfacet
 facet normal  9.308737e-01 -3.653410e-01  0.000000e+00
   outer loop
     vertex -1.503508e+01  5.472322e+00  1.200000e+01
     vertex -1.503508e+01  5.472322e+00  0.000000e+00
     vertex -1.474362e+01  6.214957e+00  0.000000e+00
   endloop
 endfacet
 facet normal  9.479273e-01 -3.184867e-01  0.000000e+00
   outer loop
     vertex -1.528916e+01  4.716083e+00  1.200000e+01
     vertex -1.528916e+01  4.716083e+00  0.000000e+00
     vertex -1.503508e+01  5.472322e+00  0.000000e+00
   endloop
 endfacet
 facet normal  9.479273e-01 -3.184867e-01  0.000000e+00
   outer loop
     vertex -1.528916e+01  4.716083e+00  1.200000e+01
     vertex -1.503508e+01  5.472322e+00  0.000000e+00
     vertex -1.503508e+01  5.472322e+00  1.200000e+01
   endloop
 endfacet
 facet normal  9.626242e-01 -2.708405e-01  0.000000e+00
   outer loop
     vertex -1.528916e+01  4.716083e+00  1.200000e+01
     vertex -1.550524e+01  3.948118e+00  0.000000e+00
     vertex -1.528916e+01  4.716083e+00  0.000000e+00
   endloop
 endfacet
 facet normal  9.626242e-01 -2.708405e-01  0.000000e+00
   outer loop
     vertex -1.550524e+01  3.948118e+00  1.200000e+01
     vertex -1.550524e+01  3.948118e+00  0.000000e+00
     vertex -1.528916e+01  4.716083e+00  1.200000e+01
   endloop
 endfacet
 facet normal  9.749279e-01 -2.225209e-01  0.000000e+00
   outer loop
     vertex -1.568276e+01  3.170338e+00  1.200000e+01
     vertex -1.568276e+01  3.170338e+00  0.000000e+00
     vertex -1.550524e+01  3.948118e+00  0.000000e+00
   endloop
 endfacet
 facet normal  9.749279e-01 -2.225209e-01  0.000000e+00
   outer loop
     vertex -1.568276e+01  3.170338e+00  1.200000e+01
     vertex -1.550524e+01  3.948118e+00  0.000000e+00
     vertex -1.550524e+01  3.948118e+00  1.200000e+01
   endloop
 endfacet
 facet normal  9.848078e-01 -1.736482e-01  0.000000e+00
   outer loop
     vertex -1.582129e+01  2.384676e+00  1.200000e+01
     vertex -1.582129e+01  2.384676e+00  0.000000e+00
     vertex -1.568276e+01  3.170338e+00  0.000000e+00
   endloop
 endfacet
 facet normal  9.848078e-01 -1.736482e-01  0.000000e+00
   outer loop
     vertex -1.582129e+01  2.384676e+00  1.200000e+01
     vertex -1.568276e+01  3.170338e+00  0.000000e+00
     vertex -1.568276e+01  3.170338e+00  1.200000e+01
   endloop
 endfacet
 facet normal  9.922392e-01 -1.243437e-01  0.000000e+00
   outer loop
     vertex -1.592049e+01  1.593086e+00  1.200000e+01
     vertex -1.592049e+01  1.593086e+00  0.000000e+00
     vertex -1.582129e+01  2.384676e+00  0.000000e+00
   endloop
 endfacet
 facet normal  9.922392e-01 -1.243437e-01  0.000000e+00
   outer loop
     vertex -1.592049e+01  1.593086e+00  1.200000e+01
     vertex -1.582129e+01  2.384676e+00  0.000000e+00
     vertex -1.582129e+01  2.384676e+00  1.200000e+01
   endloop
 endfacet
 facet normal  9.972038e-01 -7.473009e-02  0.000000e+00
   outer loop
     vertex -1.598011e+01  7.975342e-01  1.200000e+01
     vertex -1.592049e+01  1.593086e+00  0.000000e+00
     vertex -1.592049e+01  1.593086e+00  1.200000e+01
   endloop
 endfacet
 facet normal  9.972038e-01 -7.473009e-02  0.000000e+00
   outer loop
     vertex -1.598011e+01  7.975342e-01  1.200000e+01
     vertex -1.598011e+01  7.975342e-01  0.000000e+00
     vertex -1.592049e+01  1.593086e+00  0.000000e+00
   endloop
 endfacet
 facet normal  9.996892e-01 -2.493069e-02  0.000000e+00
   outer loop
     vertex -1.600000e+01 -5.488398e-14  1.200000e+01
     vertex -1.598011e+01  7.975342e-01  0.000000e+00
     vertex -1.598011e+01  7.975342e-01  1.200000e+01
   endloop
 endfacet
 facet normal  9.996892e-01 -2.493069e-02  0.000000e+00
   outer loop
     vertex -1.600000e+01 -5.488398e-14  1.200000e+01
     vertex -1.600000e+01 -5.488398e-14  0.000000e+00
     vertex -1.598011e+01  7.975342e-01  0.000000e+00
   endloop
 endfacet
 facet normal  9.996892e-01  2.493069e-02  0.000000e+00
   outer loop
     vertex -1.600000e+01 -5.488398e-14  1.200000e+01
     vertex -1.598011e+01 -7.975342e-01  0.000000e+00
     vertex -1.600000e+01 -5.488398e-14  0.000000e+00
   endloop
 endfacet
 facet normal  9.996892e-01  2.493069e-02  0.000000e+00
   outer loop
     vertex -1.598011e+01 -7.975342e-01  1.200000e+01
     vertex -1.598011e+01 -7.975342e-01  0.000000e+00
     vertex -1.600000e+01 -5.488398e-14  1.200000e+01
   endloop
 endfacet
 facet normal  9.972038e-01  7.473009e-02  0.000000e+00
   outer loop
     vertex -1.592049e+01 -1.593086e+00  1.200000e+01
     vertex -1.598011e+01 -7.975342e-01  0.000000e+00
     vertex -1.598011e+01 -7.975342e-01  1.200000e+01
   endloop
 endfacet
 facet normal  9.972038e-01  7.473009e-02  0.000000e+00
   outer loop
     vertex -1.592049e+01 -1.593086e+00  1.200000e+01
     vertex -1.592049e+01 -1.593086e+00  0.000000e+00
     vertex -1.598011e+01 -7.975342e-01  0.000000e+00
   endloop
 endfacet
 facet normal  9.922392e-01  1.243437e-01  0.000000e+00
   outer loop
     vertex -1.582129e+01 -2.384676e+00  1.200000e+01
     vertex -1.592049e+01 -1.593086e+00  0.000000e+00
     vertex -1.592049e+01 -1.593086e+00  1.200000e+01
   endloop
 endfacet
 facet normal  9.922392e-01  1.243437e-01  0.000000e+00
   outer loop
     vertex -1.582129e+01 -2.384676e+00  1.200000e+01
     vertex -1.582129e+01 -2.384676e+00  0.000000e+00
     vertex -1.592049e+01 -1.593086e+00  0.000000e+00
   endloop
 endfacet
 facet normal  9.848078e-01  1.736482e-01  0.000000e+00
   outer loop
     vertex -1.568276e+01 -3.170338e+00  1.200000e+01
     vertex -1.582129e+01 -2.384676e+00  0.000000e+00
     vertex -1.582129e+01 -2.384676e+00  1.200000e+01
   endloop
 endfacet
 facet normal  9.848078e-01  1.736482e-01  0.000000e+00
   outer loop
     vertex -1.568276e+01 -3.170338e+00  1.200000e+01
     vertex -1.568276e+01 -3.170338e+00  0.000000e+00
     vertex -1.582129e+01 -2.384676e+00  0.000000e+00
   endloop
 endfacet
 facet normal  9.749279e-01  2.225209e-01  0.000000e+00
   outer loop
     vertex -1.550524e+01 -3.948118e+00  1.200000e+01
     vertex -1.568276e+01 -3.170338e+00  0.000000e+00
     vertex -1.568276e+01 -3.170338e+00  1.200000e+01
   endloop
 endfacet
 facet normal  9.749279e-01  2.225209e-01  0.000000e+00
   outer loop
     vertex -1.550524e+01 -3.948118e+00  1.200000e+01
     vertex -1.550524e+01 -3.948118e+00  0.000000e+00
     vertex -1.568276e+01 -3.170338e+00  0.000000e+00
   endloop
 endfacet
 facet normal  9.626242e-01  2.708405e-01  0.000000e+00
   outer loop
     vertex -1.528916e+01 -4.716083e+00  1.200000e+01
     vertex -1.550524e+01 -3.948118e+00  0.000000e+00
     vertex -1.550524e+01 -3.948118e+00  1.200000e+01
   endloop
 endfacet
 facet normal  9.626242e-01  2.708405e-01  0.000000e+00
   outer loop
     vertex -1.528916e+01 -4.716083e+00  1.200000e+01
     vertex -1.528916e+01 -4.716083e+00  0.000000e+00
     vertex -1.550524e+01 -3.948118e+00  0.000000e+00
   endloop
 endfacet
 facet normal  9.479273e-01  3.184867e-01  0.000000e+00
   outer loop
     vertex -1.503508e+01 -5.472322e+00  1.200000e+01
     vertex -1.528916e+01 -4.716083e+00  0.000000e+00
     vertex -1.528916e+01 -4.716083e+00  1.200000e+01
   endloop
 endfacet
 facet normal  9.479273e-01  3.184867e-01  0.000000e+00
   outer loop
     vertex -1.503508e+01 -5.472322e+00  1.200000e+01
     vertex -1.503508e+01 -5.472322e+00  0.000000e+00
     vertex -1.528916e+01 -4.716083e+00  0.000000e+00
   endloop
 endfacet
 facet normal  9.308737e-01  3.653410e-01  0.000000e+00
   outer loop
     vertex -1.474362e+01 -6.214957e+00  1.200000e+01
     vertex -1.503508e+01 -5.472322e+00  0.000000e+00
     vertex -1.503508e+01 -5.472322e+00  1.200000e+01
   endloop
 endfacet
 facet normal  9.308737e-01  3.653410e-01  0.000000e+00
   outer loop
     vertex -1.474362e+01 -6.214957e+00  1.200000e+01
     vertex -1.474362e+01 -6.214957e+00  0.000000e+00
     vertex -1.503508e+01 -5.472322e+00  0.000000e+00
   endloop
 endfacet
 facet normal  9.115059e-01  4.112871e-01  0.000000e+00
   outer loop
     vertex -1.441550e+01 -6.942140e+00  1.200000e+01
     vertex -1.474362e+01 -6.214957e+00  0.000000e+00
     vertex -1.474362e+01 -6.214957e+00  1.200000e+01
   endloop
 endfacet
 facet normal  9.115059e-01  4.112871e-01  0.000000e+00
   outer loop
     vertex -1.441550e+01 -6.942140e+00  1.200000e+01
     vertex -1.441550e+01 -6.942140e+00  0.000000e+00
     vertex -1.474362e+01 -6.214957e+00  0.000000e+00
   endloop
 endfacet
 facet normal  8.898718e-01  4.562107e-01  0.000000e+00
   outer loop
     vertex -1.405155e+01 -7.652064e+00  1.200000e+01
     vertex -1.441550e+01 -6.942140e+00  0.000000e+00
     vertex -1.441550e+01 -6.942140e+00  1.200000e+01
   endloop
 endfacet
 facet normal  8.898718e-01  4.562107e-01  0.000000e+00
   outer loop
     vertex -1.405155e+01 -7.652064e+00  1.200000e+01
     vertex -1.405155e+01 -7.652064e+00  0.000000e+00
     vertex -1.441550e+01 -6.942140e+00  0.000000e+00
   endloop
 endfacet
 facet normal  8.660254e-01  5.000000e-01  0.000000e+00
   outer loop
     vertex -1.365265e+01 -8.342963e+00  1.200000e+01
     vertex -1.405155e+01 -7.652064e+00  0.000000e+00
     vertex -1.405155e+01 -7.652064e+00  1.200000e+01
   endloop
 endfacet
 facet normal  8.660254e-01  5.000000e-01  0.000000e+00
   outer loop
     vertex -1.365265e+01 -8.342963e+00  1.200000e+01
     vertex -1.365265e+01 -8.342963e+00  0.000000e+00
     vertex -1.405155e+01 -7.652064e+00  0.000000e+00
   endloop
 endfacet
 facet normal  8.400259e-01  5.425463e-01  0.000000e+00
   outer loop
     vertex -1.321982e+01 -9.013121e+00  1.200000e+01
     vertex -1.321982e+01 -9.013121e+00  0.000000e+00
     vertex -1.365265e+01 -8.342963e+00  0.000000e+00
   endloop
 endfacet
 facet normal  8.400259e-01  5.425463e-01  0.000000e+00
   outer loop
     vertex -1.321982e+01 -9.013121e+00  1.200000e+01
     vertex -1.365265e+01 -8.342963e+00  0.000000e+00
     vertex -1.365265e+01 -8.342963e+00  1.200000e+01
   endloop
 endfacet
 facet normal  8.119380e-01  5.837437e-01  0.000000e+00
   outer loop
     vertex -1.275412e+01 -9.660871e+00  1.200000e+01
     vertex -1.275412e+01 -9.660871e+00  0.000000e+00
     vertex -1.321982e+01 -9.013121e+00  0.000000e+00
   endloop
 endfacet
 facet normal  8.119380e-01  5.837437e-01  0.000000e+00
   outer loop
     vertex -1.275412e+01 -9.660871e+00  1.200000e+01
     vertex -1.321982e+01 -9.013121e+00  0.000000e+00
     vertex -1.321982e+01 -9.013121e+00  1.200000e+01
   endloop
 endfacet
 facet normal  7.818315e-01  6.234898e-01  0.000000e+00
   outer loop
     vertex -1.225671e+01 -1.028460e+01  1.200000e+01
     vertex -1.225671e+01 -1.028460e+01  0.000000e+00
     vertex -1.275412e+01 -9.660871e+00  0.000000e+00
   endloop
 endfacet
 facet normal  7.818315e-01  6.234898e-01  0.000000e+00
   outer loop
     vertex -1.225671e+01 -1.028460e+01  1.200000e+01
     vertex -1.275412e+01 -9.660871e+00  0.000000e+00
     vertex -1.275412e+01 -9.660871e+00  1.200000e+01
   endloop
 endfacet
 facet normal  7.497812e-01  6.616858e-01  0.000000e+00
   outer loop
     vertex -1.172883e+01 -1.088276e+01  1.200000e+01
     vertex -1.172883e+01 -1.088276e+01  0.000000e+00
     vertex -1.225671e+01 -1.028460e+01  0.000000e+00
   endloop
 endfacet
 facet normal  7.497812e-01  6.616858e-01  0.000000e+00
   outer loop
     vertex -1.172883e+01 -1.088276e+01  1.200000e+01
     vertex -1.225671e+01 -1.028460e+01  0.000000e+00
     vertex -1.225671e+01 -1.028460e+01  1.200000e+01
   endloop
 endfacet
 facet normal  7.158668e-01  6.982368e-01  0.000000e+00
   outer loop
     vertex -1.117179e+01 -1.145387e+01  1.200000e+01
     vertex -1.117179e+01 -1.145387e+01  0.000000e+00
     vertex -1.172883e+01 -1.088276e+01  0.000000e+00
   endloop
 endfacet
 facet normal  7.158668e-01  6.982368e-01  0.000000e+00
   outer loop
     vertex -1.117179e+01 -1.145387e+01  1.200000e+01
     vertex -1.172883e+01 -1.088276e+01  0.000000e+00
     vertex -1.172883e+01 -1.088276e+01  1.200000e+01
   endloop
 endfacet
 facet normal  6.801727e-01  7.330519e-01  0.000000e+00
   outer loop
     vertex -1.058697e+01 -1.199650e+01  1.200000e+01
     vertex -1.058697e+01 -1.199650e+01  0.000000e+00
     vertex -1.117179e+01 -1.145387e+01  0.000000e+00
   endloop
 endfacet
 facet normal  6.801727e-01  7.330519e-01  0.000000e+00
   outer loop
     vertex -1.058697e+01 -1.199650e+01  1.200000e+01
     vertex -1.117179e+01 -1.145387e+01  0.000000e+00
     vertex -1.117179e+01 -1.145387e+01  1.200000e+01
   endloop
 endfacet
 facet normal  6.427876e-01  7.660444e-01  0.000000e+00
   outer loop
     vertex -9.975837e+00 -1.250930e+01  1.200000e+01
     vertex -9.975837e+00 -1.250930e+01  0.000000e+00
     vertex -1.058697e+01 -1.199650e+01  0.000000e+00
   endloop
 endfacet
 facet normal  6.427876e-01  7.660444e-01  0.000000e+00
   outer loop
     vertex -9.975837e+00 -1.250930e+01  1.200000e+01
     vertex -1.058697e+01 -1.199650e+01  0.000000e+00
     vertex -1.058697e+01 -1.199650e+01  1.200000e+01
   endloop
 endfacet
 facet normal  6.038044e-01  7.971325e-01  0.000000e+00
   outer loop
     vertex -9.339899e+00 -1.299101e+01  1.200000e+01
     vertex -9.339899e+00 -1.299101e+01  0.000000e+00
     vertex -9.975837e+00 -1.250930e+01  0.000000e+00
   endloop
 endfacet
 facet normal  6.038044e-01  7.971325e-01  0.000000e+00
   outer loop
     vertex -9.339899e+00 -1.299101e+01  1.200000e+01
     vertex -9.975837e+00 -1.250930e+01  0.000000e+00
     vertex -9.975837e+00 -1.250930e+01  1.200000e+01
   endloop
 endfacet
 facet normal  5.633201e-01  8.262388e-01  0.000000e+00
   outer loop
     vertex -8.680740e+00 -1.344041e+01  1.200000e+01
     vertex -8.680740e+00 -1.344041e+01  0.000000e+00
     vertex -9.339899e+00 -1.299101e+01  0.000000e+00
   endloop
 endfacet
 facet normal  5.633201e-01  8.262388e-01  0.000000e+00
   outer loop
     vertex -8.680740e+00 -1.344041e+01  1.200000e+01
     vertex -9.339899e+00 -1.299101e+01  0.000000e+00
     vertex -9.339899e+00 -1.299101e+01  1.200000e+01
   endloop
 endfacet
 facet normal  5.214352e-01  8.532909e-01  0.000000e+00
   outer loop
     vertex -8.000000e+00 -1.385641e+01  1.200000e+01
     vertex -8.000000e+00 -1.385641e+01  0.000000e+00
     vertex -8.680740e+00 -1.344041e+01  0.000000e+00
   endloop
 endfacet
 facet normal  5.214352e-01  8.532909e-01  0.000000e+00
   outer loop
     vertex -8.000000e+00 -1.385641e+01  1.200000e+01
     vertex -8.680740e+00 -1.344041e+01  0.000000e+00
     vertex -8.680740e+00 -1.344041e+01  1.200000e+01
   endloop
 endfacet
 facet normal  4.782540e-01  8.782216e-01  0.000000e+00
   outer loop
     vertex -7.299371e+00 -1.423795e+01  1.200000e+01
     vertex -7.299371e+00 -1.423795e+01  0.000000e+00
     vertex -8.000000e+00 -1.385641e+01  0.000000e+00
   endloop
 endfacet
 facet normal  4.338837e-01  9.009689e-01  0.000000e+00
   outer loop
     vertex -7.299371e+00 -1.423795e+01  1.200000e+01
     vertex -6.580594e+00 -1.458409e+01  0.000000e+00
     vertex -7.299371e+00 -1.423795e+01  0.000000e+00
   endloop
 endfacet
 facet normal  4.782540e-01  8.782216e-01  0.000000e+00
   outer loop
     vertex -7.299371e+00 -1.423795e+01  1.200000e+01
     vertex -8.000000e+00 -1.385641e+01  0.000000e+00
     vertex -8.000000e+00 -1.385641e+01  1.200000e+01
   endloop
 endfacet
 facet normal  4.338837e-01  9.009689e-01  0.000000e+00
   outer loop
     vertex -6.580594e+00 -1.458409e+01  1.200000e+01
     vertex -6.580594e+00 -1.458409e+01  0.000000e+00
     vertex -7.299371e+00 -1.423795e+01  1.200000e+01
   endloop
 endfacet
 facet normal  3.884348e-01  9.214762e-01  0.000000e+00
   outer loop
     vertex -5.845456e+00 -1.489398e+01  1.200000e+01
     vertex -6.580594e+00 -1.458409e+01  0.000000e+00
     vertex -6.580594e+00 -1.458409e+01  1.200000e+01
   endloop
 endfacet
 facet normal  3.884348e-01  9.214762e-01  0.000000e+00
   outer loop
     vertex -5.845456e+00 -1.489398e+01  1.200000e+01
     vertex -5.845456e+00 -1.489398e+01  0.000000e+00
     vertex -6.580594e+00 -1.458409e+01  0.000000e+00
   endloop
 endfacet
 facet normal  3.420201e-01  9.396926e-01  0.000000e+00
   outer loop
     vertex -5.095786e+00 -1.516684e+01  1.200000e+01
     vertex -5.845456e+00 -1.489398e+01  0.000000e+00
     vertex -5.845456e+00 -1.489398e+01  1.200000e+01
   endloop
 endfacet
 facet normal  3.420201e-01  9.396926e-01  0.000000e+00
   outer loop
     vertex -5.095786e+00 -1.516684e+01  1.200000e+01
     vertex -5.095786e+00 -1.516684e+01  0.000000e+00
     vertex -5.845456e+00 -1.489398e+01  0.000000e+00
   endloop
 endfacet
 facet normal  2.947552e-01  9.555728e-01  0.000000e+00
   outer loop
     vertex -5.095786e+00 -1.516684e+01  1.200000e+01
     vertex -4.333447e+00 -1.540199e+01  0.000000e+00
     vertex -5.095786e+00 -1.516684e+01  0.000000e+00
   endloop
 endfacet
 facet normal  2.947552e-01  9.555728e-01  0.000000e+00
   outer loop
     vertex -4.333447e+00 -1.540199e+01  1.200000e+01
     vertex -4.333447e+00 -1.540199e+01  0.000000e+00
     vertex -5.095786e+00 -1.516684e+01  1.200000e+01
   endloop
 endfacet
 facet normal  2.467574e-01  9.690773e-01  0.000000e+00
   outer loop
     vertex -3.560335e+00 -1.559885e+01  1.200000e+01
     vertex -4.333447e+00 -1.540199e+01  0.000000e+00
     vertex -4.333447e+00 -1.540199e+01  1.200000e+01
   endloop
 endfacet
 facet normal  2.467574e-01  9.690773e-01  0.000000e+00
   outer loop
     vertex -3.560335e+00 -1.559885e+01  1.200000e+01
     vertex -3.560335e+00 -1.559885e+01  0.000000e+00
     vertex -4.333447e+00 -1.540199e+01  0.000000e+00
   endloop
 endfacet
 facet normal  1.981461e-01  9.801725e-01  0.000000e+00
   outer loop
     vertex -2.778371e+00 -1.575692e+01  1.200000e+01
     vertex -3.560335e+00 -1.559885e+01  0.000000e+00
     vertex -3.560335e+00 -1.559885e+01  1.200000e+01
   endloop
 endfacet
 facet normal  1.981461e-01  9.801725e-01  0.000000e+00
   outer loop
     vertex -2.778371e+00 -1.575692e+01  1.200000e+01
     vertex -2.778371e+00 -1.575692e+01  0.000000e+00
     vertex -3.560335e+00 -1.559885e+01  0.000000e+00
   endloop
 endfacet
 facet normal  1.490423e-01  9.888308e-01  0.000000e+00
   outer loop
     vertex -2.778371e+00 -1.575692e+01  1.200000e+01
     vertex -1.989499e+00 -1.587583e+01  0.000000e+00
     vertex -2.778371e+00 -1.575692e+01  0.000000e+00
   endloop
 endfacet
 facet normal  1.490423e-01  9.888308e-01  0.000000e+00
   outer loop
     vertex -1.989499e+00 -1.587583e+01  1.200000e+01
     vertex -1.989499e+00 -1.587583e+01  0.000000e+00
     vertex -2.778371e+00 -1.575692e+01  1.200000e+01
   endloop
 endfacet
 facet normal  9.956785e-02  9.950308e-01  0.000000e+00
   outer loop
     vertex -1.195681e+00 -1.595526e+01  1.200000e+01
     vertex -1.195681e+00 -1.595526e+01  0.000000e+00
     vertex -1.989499e+00 -1.587583e+01  0.000000e+00
   endloop
 endfacet
 facet normal  9.956785e-02  9.950308e-01  0.000000e+00
   outer loop
     vertex -1.195681e+00 -1.595526e+01  1.200000e+01
     vertex -1.989499e+00 -1.587583e+01  0.000000e+00
     vertex -1.989499e+00 -1.587583e+01  1.200000e+01
   endloop
 endfacet
 facet normal  4.984589e-02  9.987569e-01  0.000000e+00
   outer loop
     vertex -3.988911e-01 -1.599503e+01  1.200000e+01
     vertex -3.988911e-01 -1.599503e+01  0.000000e+00
     vertex -1.195681e+00 -1.595526e+01  0.000000e+00
   endloop
 endfacet
 facet normal  4.984589e-02  9.987569e-01  0.000000e+00
   outer loop
     vertex -3.988911e-01 -1.599503e+01  1.200000e+01
     vertex -1.195681e+00 -1.595526e+01  0.000000e+00
     vertex -1.195681e+00 -1.595526e+01  1.200000e+01
   endloop
 endfacet
 facet normal -8.906476e-15  1.000000e+00  0.000000e+00
   outer loop
     vertex  3.988911e-01 -1.599503e+01  1.200000e+01
     vertex  3.988911e-01 -1.599503e+01  0.000000e+00
     vertex -3.988911e-01 -1.599503e+01  0.000000e+00
   endloop
 endfacet
 facet normal -8.906476e-15  1.000000e+00  0.000000e+00
   outer loop
     vertex  3.988911e-01 -1.599503e+01  1.200000e+01
     vertex -3.988911e-01 -1.599503e+01  0.000000e+00
     vertex -3.988911e-01 -1.599503e+01  1.200000e+01
   endloop
 endfacet
 facet normal -4.984589e-02  9.987569e-01  0.000000e+00
   outer loop
     vertex  1.195681e+00 -1.595526e+01  1.200000e+01
     vertex  1.195681e+00 -1.595526e+01  0.000000e+00
     vertex  3.988911e-01 -1.599503e+01  0.000000e+00
   endloop
 endfacet
 facet normal -4.984589e-02  9.987569e-01  0.000000e+00
   outer loop
     vertex  1.195681e+00 -1.595526e+01  1.200000e+01
     vertex  3.988911e-01 -1.599503e+01  0.000000e+00
     vertex  3.988911e-01 -1.599503e+01  1.200000e+01
   endloop
 endfacet
 facet normal -9.956785e-02  9.950308e-01  0.000000e+00
   outer loop
     vertex  1.989499e+00 -1.587583e+01  1.200000e+01
     vertex  1.989499e+00 -1.587583e+01  0.000000e+00
     vertex  1.195681e+00 -1.595526e+01  0.000000e+00
   endloop
 endfacet
 facet normal -1.490423e-01  9.888308e-01  0.000000e+00
   outer loop
     vertex  1.989499e+00 -1.587583e+01  1.200000e+01
     vertex  2.778371e+00 -1.575692e+01  0.000000e+00
     vertex  1.989499e+00 -1.587583e+01  0.000000e+00
   endloop
 endfacet
 facet normal -9.956785e-02  9.950308e-01  0.000000e+00
   outer loop
     vertex  1.989499e+00 -1.587583e+01  1.200000e+01
     vertex  1.195681e+00 -1.595526e+01  0.000000e+00
     vertex  1.195681e+00 -1.595526e+01  1.200000e+01
   endloop
 endfacet
 facet normal -1.490423e-01  9.888308e-01  0.000000e+00
   outer loop
     vertex  2.778371e+00 -1.575692e+01  1.200000e+01
     vertex  2.778371e+00 -1.575692e+01  0.000000e+00
     vertex  1.989499e+00 -1.587583e+01  1.200000e+01
   endloop
 endfacet
 facet normal -1.981461e-01  9.801725e-01  0.000000e+00
   outer loop
     vertex  3.560335e+00 -1.559885e+01  1.200000e+01
     vertex  3.560335e+00 -1.559885e+01  0.000000e+00
     vertex  2.778371e+00 -1.575692e+01  0.000000e+00
   endloop
 endfacet
 facet normal -1.981461e-01  9.801725e-01  0.000000e+00
   outer loop
     vertex  3.560335e+00 -1.559885e+01  1.200000e+01
     vertex  2.778371e+00 -1.575692e+01  0.000000e+00
     vertex  2.778371e+00 -1.575692e+01  1.200000e+01
   endloop
 endfacet
 facet normal -2.467574e-01  9.690773e-01  0.000000e+00
   outer loop
     vertex  4.333447e+00 -1.540199e+01  1.200000e+01
     vertex  4.333447e+00 -1.540199e+01  0.000000e+00
     vertex  3.560335e+00 -1.559885e+01  0.000000e+00
   endloop
 endfacet
 facet normal -2.947552e-01  9.555728e-01  0.000000e+00
   outer loop
     vertex  4.333447e+00 -1.540199e+01  1.200000e+01
     vertex  5.095786e+00 -1.516684e+01  0.000000e+00
     vertex  4.333447e+00 -1.540199e+01  0.000000e+00
   endloop
 endfacet
 facet normal -2.467574e-01  9.690773e-01  0.000000e+00
   outer loop
     vertex  4.333447e+00 -1.540199e+01  1.200000e+01
     vertex  3.560335e+00 -1.559885e+01  0.000000e+00
     vertex  3.560335e+00 -1.559885e+01  1.200000e+01
   endloop
 endfacet
 facet normal -2.947552e-01  9.555728e-01  0.000000e+00
   outer loop
     vertex  5.095786e+00 -1.516684e+01  1.200000e+01
     vertex  5.095786e+00 -1.516684e+01  0.000000e+00
     vertex  4.333447e+00 -1.540199e+01  1.200000e+01
   endloop
 endfacet
 facet normal -3.420201e-01  9.396926e-01  0.000000e+00
   outer loop
     vertex  5.845456e+00 -1.489398e+01  1.200000e+01
     vertex  5.845456e+00 -1.489398e+01  0.000000e+00
     vertex  5.095786e+00 -1.516684e+01  0.000000e+00
   endloop
 endfacet
 facet normal -3.420201e-01  9.396926e-01  0.000000e+00
   outer loop
     vertex  5.845456e+00 -1.489398e+01  1.200000e+01
     vertex  5.095786e+00 -1.516684e+01  0.000000e+00
     vertex  5.095786e+00 -1.516684e+01  1.200000e+01
   endloop
 endfacet
 facet normal -3.884348e-01  9.214762e-01  0.000000e+00
   outer loop
     vertex  6.580594e+00 -1.458409e+01  1.200000e+01
     vertex  6.580594e+00 -1.458409e+01  0.000000e+00
     vertex  5.845456e+00 -1.489398e+01  0.000000e+00
   endloop
 endfacet
 facet normal -3.884348e-01  9.214762e-01  0.000000e+00
   outer loop
     vertex  6.580594e+00 -1.458409e+01  1.200000e+01
     vertex  5.845456e+00 -1.489398e+01  0.000000e+00
     vertex  5.845456e+00 -1.489398e+01  1.200000e+01
   endloop
 endfacet
 facet normal -4.338837e-01  9.009689e-01  0.000000e+00
   outer loop
     vertex  7.299371e+00 -1.423795e+01  1.200000e+01
     vertex  7.299371e+00 -1.423795e+01  0.000000e+00
     vertex  6.580594e+00 -1.458409e+01  0.000000e+00
   endloop
 endfacet
 facet normal -4.338837e-01  9.009689e-01  0.000000e+00
   outer loop
     vertex  7.299371e+00 -1.423795e+01  1.200000e+01
     vertex  6.580594e+00 -1.458409e+01  0.000000e+00
     vertex  6.580594e+00 -1.458409e+01  1.200000e+01
   endloop
 endfacet
 facet normal -4.782540e-01  8.782216e-01  0.000000e+00
   outer loop
     vertex  8.000000e+00 -1.385641e+01  1.200000e+01
     vertex  8.000000e+00 -1.385641e+01  0.000000e+00
     vertex  7.299371e+00 -1.423795e+01  0.000000e+00
   endloop
 endfacet
 facet normal -4.782540e-01  8.782216e-01  0.000000e+00
   outer loop
     vertex  8.000000e+00 -1.385641e+01  1.200000e+01
     vertex  7.299371e+00 -1.423795e+01  0.000000e+00
     vertex  7.299371e+00 -1.423795e+01  1.200000e+01
   endloop
 endfacet
 facet normal -5.214352e-01  8.532909e-01  0.000000e+00
   outer loop
     vertex  8.680740e+00 -1.344041e+01  1.200000e+01
     vertex  8.680740e+00 -1.344041e+01  0.000000e+00
     vertex  8.000000e+00 -1.385641e+01  0.000000e+00
   endloop
 endfacet
 facet normal -5.633201e-01  8.262388e-01  0.000000e+00
   outer loop
     vertex  8.680740e+00 -1.344041e+01  1.200000e+01
     vertex  9.339899e+00 -1.299101e+01  0.000000e+00
     vertex  8.680740e+00 -1.344041e+01  0.000000e+00
   endloop
 endfacet
 facet normal -5.214352e-01  8.532909e-01  0.000000e+00
   outer loop
     vertex  8.680740e+00 -1.344041e+01  1.200000e+01
     vertex  8.000000e+00 -1.385641e+01  0.000000e+00
     vertex  8.000000e+00 -1.385641e+01  1.200000e+01
   endloop
 endfacet
 facet normal -5.633201e-01  8.262388e-01  0.000000e+00
   outer loop
     vertex  9.339899e+00 -1.299101e+01  1.200000e+01
     vertex  9.339899e+00 -1.299101e+01  0.000000e+00
     vertex  8.680740e+00 -1.344041e+01  1.200000e+01
   endloop
 endfacet
 facet normal -6.038044e-01  7.971325e-01  0.000000e+00
   outer loop
     vertex  9.975837e+00 -1.250930e+01  1.200000e+01
     vertex  9.975837e+00 -1.250930e+01  0.000000e+00
     vertex  9.339899e+00 -1.299101e+01  0.000000e+00
   endloop
 endfacet
 facet normal -6.427876e-01  7.660444e-01  0.000000e+00
   outer loop
     vertex  9.975837e+00 -1.250930e+01  1.200000e+01
     vertex  1.058697e+01 -1.199650e+01  0.000000e+00
     vertex  9.975837e+00 -1.250930e+01  0.000000e+00
   endloop
 endfacet
 facet normal -6.038044e-01  7.971325e-01  0.000000e+00
   outer loop
     vertex  9.975837e+00 -1.250930e+01  1.200000e+01
     vertex  9.339899e+00 -1.299101e+01  0.000000e+00
     vertex  9.339899e+00 -1.299101e+01  1.200000e+01
   endloop
 endfacet
 facet normal -6.427876e-01  7.660444e-01  0.000000e+00
   outer loop
     vertex  1.058697e+01 -1.199650e+01  1.200000e+01
     vertex  1.058697e+01 -1.199650e+01  0.000000e+00
     vertex  9.975837e+00 -1.250930e+01  1.200000e+01
   endloop
 endfacet
 facet normal -6.801727e-01  7.330519e-01  0.000000e+00
   outer loop
     vertex  1.117179e+01 -1.145387e+01  1.200000e+01
     vertex  1.117179e+01 -1.145387e+01  0.000000e+00
     vertex  1.058697e+01 -1.199650e+01  0.000000e+00
   endloop
 endfacet
 facet normal -6.801727e-01  7.330519e-01  0.000000e+00
   outer loop
     vertex  1.117179e+01 -1.145387e+01  1.200000e+01
     vertex  1.058697e+01 -1.199650e+01  0.000000e+00
     vertex  1.058697e+01 -1.199650e+01  1.200000e+01
   endloop
 endfacet
 facet normal -7.158668e-01  6.982368e-01  0.000000e+00
   outer loop
     vertex  1.172883e+01 -1.088276e+01  1.200000e+01
     vertex  1.172883e+01 -1.088276e+01  0.000000e+00
     vertex  1.117179e+01 -1.145387e+01  0.000000e+00
   endloop
 endfacet
 facet normal -7.158668e-01  6.982368e-01  0.000000e+00
   outer loop
     vertex  1.172883e+01 -1.088276e+01  1.200000e+01
     vertex  1.117179e+01 -1.145387e+01  0.000000e+00
     vertex  1.117179e+01 -1.145387e+01  1.200000e+01
   endloop
 endfacet
 facet normal -7.497812e-01  6.616858e-01  0.000000e+00
   outer loop
     vertex  1.225671e+01 -1.028460e+01  1.200000e+01
     vertex  1.225671e+01 -1.028460e+01  0.000000e+00
     vertex  1.172883e+01 -1.088276e+01  0.000000e+00
   endloop
 endfacet
 facet normal -7.497812e-01  6.616858e-01  0.000000e+00
   outer loop
     vertex  1.225671e+01 -1.028460e+01  1.200000e+01
     vertex  1.172883e+01 -1.088276e+01  0.000000e+00
     vertex  1.172883e+01 -1.088276e+01  1.200000e+01
   endloop
 endfacet
 facet normal -7.818315e-01  6.234898e-01  0.000000e+00
   outer loop
     vertex  1.275412e+01 -9.660871e+00  1.200000e+01
     vertex  1.225671e+01 -1.028460e+01  0.000000e+00
     vertex  1.225671e+01 -1.028460e+01  1.200000e+01
   endloop
 endfacet
 facet normal -7.818315e-01  6.234898e-01  0.000000e+00
   outer loop
     vertex  1.275412e+01 -9.660871e+00  1.200000e+01
     vertex  1.275412e+01 -9.660871e+00  0.000000e+00
     vertex  1.225671e+01 -1.028460e+01  0.000000e+00
   endloop
 endfacet
 facet normal -8.119380e-01  5.837437e-01  0.000000e+00
   outer loop
     vertex  1.321982e+01 -9.013121e+00  1.200000e+01
     vertex  1.275412e+01 -9.660871e+00  0.000000e+00
     vertex  1.275412e+01 -9.660871e+00  1.200000e+01
   endloop
 endfacet
 facet normal -8.119380e-01  5.837437e-01  0.000000e+00
   outer loop
     vertex  1.321982e+01 -9.013121e+00  1.200000e+01
     vertex  1.321982e+01 -9.013121e+00  0.000000e+00
     vertex  1.275412e+01 -9.660871e+00  0.000000e+00
   endloop
 endfacet
 facet normal -8.400259e-01  5.425463e-01  0.000000e+00
   outer loop
     vertex  1.365265e+01 -8.342963e+00  1.200000e+01
     vertex  1.321982e+01 -9.013121e+00  0.000000e+00
     vertex  1.321982e+01 -9.013121e+00  1.200000e+01
   endloop
 endfacet
 facet normal -8.400259e-01  5.425463e-01  0.000000e+00
   outer loop
     vertex  1.365265e+01 -8.342963e+00  1.200000e+01
     vertex  1.365265e+01 -8.342963e+00  0.000000e+00
     vertex  1.321982e+01 -9.013121e+00  0.000000e+00
   endloop
 endfacet
 facet normal -8.660254e-01  5.000000e-01  0.000000e+00
   outer loop
     vertex  1.405155e+01 -7.652064e+00  1.200000e+01
     vertex  1.365265e+01 -8.342963e+00  0.000000e+00
     vertex  1.365265e+01 -8.342963e+00  1.200000e+01
   endloop
 endfacet
 facet normal -8.660254e-01  5.000000e-01  0.000000e+00
   outer loop
     vertex  1.405155e+01 -7.652064e+00  1.200000e+01
     vertex  1.405155e+01 -7.652064e+00  0.000000e+00
     vertex  1.365265e+01 -8.342963e+00  0.000000e+00
   endloop
 endfacet
 facet normal -8.898718e-01  4.562107e-01  0.000000e+00
   outer loop
     vertex  1.441550e+01 -6.942140e+00  1.200000e+01
     vertex  1.405155e+01 -7.652064e+00  0.000000e+00
     vertex  1.405155e+01 -7.652064e+00  1.200000e+01
   endloop
 endfacet
 facet normal -8.898718e-01  4.562107e-01  0.000000e+00
   outer loop
     vertex  1.441550e+01 -6.942140e+00  1.200000e+01
     vertex  1.441550e+01 -6.942140e+00  0.000000e+00
     vertex  1.405155e+01 -7.652064e+00  0.000000e+00
   endloop
 endfacet
 facet normal -9.115059e-01  4.112871e-01  0.000000e+00
   outer loop
     vertex  1.474362e+01 -6.214957e+00  1.200000e+01
     vertex  1.441550e+01 -6.942140e+00  0.000000e+00
     vertex  1.441550e+01 -6.942140e+00  1.200000e+01
   endloop
 endfacet
 facet normal -9.115059e-01  4.112871e-01  0.000000e+00
   outer loop
     vertex  1.474362e+01 -6.214957e+00  1.200000e+01
     vertex  1.474362e+01 -6.214957e+00  0.000000e+00
     vertex  1.441550e+01 -6.942140e+00  0.000000e+00
   endloop
 endfacet
 facet normal -9.308737e-01  3.653410e-01  0.000000e+00
   outer loop
     vertex  1.503508e+01 -5.472322e+00  1.200000e+01
     vertex  1.474362e+01 -6.214957e+00  0.000000e+00
     vertex  1.474362e+01 -6.214957e+00  1.200000e+01
   endloop
 endfacet
 facet normal -9.308737e-01  3.653410e-01  0.000000e+00
   outer loop
     vertex  1.503508e+01 -5.472322e+00  1.200000e+01
     vertex  1.503508e+01 -5.472322e+00  0.000000e+00
     vertex  1.474362e+01 -6.214957e+00  0.000000e+00
   endloop
 endfacet
 facet normal -9.479273e-01  3.184867e-01  0.000000e+00
   outer loop
     vertex  1.528916e+01 -4.716083e+00  1.200000e+01
     vertex  1.503508e+01 -5.472322e+00  0.000000e+00
     vertex  1.503508e+01 -5.472322e+00  1.200000e+01
   endloop
 endfacet
 facet normal -9.479273e-01  3.184867e-01  0.000000e+00
   outer loop
     vertex  1.528916e+01 -4.716083e+00  1.200000e+01
     vertex  1.528916e+01 -4.716083e+00  0.000000e+00
     vertex  1.503508e+01 -5.472322e+00  0.000000e+00
   endloop
 endfacet
 facet normal -9.626242e-01  2.708405e-01  0.000000e+00
   outer loop
     vertex  1.550524e+01 -3.948118e+00  1.200000e+01
     vertex  1.528916e+01 -4.716083e+00  0.000000e+00
     vertex  1.528916e+01 -4.716083e+00  1.200000e+01
   endloop
 endfacet
 facet normal -9.626242e-01  2.708405e-01  0.000000e+00
   outer loop
     vertex  1.550524e+01 -3.948118e+00  1.200000e+01
     vertex  1.550524e+01 -3.948118e+00  0.000000e+00
     vertex  1.528916e+01 -4.716083e+00  0.000000e+00
   endloop
 endfacet
 facet normal -9.749279e-01  2.225209e-01  0.000000e+00
   outer loop
     vertex  1.568276e+01 -3.170338e+00  1.200000e+01
     vertex  1.550524e+01 -3.948118e+00  0.000000e+00
     vertex  1.550524e+01 -3.948118e+00  1.200000e+01
   endloop
 endfacet
 facet normal -9.749279e-01  2.225209e-01  0.000000e+00
   outer loop
     vertex  1.568276e+01 -3.170338e+00  1.200000e+01
     vertex  1.568276e+01 -3.170338e+00  0.000000e+00
     vertex  1.550524e+01 -3.948118e+00  0.000000e+00
   endloop
 endfacet
 facet normal -9.848078e-01  1.736482e-01  0.000000e+00
   outer loop
     vertex  1.582129e+01 -2.384676e+00  1.200000e+01
     vertex  1.568276e+01 -3.170338e+00  0.000000e+00
     vertex  1.568276e+01 -3.170338e+00  1.200000e+01
   endloop
 endfacet
 facet normal -9.848078e-01  1.736482e-01  0.000000e+00
   outer loop
     vertex  1.582129e+01 -2.384676e+00  1.200000e+01
     vertex  1.582129e+01 -2.384676e+00  0.000000e+00
     vertex  1.568276e+01 -3.170338e+00  0.000000e+00
   endloop
 endfacet
 facet normal -9.922392e-01  1.243437e-01  0.000000e+00
   outer loop
     vertex  1.592049e+01 -1.593086e+00  1.200000e+01
     vertex  1.592049e+01 -1.593086e+00  0.000000e+00
     vertex  1.582129e+01 -2.384676e+00  0.000000e+00
   endloop
 endfacet
 facet normal -9.922392e-01  1.243437e-01  0.000000e+00
   outer loop
     vertex  1.592049e+01 -1.593086e+00  1.200000e+01
     vertex  1.582129e+01 -2.384676e+00  0.000000e+00
     vertex  1.582129e+01 -2.384676e+00  1.200000e+01
   endloop
 endfacet
 facet normal -9.972038e-01  7.473009e-02  0.000000e+00
   outer loop
     vertex  1.598011e+01 -7.975342e-01  1.200000e+01
     vertex  1.592049e+01 -1.593086e+00  0.000000e+00
     vertex  1.592049e+01 -1.593086e+00  1.200000e+01
   endloop
 endfacet
 facet normal -9.972038e-01  7.473009e-02  0.000000e+00
   outer loop
     vertex  1.598011e+01 -7.975342e-01  1.200000e+01
     vertex  1.598011e+01 -7.975342e-01  0.000000e+00
     vertex  1.592049e+01 -1.593086e+00  0.000000e+00
   endloop
 endfacet
 facet normal -9.996892e-01  2.493069e-02  0.000000e+00
   outer loop
     vertex  1.600000e+01 -3.918870e-15  1.200000e+01
     vertex  1.600000e+01 -3.918870e-15  0.000000e+00
     vertex  1.598011e+01 -7.975342e-01  0.000000e+00
   endloop
 endfacet
 facet normal -9.996892e-01  2.493069e-02  0.000000e+00
   outer loop
     vertex  1.600000e+01 -3.918870e-15  1.200000e+01
     vertex  1.598011e+01 -7.975342e-01  0.000000e+00
     vertex  1.598011e+01 -7.975342e-01  1.200000e+01
   endloop
 endfacet
 facet normal  0.000000e+00  0.000000e+00 -1.000000e+00
   outer loop
     vertex -6.100000e+00 -6.100000e+00  1.200000e+01
     vertex -1.598011e+01 -7.975342e-01  1.200000e+01
     vertex -1.600000e+01 -5.488398e-14  1.200000e+01
   endloop
 endfacet
 facet normal  0.000000e+00  0.000000e+00 -1.000000e+00
   outer loop
     vertex -6.100000e+00 -6.100000e+00  1.200000e+01
     vertex -1.592049e+01 -1.593086e+00  1.200000e+01
     vertex -1.598011e+01 -7.975342e-01  1.200000e+01
   endloop
 endfacet
 facet normal  0.000000e+00  0.000000e+00 -1.000000e+00
   outer loop
     vertex -6.100000e+00 -6.100000e+00  1.200000e+01
     vertex -1.582129e+01 -2.384676e+00  1.200000e+01
     vertex -1.592049e+01 -1.593086e+00  1.200000e+01
   endloop
 endfacet
 facet normal  0.000000e+00  0.000000e+00 -1.000000e+00
   outer loop
     vertex -6.100000e+00 -6.100000e+00  1.200000e+01
     vertex -1.568276e+01 -3.170338e+00  1.200000e+01
     vertex -1.582129e+01 -2.384676e+00  1.200000e+01
   endloop
 endfacet
 facet normal  0.000000e+00  0.000000e+00 -1.000000e+00
   outer loop
     vertex -6.100000e+00 -6.100000e+00  1.200000e+01
     vertex -1.550524e+01 -3.948118e+00  1.200000e+01
     vertex -1.568276e+01 -3.170338e+00  1.200000e+01
   endloop
 endfacet
 facet normal  0.000000e+00  0.000000e+00 -1.000000e+00
   outer loop
     vertex -6.100000e+00 -6.100000e+00  1.200000e+01
     vertex -1.528916e+01 -4.716083e+00  1.200000e+01
     vertex -1.550524e+01 -3.948118e+00  1.200000e+01
   endloop
 endfacet
 facet normal  0.000000e+00  0.000000e+00 -1.000000e+00
   outer loop
     vertex -6.100000e+00 -6.100000e+00  1.200000e+01
     vertex -1.503508e+01 -5.472322e+00  1.200000e+01
     vertex -1.528916e+01 -4.716083e+00  1.200000e+01
   endloop
 endfacet
 facet normal -0.000000e+00  0.000000e+00 -1.000000e+00
   outer loop
     vertex -6.100000e+00 -6.100000e+00  1.200000e+01
     vertex -1.474362e+01 -6.214957e+00  1.200000e+01
     vertex -1.503508e+01 -5.472322e+00  1.200000e+01
   endloop
 endfacet
 facet normal  0.000000e+00  0.000000e+00 -1.000000e+00
   outer loop
     vertex -6.100000e+00 -6.100000e+00  1.200000e+01
     vertex -1.441550e+01 -6.942140e+00  1.200000e+01
     vertex -1.474362e+01 -6.214957e+00  1.200000e+01
   endloop
 endfacet
 facet normal  0.000000e+00  0.000000e+00 -1.000000e+00
   outer loop
     vertex -6.100000e+00 -6.100000e+00  1.200000e+01
     vertex -1.405155e+01 -7.652064e+00  1.200000e+01
     vertex -1.441550e+01 -6.942140e+00  1.200000e+01
   endloop
 endfacet
 facet normal  0.000000e+00  0.000000e+00 -1.000000e+00
   outer loop
     vertex -6.100000e+00 -6.100000e+00  1.200000e+01
     vertex -1.365265e+01 -8.342963e+00  1.200000e+01
     vertex -1.405155e+01 -7.652064e+00  1.200000e+01
   endloop
 endfacet
 facet normal  0.000000e+00  0.000000e+00 -1.000000e+00
   outer loop
     vertex -6.100000e+00 -6.100000e+00  1.200000e+01
     vertex -1.321982e+01 -9.013121e+00  1.200000e+01
     vertex -1.365265e+01 -8.342963e+00  1.200000e+01
   endloop
 endfacet
 facet normal  0.000000e+00  0.000000e+00 -1.000000e+00
   outer loop
     vertex -6.100000e+00 -6.100000e+00  1.200000e+01
     vertex -1.275412e+01 -9.660871e+00  1.200000e+01
     vertex -1.321982e+01 -9.013121e+00  1.200000e+01
   endloop
 endfacet
 facet normal  0.000000e+00  0.000000e+00 -1.000000e+00
   outer loop
     vertex -6.100000e+00 -6.100000e+00  1.200000e+01
     vertex -1.225671e+01 -1.028460e+01  1.200000e+01
     vertex -1.275412e+01 -9.660871e+00  1.200000e+01
   endloop
 endfacet
 facet normal  0.000000e+00  0.000000e+00 -1.000000e+00
   outer loop
     vertex -6.100000e+00 -6.100000e+00  1.200000e+01
     vertex -1.172883e+01 -1.088276e+01  1.200000e+01
     vertex -1.225671e+01 -1.028460e+01  1.200000e+01
   endloop
 endfacet
 facet normal  0.000000e+00  0.000000e+00 -1.000000e+00
   outer loop
     vertex -6.100000e+00 -6.100000e+00  1.200000e+01
     vertex -1.117179e+01 -1.145387e+01  1.200000e+01
     vertex -1.172883e+01 -1.088276e+01  1.200000e+01
   endloop
 endfacet
 facet normal  0.000000e+00  0.000000e+00 -1.000000e+00
   outer loop
     vertex -6.100000e+00 -6.100000e+00  1.200000e+01
     vertex -1.058697e+01 -1.199650e+01  1.200000e+01
     vertex -1.117179e+01 -1.145387e+01  1.200000e+01
   endloop
 endfacet
 facet normal  0.000000e+00  0.000000e+00 -1.000000e+00
   outer loop
     vertex -6.100000e+00 -6.100000e+00  1.200000e+01
     vertex -9.975837e+00 -1.250930e+01  1.200000e+01
     vertex -1.058697e+01 -1.199650e+01  1.200000e+01
   endloop
 endfacet
 facet normal  0.000000e+00  0.000000e+00 -1.000000e+00
   outer loop
     vertex -6.100000e+00 -6.100000e+00  1.200000e+01
     vertex -9.339899e+00 -1.299101e+01  1.200000e+01
     vertex -9.975837e+00 -1.250930e+01  1.200000e+01
   endloop
 endfacet
 facet normal  0.000000e+00  0.000000e+00 -1.000000e+00
   outer loop
     vertex -6.100000e+00 -6.100000e+00  1.200000e+01
     vertex -8.680740e+00 -1.344041e+01  1.200000e+01
     vertex -9.339899e+00 -1.299101e+01  1.200000e+01
   endloop
 endfacet
 facet normal  0.000000e+00  0.000000e+00 -1.000000e+00
   outer loop
     vertex -6.100000e+00 -6.100000e+00  1.200000e+01
     vertex -8.000000e+00 -1.385641e+01  1.200000e+01
     vertex -8.680740e+00 -1.344041e+01  1.200000e+01
   endloop
 endfacet
 facet normal  0.000000e+00  0.000000e+00 -1.000000e+00
   outer loop
     vertex -6.100000e+00 -6.100000e+00  1.200000e+01
     vertex -7.299371e+00 -1.423795e+01  1.200000e+01
     vertex -8.000000e+00 -1.385641e+01  1.200000e+01
   endloop
 endfacet
 facet normal  0.000000e+00  0.000000e+00 -1.000000e+00
   outer loop
     vertex -6.100000e+00 -6.100000e+00  1.200000e+01
     vertex -6.580594e+00 -1.458409e+01  1.200000e+01
     vertex -7.299371e+00 -1.423795e+01  1.200000e+01
   endloop
 endfacet
 facet normal  0.000000e+00 -0.000000e+00 -1.000000e+00
   outer loop
     vertex -6.100000e+00 -6.100000e+00  1.200000e+01
     vertex -5.845456e+00 -1.489398e+01  1.200000e+01
     vertex -6.580594e+00 -1.458409e+01  1.200000e+01
   endloop
 endfacet
 facet normal  0.000000e+00  0.000000e+00 -1.000000e+00
   outer loop
     vertex -6.100000e+00 -6.100000e+00  1.200000e+01
     vertex -5.095786e+00 -1.516684e+01  1.200000e+01
     vertex -5.845456e+00 -1.489398e+01  1.200000e+01
   endloop
 endfacet
 facet normal  0.000000e+00  0.000000e+00 -1.000000e+00
   outer loop
     vertex -6.100000e+00 -6.100000e+00  1.200000e+01
     vertex -4.333447e+00 -1.540199e+01  1.200000e+01
     vertex -5.095786e+00 -1.516684e+01  1.200000e+01
   endloop
 endfacet
 facet normal  0.000000e+00  0.000000e+00 -1.000000e+00
   outer loop
     vertex -6.100000e+00 -6.100000e+00  1.200000e+01
     vertex -3.560335e+00 -1.559885e+01  1.200000e+01
     vertex -4.333447e+00 -1.540199e+01  1.200000e+01
   endloop
 endfacet
 facet normal  0.000000e+00  0.000000e+00 -1.000000e+00
   outer loop
     vertex -6.100000e+00 -6.100000e+00  1.200000e+01
     vertex -2.778371e+00 -1.575692e+01  1.200000e+01
     vertex -3.560335e+00 -1.559885e+01  1.200000e+01
   endloop
 endfacet
 facet normal  0.000000e+00  0.000000e+00 -1.000000e+00
   outer loop
     vertex -6.100000e+00 -6.100000e+00  1.200000e+01
     vertex -1.989499e+00 -1.587583e+01  1.200000e+01
     vertex -2.778371e+00 -1.575692e+01  1.200000e+01
   endloop
 endfacet
 facet normal  0.000000e+00  0.000000e+00 -1.000000e+00
   outer loop
     vertex -6.100000e+00 -6.100000e+00  1.200000e+01
     vertex -1.195681e+00 -1.595526e+01  1.200000e+01
     vertex -1.989499e+00 -1.587583e+01  1.200000e+01
   endloop
 endfacet
 facet normal  0.000000e+00  0.000000e+00 -1.000000e+00
   outer loop
     vertex -6.100000e+00 -6.100000e+00  1.200000e+01
     vertex -3.988911e-01 -1.599503e+01  1.200000e+01
     vertex -1.195681e+00 -1.595526e+01  1.200000e+01
   endloop
 endfacet
 facet normal  0.000000e+00  0.000000e+00 -1.000000e+00
   outer loop
     vertex -6.100000e+00  6.100000e+00  1.200000e+01
     vertex -1.225671e+01  1.028460e+01  1.200000e+01
     vertex -1.172883e+01  1.088276e+01  1.200000e+01
   endloop
 endfacet
 facet normal  0.000000e+00  0.000000e+00 -1.000000e+00
   outer loop
     vertex -6.100000e+00  6.100000e+00  1.200000e+01
     vertex -1.275412e+01  9.660871e+00  1.200000e+01
     vertex -1.225671e+01  1.028460e+01  1.200000e+01
   endloop
 endfacet
 facet normal  0.000000e+00  0.000000e+00 -1.000000e+00
   outer loop
     vertex -6.100000e+00  6.100000e+00  1.200000e+01
     vertex -1.321982e+01  9.013121e+00  1.200000e+01
     vertex -1.275412e+01  9.660871e+00  1.200000e+01
   endloop
 endfacet
 facet normal  0.000000e+00  0.000000e+00 -1.000000e+00
   outer loop
     vertex -6.100000e+00  6.100000e+00  1.200000e+01
     vertex -1.365265e+01  8.342963e+00  1.200000e+01
     vertex -1.321982e+01  9.013121e+00  1.200000e+01
   endloop
 endfacet
 facet normal  0.000000e+00  0.000000e+00 -1.000000e+00
   outer loop
     vertex -6.100000e+00  6.100000e+00  1.200000e+01
     vertex -1.405155e+01  7.652064e+00  1.200000e+01
     vertex -1.365265e+01  8.342963e+00  1.200000e+01
   endloop
 endfacet
 facet normal  0.000000e+00  0.000000e+00 -1.000000e+00
   outer loop
     vertex -6.100000e+00  6.100000e+00  1.200000e+01
     vertex -1.441550e+01  6.942140e+00  1.200000e+01
     vertex -1.405155e+01  7.652064e+00  1.200000e+01
   endloop
 endfacet
 facet normal  0.000000e+00  0.000000e+00 -1.000000e+00
   outer loop
     vertex -6.100000e+00  6.100000e+00  1.200000e+01
     vertex -1.474362e+01  6.214957e+00  1.200000e+01
     vertex -1.441550e+01  6.942140e+00  1.200000e+01
   endloop
 endfacet
 facet normal -0.000000e+00  0.000000e+00 -1.000000e+00
   outer loop
     vertex -6.100000e+00  6.100000e+00  1.200000e+01
     vertex -1.503508e+01  5.472322e+00  1.200000e+01
     vertex -1.474362e+01  6.214957e+00  1.200000e+01
   endloop
 endfacet
 facet normal  0.000000e+00  0.000000e+00 -1.000000e+00
   outer loop
     vertex -6.100000e+00  6.100000e+00  1.200000e+01
     vertex -1.528916e+01  4.716083e+00  1.200000e+01
     vertex -1.503508e+01  5.472322e+00  1.200000e+01
   endloop
 endfacet
 facet normal  0.000000e+00  0.000000e+00 -1.000000e+00
   outer loop
     vertex -6.100000e+00  6.100000e+00  1.200000e+01
     vertex -1.550524e+01  3.948118e+00  1.200000e+01
     vertex -1.528916e+01  4.716083e+00  1.200000e+01
   endloop
 endfacet
 facet normal  0.000000e+00  0.000000e+00 -1.000000e+00
   outer loop
     vertex -6.100000e+00  6.100000e+00  1.200000e+01
     vertex -1.568276e+01  3.170338e+00  1.200000e+01
     vertex -1.550524e+01  3.948118e+00  1.200000e+01
   endloop
 endfacet
 facet normal  0.000000e+00  0.000000e+00 -1.000000e+00
   outer loop
     vertex -6.100000e+00  6.100000e+00  1.200000e+01
     vertex -1.582129e+01  2.384676e+00  1.200000e+01
     vertex -1.568276e+01  3.170338e+00  1.200000e+01
   endloop
 endfacet
 facet normal  0.000000e+00  0.000000e+00 -1.000000e+00
   outer loop
     vertex -6.100000e+00  6.100000e+00  1.200000e+01
     vertex -1.592049e+01  1.593086e+00  1.200000e+01
     vertex -1.582129e+01  2.384676e+00  1.200000e+01
   endloop
 endfacet
 facet normal  0.000000e+00  0.000000e+00 -1.000000e+00
   outer loop
     vertex -6.100000e+00  6.100000e+00  1.200000e+01
     vertex -1.598011e+01  7.975342e-01  1.200000e+01
     vertex -1.592049e+01  1.593086e+00  1.200000e+01
   endloop
 endfacet
 facet normal  0.000000e+00  0.000000e+00 -1.000000e+00
   outer loop
     vertex -6.100000e+00  6.100000e+00  1.200000e+01
     vertex -1.600000e+01 -5.488398e-14  1.200000e+01
     vertex -1.598011e+01  7.975342e-01  1.200000e+01
   endloop
 endfacet
 facet normal  0.000000e+00 -0.000000e+00 -1.000000e+00
   outer loop
     vertex -6.100000e+00  6.100000e+00  1.200000e+01
     vertex -6.100000e+00 -6.100000e+00  1.200000e+01
     vertex -1.600000e+01 -5.488398e-14  1.200000e+01
   endloop
 endfacet
 facet normal  0.000000e+00  0.000000e+00 -1.000000e+00
   outer loop
     vertex  6.100000e+00 -6.100000e+00  1.200000e+01
     vertex  5.095786e+00 -1.516684e+01  1.200000e+01
     vertex  4.333447e+00 -1.540199e+01  1.200000e+01
   endloop
 endfacet
 facet normal  0.000000e+00  0.000000e+00 -1.000000e+00
   outer loop
     vertex  6.100000e+00 -6.100000e+00  1.200000e+01
     vertex  5.845456e+00 -1.489398e+01  1.200000e+01
     vertex  5.095786e+00 -1.516684e+01  1.200000e+01
   endloop
 endfacet
 facet normal  0.000000e+00 -0.000000e+00 -1.000000e+00
   outer loop
     vertex  6.100000e+00 -6.100000e+00  1.200000e+01
     vertex  6.580594e+00 -1.458409e+01  1.200000e+01
     vertex  5.845456e+00 -1.489398e+01  1.200000e+01
   endloop
 endfacet
 facet normal  0.000000e+00  0.000000e+00 -1.000000e+00
   outer loop
     vertex  6.100000e+00 -6.100000e+00  1.200000e+01
     vertex  7.299371e+00 -1.423795e+01  1.200000e+01
     vertex  6.580594e+00 -1.458409e+01  1.200000e+01
   endloop
 endfacet
 facet normal  0.000000e+00  0.000000e+00 -1.000000e+00
   outer loop
     vertex  6.100000e+00 -6.100000e+00  1.200000e+01
     vertex  8.000000e+00 -1.385641e+01  1.200000e+01
     vertex  7.299371e+00 -1.423795e+01  1.200000e+01
   endloop
 endfacet
 facet normal  0.000000e+00  0.000000e+00 -1.000000e+00
   outer loop
     vertex  6.100000e+00 -6.100000e+00  1.200000e+01
     vertex  8.680740e+00 -1.344041e+01  1.200000e+01
     vertex  8.000000e+00 -1.385641e+01  1.200000e+01
   endloop
 endfacet
 facet normal  0.000000e+00  0.000000e+00 -1.000000e+00
   outer loop
     vertex  6.100000e+00 -6.100000e+00  1.200000e+01
     vertex  9.339899e+00 -1.299101e+01  1.200000e+01
     vertex  8.680740e+00 -1.344041e+01  1.200000e+01
   endloop
 endfacet
 facet normal  0.000000e+00  0.000000e+00 -1.000000e+00
   outer loop
     vertex  6.100000e+00 -6.100000e+00  1.200000e+01
     vertex  9.975837e+00 -1.250930e+01  1.200000e+01
     vertex  9.339899e+00 -1.299101e+01  1.200000e+01
   endloop
 endfacet
 facet normal  0.000000e+00  0.000000e+00 -1.000000e+00
   outer loop
     vertex  6.100000e+00 -6.100000e+00  1.200000e+01
     vertex  1.058697e+01 -1.199650e+01  1.200000e+01
     vertex  9.975837e+00 -1.250930e+01  1.200000e+01
   endloop
 endfacet
 facet normal  0.000000e+00  0.000000e+00 -1.000000e+00
   outer loop
     vertex  6.100000e+00 -6.100000e+00  1.200000e+01
     vertex  1.117179e+01 -1.145387e+01  1.200000e+01
     vertex  1.058697e+01 -1.199650e+01  1.200000e+01
   endloop
 endfacet
 facet normal -0.000000e+00  0.000000e+00 -1.000000e+00
   outer loop
     vertex  6.100000e+00 -6.100000e+00  1.200000e+01
     vertex -3.988911e-01 -1.599503e+01  1.200000e+01
     vertex -6.100000e+00 -6.100000e+00  1.200000e+01
   endloop
 endfacet
 facet normal  0.000000e+00  0.000000e+00 -1.000000e+00
   outer loop
     vertex  6.100000e+00 -6.100000e+00  1.200000e+01
     vertex  3.988911e-01 -1.599503e+01  1.200000e+01
     vertex -3.988911e-01 -1.599503e+01  1.200000e+01
   endloop
 endfacet
 facet normal  0.000000e+00  0.000000e+00 -1.000000e+00
   outer loop
     vertex  6.100000e+00 -6.100000e+00  1.200000e+01
     vertex  1.195681e+00 -1.595526e+01  1.200000e+01
     vertex  3.988911e-01 -1.599503e+01  1.200000e+01
   endloop
 endfacet
 facet normal  0.000000e+00  0.000000e+00 -1.000000e+00
   outer loop
     vertex  6.100000e+00 -6.100000e+00  1.200000e+01
     vertex  1.989499e+00 -1.587583e+01  1.200000e+01
     vertex  1.195681e+00 -1.595526e+01  1.200000e+01
   endloop
 endfacet
 facet normal  0.000000e+00  0.000000e+00 -1.000000e+00
   outer loop
     vertex  6.100000e+00 -6.100000e+00  1.200000e+01
     vertex  2.778371e+00 -1.575692e+01  1.200000e+01
     vertex  1.989499e+00 -1.587583e+01  1.200000e+01
   endloop
 endfacet
 facet normal  0.000000e+00  0.000000e+00 -1.000000e+00
   outer loop
     vertex  6.100000e+00 -6.100000e+00  1.200000e+01
     vertex  3.560335e+00 -1.559885e+01  1.200000e+01
     vertex  2.778371e+00 -1.575692e+01  1.200000e+01
   endloop
 endfacet
 facet normal  0.000000e+00  0.000000e+00 -1.000000e+00
   outer loop
     vertex  6.100000e+00 -6.100000e+00  1.200000e+01
     vertex  4.333447e+00 -1.540199e+01  1.200000e+01
     vertex  3.560335e+00 -1.559885e+01  1.200000e+01
   endloop
 endfacet
 facet normal  0.000000e+00 -0.000000e+00 -1.000000e+00
   outer loop
     vertex -1.117179e+01  1.145387e+01  1.200000e+01
     vertex -6.100000e+00  6.100000e+00  1.200000e+01
     vertex -1.172883e+01  1.088276e+01  1.200000e+01
   endloop
 endfacet
 facet normal -0.000000e+00  0.000000e+00 -1.000000e+00
   outer loop
     vertex  1.172883e+01 -1.088276e+01  1.200000e+01
     vertex  1.117179e+01 -1.145387e+01  1.200000e+01
     vertex  6.100000e+00 -6.100000e+00  1.200000e+01
   endloop
 endfacet
 facet normal  0.000000e+00 -0.000000e+00 -1.000000e+00
   outer loop
     vertex -1.058697e+01  1.199650e+01  1.200000e+01
     vertex -6.100000e+00  6.100000e+00  1.200000e+01
     vertex -1.117179e+01  1.145387e+01  1.200000e+01
   endloop
 endfacet
 facet normal -0.000000e+00  0.000000e+00 -1.000000e+00
   outer loop
     vertex  1.225671e+01 -1.028460e+01  1.200000e+01
     vertex  1.172883e+01 -1.088276e+01  1.200000e+01
     vertex  6.100000e+00 -6.100000e+00  1.200000e+01
   endloop
 endfacet
 facet normal  0.000000e+00 -0.000000e+00 -1.000000e+00
   outer loop
     vertex -9.975837e+00  1.250930e+01  1.200000e+01
     vertex -6.100000e+00  6.100000e+00  1.200000e+01
     vertex -1.058697e+01  1.199650e+01  1.200000e+01
   endloop
 endfacet
 facet normal -0.000000e+00  0.000000e+00 -1.000000e+00
   outer loop
     vertex  1.275412e+01 -9.660871e+00  1.200000e+01
     vertex  1.225671e+01 -1.028460e+01  1.200000e+01
     vertex  6.100000e+00 -6.100000e+00  1.200000e+01
   endloop
 endfacet
 facet normal  0.000000e+00 -0.000000e+00 -1.000000e+00
   outer loop
     vertex -9.339899e+00  1.299101e+01  1.200000e+01
     vertex -6.100000e+00  6.100000e+00  1.200000e+01
     vertex -9.975837e+00  1.250930e+01  1.200000e+01
   endloop
 endfacet
 facet normal -0.000000e+00  0.000000e+00 -1.000000e+00
   outer loop
     vertex  1.321982e+01 -9.013121e+00  1.200000e+01
     vertex  1.275412e+01 -9.660871e+00  1.200000e+01
     vertex  6.100000e+00 -6.100000e+00  1.200000e+01
   endloop
 endfacet
 facet normal  0.000000e+00 -0.000000e+00 -1.000000e+00
   outer loop
     vertex -8.680740e+00  1.344041e+01  1.200000e+01
     vertex -6.100000e+00  6.100000e+00  1.200000e+01
     vertex -9.339899e+00  1.299101e+01  1.200000e+01
   endloop
 endfacet
 facet normal -0.000000e+00  0.000000e+00 -1.000000e+00
   outer loop
     vertex  1.365265e+01 -8.342963e+00  1.200000e+01
     vertex  1.321982e+01 -9.013121e+00  1.200000e+01
     vertex  6.100000e+00 -6.100000e+00  1.200000e+01
   endloop
 endfacet
 facet normal  0.000000e+00 -0.000000e+00 -1.000000e+00
   outer loop
     vertex -8.000000e+00  1.385641e+01  1.200000e+01
     vertex -6.100000e+00  6.100000e+00  1.200000e+01
     vertex -8.680740e+00  1.344041e+01  1.200000e+01
   endloop
 endfacet
 facet normal -0.000000e+00  0.000000e+00 -1.000000e+00
   outer loop
     vertex  1.405155e+01 -7.652064e+00  1.200000e+01
     vertex  1.365265e+01 -8.342963e+00  1.200000e+01
     vertex  6.100000e+00 -6.100000e+00  1.200000e+01
   endloop
 endfacet
 facet normal  0.000000e+00 -0.000000e+00 -1.000000e+00
   outer loop
     vertex -7.299371e+00  1.423795e+01  1.200000e+01
     vertex -6.100000e+00  6.100000e+00  1.200000e+01
     vertex -8.000000e+00  1.385641e+01  1.200000e+01
   endloop
 endfacet
 facet normal -0.000000e+00  0.000000e+00 -1.000000e+00
   outer loop
     vertex  1.441550e+01 -6.942140e+00  1.200000e+01
     vertex  1.405155e+01 -7.652064e+00  1.200000e+01
     vertex  6.100000e+00 -6.100000e+00  1.200000e+01
   endloop
 endfacet
 facet normal  0.000000e+00 -0.000000e+00 -1.000000e+00
   outer loop
     vertex -6.580594e+00  1.458409e+01  1.200000e+01
     vertex -6.100000e+00  6.100000e+00  1.200000e+01
     vertex -7.299371e+00  1.423795e+01  1.200000e+01
   endloop
 endfacet
 facet normal -0.000000e+00  0.000000e+00 -1.000000e+00
   outer loop
     vertex  1.474362e+01 -6.214957e+00  1.200000e+01
     vertex  1.441550e+01 -6.942140e+00  1.200000e+01
     vertex  6.100000e+00 -6.100000e+00  1.200000e+01
   endloop
 endfacet
 facet normal  0.000000e+00  0.000000e+00 -1.000000e+00
   outer loop
     vertex -5.845456e+00  1.489398e+01  1.200000e+01
     vertex -6.100000e+00  6.100000e+00  1.200000e+01
     vertex -6.580594e+00  1.458409e+01  1.200000e+01
   endloop
 endfacet
 facet normal  0.000000e+00  0.000000e+00 -1.000000e+00
   outer loop
     vertex  1.503508e+01 -5.472322e+00  1.200000e+01
     vertex  1.474362e+01 -6.214957e+00  1.200000e+01
     vertex  6.100000e+00 -6.100000e+00  1.200000e+01
   endloop
 endfacet
 facet normal  0.000000e+00  0.000000e+00 -1.000000e+00
   outer loop
     vertex -5.095786e+00  1.516684e+01  1.200000e+01
     vertex -6.100000e+00  6.100000e+00  1.200000e+01
     vertex -5.845456e+00  1.489398e+01  1.200000e+01
   endloop
 endfacet
 facet normal  0.000000e+00  0.000000e+00 -1.000000e+00
   outer loop
     vertex  1.528916e+01 -4.716083e+00  1.200000e+01
     vertex  1.503508e+01 -5.472322e+00  1.200000e+01
     vertex  6.100000e+00 -6.100000e+00  1.200000e+01
   endloop
 endfacet
 facet normal  0.000000e+00  0.000000e+00 -1.000000e+00
   outer loop
     vertex -4.333447e+00  1.540199e+01  1.200000e+01
     vertex -6.100000e+00  6.100000e+00  1.200000e+01
     vertex -5.095786e+00  1.516684e+01  1.200000e+01
   endloop
 endfacet
 facet normal  0.000000e+00  0.000000e+00 -1.000000e+00
   outer loop
     vertex  1.550524e+01 -3.948118e+00  1.200000e+01
     vertex  1.528916e+01 -4.716083e+00  1.200000e+01
     vertex  6.100000e+00 -6.100000e+00  1.200000e+01
   endloop
 endfacet
 facet normal  0.000000e+00  0.000000e+00 -1.000000e+00
   outer loop
     vertex -3.560335e+00  1.559885e+01  1.200000e+01
     vertex -6.100000e+00  6.100000e+00  1.200000e+01
     vertex -4.333447e+00  1.540199e+01  1.200000e+01
   endloop
 endfacet
 facet normal  0.000000e+00  0.000000e+00 -1.000000e+00
   outer loop
     vertex  1.568276e+01 -3.170338e+00  1.200000e+01
     vertex  1.550524e+01 -3.948118e+00  1.200000e+01
     vertex  6.100000e+00 -6.100000e+00  1.200000e+01
   endloop
 endfacet
 facet normal  0.000000e+00  0.000000e+00 -1.000000e+00
   outer loop
     vertex -2.778371e+00  1.575692e+01  1.200000e+01
     vertex -6.100000e+00  6.100000e+00  1.200000e+01
     vertex -3.560335e+00  1.559885e+01  1.200000e+01
   endloop
 endfacet
 facet normal  0.000000e+00  0.000000e+00 -1.000000e+00
   outer loop
     vertex  1.582129e+01 -2.384676e+00  1.200000e+01
     vertex  1.568276e+01 -3.170338e+00  1.200000e+01
     vertex  6.100000e+00 -6.100000e+00  1.200000e+01
   endloop
 endfacet
 facet normal  0.000000e+00  0.000000e+00 -1.000000e+00
   outer loop
     vertex -1.989499e+00  1.587583e+01  1.200000e+01
     vertex -6.100000e+00  6.100000e+00  1.200000e+01
     vertex -2.778371e+00  1.575692e+01  1.200000e+01
   endloop
 endfacet
 facet normal  0.000000e+00  0.000000e+00 -1.000000e+00
   outer loop
     vertex  1.592049e+01 -1.593086e+00  1.200000e+01
     vertex  1.582129e+01 -2.384676e+00  1.200000e+01
     vertex  6.100000e+00 -6.100000e+00  1.200000e+01
   endloop
 endfacet
 facet normal  0.000000e+00  0.000000e+00 -1.000000e+00
   outer loop
     vertex -1.195681e+00  1.595526e+01  1.200000e+01
     vertex -6.100000e+00  6.100000e+00  1.200000e+01
     vertex -1.989499e+00  1.587583e+01  1.200000e+01
   endloop
 endfacet
 facet normal  0.000000e+00  0.000000e+00 -1.000000e+00
   outer loop
     vertex  1.598011e+01 -7.975342e-01  1.200000e+01
     vertex  1.592049e+01 -1.593086e+00  1.200000e+01
     vertex  6.100000e+00 -6.100000e+00  1.200000e+01
   endloop
 endfacet
 facet normal  0.000000e+00  0.000000e+00 -1.000000e+00
   outer loop
     vertex -3.988911e-01  1.599503e+01  1.200000e+01
     vertex -6.100000e+00  6.100000e+00  1.200000e+01
     vertex -1.195681e+00  1.595526e+01  1.200000e+01
   endloop
 endfacet
 facet normal  0.000000e+00 -0.000000e+00 -1.000000e+00
   outer loop
     vertex -3.988911e-01  1.599503e+01  1.200000e+01
     vertex  6.100000e+00  6.100000e+00  1.200000e+01
     vertex -6.100000e+00  6.100000e+00  1.200000e+01
   endloop
 endfacet
 facet normal  0.000000e+00  0.000000e+00 -1.000000e+00
   outer loop
     vertex  1.600000e+01 -3.918870e-15  1.200000e+01
     vertex  1.598011e+01 -7.975342e-01  1.200000e+01
     vertex  6.100000e+00 -6.100000e+00  1.200000e+01
   endloop
 endfacet
 facet normal -0.000000e+00  0.000000e+00 -1.000000e+00
   outer loop
     vertex  1.600000e+01 -3.918870e-15  1.200000e+01
     vertex  6.100000e+00 -6.100000e+00  1.200000e+01
     vertex  6.100000e+00  6.100000e+00  1.200000e+01
   endloop
 endfacet
 facet normal -0.000000e+00 -0.000000e+00 -1.000000e+00
   outer loop
     vertex  3.988911e-01  1.599503e+01  1.200000e+01
     vertex  6.100000e+00  6.100000e+00  1.200000e+01
     vertex -3.988911e-01  1.599503e+01  1.200000e+01
   endloop
 endfacet
 facet normal -0.000000e+00 -0.000000e+00 -1.000000e+00
   outer loop
     vertex  1.598011e+01  7.975342e-01  1.200000e+01
     vertex  1.600000e+01 -3.918870e-15  1.200000e+01
     vertex  6.100000e+00  6.100000e+00  1.200000e+01
   endloop
 endfacet
 facet normal -0.000000e+00 -0.000000e+00 -1.000000e+00
   outer loop
     vertex  1.195681e+00  1.595526e+01  1.200000e+01
     vertex  6.100000e+00  6.100000e+00  1.200000e+01
     vertex  3.988911e-01  1.599503e+01  1.200000e+01
   endloop
 endfacet
 facet normal -0.000000e+00 -0.000000e+00 -1.000000e+00
   outer loop
     vertex  1.592049e+01  1.593086e+00  1.200000e+01
     vertex  1.598011e+01  7.975342e-01  1.200000e+01
     vertex  6.100000e+00  6.100000e+00  1.200000e+01
   endloop
 endfacet
 facet normal -0.000000e+00 -0.000000e+00 -1.000000e+00
   outer loop
     vertex  1.989499e+00  1.587583e+01  1.200000e+01
     vertex  6.100000e+00  6.100000e+00  1.200000e+01
     vertex  1.195681e+00  1.595526e+01  1.200000e+01
   endloop
 endfacet
 facet normal -0.000000e+00 -0.000000e+00 -1.000000e+00
   outer loop
     vertex  1.582129e+01  2.384676e+00  1.200000e+01
     vertex  1.592049e+01  1.593086e+00  1.200000e+01
     vertex  6.100000e+00  6.100000e+00  1.200000e+01
   endloop
 endfacet
 facet normal -0.000000e+00 -0.000000e+00 -1.000000e+00
   outer loop
     vertex  2.778371e+00  1.575692e+01  1.200000e+01
     vertex  6.100000e+00  6.100000e+00  1.200000e+01
     vertex  1.989499e+00  1.587583e+01  1.200000e+01
   endloop
 endfacet
 facet normal -0.000000e+00 -0.000000e+00 -1.000000e+00
   outer loop
     vertex  1.568276e+01  3.170338e+00  1.200000e+01
     vertex  1.582129e+01  2.384676e+00  1.200000e+01
     vertex  6.100000e+00  6.100000e+00  1.200000e+01
   endloop
 endfacet
 facet normal -0.000000e+00 -0.000000e+00 -1.000000e+00
   outer loop
     vertex  3.560335e+00  1.559885e+01  1.200000e+01
     vertex  6.100000e+00  6.100000e+00  1.200000e+01
     vertex  2.778371e+00  1.575692e+01  1.200000e+01
   endloop
 endfacet
 facet normal -0.000000e+00 -0.000000e+00 -1.000000e+00
   outer loop
     vertex  1.550524e+01  3.948118e+00  1.200000e+01
     vertex  1.568276e+01  3.170338e+00  1.200000e+01
     vertex  6.100000e+00  6.100000e+00  1.200000e+01
   endloop
 endfacet
 facet normal -0.000000e+00 -0.000000e+00 -1.000000e+00
   outer loop
     vertex  4.333447e+00  1.540199e+01  1.200000e+01
     vertex  6.100000e+00  6.100000e+00  1.200000e+01
     vertex  3.560335e+00  1.559885e+01  1.200000e+01
   endloop
 endfacet
 facet normal -0.000000e+00 -0.000000e+00 -1.000000e+00
   outer loop
     vertex  1.528916e+01  4.716083e+00  1.200000e+01
     vertex  1.550524e+01  3.948118e+00  1.200000e+01
     vertex  6.100000e+00  6.100000e+00  1.200000e+01
   endloop
 endfacet
 facet normal -0.000000e+00 -0.000000e+00 -1.000000e+00
   outer loop
     vertex  5.095786e+00  1.516684e+01  1.200000e+01
     vertex  6.100000e+00  6.100000e+00  1.200000e+01
     vertex  4.333447e+00  1.540199e+01  1.200000e+01
   endloop
 endfacet
 facet normal -0.000000e+00 -0.000000e+00 -1.000000e+00
   outer loop
     vertex  1.503508e+01  5.472322e+00  1.200000e+01
     vertex  1.528916e+01  4.716083e+00  1.200000e+01
     vertex  6.100000e+00  6.100000e+00  1.200000e+01
   endloop
 endfacet
 facet normal -0.000000e+00 -0.000000e+00 -1.000000e+00
   outer loop
     vertex  5.845456e+00  1.489398e+01  1.200000e+01
     vertex  6.100000e+00  6.100000e+00  1.200000e+01
     vertex  5.095786e+00  1.516684e+01  1.200000e+01
   endloop
 endfacet
 facet normal  0.000000e+00 -0.000000e+00 -1.000000e+00
   outer loop
     vertex  1.474362e+01  6.214957e+00  1.200000e+01
     vertex  1.503508e+01  5.472322e+00  1.200000e+01
     vertex  6.100000e+00  6.100000e+00  1.200000e+01
   endloop
 endfacet
 facet normal -0.000000e+00  0.000000e+00 -1.000000e+00
   outer loop
     vertex  6.580594e+00  1.458409e+01  1.200000e+01
     vertex  6.100000e+00  6.100000e+00  1.200000e+01
     vertex  5.845456e+00  1.489398e+01  1.200000e+01
   endloop
 endfacet
 facet normal  0.000000e+00 -0.000000e+00 -1.000000e+00
   outer loop
     vertex  1.441550e+01  6.942140e+00  1.200000e+01
     vertex  1.474362e+01  6.214957e+00  1.200000e+01
     vertex  6.100000e+00  6.100000e+00  1.200000e+01
   endloop
 endfacet
 facet normal -0.000000e+00  0.000000e+00 -1.000000e+00
   outer loop
     vertex  7.299371e+00  1.423795e+01  1.200000e+01
     vertex  6.100000e+00  6.100000e+00  1.200000e+01
     vertex  6.580594e+00  1.458409e+01  1.200000e+01
   endloop
 endfacet
 facet normal  0.000000e+00 -0.000000e+00 -1.000000e+00
   outer loop
     vertex  1.405155e+01  7.652064e+00  1.200000e+01
     vertex  1.441550e+01  6.942140e+00  1.200000e+01
     vertex  6.100000e+00  6.100000e+00  1.200000e+01
   endloop
 endfacet
 facet normal -0.000000e+00  0.000000e+00 -1.000000e+00
   outer loop
     vertex  8.000000e+00  1.385641e+01  1.200000e+01
     vertex  6.100000e+00  6.100000e+00  1.200000e+01
     vertex  7.299371e+00  1.423795e+01  1.200000e+01
   endloop
 endfacet
 facet normal  0.000000e+00 -0.000000e+00 -1.000000e+00
   outer loop
     vertex  1.365265e+01  8.342963e+00  1.200000e+01
     vertex  1.405155e+01  7.652064e+00  1.200000e+01
     vertex  6.100000e+00  6.100000e+00  1.200000e+01
   endloop
 endfacet
 facet normal -0.000000e+00  0.000000e+00 -1.000000e+00
   outer loop
     vertex  8.680740e+00  1.344041e+01  1.200000e+01
     vertex  6.100000e+00  6.100000e+00  1.200000e+01
     vertex  8.000000e+00  1.385641e+01  1.200000e+01
   endloop
 endfacet
 facet normal  0.000000e+00 -0.000000e+00 -1.000000e+00
   outer loop
     vertex  1.321982e+01  9.013121e+00  1.200000e+01
     vertex  1.365265e+01  8.342963e+00  1.200000e+01
     vertex  6.100000e+00  6.100000e+00  1.200000e+01
   endloop
 endfacet
 facet normal -0.000000e+00  0.000000e+00 -1.000000e+00
   outer loop
     vertex  9.339899e+00  1.299101e+01  1.200000e+01
     vertex  6.100000e+00  6.100000e+00  1.200000e+01
     vertex  8.680740e+00  1.344041e+01  1.200000e+01
   endloop
 endfacet
 facet normal  0.000000e+00 -0.000000e+00 -1.000000e+00
   outer loop
     vertex  1.275412e+01  9.660871e+00  1.200000e+01
     vertex  1.321982e+01  9.013121e+00  1.200000e+01
     vertex  6.100000e+00  6.100000e+00  1.200000e+01
   endloop
 endfacet
 facet normal -0.000000e+00  0.000000e+00 -1.000000e+00
   outer loop
     vertex  9.975837e+00  1.250930e+01  1.200000e+01
     vertex  6.100000e+00  6.100000e+00  1.200000e+01
     vertex  9.339899e+00  1.299101e+01  1.200000e+01
   endloop
 endfacet
 facet normal  0.000000e+00 -0.000000e+00 -1.000000e+00
   outer loop
     vertex  1.225671e+01  1.028460e+01  1.200000e+01
     vertex  1.275412e+01  9.660871e+00  1.200000e+01
     vertex  6.100000e+00  6.100000e+00  1.200000e+01
   endloop
 endfacet
 facet normal -0.000000e+00  0.000000e+00 -1.000000e+00
   outer loop
     vertex  1.058697e+01  1.199650e+01  1.200000e+01
     vertex  6.100000e+00  6.100000e+00  1.200000e+01
     vertex  9.975837e+00  1.250930e+01  1.200000e+01
   endloop
 endfacet
 facet normal  0.000000e+00 -0.000000e+00 -1.000000e+00
   outer loop
     vertex  1.172883e+01  1.088276e+01  1.200000e+01
     vertex  1.225671e+01  1.028460e+01  1.200000e+01
     vertex  6.100000e+00  6.100000e+00  1.200000e+01
   endloop
 endfacet
 facet normal -0.000000e+00  0.000000e+00 -1.000000e+00
   outer loop
     vertex  1.117179e+01  1.145387e+01  1.200000e+01
     vertex  6.100000e+00  6.100000e+00  1.200000e+01
     vertex  1.058697e+01  1.199650e+01  1.200000e+01
   endloop
 endfacet
 facet normal  0.000000e+00 -0.000000e+00 -1.000000e+00
   outer loop
     vertex  1.117179e+01  1.145387e+01  1.200000e+01
     vertex  1.172883e+01  1.088276e+01  1.200000e+01
     vertex  6.100000e+00  6.100000e+00  1.200000e+01
   endloop
 endfacet
 facet normal -0.000000e+00  1.000000e+00  0.000000e+00
   outer loop
     vertex -6.100000e+00 -6.100000e+00  2.220000e+01
     vertex  6.100000e+00 -6.100000e+00  2.220000e+01
     vertex  6.100000e+00 -6.100000e+00  1.200000e+01
   endloop
 endfacet
 facet normal  0.000000e+00  1.000000e+00  0.000000e+00
   outer loop
     vertex -6.100000e+00 -6.100000e+00  1.200000e+01
     vertex -6.100000e+00 -6.100000e+00  2.220000e+01
     vertex  6.100000e+00 -6.100000e+00  1.200000e+01
   endloop
 endfacet
 facet normal -1.000000e+00  0.000000e+00  0.000000e+00
   outer loop
     vertex  6.100000e+00 -6.100000e+00  2.220000e+01
     vertex  6.100000e+00  6.100000e+00  2.220000e+01
     vertex  6.100000e+00  6.100000e+00  1.200000e+01
   endloop
 endfacet
 facet normal -1.000000e+00  0.000000e+00  0.000000e+00
   outer loop
     vertex  6.100000e+00 -6.100000e+00  1.200000e+01
     vertex  6.100000e+00 -6.100000e+00  2.220000e+01
     vertex  6.100000e+00  6.100000e+00  1.200000e+01
   endloop
 endfacet
 facet normal -0.000000e+00 -1.000000e+00  0.000000e+00
   outer loop
     vertex  6.100000e+00  6.100000e+00  2.220000e+01
     vertex -6.100000e+00  6.100000e+00  2.220000e+01
     vertex -6.100000e+00  6.100000e+00  1.200000e+01
   endloop
 endfacet
 facet normal  0.000000e+00 -1.000000e+00  0.000000e+00
   outer loop
     vertex  6.100000e+00  6.100000e+00  1.200000e+01
     vertex  6.100000e+00  6.100000e+00  2.220000e+01
     vertex -6.100000e+00  6.100000e+00  1.200000e+01
   endloop
 endfacet
 facet normal  1.000000e+00  0.000000e+00  0.000000e+00
   outer loop
     vertex -6.100000e+00  6.100000e+00  2.220000e+01
     vertex -6.100000e+00 -6.100000e+00  2.220000e+01
     vertex -6.100000e+00 -6.100000e+00  1.200000e+01
   endloop
 endfacet
 facet normal  1.000000e+00  0.000000e+00 -0.000000e+00
   outer loop
     vertex -6.100000e+00  6.100000e+00  1.200000e+01
     vertex -6.100000e+00  6.100000e+00  2.220000e+01
     vertex -6.100000e+00 -6.100000e+00  1.200000e+01
   endloop
 endfacet
 facet normal  0.000000e+00  0.000000e+00 -1.000000e+00
   outer loop
     vertex -6.100000e+00 -6.100000e+00  2.220000e+01
     vertex  6.100000e+00  6.100000e+00  2.220000e+01
     vertex  6.100000e+00 -6.100000e+00  2.220000e+01
   endloop
 endfacet
 facet normal  0.000000e+00  0.000000e+00 -1.000000e+00
   outer loop
     vertex -6.100000e+00  6.100000e+00  2.220000e+01
     vertex  6.100000e+00  6.100000e+00  2.220000e+01
     vertex -6.100000e+00 -6.100000e+00  2.220000e+01
   endloop
 endfacet
endsolid
