solid 
 facet normal  9.996509e-01  2.642257e-02  0.000000e+00
   outer loop
     vertex  1.400000e+01 -3.429011e-15  9.800000e+00
     vertex  1.400000e+01 -3.429011e-15  0.000000e+00
     vertex  1.398045e+01  7.395736e-01  0.000000e+00
   endloop
 endfacet
 facet normal  9.968592e-01  7.919392e-02 -1.483739e-05
   outer loop
     vertex  1.398016e+01  7.451104e-01  9.800000e+00
     vertex  1.398045e+01  7.395736e-01  0.000000e+00
     vertex  1.392186e+01  1.477082e+00  0.000000e+00
   endloop
 endfacet
 facet normal  9.996456e-01  2.662052e-02  1.494939e-05
   outer loop
     vertex  1.398016e+01  7.451104e-01  9.800000e+00
     vertex  1.400000e+01 -3.429011e-15  9.800000e+00
     vertex  1.398045e+01  7.395736e-01  0.000000e+00
   endloop
 endfacet
 facet normal  9.912838e-01  1.317441e-01 -2.945079e-05
   outer loop
     vertex  1.392069e+01  1.488109e+00  9.800000e+00
     vertex  1.392186e+01  1.477082e+00  0.000000e+00
     vertex  1.382439e+01  2.210465e+00  0.000000e+00
   endloop
 endfacet
 facet normal  9.968120e-01  7.978611e-02  2.967479e-05
   outer loop
     vertex  1.392069e+01  1.488109e+00  9.800000e+00
     vertex  1.398016e+01  7.451104e-01  9.800000e+00
     vertex  1.392186e+01  1.477082e+00  0.000000e+00
   endloop
 endfacet
 facet normal  9.829400e-01  1.839264e-01 -4.384018e-05
   outer loop
     vertex  1.382176e+01  2.226889e+00  9.800000e+00
     vertex  1.382439e+01  2.210465e+00  0.000000e+00
     vertex  1.368832e+01  2.937676e+00  0.000000e+00
   endloop
 endfacet
 facet normal  9.911528e-01  1.327255e-01  4.417618e-05
   outer loop
     vertex  1.382176e+01  2.226889e+00  9.800000e+00
     vertex  1.392069e+01  1.488109e+00  9.800000e+00
     vertex  1.382439e+01  2.210465e+00  0.000000e+00
   endloop
 endfacet
 facet normal  9.718513e-01  2.355950e-01 -5.800557e-05
   outer loop
     vertex  1.368365e+01  2.959357e+00  9.800000e+00
     vertex  1.368832e+01  2.937676e+00  0.000000e+00
     vertex  1.351402e+01  3.656682e+00  0.000000e+00
   endloop
 endfacet
 facet normal  9.826841e-01  1.852887e-01  5.845357e-05
   outer loop
     vertex  1.368365e+01  2.959357e+00  9.800000e+00
     vertex  1.382176e+01  2.226889e+00  9.800000e+00
     vertex  1.368832e+01  2.937676e+00  0.000000e+00
   endloop
 endfacet
 facet normal  9.580486e-01  2.866058e-01 -7.194695e-05
   outer loop
     vertex  1.350675e+01  3.683436e+00  9.800000e+00
     vertex  1.351402e+01  3.656682e+00  0.000000e+00
     vertex  1.330198e+01  4.365477e+00  0.000000e+00
   endloop
 endfacet
 facet normal  9.714299e-01  2.373267e-01  7.250695e-05
   outer loop
     vertex  1.350675e+01  3.683436e+00  9.800000e+00
     vertex  1.368365e+01  2.959357e+00  9.800000e+00
     vertex  1.351402e+01  3.656682e+00  0.000000e+00
   endloop
 endfacet
 facet normal  9.415704e-01  3.368161e-01 -8.566432e-05
   outer loop
     vertex  1.329157e+01  4.397074e+00  9.800000e+00
     vertex  1.330198e+01  4.365477e+00  0.000000e+00
     vertex  1.305279e+01  5.062081e+00  0.000000e+00
   endloop
 endfacet
 facet normal  9.574220e-01  2.886919e-01  8.633633e-05
   outer loop
     vertex  1.329157e+01  4.397074e+00  9.800000e+00
     vertex  1.350675e+01  3.683436e+00  9.800000e+00
     vertex  1.330198e+01  4.365477e+00  0.000000e+00
   endloop
 endfacet
 facet normal  9.224629e-01  3.860858e-01 -9.915768e-05
   outer loop
     vertex  1.303871e+01  5.098248e+00  9.800000e+00
     vertex  1.305279e+01  5.062081e+00  0.000000e+00
     vertex  1.276715e+01  5.744548e+00  0.000000e+00
   endloop
 endfacet
 facet normal  9.407003e-01  3.392389e-01  9.994170e-05
   outer loop
     vertex  1.303871e+01  5.098248e+00  9.800000e+00
     vertex  1.329157e+01  4.397074e+00  9.800000e+00
     vertex  1.305279e+01  5.062081e+00  0.000000e+00
   endloop
 endfacet
 facet normal  9.007792e-01  4.342774e-01 -1.124270e-04
   outer loop
     vertex  1.274889e+01  5.784971e+00  9.800000e+00
     vertex  1.276715e+01  5.744548e+00  0.000000e+00
     vertex  1.244586e+01  6.410974e+00  0.000000e+00
   endloop
 endfacet
 facet normal  9.213120e-01  3.888242e-01  1.133230e-04
   outer loop
     vertex  1.274889e+01  5.784971e+00  9.800000e+00
     vertex  1.303871e+01  5.098248e+00  9.800000e+00
     vertex  1.276715e+01  5.744548e+00  0.000000e+00
   endloop
 endfacet
 facet normal  8.765800e-01  4.812562e-01 -1.254724e-04
   outer loop
     vertex  1.242293e+01  6.455295e+00  9.800000e+00
     vertex  1.244586e+01  6.410974e+00  0.000000e+00
     vertex  1.208981e+01  7.059495e+00  0.000000e+00
   endloop
 endfacet
 facet normal  8.993121e-01  4.373073e-01  1.264804e-04
   outer loop
     vertex  1.242293e+01  6.455295e+00  9.800000e+00
     vertex  1.274889e+01  5.784971e+00  9.800000e+00
     vertex  1.244586e+01  6.410974e+00  0.000000e+00
   endloop
 endfacet
 facet normal  8.499328e-01  5.268910e-01 -8.718144e-14
   outer loop
     vertex  1.170000e+01  7.688303e+00  2.000000e+00
     vertex  1.208981e+01  7.059495e+00  0.000000e+00
     vertex  1.170000e+01  7.688303e+00  0.000000e+00
   endloop
 endfacet
 facet normal  8.497327e-01  5.272137e-01 -1.404410e-04
   outer loop
     vertex  1.206176e+01  7.107321e+00  9.800000e+00
     vertex  1.208981e+01  7.059495e+00  0.000000e+00
     vertex  1.170000e+01  7.688303e+00  2.000000e+00
   endloop
 endfacet
 facet normal  8.747631e-01  4.845509e-01  1.394137e-04
   outer loop
     vertex  1.206176e+01  7.107321e+00  9.800000e+00
     vertex  1.242293e+01  6.455295e+00  9.800000e+00
     vertex  1.208981e+01  7.059495e+00  0.000000e+00
   endloop
 endfacet
 facet normal  8.477344e-01  5.304209e-01  1.911289e-04
   outer loop
     vertex  1.166639e+01  7.739201e+00  9.800000e+00
     vertex  1.206176e+01  7.107321e+00  9.800000e+00
     vertex  1.170000e+01  7.688303e+00  2.000000e+00
   endloop
 endfacet
 facet normal  8.258804e-01  5.638453e-01 -1.211332e-04
   outer loop
     vertex  1.166639e+01  7.739201e+00  9.800000e+00
     vertex  1.170000e+01  7.688303e+00  2.000000e+00
     vertex  1.142215e+01  8.095341e+00  2.277852e+00
   endloop
 endfacet
 facet normal  8.183026e-01  5.747873e-01  6.429759e-04
   outer loop
     vertex  1.123796e+01  8.349143e+00  9.800000e+00
     vertex  1.166639e+01  7.739201e+00  9.800000e+00
     vertex  1.142215e+01  8.095341e+00  2.277852e+00
   endloop
 endfacet
 facet normal  8.054676e-01  5.926398e-01 -2.736537e-04
   outer loop
     vertex  1.123796e+01  8.349143e+00  9.800000e+00
     vertex  1.142215e+01  8.095341e+00  2.277852e+00
     vertex  1.113014e+01  8.492347e+00  2.569859e+00
   endloop
 endfacet
 facet normal  7.865515e-01  6.175245e-01  5.013188e-04
   outer loop
     vertex  1.077768e+01  8.935419e+00  9.800000e+00
     vertex  1.123796e+01  8.349143e+00  9.800000e+00
     vertex  1.113014e+01  8.492347e+00  2.569859e+00
   endloop
 endfacet
 facet normal  7.530394e-01  6.579754e-01  1.795947e-04
   outer loop
     vertex  1.077768e+01  8.935419e+00  9.800000e+00
     vertex  1.074503e+01  8.974650e+00  2.954971e+00
     vertex  1.033261e+01  9.446537e+00  3.367385e+00
   endloop
 endfacet
 facet normal  7.813875e-01  6.240461e-01 -1.500683e-04
   outer loop
     vertex  1.077768e+01  8.935419e+00  9.800000e+00
     vertex  1.113014e+01  8.492347e+00  2.569859e+00
     vertex  1.074503e+01  8.974650e+00  2.954971e+00
   endloop
 endfacet
 facet normal  7.525707e-01  6.585114e-01  2.546062e-04
   outer loop
     vertex  1.028684e+01  9.496366e+00  9.800000e+00
     vertex  1.077768e+01  8.935419e+00  9.800000e+00
     vertex  1.033261e+01  9.446537e+00  3.367385e+00
   endloop
 endfacet
 facet normal  7.226553e-01  6.912085e-01 -2.115616e-04
   outer loop
     vertex  1.028684e+01  9.496366e+00  9.800000e+00
     vertex  1.033261e+01  9.446537e+00  3.367385e+00
     vertex  9.899495e+00  9.899495e+00  3.800505e+00
   endloop
 endfacet
 facet normal  7.164566e-01  6.976314e-01  6.202235e-04
   outer loop
     vertex  9.766841e+00  1.003039e+01  9.800000e+00
     vertex  1.028684e+01  9.496366e+00  9.800000e+00
     vertex  9.899495e+00  9.899495e+00  3.800505e+00
   endloop
 endfacet
 facet normal  6.966908e-01  7.173715e-01 -2.475129e-04
   outer loop
     vertex  9.766841e+00  1.003039e+01  9.800000e+00
     vertex  9.899495e+00  9.899495e+00  3.800505e+00
     vertex  9.602249e+00  1.018807e+01  3.511928e+00
   endloop
 endfacet
 facet normal  6.783117e-01  7.347740e-01  6.699440e-04
   outer loop
     vertex  9.219159e+00  1.053599e+01  9.800000e+00
     vertex  9.766841e+00  1.003039e+01  9.800000e+00
     vertex  9.602249e+00  1.018807e+01  3.511928e+00
   endloop
 endfacet
 facet normal  6.457506e-01  7.635484e-01 -3.224984e-04
   outer loop
     vertex  9.219159e+00  1.053599e+01  9.800000e+00
     vertex  9.296595e+00  1.046773e+01  3.232272e+00
     vertex  8.774583e+00  1.090902e+01  2.790981e+00
   endloop
 endfacet
 facet normal  6.748894e-01  7.379188e-01  2.874441e-04
   outer loop
     vertex  9.219159e+00  1.053599e+01  9.800000e+00
     vertex  9.602249e+00  1.018807e+01  3.511928e+00
     vertex  9.296595e+00  1.046773e+01  3.232272e+00
   endloop
 endfacet
 facet normal  6.382441e-01  7.698339e-01  4.881536e-04
   outer loop
     vertex  8.645345e+00  1.101172e+01  9.800000e+00
     vertex  9.219159e+00  1.053599e+01  9.800000e+00
     vertex  8.774583e+00  1.090902e+01  2.790981e+00
   endloop
 endfacet
 facet normal  6.080752e-01  7.938793e-01 -4.204645e-04
   outer loop
     vertex  8.645345e+00  1.101172e+01  9.800000e+00
     vertex  8.774583e+00  1.090902e+01  2.790981e+00
     vertex  8.240938e+00  1.131755e+01  2.382450e+00
   endloop
 endfacet
 facet normal  5.692941e-01  8.221338e-01 -4.889034e-04
   outer loop
     vertex  8.047024e+00  1.145624e+01  9.800000e+00
     vertex  8.240938e+00  1.131755e+01  2.382450e+00
     vertex  7.688303e+00  1.170000e+01  2.000000e+00
   endloop
 endfacet
 facet normal  5.963673e-01  8.027115e-01  5.820082e-04
   outer loop
     vertex  8.047024e+00  1.145624e+01  9.800000e+00
     vertex  8.645345e+00  1.101172e+01  9.800000e+00
     vertex  8.240938e+00  1.131755e+01  2.382450e+00
   endloop
 endfacet
 facet normal  5.268910e-01  8.499328e-01 -2.860599e-14
   outer loop
     vertex  7.059495e+00  1.208981e+01  0.000000e+00
     vertex  7.688303e+00  1.170000e+01  2.000000e+00
     vertex  7.688303e+00  1.170000e+01  0.000000e+00
   endloop
 endfacet
 facet normal  5.528000e-01  8.333138e-01  6.190499e-04
   outer loop
     vertex  7.425893e+00  1.186828e+01  9.800000e+00
     vertex  8.047024e+00  1.145624e+01  9.800000e+00
     vertex  7.688303e+00  1.170000e+01  2.000000e+00
   endloop
 endfacet
 facet normal  5.281576e-01  8.491462e-01 -5.515530e-04
   outer loop
     vertex  7.425893e+00  1.186828e+01  9.800000e+00
     vertex  7.688303e+00  1.170000e+01  2.000000e+00
     vertex  7.059495e+00  1.208981e+01  0.000000e+00
   endloop
 endfacet
 facet normal  4.812561e-01  8.765799e-01 -4.886557e-04
   outer loop
     vertex  6.783712e+00  1.224668e+01  9.800000e+00
     vertex  7.059495e+00  1.208981e+01  0.000000e+00
     vertex  6.410974e+00  1.244586e+01  0.000000e+00
   endloop
 endfacet
 facet normal  5.076657e-01  8.615540e-01  4.950660e-04
   outer loop
     vertex  6.783712e+00  1.224668e+01  9.800000e+00
     vertex  7.425893e+00  1.186828e+01  9.800000e+00
     vertex  7.059495e+00  1.208981e+01  0.000000e+00
   endloop
 endfacet
 facet normal  4.342774e-01  9.007791e-01 -4.906723e-04
   outer loop
     vertex  6.122302e+00  1.259037e+01  9.800000e+00
     vertex  6.410974e+00  1.244586e+01  0.000000e+00
     vertex  5.744548e+00  1.276715e+01  0.000000e+00
   endloop
 endfacet
 facet normal  4.610924e-01  8.873520e-01  4.971947e-04
   outer loop
     vertex  6.122302e+00  1.259037e+01  9.800000e+00
     vertex  6.783712e+00  1.224668e+01  9.800000e+00
     vertex  6.410974e+00  1.244586e+01  0.000000e+00
   endloop
 endfacet
 facet normal  3.860858e-01  9.224627e-01 -4.924649e-04
   outer loop
     vertex  5.443538e+00  1.289837e+01  9.800000e+00
     vertex  5.744548e+00  1.276715e+01  0.000000e+00
     vertex  5.062081e+00  1.305279e+01  0.000000e+00
   endloop
 endfacet
 facet normal  4.132121e-01  9.106347e-01  4.990993e-04
   outer loop
     vertex  5.443538e+00  1.289837e+01  9.800000e+00
     vertex  6.122302e+00  1.259037e+01  9.800000e+00
     vertex  5.744548e+00  1.276715e+01  0.000000e+00
   endloop
 endfacet
 facet normal  3.368161e-01  9.415703e-01 -4.940335e-04
   outer loop
     vertex  4.749344e+00  1.316980e+01  9.800000e+00
     vertex  5.062081e+00  1.305279e+01  0.000000e+00
     vertex  4.365477e+00  1.330198e+01  0.000000e+00
   endloop
 endfacet
 facet normal  3.641605e-01  9.313361e-01  5.007799e-04
   outer loop
     vertex  4.749344e+00  1.316980e+01  9.800000e+00
     vertex  5.443538e+00  1.289837e+01  9.800000e+00
     vertex  5.062081e+00  1.305279e+01  0.000000e+00
   endloop
 endfacet
 facet normal  2.866057e-01  9.580485e-01 -4.953779e-04
   outer loop
     vertex  4.041687e+00  1.340391e+01  9.800000e+00
     vertex  4.365477e+00  1.330198e+01  0.000000e+00
     vertex  3.656682e+00  1.351402e+01  0.000000e+00
   endloop
 endfacet
 facet normal  3.140767e-01  9.493975e-01  5.022364e-04
   outer loop
     vertex  4.041687e+00  1.340391e+01  9.800000e+00
     vertex  4.749344e+00  1.316980e+01  9.800000e+00
     vertex  4.365477e+00  1.330198e+01  0.000000e+00
   endloop
 endfacet
 facet normal  2.355950e-01  9.718512e-01 -4.964983e-04
   outer loop
     vertex  3.322574e+00  1.360002e+01  9.800000e+00
     vertex  3.656682e+00  1.351402e+01  0.000000e+00
     vertex  2.937676e+00  1.368832e+01  0.000000e+00
   endloop
 endfacet
 facet normal  2.631025e-01  9.647677e-01  5.034688e-04
   outer loop
     vertex  3.322574e+00  1.360002e+01  9.800000e+00
     vertex  4.041687e+00  1.340391e+01  9.800000e+00
     vertex  3.656682e+00  1.351402e+01  0.000000e+00
   endloop
 endfacet
 facet normal  1.839264e-01  9.829399e-01 -4.973946e-04
   outer loop
     vertex  2.594042e+00  1.375758e+01  9.800000e+00
     vertex  2.937676e+00  1.368832e+01  0.000000e+00
     vertex  2.210465e+00  1.382439e+01  0.000000e+00
   endloop
 endfacet
 facet normal  2.113826e-01  9.774033e-01  5.044772e-04
   outer loop
     vertex  2.594042e+00  1.375758e+01  9.800000e+00
     vertex  3.322574e+00  1.360002e+01  9.800000e+00
     vertex  2.937676e+00  1.368832e+01  0.000000e+00
   endloop
 endfacet
 facet normal  1.317441e-01  9.912836e-01 -4.980668e-04
   outer loop
     vertex  1.858157e+00  1.387614e+01  9.800000e+00
     vertex  2.210465e+00  1.382439e+01  0.000000e+00
     vertex  1.477082e+00  1.392186e+01  0.000000e+00
   endloop
 endfacet
 facet normal  1.590635e-01  9.872682e-01  5.052614e-04
   outer loop
     vertex  1.858157e+00  1.387614e+01  9.800000e+00
     vertex  2.594042e+00  1.375758e+01  9.800000e+00
     vertex  2.210465e+00  1.382439e+01  0.000000e+00
   endloop
 endfacet
 facet normal  7.919391e-02  9.968591e-01 -4.985150e-04
   outer loop
     vertex  1.117005e+00  1.395537e+01  9.800000e+00
     vertex  1.477082e+00  1.392186e+01  0.000000e+00
     vertex  7.395736e-01  1.398045e+01  0.000000e+00
   endloop
 endfacet
 facet normal  1.062935e-01  9.943347e-01  5.058216e-04
   outer loop
     vertex  1.117005e+00  1.395537e+01  9.800000e+00
     vertex  1.858157e+00  1.387614e+01  9.800000e+00
     vertex  1.477082e+00  1.392186e+01  0.000000e+00
   endloop
 endfacet
 facet normal  2.642256e-02  9.996507e-01 -4.987391e-04
   outer loop
     vertex  3.726873e-01  1.399504e+01  9.800000e+00
     vertex  7.395736e-01  1.398045e+01  0.000000e+00
     vertex -3.442001e-13  1.400000e+01  0.000000e+00
   endloop
 endfacet
 facet normal  5.322217e-02  9.985826e-01  5.061577e-04
   outer loop
     vertex  3.726873e-01  1.399504e+01  9.800000e+00
     vertex  1.117005e+00  1.395537e+01  9.800000e+00
     vertex  7.395736e-01  1.398045e+01  0.000000e+00
   endloop
 endfacet
 facet normal -2.642256e-02  9.996507e-01 -4.987391e-04
   outer loop
     vertex -3.726873e-01  1.399504e+01  9.800000e+00
     vertex -3.442001e-13  1.400000e+01  0.000000e+00
     vertex -7.395736e-01  1.398045e+01  0.000000e+00
   endloop
 endfacet
 facet normal  2.383173e-15  9.999999e-01  5.062698e-04
   outer loop
     vertex -3.726873e-01  1.399504e+01  9.800000e+00
     vertex  3.726873e-01  1.399504e+01  9.800000e+00
     vertex -3.442001e-13  1.400000e+01  0.000000e+00
   endloop
 endfacet
 facet normal -7.919391e-02  9.968591e-01 -4.985150e-04
   outer loop
     vertex -1.117005e+00  1.395537e+01  9.800000e+00
     vertex -7.395736e-01  1.398045e+01  0.000000e+00
     vertex -1.477082e+00  1.392186e+01  0.000000e+00
   endloop
 endfacet
 facet normal -5.322217e-02  9.985826e-01  5.061577e-04
   outer loop
     vertex -1.117005e+00  1.395537e+01  9.800000e+00
     vertex -3.726873e-01  1.399504e+01  9.800000e+00
     vertex -7.395736e-01  1.398045e+01  0.000000e+00
   endloop
 endfacet
 facet normal -1.317441e-01  9.912836e-01 -4.980668e-04
   outer loop
     vertex -1.858157e+00  1.387614e+01  9.800000e+00
     vertex -1.477082e+00  1.392186e+01  0.000000e+00
     vertex -2.210465e+00  1.382439e+01  0.000000e+00
   endloop
 endfacet
 facet normal -1.062935e-01  9.943347e-01  5.058216e-04
   outer loop
     vertex -1.858157e+00  1.387614e+01  9.800000e+00
     vertex -1.117005e+00  1.395537e+01  9.800000e+00
     vertex -1.477082e+00  1.392186e+01  0.000000e+00
   endloop
 endfacet
 facet normal -1.839264e-01  9.829399e-01 -4.973946e-04
   outer loop
     vertex -2.594042e+00  1.375758e+01  9.800000e+00
     vertex -2.210465e+00  1.382439e+01  0.000000e+00
     vertex -2.937676e+00  1.368832e+01  0.000000e+00
   endloop
 endfacet
 facet normal -1.590635e-01  9.872682e-01  5.052614e-04
   outer loop
     vertex -2.594042e+00  1.375758e+01  9.800000e+00
     vertex -1.858157e+00  1.387614e+01  9.800000e+00
     vertex -2.210465e+00  1.382439e+01  0.000000e+00
   endloop
 endfacet
 facet normal -2.113826e-01  9.774033e-01  5.044772e-04
   outer loop
     vertex -3.322574e+00  1.360002e+01  9.800000e+00
     vertex -2.594042e+00  1.375758e+01  9.800000e+00
     vertex -2.937676e+00  1.368832e+01  0.000000e+00
   endloop
 endfacet
 facet normal -2.355950e-01  9.718512e-01 -4.964983e-04
   outer loop
     vertex -3.322574e+00  1.360002e+01  9.800000e+00
     vertex -2.937676e+00  1.368832e+01  0.000000e+00
     vertex -3.656682e+00  1.351402e+01  0.000000e+00
   endloop
 endfacet
 facet normal -2.631025e-01  9.647677e-01  5.034688e-04
   outer loop
     vertex -4.041687e+00  1.340391e+01  9.800000e+00
     vertex -3.322574e+00  1.360002e+01  9.800000e+00
     vertex -3.656682e+00  1.351402e+01  0.000000e+00
   endloop
 endfacet
 facet normal -2.866057e-01  9.580485e-01 -4.953779e-04
   outer loop
     vertex -4.041687e+00  1.340391e+01  9.800000e+00
     vertex -3.656682e+00  1.351402e+01  0.000000e+00
     vertex -4.365477e+00  1.330198e+01  0.000000e+00
   endloop
 endfacet
 facet normal -3.140767e-01  9.493975e-01  5.022364e-04
   outer loop
     vertex -4.749344e+00  1.316980e+01  9.800000e+00
     vertex -4.041687e+00  1.340391e+01  9.800000e+00
     vertex -4.365477e+00  1.330198e+01  0.000000e+00
   endloop
 endfacet
 facet normal -3.368161e-01  9.415703e-01 -4.940335e-04
   outer loop
     vertex -4.749344e+00  1.316980e+01  9.800000e+00
     vertex -4.365477e+00  1.330198e+01  0.000000e+00
     vertex -5.062081e+00  1.305279e+01  0.000000e+00
   endloop
 endfacet
 facet normal -3.641605e-01  9.313361e-01  5.007799e-04
   outer loop
     vertex -5.443538e+00  1.289837e+01  9.800000e+00
     vertex -4.749344e+00  1.316980e+01  9.800000e+00
     vertex -5.062081e+00  1.305279e+01  0.000000e+00
   endloop
 endfacet
 facet normal -3.860858e-01  9.224627e-01 -4.924649e-04
   outer loop
     vertex -5.443538e+00  1.289837e+01  9.800000e+00
     vertex -5.062081e+00  1.305279e+01  0.000000e+00
     vertex -5.744548e+00  1.276715e+01  0.000000e+00
   endloop
 endfacet
 facet normal -4.132121e-01  9.106347e-01  4.990993e-04
   outer loop
     vertex -6.122302e+00  1.259037e+01  9.800000e+00
     vertex -5.443538e+00  1.289837e+01  9.800000e+00
     vertex -5.744548e+00  1.276715e+01  0.000000e+00
   endloop
 endfacet
 facet normal -4.342774e-01  9.007791e-01 -4.906723e-04
   outer loop
     vertex -6.122302e+00  1.259037e+01  9.800000e+00
     vertex -5.744548e+00  1.276715e+01  0.000000e+00
     vertex -6.410974e+00  1.244586e+01  0.000000e+00
   endloop
 endfacet
 facet normal -4.610924e-01  8.873520e-01  4.971947e-04
   outer loop
     vertex -6.783712e+00  1.224668e+01  9.800000e+00
     vertex -6.122302e+00  1.259037e+01  9.800000e+00
     vertex -6.410974e+00  1.244586e+01  0.000000e+00
   endloop
 endfacet
 facet normal -4.812561e-01  8.765799e-01 -4.886557e-04
   outer loop
     vertex -6.783712e+00  1.224668e+01  9.800000e+00
     vertex -6.410974e+00  1.244586e+01  0.000000e+00
     vertex -7.059495e+00  1.208981e+01  0.000000e+00
   endloop
 endfacet
 facet normal -5.268910e-01  8.499328e-01  5.314508e-14
   outer loop
     vertex -7.688303e+00  1.170000e+01  2.000000e+00
     vertex -7.059495e+00  1.208981e+01  0.000000e+00
     vertex -7.688303e+00  1.170000e+01  0.000000e+00
   endloop
 endfacet
 facet normal -5.076657e-01  8.615540e-01  4.950660e-04
   outer loop
     vertex -7.425893e+00  1.186828e+01  9.800000e+00
     vertex -6.783712e+00  1.224668e+01  9.800000e+00
     vertex -7.059495e+00  1.208981e+01  0.000000e+00
   endloop
 endfacet
 facet normal -5.281576e-01  8.491462e-01 -5.515530e-04
   outer loop
     vertex -7.425893e+00  1.186828e+01  9.800000e+00
     vertex -7.059495e+00  1.208981e+01  0.000000e+00
     vertex -7.688303e+00  1.170000e+01  2.000000e+00
   endloop
 endfacet
 facet normal -5.528000e-01  8.333138e-01  6.190499e-04
   outer loop
     vertex -8.047024e+00  1.145624e+01  9.800000e+00
     vertex -7.425893e+00  1.186828e+01  9.800000e+00
     vertex -7.688303e+00  1.170000e+01  2.000000e+00
   endloop
 endfacet
 facet normal -5.924356e-01  8.056178e-01  1.542467e-04
   outer loop
     vertex -8.047024e+00  1.145624e+01  9.800000e+00
     vertex -8.095341e+00  1.142215e+01  2.277852e+00
     vertex -8.492347e+00  1.113014e+01  2.569859e+00
   endloop
 endfacet
 facet normal -5.638453e-01  8.258804e-01 -1.212287e-04
   outer loop
     vertex -8.047024e+00  1.145624e+01  9.800000e+00
     vertex -7.688303e+00  1.170000e+01  2.000000e+00
     vertex -8.095341e+00  1.142215e+01  2.277852e+00
   endloop
 endfacet
 facet normal -5.963673e-01  8.027115e-01  5.274920e-04
   outer loop
     vertex -8.645345e+00  1.101172e+01  9.800000e+00
     vertex -8.047024e+00  1.145624e+01  9.800000e+00
     vertex -8.492347e+00  1.113014e+01  2.569859e+00
   endloop
 endfacet
 facet normal -6.241737e-01  7.812855e-01 -4.118493e-04
   outer loop
     vertex -8.645345e+00  1.101172e+01  9.800000e+00
     vertex -8.492347e+00  1.113014e+01  2.569859e+00
     vertex -8.974650e+00  1.074503e+01  2.954971e+00
   endloop
 endfacet
 facet normal -6.382440e-01  7.698338e-01  7.112331e-04
   outer loop
     vertex -9.219159e+00  1.053599e+01  9.800000e+00
     vertex -8.645345e+00  1.101172e+01  9.800000e+00
     vertex -8.974650e+00  1.074503e+01  2.954971e+00
   endloop
 endfacet
 facet normal -6.583261e-01  7.527327e-01 -5.283585e-04
   outer loop
     vertex -9.219159e+00  1.053599e+01  9.800000e+00
     vertex -8.974650e+00  1.074503e+01  2.954971e+00
     vertex -9.446537e+00  1.033261e+01  3.367385e+00
   endloop
 endfacet
 facet normal -6.783116e-01  7.347739e-01  7.458754e-04
   outer loop
     vertex -9.766841e+00  1.003039e+01  9.800000e+00
     vertex -9.219159e+00  1.053599e+01  9.800000e+00
     vertex -9.446537e+00  1.033261e+01  3.367385e+00
   endloop
 endfacet
 facet normal -6.913416e-01  7.225279e-01 -4.782896e-04
   outer loop
     vertex -9.766841e+00  1.003039e+01  9.800000e+00
     vertex -9.446537e+00  1.033261e+01  3.367385e+00
     vertex -9.899495e+00  9.899495e+00  3.800505e+00
   endloop
 endfacet
 facet normal -7.164566e-01  6.976314e-01  6.202235e-04
   outer loop
     vertex -1.028684e+01  9.496366e+00  9.800000e+00
     vertex -9.766841e+00  1.003039e+01  9.800000e+00
     vertex -9.899495e+00  9.899495e+00  3.800505e+00
   endloop
 endfacet
 facet normal -7.376884e-01  6.751413e-01 -2.182431e-04
   outer loop
     vertex -1.028684e+01  9.496366e+00  9.800000e+00
     vertex -1.018807e+01  9.602249e+00  3.511928e+00
     vertex -1.046773e+01  9.296595e+00  3.232272e+00
   endloop
 endfacet
 facet normal -7.177111e-01  6.963408e-01  4.525135e-04
   outer loop
     vertex -1.028684e+01  9.496366e+00  9.800000e+00
     vertex -9.899495e+00  9.899495e+00  3.800505e+00
     vertex -1.018807e+01  9.602249e+00  3.511928e+00
   endloop
 endfacet
 facet normal -7.525706e-01  6.585112e-01  6.974813e-04
   outer loop
     vertex -1.077768e+01  8.935419e+00  9.800000e+00
     vertex -1.028684e+01  9.496366e+00  9.800000e+00
     vertex -1.046773e+01  9.296595e+00  3.232272e+00
   endloop
 endfacet
 facet normal -7.634687e-01  6.458446e-01 -5.133986e-04
   outer loop
     vertex -1.077768e+01  8.935419e+00  9.800000e+00
     vertex -1.046773e+01  9.296595e+00  3.232272e+00
     vertex -1.090902e+01  8.774583e+00  2.790981e+00
   endloop
 endfacet
 facet normal -7.865514e-01  6.175245e-01  5.690115e-04
   outer loop
     vertex -1.123796e+01  8.349143e+00  9.800000e+00
     vertex -1.077768e+01  8.935419e+00  9.800000e+00
     vertex -1.090902e+01  8.774583e+00  2.790981e+00
   endloop
 endfacet
 facet normal -7.939048e-01  6.080420e-01 -3.516702e-04
   outer loop
     vertex -1.123796e+01  8.349143e+00  9.800000e+00
     vertex -1.090902e+01  8.774583e+00  2.790981e+00
     vertex -1.131755e+01  8.240938e+00  2.382450e+00
   endloop
 endfacet
 facet normal -8.499328e-01  5.268910e-01 -4.507554e-14
   outer loop
     vertex -1.208981e+01  7.059495e+00  0.000000e+00
     vertex -1.170000e+01  7.688303e+00  2.000000e+00
     vertex -1.170000e+01  7.688303e+00  0.000000e+00
   endloop
 endfacet
 facet normal -8.183027e-01  5.747874e-01  3.952157e-04
   outer loop
     vertex -1.166639e+01  7.739201e+00  9.800000e+00
     vertex -1.123796e+01  8.349143e+00  9.800000e+00
     vertex -1.131755e+01  8.240938e+00  2.382450e+00
   endloop
 endfacet
 facet normal -8.222367e-01  5.691456e-01 -1.714183e-04
   outer loop
     vertex -1.166639e+01  7.739201e+00  9.800000e+00
     vertex -1.131755e+01  8.240938e+00  2.382450e+00
     vertex -1.170000e+01  7.688303e+00  2.000000e+00
   endloop
 endfacet
 facet normal -8.497327e-01  5.272137e-01 -1.404410e-04
   outer loop
     vertex -1.206176e+01  7.107321e+00  9.800000e+00
     vertex -1.170000e+01  7.688303e+00  2.000000e+00
     vertex -1.208981e+01  7.059495e+00  0.000000e+00
   endloop
 endfacet
 facet normal -8.477344e-01  5.304209e-01  1.911289e-04
   outer loop
     vertex -1.206176e+01  7.107321e+00  9.800000e+00
     vertex -1.166639e+01  7.739201e+00  9.800000e+00
     vertex -1.170000e+01  7.688303e+00  2.000000e+00
   endloop
 endfacet
 facet normal -8.747631e-01  4.845509e-01  1.394137e-04
   outer loop
     vertex -1.242293e+01  6.455295e+00  9.800000e+00
     vertex -1.206176e+01  7.107321e+00  9.800000e+00
     vertex -1.208981e+01  7.059495e+00  0.000000e+00
   endloop
 endfacet
 facet normal -8.765800e-01  4.812562e-01 -1.254724e-04
   outer loop
     vertex -1.242293e+01  6.455295e+00  9.800000e+00
     vertex -1.208981e+01  7.059495e+00  0.000000e+00
     vertex -1.244586e+01  6.410974e+00  0.000000e+00
   endloop
 endfacet
 facet normal -9.007792e-01  4.342774e-01 -1.124270e-04
   outer loop
     vertex -1.274889e+01  5.784971e+00  9.800000e+00
     vertex -1.244586e+01  6.410974e+00  0.000000e+00
     vertex -1.276715e+01  5.744548e+00  0.000000e+00
   endloop
 endfacet
 facet normal -8.993121e-01  4.373073e-01  1.264804e-04
   outer loop
     vertex -1.274889e+01  5.784971e+00  9.800000e+00
     vertex -1.242293e+01  6.455295e+00  9.800000e+00
     vertex -1.244586e+01  6.410974e+00  0.000000e+00
   endloop
 endfacet
 facet normal -9.224629e-01  3.860858e-01 -9.915768e-05
   outer loop
     vertex -1.303871e+01  5.098248e+00  9.800000e+00
     vertex -1.276715e+01  5.744548e+00  0.000000e+00
     vertex -1.305279e+01  5.062081e+00  0.000000e+00
   endloop
 endfacet
 facet normal -9.213120e-01  3.888242e-01  1.133230e-04
   outer loop
     vertex -1.303871e+01  5.098248e+00  9.800000e+00
     vertex -1.274889e+01  5.784971e+00  9.800000e+00
     vertex -1.276715e+01  5.744548e+00  0.000000e+00
   endloop
 endfacet
 facet normal -9.415704e-01  3.368161e-01 -8.566432e-05
   outer loop
     vertex -1.329157e+01  4.397074e+00  9.800000e+00
     vertex -1.305279e+01  5.062081e+00  0.000000e+00
     vertex -1.330198e+01  4.365477e+00  0.000000e+00
   endloop
 endfacet
 facet normal -9.407003e-01  3.392389e-01  9.994170e-05
   outer loop
     vertex -1.329157e+01  4.397074e+00  9.800000e+00
     vertex -1.303871e+01  5.098248e+00  9.800000e+00
     vertex -1.305279e+01  5.062081e+00  0.000000e+00
   endloop
 endfacet
 facet normal -9.580486e-01  2.866058e-01 -7.194695e-05
   outer loop
     vertex -1.350675e+01  3.683436e+00  9.800000e+00
     vertex -1.330198e+01  4.365477e+00  0.000000e+00
     vertex -1.351402e+01  3.656682e+00  0.000000e+00
   endloop
 endfacet
 facet normal -9.574220e-01  2.886919e-01  8.633633e-05
   outer loop
     vertex -1.350675e+01  3.683436e+00  9.800000e+00
     vertex -1.329157e+01  4.397074e+00  9.800000e+00
     vertex -1.330198e+01  4.365477e+00  0.000000e+00
   endloop
 endfacet
 facet normal -9.718513e-01  2.355950e-01 -5.800557e-05
   outer loop
     vertex -1.368365e+01  2.959357e+00  9.800000e+00
     vertex -1.351402e+01  3.656682e+00  0.000000e+00
     vertex -1.368832e+01  2.937676e+00  0.000000e+00
   endloop
 endfacet
 facet normal -9.714299e-01  2.373267e-01  7.250695e-05
   outer loop
     vertex -1.368365e+01  2.959357e+00  9.800000e+00
     vertex -1.350675e+01  3.683436e+00  9.800000e+00
     vertex -1.351402e+01  3.656682e+00  0.000000e+00
   endloop
 endfacet
 facet normal -9.829400e-01  1.839264e-01 -4.384018e-05
   outer loop
     vertex -1.382176e+01  2.226889e+00  9.800000e+00
     vertex -1.368832e+01  2.937676e+00  0.000000e+00
     vertex -1.382439e+01  2.210465e+00  0.000000e+00
   endloop
 endfacet
 facet normal -9.826841e-01  1.852887e-01  5.845357e-05
   outer loop
     vertex -1.382176e+01  2.226889e+00  9.800000e+00
     vertex -1.368365e+01  2.959357e+00  9.800000e+00
     vertex -1.368832e+01  2.937676e+00  0.000000e+00
   endloop
 endfacet
 facet normal -9.911528e-01  1.327255e-01  4.417618e-05
   outer loop
     vertex -1.392069e+01  1.488109e+00  9.800000e+00
     vertex -1.382176e+01  2.226889e+00  9.800000e+00
     vertex -1.382439e+01  2.210465e+00  0.000000e+00
   endloop
 endfacet
 facet normal -9.912838e-01  1.317441e-01 -2.945079e-05
   outer loop
     vertex -1.392069e+01  1.488109e+00  9.800000e+00
     vertex -1.382439e+01  2.210465e+00  0.000000e+00
     vertex -1.392186e+01  1.477082e+00  0.000000e+00
   endloop
 endfacet
 facet normal -9.968120e-01  7.978611e-02  2.967479e-05
   outer loop
     vertex -1.398016e+01  7.451104e-01  9.800000e+00
     vertex -1.392069e+01  1.488109e+00  9.800000e+00
     vertex -1.392186e+01  1.477082e+00  0.000000e+00
   endloop
 endfacet
 facet normal -9.968592e-01  7.919392e-02 -1.483739e-05
   outer loop
     vertex -1.398016e+01  7.451104e-01  9.800000e+00
     vertex -1.392186e+01  1.477082e+00  0.000000e+00
     vertex -1.398045e+01  7.395736e-01  0.000000e+00
   endloop
 endfacet
 facet normal -9.996456e-01  2.662052e-02  1.494939e-05
   outer loop
     vertex -1.400000e+01  1.414900e-14  9.800000e+00
     vertex -1.398016e+01  7.451104e-01  9.800000e+00
     vertex -1.398045e+01  7.395736e-01  0.000000e+00
   endloop
 endfacet
 facet normal -9.996509e-01  2.642257e-02 -3.352565e-17
   outer loop
     vertex -1.400000e+01  1.414900e-14  9.800000e+00
     vertex -1.398045e+01  7.395736e-01  0.000000e+00
     vertex -1.400000e+01  1.714506e-15  0.000000e+00
   endloop
 endfacet
 facet normal -9.996509e-01 -2.642257e-02  3.352565e-17
   outer loop
     vertex -1.400000e+01  1.414900e-14  9.800000e+00
     vertex -1.400000e+01  1.714506e-15  0.000000e+00
     vertex -1.398045e+01 -7.395736e-01  0.000000e+00
   endloop
 endfacet
 facet normal -9.996456e-01 -2.662052e-02  1.494939e-05
   outer loop
     vertex -1.398016e+01 -7.451104e-01  9.800000e+00
     vertex -1.400000e+01  1.414900e-14  9.800000e+00
     vertex -1.398045e+01 -7.395736e-01  0.000000e+00
   endloop
 endfacet
 facet normal -9.968592e-01 -7.919392e-02 -1.483739e-05
   outer loop
     vertex -1.398016e+01 -7.451104e-01  9.800000e+00
     vertex -1.398045e+01 -7.395736e-01  0.000000e+00
     vertex -1.392186e+01 -1.477082e+00  0.000000e+00
   endloop
 endfacet
 facet normal -9.968120e-01 -7.978611e-02  2.967479e-05
   outer loop
     vertex -1.392069e+01 -1.488109e+00  9.800000e+00
     vertex -1.398016e+01 -7.451104e-01  9.800000e+00
     vertex -1.392186e+01 -1.477082e+00  0.000000e+00
   endloop
 endfacet
 facet normal -9.912838e-01 -1.317441e-01 -2.945079e-05
   outer loop
     vertex -1.392069e+01 -1.488109e+00  9.800000e+00
     vertex -1.392186e+01 -1.477082e+00  0.000000e+00
     vertex -1.382439e+01 -2.210465e+00  0.000000e+00
   endloop
 endfacet
 facet normal -9.911528e-01 -1.327255e-01  4.417618e-05
   outer loop
     vertex -1.382176e+01 -2.226889e+00  9.800000e+00
     vertex -1.392069e+01 -1.488109e+00  9.800000e+00
     vertex -1.382439e+01 -2.210465e+00  0.000000e+00
   endloop
 endfacet
 facet normal -9.829400e-01 -1.839264e-01 -4.384018e-05
   outer loop
     vertex -1.382176e+01 -2.226889e+00  9.800000e+00
     vertex -1.382439e+01 -2.210465e+00  0.000000e+00
     vertex -1.368832e+01 -2.937676e+00  0.000000e+00
   endloop
 endfacet
 facet normal -9.826841e-01 -1.852887e-01  5.845357e-05
   outer loop
     vertex -1.368365e+01 -2.959357e+00  9.800000e+00
     vertex -1.382176e+01 -2.226889e+00  9.800000e+00
     vertex -1.368832e+01 -2.937676e+00  0.000000e+00
   endloop
 endfacet
 facet normal -9.718513e-01 -2.355950e-01 -5.800557e-05
   outer loop
     vertex -1.368365e+01 -2.959357e+00  9.800000e+00
     vertex -1.368832e+01 -2.937676e+00  0.000000e+00
     vertex -1.351402e+01 -3.656682e+00  0.000000e+00
   endloop
 endfacet
 facet normal -9.714299e-01 -2.373267e-01  7.250695e-05
   outer loop
     vertex -1.350675e+01 -3.683436e+00  9.800000e+00
     vertex -1.368365e+01 -2.959357e+00  9.800000e+00
     vertex -1.351402e+01 -3.656682e+00  0.000000e+00
   endloop
 endfacet
 facet normal -9.580486e-01 -2.866058e-01 -7.194695e-05
   outer loop
     vertex -1.350675e+01 -3.683436e+00  9.800000e+00
     vertex -1.351402e+01 -3.656682e+00  0.000000e+00
     vertex -1.330198e+01 -4.365477e+00  0.000000e+00
   endloop
 endfacet
 facet normal -9.574220e-01 -2.886919e-01  8.633633e-05
   outer loop
     vertex -1.329157e+01 -4.397074e+00  9.800000e+00
     vertex -1.350675e+01 -3.683436e+00  9.800000e+00
     vertex -1.330198e+01 -4.365477e+00  0.000000e+00
   endloop
 endfacet
 facet normal -9.415704e-01 -3.368161e-01 -8.566432e-05
   outer loop
     vertex -1.329157e+01 -4.397074e+00  9.800000e+00
     vertex -1.330198e+01 -4.365477e+00  0.000000e+00
     vertex -1.305279e+01 -5.062081e+00  0.000000e+00
   endloop
 endfacet
 facet normal -9.407003e-01 -3.392389e-01  9.994170e-05
   outer loop
     vertex -1.303871e+01 -5.098248e+00  9.800000e+00
     vertex -1.329157e+01 -4.397074e+00  9.800000e+00
     vertex -1.305279e+01 -5.062081e+00  0.000000e+00
   endloop
 endfacet
 facet normal -9.224629e-01 -3.860858e-01 -9.915768e-05
   outer loop
     vertex -1.303871e+01 -5.098248e+00  9.800000e+00
     vertex -1.305279e+01 -5.062081e+00  0.000000e+00
     vertex -1.276715e+01 -5.744548e+00  0.000000e+00
   endloop
 endfacet
 facet normal -9.213120e-01 -3.888242e-01  1.133230e-04
   outer loop
     vertex -1.274889e+01 -5.784971e+00  9.800000e+00
     vertex -1.303871e+01 -5.098248e+00  9.800000e+00
     vertex -1.276715e+01 -5.744548e+00  0.000000e+00
   endloop
 endfacet
 facet normal -9.007792e-01 -4.342774e-01 -1.124270e-04
   outer loop
     vertex -1.274889e+01 -5.784971e+00  9.800000e+00
     vertex -1.276715e+01 -5.744548e+00  0.000000e+00
     vertex -1.244586e+01 -6.410974e+00  0.000000e+00
   endloop
 endfacet
 facet normal -8.993121e-01 -4.373073e-01  1.264804e-04
   outer loop
     vertex -1.242293e+01 -6.455295e+00  9.800000e+00
     vertex -1.274889e+01 -5.784971e+00  9.800000e+00
     vertex -1.244586e+01 -6.410974e+00  0.000000e+00
   endloop
 endfacet
 facet normal -8.765800e-01 -4.812562e-01 -1.254724e-04
   outer loop
     vertex -1.242293e+01 -6.455295e+00  9.800000e+00
     vertex -1.244586e+01 -6.410974e+00  0.000000e+00
     vertex -1.208981e+01 -7.059495e+00  0.000000e+00
   endloop
 endfacet
 facet normal -8.499328e-01 -5.268910e-01 -4.553781e-14
   outer loop
     vertex -1.170000e+01 -7.688303e+00  2.000000e+00
     vertex -1.208981e+01 -7.059495e+00  0.000000e+00
     vertex -1.170000e+01 -7.688303e+00  0.000000e+00
   endloop
 endfacet
 facet normal -8.747631e-01 -4.845509e-01  1.394137e-04
   outer loop
     vertex -1.206176e+01 -7.107321e+00  9.800000e+00
     vertex -1.242293e+01 -6.455295e+00  9.800000e+00
     vertex -1.208981e+01 -7.059495e+00  0.000000e+00
   endloop
 endfacet
 facet normal -8.497327e-01 -5.272137e-01 -1.404410e-04
   outer loop
     vertex -1.206176e+01 -7.107321e+00  9.800000e+00
     vertex -1.208981e+01 -7.059495e+00  0.000000e+00
     vertex -1.170000e+01 -7.688303e+00  2.000000e+00
   endloop
 endfacet
 facet normal -8.258804e-01 -5.638453e-01 -1.211332e-04
   outer loop
     vertex -1.166639e+01 -7.739201e+00  9.800000e+00
     vertex -1.170000e+01 -7.688303e+00  2.000000e+00
     vertex -1.142215e+01 -8.095341e+00  2.277852e+00
   endloop
 endfacet
 facet normal -8.477344e-01 -5.304209e-01  1.911289e-04
   outer loop
     vertex -1.166639e+01 -7.739201e+00  9.800000e+00
     vertex -1.206176e+01 -7.107321e+00  9.800000e+00
     vertex -1.170000e+01 -7.688303e+00  2.000000e+00
   endloop
 endfacet
 facet normal -8.054676e-01 -5.926398e-01 -2.736537e-04
   outer loop
     vertex -1.123796e+01 -8.349143e+00  9.800000e+00
     vertex -1.142215e+01 -8.095341e+00  2.277852e+00
     vertex -1.113014e+01 -8.492347e+00  2.569859e+00
   endloop
 endfacet
 facet normal -8.183026e-01 -5.747873e-01  6.429759e-04
   outer loop
     vertex -1.123796e+01 -8.349143e+00  9.800000e+00
     vertex -1.166639e+01 -7.739201e+00  9.800000e+00
     vertex -1.142215e+01 -8.095341e+00  2.277852e+00
   endloop
 endfacet
 facet normal -7.530394e-01 -6.579754e-01  1.795947e-04
   outer loop
     vertex -1.077768e+01 -8.935419e+00  9.800000e+00
     vertex -1.074503e+01 -8.974650e+00  2.954971e+00
     vertex -1.033261e+01 -9.446537e+00  3.367385e+00
   endloop
 endfacet
 facet normal -7.813875e-01 -6.240461e-01 -1.500683e-04
   outer loop
     vertex -1.077768e+01 -8.935419e+00  9.800000e+00
     vertex -1.113014e+01 -8.492347e+00  2.569859e+00
     vertex -1.074503e+01 -8.974650e+00  2.954971e+00
   endloop
 endfacet
 facet normal -7.865515e-01 -6.175245e-01  5.013188e-04
   outer loop
     vertex -1.077768e+01 -8.935419e+00  9.800000e+00
     vertex -1.123796e+01 -8.349143e+00  9.800000e+00
     vertex -1.113014e+01 -8.492347e+00  2.569859e+00
   endloop
 endfacet
 facet normal -7.525707e-01 -6.585114e-01  2.546062e-04
   outer loop
     vertex -1.028684e+01 -9.496366e+00  9.800000e+00
     vertex -1.077768e+01 -8.935419e+00  9.800000e+00
     vertex -1.033261e+01 -9.446537e+00  3.367385e+00
   endloop
 endfacet
 facet normal -7.226553e-01 -6.912085e-01 -2.115616e-04
   outer loop
     vertex -1.028684e+01 -9.496366e+00  9.800000e+00
     vertex -1.033261e+01 -9.446537e+00  3.367385e+00
     vertex -9.899495e+00 -9.899495e+00  3.800505e+00
   endloop
 endfacet
 facet normal -6.966908e-01 -7.173715e-01 -2.475129e-04
   outer loop
     vertex -9.766841e+00 -1.003039e+01  9.800000e+00
     vertex -9.899495e+00 -9.899495e+00  3.800505e+00
     vertex -9.602249e+00 -1.018807e+01  3.511928e+00
   endloop
 endfacet
 facet normal -7.164566e-01 -6.976314e-01  6.202235e-04
   outer loop
     vertex -9.766841e+00 -1.003039e+01  9.800000e+00
     vertex -1.028684e+01 -9.496366e+00  9.800000e+00
     vertex -9.899495e+00 -9.899495e+00  3.800505e+00
   endloop
 endfacet
 facet normal -6.457506e-01 -7.635484e-01 -3.224984e-04
   outer loop
     vertex -9.219159e+00 -1.053599e+01  9.800000e+00
     vertex -9.296595e+00 -1.046773e+01  3.232272e+00
     vertex -8.774583e+00 -1.090902e+01  2.790981e+00
   endloop
 endfacet
 facet normal -6.748894e-01 -7.379188e-01  2.874441e-04
   outer loop
     vertex -9.219159e+00 -1.053599e+01  9.800000e+00
     vertex -9.602249e+00 -1.018807e+01  3.511928e+00
     vertex -9.296595e+00 -1.046773e+01  3.232272e+00
   endloop
 endfacet
 facet normal -6.783117e-01 -7.347740e-01  6.699440e-04
   outer loop
     vertex -9.219159e+00 -1.053599e+01  9.800000e+00
     vertex -9.766841e+00 -1.003039e+01  9.800000e+00
     vertex -9.602249e+00 -1.018807e+01  3.511928e+00
   endloop
 endfacet
 facet normal -6.080752e-01 -7.938793e-01 -4.204645e-04
   outer loop
     vertex -8.645345e+00 -1.101172e+01  9.800000e+00
     vertex -8.774583e+00 -1.090902e+01  2.790981e+00
     vertex -8.240938e+00 -1.131755e+01  2.382450e+00
   endloop
 endfacet
 facet normal -6.382441e-01 -7.698339e-01  4.881536e-04
   outer loop
     vertex -8.645345e+00 -1.101172e+01  9.800000e+00
     vertex -9.219159e+00 -1.053599e+01  9.800000e+00
     vertex -8.774583e+00 -1.090902e+01  2.790981e+00
   endloop
 endfacet
 facet normal -5.692941e-01 -8.221338e-01 -4.889034e-04
   outer loop
     vertex -8.047024e+00 -1.145624e+01  9.800000e+00
     vertex -8.240938e+00 -1.131755e+01  2.382450e+00
     vertex -7.688303e+00 -1.170000e+01  2.000000e+00
   endloop
 endfacet
 facet normal -5.963673e-01 -8.027115e-01  5.820082e-04
   outer loop
     vertex -8.047024e+00 -1.145624e+01  9.800000e+00
     vertex -8.645345e+00 -1.101172e+01  9.800000e+00
     vertex -8.240938e+00 -1.131755e+01  2.382450e+00
   endloop
 endfacet
 facet normal -5.268910e-01 -8.499328e-01  5.286012e-14
   outer loop
     vertex -7.059495e+00 -1.208981e+01  0.000000e+00
     vertex -7.688303e+00 -1.170000e+01  2.000000e+00
     vertex -7.688303e+00 -1.170000e+01  0.000000e+00
   endloop
 endfacet
 facet normal -5.281576e-01 -8.491462e-01 -5.515530e-04
   outer loop
     vertex -7.425893e+00 -1.186828e+01  9.800000e+00
     vertex -7.688303e+00 -1.170000e+01  2.000000e+00
     vertex -7.059495e+00 -1.208981e+01  0.000000e+00
   endloop
 endfacet
 facet normal -5.528000e-01 -8.333138e-01  6.190499e-04
   outer loop
     vertex -7.425893e+00 -1.186828e+01  9.800000e+00
     vertex -8.047024e+00 -1.145624e+01  9.800000e+00
     vertex -7.688303e+00 -1.170000e+01  2.000000e+00
   endloop
 endfacet
 facet normal -4.812561e-01 -8.765799e-01 -4.886557e-04
   outer loop
     vertex -6.783712e+00 -1.224668e+01  9.800000e+00
     vertex -7.059495e+00 -1.208981e+01  0.000000e+00
     vertex -6.410974e+00 -1.244586e+01  0.000000e+00
   endloop
 endfacet
 facet normal -5.076657e-01 -8.615540e-01  4.950660e-04
   outer loop
     vertex -6.783712e+00 -1.224668e+01  9.800000e+00
     vertex -7.425893e+00 -1.186828e+01  9.800000e+00
     vertex -7.059495e+00 -1.208981e+01  0.000000e+00
   endloop
 endfacet
 facet normal -4.342774e-01 -9.007791e-01 -4.906723e-04
   outer loop
     vertex -6.122302e+00 -1.259037e+01  9.800000e+00
     vertex -6.410974e+00 -1.244586e+01  0.000000e+00
     vertex -5.744548e+00 -1.276715e+01  0.000000e+00
   endloop
 endfacet
 facet normal -4.610924e-01 -8.873520e-01  4.971947e-04
   outer loop
     vertex -6.122302e+00 -1.259037e+01  9.800000e+00
     vertex -6.783712e+00 -1.224668e+01  9.800000e+00
     vertex -6.410974e+00 -1.244586e+01  0.000000e+00
   endloop
 endfacet
 facet normal -4.132121e-01 -9.106347e-01  4.990993e-04
   outer loop
     vertex -5.443538e+00 -1.289837e+01  9.800000e+00
     vertex -6.122302e+00 -1.259037e+01  9.800000e+00
     vertex -5.744548e+00 -1.276715e+01  0.000000e+00
   endloop
 endfacet
 facet normal -3.860858e-01 -9.224627e-01 -4.924649e-04
   outer loop
     vertex -5.443538e+00 -1.289837e+01  9.800000e+00
     vertex -5.744548e+00 -1.276715e+01  0.000000e+00
     vertex -5.062081e+00 -1.305279e+01  0.000000e+00
   endloop
 endfacet
 facet normal -3.641605e-01 -9.313361e-01  5.007799e-04
   outer loop
     vertex -4.749344e+00 -1.316980e+01  9.800000e+00
     vertex -5.443538e+00 -1.289837e+01  9.800000e+00
     vertex -5.062081e+00 -1.305279e+01  0.000000e+00
   endloop
 endfacet
 facet normal -3.368161e-01 -9.415703e-01 -4.940335e-04
   outer loop
     vertex -4.749344e+00 -1.316980e+01  9.800000e+00
     vertex -5.062081e+00 -1.305279e+01  0.000000e+00
     vertex -4.365477e+00 -1.330198e+01  0.000000e+00
   endloop
 endfacet
 facet normal -3.140767e-01 -9.493975e-01  5.022364e-04
   outer loop
     vertex -4.041687e+00 -1.340391e+01  9.800000e+00
     vertex -4.749344e+00 -1.316980e+01  9.800000e+00
     vertex -4.365477e+00 -1.330198e+01  0.000000e+00
   endloop
 endfacet
 facet normal -2.866057e-01 -9.580485e-01 -4.953779e-04
   outer loop
     vertex -4.041687e+00 -1.340391e+01  9.800000e+00
     vertex -4.365477e+00 -1.330198e+01  0.000000e+00
     vertex -3.656682e+00 -1.351402e+01  0.000000e+00
   endloop
 endfacet
 facet normal -2.355950e-01 -9.718512e-01 -4.964983e-04
   outer loop
     vertex -3.322574e+00 -1.360002e+01  9.800000e+00
     vertex -3.656682e+00 -1.351402e+01  0.000000e+00
     vertex -2.937676e+00 -1.368832e+01  0.000000e+00
   endloop
 endfacet
 facet normal -2.631025e-01 -9.647677e-01  5.034688e-04
   outer loop
     vertex -3.322574e+00 -1.360002e+01  9.800000e+00
     vertex -4.041687e+00 -1.340391e+01  9.800000e+00
     vertex -3.656682e+00 -1.351402e+01  0.000000e+00
   endloop
 endfacet
 facet normal -1.839264e-01 -9.829399e-01 -4.973946e-04
   outer loop
     vertex -2.594042e+00 -1.375758e+01  9.800000e+00
     vertex -2.937676e+00 -1.368832e+01  0.000000e+00
     vertex -2.210465e+00 -1.382439e+01  0.000000e+00
   endloop
 endfacet
 facet normal -2.113826e-01 -9.774033e-01  5.044772e-04
   outer loop
     vertex -2.594042e+00 -1.375758e+01  9.800000e+00
     vertex -3.322574e+00 -1.360002e+01  9.800000e+00
     vertex -2.937676e+00 -1.368832e+01  0.000000e+00
   endloop
 endfacet
 facet normal -1.317441e-01 -9.912836e-01 -4.980668e-04
   outer loop
     vertex -1.858157e+00 -1.387614e+01  9.800000e+00
     vertex -2.210465e+00 -1.382439e+01  0.000000e+00
     vertex -1.477082e+00 -1.392186e+01  0.000000e+00
   endloop
 endfacet
 facet normal -1.590635e-01 -9.872682e-01  5.052614e-04
   outer loop
     vertex -1.858157e+00 -1.387614e+01  9.800000e+00
     vertex -2.594042e+00 -1.375758e+01  9.800000e+00
     vertex -2.210465e+00 -1.382439e+01  0.000000e+00
   endloop
 endfacet
 facet normal -7.919391e-02 -9.968591e-01 -4.985150e-04
   outer loop
     vertex -1.117005e+00 -1.395537e+01  9.800000e+00
     vertex -1.477082e+00 -1.392186e+01  0.000000e+00
     vertex -7.395736e-01 -1.398045e+01  0.000000e+00
   endloop
 endfacet
 facet normal -1.062935e-01 -9.943347e-01  5.058216e-04
   outer loop
     vertex -1.117005e+00 -1.395537e+01  9.800000e+00
     vertex -1.858157e+00 -1.387614e+01  9.800000e+00
     vertex -1.477082e+00 -1.392186e+01  0.000000e+00
   endloop
 endfacet
 facet normal -2.642256e-02 -9.996507e-01 -4.987391e-04
   outer loop
     vertex -3.726873e-01 -1.399504e+01  9.800000e+00
     vertex -7.395736e-01 -1.398045e+01  0.000000e+00
     vertex -4.004757e-13 -1.400000e+01  0.000000e+00
   endloop
 endfacet
 facet normal -5.322217e-02 -9.985826e-01  5.061577e-04
   outer loop
     vertex -3.726873e-01 -1.399504e+01  9.800000e+00
     vertex -1.117005e+00 -1.395537e+01  9.800000e+00
     vertex -7.395736e-01 -1.398045e+01  0.000000e+00
   endloop
 endfacet
 facet normal  2.642256e-02 -9.996507e-01 -4.987391e-04
   outer loop
     vertex  3.726873e-01 -1.399504e+01  9.800000e+00
     vertex -4.004757e-13 -1.400000e+01  0.000000e+00
     vertex  7.395736e-01 -1.398045e+01  0.000000e+00
   endloop
 endfacet
 facet normal  7.149519e-15 -9.999999e-01  5.062698e-04
   outer loop
     vertex  3.726873e-01 -1.399504e+01  9.800000e+00
     vertex -3.726873e-01 -1.399504e+01  9.800000e+00
     vertex -4.004757e-13 -1.400000e+01  0.000000e+00
   endloop
 endfacet
 facet normal  7.919391e-02 -9.968591e-01 -4.985150e-04
   outer loop
     vertex  1.117005e+00 -1.395537e+01  9.800000e+00
     vertex  7.395736e-01 -1.398045e+01  0.000000e+00
     vertex  1.477082e+00 -1.392186e+01  0.000000e+00
   endloop
 endfacet
 facet normal  5.322217e-02 -9.985826e-01  5.061577e-04
   outer loop
     vertex  1.117005e+00 -1.395537e+01  9.800000e+00
     vertex  3.726873e-01 -1.399504e+01  9.800000e+00
     vertex  7.395736e-01 -1.398045e+01  0.000000e+00
   endloop
 endfacet
 facet normal  1.317441e-01 -9.912836e-01 -4.980668e-04
   outer loop
     vertex  1.858157e+00 -1.387614e+01  9.800000e+00
     vertex  1.477082e+00 -1.392186e+01  0.000000e+00
     vertex  2.210465e+00 -1.382439e+01  0.000000e+00
   endloop
 endfacet
 facet normal  1.062935e-01 -9.943347e-01  5.058216e-04
   outer loop
     vertex  1.858157e+00 -1.387614e+01  9.800000e+00
     vertex  1.117005e+00 -1.395537e+01  9.800000e+00
     vertex  1.477082e+00 -1.392186e+01  0.000000e+00
   endloop
 endfacet
 facet normal  1.839264e-01 -9.829399e-01 -4.973946e-04
   outer loop
     vertex  2.594042e+00 -1.375758e+01  9.800000e+00
     vertex  2.210465e+00 -1.382439e+01  0.000000e+00
     vertex  2.937676e+00 -1.368832e+01  0.000000e+00
   endloop
 endfacet
 facet normal  1.590635e-01 -9.872682e-01  5.052614e-04
   outer loop
     vertex  2.594042e+00 -1.375758e+01  9.800000e+00
     vertex  1.858157e+00 -1.387614e+01  9.800000e+00
     vertex  2.210465e+00 -1.382439e+01  0.000000e+00
   endloop
 endfacet
 facet normal  2.355950e-01 -9.718512e-01 -4.964983e-04
   outer loop
     vertex  3.322574e+00 -1.360002e+01  9.800000e+00
     vertex  2.937676e+00 -1.368832e+01  0.000000e+00
     vertex  3.656682e+00 -1.351402e+01  0.000000e+00
   endloop
 endfacet
 facet normal  2.113826e-01 -9.774033e-01  5.044772e-04
   outer loop
     vertex  3.322574e+00 -1.360002e+01  9.800000e+00
     vertex  2.594042e+00 -1.375758e+01  9.800000e+00
     vertex  2.937676e+00 -1.368832e+01  0.000000e+00
   endloop
 endfacet
 facet normal  2.866057e-01 -9.580485e-01 -4.953779e-04
   outer loop
     vertex  4.041687e+00 -1.340391e+01  9.800000e+00
     vertex  3.656682e+00 -1.351402e+01  0.000000e+00
     vertex  4.365477e+00 -1.330198e+01  0.000000e+00
   endloop
 endfacet
 facet normal  2.631025e-01 -9.647677e-01  5.034688e-04
   outer loop
     vertex  4.041687e+00 -1.340391e+01  9.800000e+00
     vertex  3.322574e+00 -1.360002e+01  9.800000e+00
     vertex  3.656682e+00 -1.351402e+01  0.000000e+00
   endloop
 endfacet
 facet normal  3.368161e-01 -9.415703e-01 -4.940335e-04
   outer loop
     vertex  4.749344e+00 -1.316980e+01  9.800000e+00
     vertex  4.365477e+00 -1.330198e+01  0.000000e+00
     vertex  5.062081e+00 -1.305279e+01  0.000000e+00
   endloop
 endfacet
 facet normal  3.140767e-01 -9.493975e-01  5.022364e-04
   outer loop
     vertex  4.749344e+00 -1.316980e+01  9.800000e+00
     vertex  4.041687e+00 -1.340391e+01  9.800000e+00
     vertex  4.365477e+00 -1.330198e+01  0.000000e+00
   endloop
 endfacet
 facet normal  3.860858e-01 -9.224627e-01 -4.924649e-04
   outer loop
     vertex  5.443538e+00 -1.289837e+01  9.800000e+00
     vertex  5.062081e+00 -1.305279e+01  0.000000e+00
     vertex  5.744548e+00 -1.276715e+01  0.000000e+00
   endloop
 endfacet
 facet normal  3.641605e-01 -9.313361e-01  5.007799e-04
   outer loop
     vertex  5.443538e+00 -1.289837e+01  9.800000e+00
     vertex  4.749344e+00 -1.316980e+01  9.800000e+00
     vertex  5.062081e+00 -1.305279e+01  0.000000e+00
   endloop
 endfacet
 facet normal  4.342774e-01 -9.007791e-01 -4.906723e-04
   outer loop
     vertex  6.122302e+00 -1.259037e+01  9.800000e+00
     vertex  5.744548e+00 -1.276715e+01  0.000000e+00
     vertex  6.410974e+00 -1.244586e+01  0.000000e+00
   endloop
 endfacet
 facet normal  4.132121e-01 -9.106347e-01  4.990993e-04
   outer loop
     vertex  6.122302e+00 -1.259037e+01  9.800000e+00
     vertex  5.443538e+00 -1.289837e+01  9.800000e+00
     vertex  5.744548e+00 -1.276715e+01  0.000000e+00
   endloop
 endfacet
 facet normal  4.812561e-01 -8.765799e-01 -4.886557e-04
   outer loop
     vertex  6.783712e+00 -1.224668e+01  9.800000e+00
     vertex  6.410974e+00 -1.244586e+01  0.000000e+00
     vertex  7.059495e+00 -1.208981e+01  0.000000e+00
   endloop
 endfacet
 facet normal  4.610924e-01 -8.873520e-01  4.971947e-04
   outer loop
     vertex  6.783712e+00 -1.224668e+01  9.800000e+00
     vertex  6.122302e+00 -1.259037e+01  9.800000e+00
     vertex  6.410974e+00 -1.244586e+01  0.000000e+00
   endloop
 endfacet
 facet normal  5.268910e-01 -8.499328e-01 -2.736503e-14
   outer loop
     vertex  7.688303e+00 -1.170000e+01  2.000000e+00
     vertex  7.059495e+00 -1.208981e+01  0.000000e+00
     vertex  7.688303e+00 -1.170000e+01  0.000000e+00
   endloop
 endfacet
 facet normal  5.281576e-01 -8.491462e-01 -5.515530e-04
   outer loop
     vertex  7.425893e+00 -1.186828e+01  9.800000e+00
     vertex  7.059495e+00 -1.208981e+01  0.000000e+00
     vertex  7.688303e+00 -1.170000e+01  2.000000e+00
   endloop
 endfacet
 facet normal  5.076657e-01 -8.615540e-01  4.950660e-04
   outer loop
     vertex  7.425893e+00 -1.186828e+01  9.800000e+00
     vertex  6.783712e+00 -1.224668e+01  9.800000e+00
     vertex  7.059495e+00 -1.208981e+01  0.000000e+00
   endloop
 endfacet
 facet normal  5.924356e-01 -8.056178e-01  1.542467e-04
   outer loop
     vertex  8.047024e+00 -1.145624e+01  9.800000e+00
     vertex  8.095341e+00 -1.142215e+01  2.277852e+00
     vertex  8.492347e+00 -1.113014e+01  2.569859e+00
   endloop
 endfacet
 facet normal  5.638453e-01 -8.258804e-01 -1.212287e-04
   outer loop
     vertex  8.047024e+00 -1.145624e+01  9.800000e+00
     vertex  7.688303e+00 -1.170000e+01  2.000000e+00
     vertex  8.095341e+00 -1.142215e+01  2.277852e+00
   endloop
 endfacet
 facet normal  5.528000e-01 -8.333138e-01  6.190499e-04
   outer loop
     vertex  8.047024e+00 -1.145624e+01  9.800000e+00
     vertex  7.425893e+00 -1.186828e+01  9.800000e+00
     vertex  7.688303e+00 -1.170000e+01  2.000000e+00
   endloop
 endfacet
 facet normal  6.241737e-01 -7.812855e-01 -4.118493e-04
   outer loop
     vertex  8.645345e+00 -1.101172e+01  9.800000e+00
     vertex  8.492347e+00 -1.113014e+01  2.569859e+00
     vertex  8.974650e+00 -1.074503e+01  2.954971e+00
   endloop
 endfacet
 facet normal  5.963673e-01 -8.027115e-01  5.274920e-04
   outer loop
     vertex  8.645345e+00 -1.101172e+01  9.800000e+00
     vertex  8.047024e+00 -1.145624e+01  9.800000e+00
     vertex  8.492347e+00 -1.113014e+01  2.569859e+00
   endloop
 endfacet
 facet normal  6.583261e-01 -7.527327e-01 -5.283585e-04
   outer loop
     vertex  9.219159e+00 -1.053599e+01  9.800000e+00
     vertex  8.974650e+00 -1.074503e+01  2.954971e+00
     vertex  9.446537e+00 -1.033261e+01  3.367385e+00
   endloop
 endfacet
 facet normal  6.382440e-01 -7.698338e-01  7.112331e-04
   outer loop
     vertex  9.219159e+00 -1.053599e+01  9.800000e+00
     vertex  8.645345e+00 -1.101172e+01  9.800000e+00
     vertex  8.974650e+00 -1.074503e+01  2.954971e+00
   endloop
 endfacet
 facet normal  6.913416e-01 -7.225279e-01 -4.782896e-04
   outer loop
     vertex  9.766841e+00 -1.003039e+01  9.800000e+00
     vertex  9.446537e+00 -1.033261e+01  3.367385e+00
     vertex  9.899495e+00 -9.899495e+00  3.800505e+00
   endloop
 endfacet
 facet normal  6.783116e-01 -7.347739e-01  7.458754e-04
   outer loop
     vertex  9.766841e+00 -1.003039e+01  9.800000e+00
     vertex  9.219159e+00 -1.053599e+01  9.800000e+00
     vertex  9.446537e+00 -1.033261e+01  3.367385e+00
   endloop
 endfacet
 facet normal  7.376884e-01 -6.751413e-01 -2.182431e-04
   outer loop
     vertex  1.028684e+01 -9.496366e+00  9.800000e+00
     vertex  1.018807e+01 -9.602249e+00  3.511928e+00
     vertex  1.046773e+01 -9.296595e+00  3.232272e+00
   endloop
 endfacet
 facet normal  7.177111e-01 -6.963408e-01  4.525135e-04
   outer loop
     vertex  1.028684e+01 -9.496366e+00  9.800000e+00
     vertex  9.899495e+00 -9.899495e+00  3.800505e+00
     vertex  1.018807e+01 -9.602249e+00  3.511928e+00
   endloop
 endfacet
 facet normal  7.164566e-01 -6.976314e-01  6.202235e-04
   outer loop
     vertex  1.028684e+01 -9.496366e+00  9.800000e+00
     vertex  9.766841e+00 -1.003039e+01  9.800000e+00
     vertex  9.899495e+00 -9.899495e+00  3.800505e+00
   endloop
 endfacet
 facet normal  7.634687e-01 -6.458446e-01 -5.133986e-04
   outer loop
     vertex  1.077768e+01 -8.935419e+00  9.800000e+00
     vertex  1.046773e+01 -9.296595e+00  3.232272e+00
     vertex  1.090902e+01 -8.774583e+00  2.790981e+00
   endloop
 endfacet
 facet normal  7.525706e-01 -6.585112e-01  6.974813e-04
   outer loop
     vertex  1.077768e+01 -8.935419e+00  9.800000e+00
     vertex  1.028684e+01 -9.496366e+00  9.800000e+00
     vertex  1.046773e+01 -9.296595e+00  3.232272e+00
   endloop
 endfacet
 facet normal  7.865514e-01 -6.175245e-01  5.690115e-04
   outer loop
     vertex  1.123796e+01 -8.349143e+00  9.800000e+00
     vertex  1.077768e+01 -8.935419e+00  9.800000e+00
     vertex  1.090902e+01 -8.774583e+00  2.790981e+00
   endloop
 endfacet
 facet normal  7.939048e-01 -6.080420e-01 -3.516702e-04
   outer loop
     vertex  1.123796e+01 -8.349143e+00  9.800000e+00
     vertex  1.090902e+01 -8.774583e+00  2.790981e+00
     vertex  1.131755e+01 -8.240938e+00  2.382450e+00
   endloop
 endfacet
 facet normal  8.499328e-01 -5.268910e-01 -8.754372e-14
   outer loop
     vertex  1.208981e+01 -7.059495e+00  0.000000e+00
     vertex  1.170000e+01 -7.688303e+00  2.000000e+00
     vertex  1.170000e+01 -7.688303e+00  0.000000e+00
   endloop
 endfacet
 facet normal  8.183027e-01 -5.747874e-01  3.952157e-04
   outer loop
     vertex  1.166639e+01 -7.739201e+00  9.800000e+00
     vertex  1.123796e+01 -8.349143e+00  9.800000e+00
     vertex  1.131755e+01 -8.240938e+00  2.382450e+00
   endloop
 endfacet
 facet normal  8.222367e-01 -5.691456e-01 -1.714183e-04
   outer loop
     vertex  1.166639e+01 -7.739201e+00  9.800000e+00
     vertex  1.131755e+01 -8.240938e+00  2.382450e+00
     vertex  1.170000e+01 -7.688303e+00  2.000000e+00
   endloop
 endfacet
 facet normal  8.477344e-01 -5.304209e-01  1.911289e-04
   outer loop
     vertex  1.206176e+01 -7.107321e+00  9.800000e+00
     vertex  1.166639e+01 -7.739201e+00  9.800000e+00
     vertex  1.170000e+01 -7.688303e+00  2.000000e+00
   endloop
 endfacet
 facet normal  8.497327e-01 -5.272137e-01 -1.404410e-04
   outer loop
     vertex  1.206176e+01 -7.107321e+00  9.800000e+00
     vertex  1.170000e+01 -7.688303e+00  2.000000e+00
     vertex  1.208981e+01 -7.059495e+00  0.000000e+00
   endloop
 endfacet
 facet normal  8.747631e-01 -4.845509e-01  1.394137e-04
   outer loop
     vertex  1.242293e+01 -6.455295e+00  9.800000e+00
     vertex  1.206176e+01 -7.107321e+00  9.800000e+00
     vertex  1.208981e+01 -7.059495e+00  0.000000e+00
   endloop
 endfacet
 facet normal  8.765800e-01 -4.812562e-01 -1.254724e-04
   outer loop
     vertex  1.242293e+01 -6.455295e+00  9.800000e+00
     vertex  1.208981e+01 -7.059495e+00  0.000000e+00
     vertex  1.244586e+01 -6.410974e+00  0.000000e+00
   endloop
 endfacet
 facet normal  8.993121e-01 -4.373073e-01  1.264804e-04
   outer loop
     vertex  1.274889e+01 -5.784971e+00  9.800000e+00
     vertex  1.242293e+01 -6.455295e+00  9.800000e+00
     vertex  1.244586e+01 -6.410974e+00  0.000000e+00
   endloop
 endfacet
 facet normal  9.007792e-01 -4.342774e-01 -1.124270e-04
   outer loop
     vertex  1.274889e+01 -5.784971e+00  9.800000e+00
     vertex  1.244586e+01 -6.410974e+00  0.000000e+00
     vertex  1.276715e+01 -5.744548e+00  0.000000e+00
   endloop
 endfacet
 facet normal  9.213120e-01 -3.888242e-01  1.133230e-04
   outer loop
     vertex  1.303871e+01 -5.098248e+00  9.800000e+00
     vertex  1.274889e+01 -5.784971e+00  9.800000e+00
     vertex  1.276715e+01 -5.744548e+00  0.000000e+00
   endloop
 endfacet
 facet normal  9.224629e-01 -3.860858e-01 -9.915768e-05
   outer loop
     vertex  1.303871e+01 -5.098248e+00  9.800000e+00
     vertex  1.276715e+01 -5.744548e+00  0.000000e+00
     vertex  1.305279e+01 -5.062081e+00  0.000000e+00
   endloop
 endfacet
 facet normal  9.407003e-01 -3.392389e-01  9.994170e-05
   outer loop
     vertex  1.329157e+01 -4.397074e+00  9.800000e+00
     vertex  1.303871e+01 -5.098248e+00  9.800000e+00
     vertex  1.305279e+01 -5.062081e+00  0.000000e+00
   endloop
 endfacet
 facet normal  9.415704e-01 -3.368161e-01 -8.566432e-05
   outer loop
     vertex  1.329157e+01 -4.397074e+00  9.800000e+00
     vertex  1.305279e+01 -5.062081e+00  0.000000e+00
     vertex  1.330198e+01 -4.365477e+00  0.000000e+00
   endloop
 endfacet
 facet normal  9.574220e-01 -2.886919e-01  8.633633e-05
   outer loop
     vertex  1.350675e+01 -3.683436e+00  9.800000e+00
     vertex  1.329157e+01 -4.397074e+00  9.800000e+00
     vertex  1.330198e+01 -4.365477e+00  0.000000e+00
   endloop
 endfacet
 facet normal  9.580486e-01 -2.866058e-01 -7.194695e-05
   outer loop
     vertex  1.350675e+01 -3.683436e+00  9.800000e+00
     vertex  1.330198e+01 -4.365477e+00  0.000000e+00
     vertex  1.351402e+01 -3.656682e+00  0.000000e+00
   endloop
 endfacet
 facet normal  9.714299e-01 -2.373267e-01  7.250695e-05
   outer loop
     vertex  1.368365e+01 -2.959357e+00  9.800000e+00
     vertex  1.350675e+01 -3.683436e+00  9.800000e+00
     vertex  1.351402e+01 -3.656682e+00  0.000000e+00
   endloop
 endfacet
 facet normal  9.718513e-01 -2.355950e-01 -5.800557e-05
   outer loop
     vertex  1.368365e+01 -2.959357e+00  9.800000e+00
     vertex  1.351402e+01 -3.656682e+00  0.000000e+00
     vertex  1.368832e+01 -2.937676e+00  0.000000e+00
   endloop
 endfacet
 facet normal  9.829400e-01 -1.839264e-01 -4.384018e-05
   outer loop
     vertex  1.382176e+01 -2.226889e+00  9.800000e+00
     vertex  1.368832e+01 -2.937676e+00  0.000000e+00
     vertex  1.382439e+01 -2.210465e+00  0.000000e+00
   endloop
 endfacet
 facet normal  9.826841e-01 -1.852887e-01  5.845357e-05
   outer loop
     vertex  1.382176e+01 -2.226889e+00  9.800000e+00
     vertex  1.368365e+01 -2.959357e+00  9.800000e+00
     vertex  1.368832e+01 -2.937676e+00  0.000000e+00
   endloop
 endfacet
 facet normal  9.911528e-01 -1.327255e-01  4.417618e-05
   outer loop
     vertex  1.392069e+01 -1.488109e+00  9.800000e+00
     vertex  1.382176e+01 -2.226889e+00  9.800000e+00
     vertex  1.382439e+01 -2.210465e+00  0.000000e+00
   endloop
 endfacet
 facet normal  9.912838e-01 -1.317441e-01 -2.945079e-05
   outer loop
     vertex  1.392069e+01 -1.488109e+00  9.800000e+00
     vertex  1.382439e+01 -2.210465e+00  0.000000e+00
     vertex  1.392186e+01 -1.477082e+00  0.000000e+00
   endloop
 endfacet
 facet normal  9.968592e-01 -7.919392e-02 -1.483739e-05
   outer loop
     vertex  1.398016e+01 -7.451104e-01  9.800000e+00
     vertex  1.392186e+01 -1.477082e+00  0.000000e+00
     vertex  1.398045e+01 -7.395736e-01  0.000000e+00
   endloop
 endfacet
 facet normal  9.968120e-01 -7.978611e-02  2.967479e-05
   outer loop
     vertex  1.398016e+01 -7.451104e-01  9.800000e+00
     vertex  1.392069e+01 -1.488109e+00  9.800000e+00
     vertex  1.392186e+01 -1.477082e+00  0.000000e+00
   endloop
 endfacet
 facet normal  9.996509e-01 -2.642257e-02  0.000000e+00
   outer loop
     vertex  1.400000e+01 -3.429011e-15  9.800000e+00
     vertex  1.398045e+01 -7.395736e-01  0.000000e+00
     vertex  1.400000e+01 -3.429011e-15  0.000000e+00
   endloop
 endfacet
 facet normal  9.996456e-01 -2.662052e-02  1.494939e-05
   outer loop
     vertex  1.400000e+01 -3.429011e-15  9.800000e+00
     vertex  1.398016e+01 -7.451104e-01  9.800000e+00
     vertex  1.398045e+01 -7.395736e-01  0.000000e+00
   endloop
 endfacet
 facet normal  0.000000e+00  0.000000e+00 -1.000000e+00
   outer loop
     vertex  1.170000e+01  7.688303e+00  0.000000e+00
     vertex  1.208981e+01 -7.059495e+00  0.000000e+00
     vertex  1.170000e+01 -7.688303e+00  0.000000e+00
   endloop
 endfacet
 facet normal  0.000000e+00  0.000000e+00 -1.000000e+00
   outer loop
     vertex  1.170000e+01  7.688303e+00  0.000000e+00
     vertex  1.244586e+01 -6.410974e+00  0.000000e+00
     vertex  1.208981e+01 -7.059495e+00  0.000000e+00
   endloop
 endfacet
 facet normal  0.000000e+00  0.000000e+00 -1.000000e+00
   outer loop
     vertex  1.170000e+01  7.688303e+00  0.000000e+00
     vertex  1.276715e+01 -5.744548e+00  0.000000e+00
     vertex  1.244586e+01 -6.410974e+00  0.000000e+00
   endloop
 endfacet
 facet normal  0.000000e+00  0.000000e+00 -1.000000e+00
   outer loop
     vertex  1.170000e+01  7.688303e+00  0.000000e+00
     vertex  1.305279e+01 -5.062081e+00  0.000000e+00
     vertex  1.276715e+01 -5.744548e+00  0.000000e+00
   endloop
 endfacet
 facet normal  0.000000e+00  0.000000e+00 -1.000000e+00
   outer loop
     vertex  1.170000e+01  7.688303e+00  0.000000e+00
     vertex  1.330198e+01 -4.365477e+00  0.000000e+00
     vertex  1.305279e+01 -5.062081e+00  0.000000e+00
   endloop
 endfacet
 facet normal  0.000000e+00  0.000000e+00 -1.000000e+00
   outer loop
     vertex  1.170000e+01  7.688303e+00  0.000000e+00
     vertex  1.351402e+01 -3.656682e+00  0.000000e+00
     vertex  1.330198e+01 -4.365477e+00  0.000000e+00
   endloop
 endfacet
 facet normal  0.000000e+00  0.000000e+00 -1.000000e+00
   outer loop
     vertex  1.170000e+01  7.688303e+00  0.000000e+00
     vertex  1.368832e+01 -2.937676e+00  0.000000e+00
     vertex  1.351402e+01 -3.656682e+00  0.000000e+00
   endloop
 endfacet
 facet normal  0.000000e+00  0.000000e+00 -1.000000e+00
   outer loop
     vertex  1.170000e+01  7.688303e+00  0.000000e+00
     vertex  1.382439e+01 -2.210465e+00  0.000000e+00
     vertex  1.368832e+01 -2.937676e+00  0.000000e+00
   endloop
 endfacet
 facet normal  0.000000e+00  0.000000e+00 -1.000000e+00
   outer loop
     vertex  1.170000e+01  7.688303e+00  0.000000e+00
     vertex  1.392186e+01 -1.477082e+00  0.000000e+00
     vertex  1.382439e+01 -2.210465e+00  0.000000e+00
   endloop
 endfacet
 facet normal  0.000000e+00  0.000000e+00 -1.000000e+00
   outer loop
     vertex  1.170000e+01  7.688303e+00  0.000000e+00
     vertex  1.398045e+01 -7.395736e-01  0.000000e+00
     vertex  1.392186e+01 -1.477082e+00  0.000000e+00
   endloop
 endfacet
 facet normal  0.000000e+00  0.000000e+00 -1.000000e+00
   outer loop
     vertex  1.170000e+01  7.688303e+00  0.000000e+00
     vertex  1.400000e+01 -3.429011e-15  0.000000e+00
     vertex  1.398045e+01 -7.395736e-01  0.000000e+00
   endloop
 endfacet
 facet normal  0.000000e+00  0.000000e+00 -1.000000e+00
   outer loop
     vertex  1.170000e+01  7.688303e+00  0.000000e+00
     vertex  1.398045e+01  7.395736e-01  0.000000e+00
     vertex  1.400000e+01 -3.429011e-15  0.000000e+00
   endloop
 endfacet
 facet normal  0.000000e+00  0.000000e+00 -1.000000e+00
   outer loop
     vertex  1.170000e+01  7.688303e+00  0.000000e+00
     vertex  1.392186e+01  1.477082e+00  0.000000e+00
     vertex  1.398045e+01  7.395736e-01  0.000000e+00
   endloop
 endfacet
 facet normal  0.000000e+00  0.000000e+00 -1.000000e+00
   outer loop
     vertex  1.170000e+01  7.688303e+00  0.000000e+00
     vertex  1.382439e+01  2.210465e+00  0.000000e+00
     vertex  1.392186e+01  1.477082e+00  0.000000e+00
   endloop
 endfacet
 facet normal  0.000000e+00  0.000000e+00 -1.000000e+00
   outer loop
     vertex  1.170000e+01  7.688303e+00  0.000000e+00
     vertex  1.368832e+01  2.937676e+00  0.000000e+00
     vertex  1.382439e+01  2.210465e+00  0.000000e+00
   endloop
 endfacet
 facet normal  0.000000e+00  0.000000e+00 -1.000000e+00
   outer loop
     vertex  1.170000e+01  7.688303e+00  0.000000e+00
     vertex  1.351402e+01  3.656682e+00  0.000000e+00
     vertex  1.368832e+01  2.937676e+00  0.000000e+00
   endloop
 endfacet
 facet normal  0.000000e+00  0.000000e+00 -1.000000e+00
   outer loop
     vertex  1.170000e+01  7.688303e+00  0.000000e+00
     vertex  1.330198e+01  4.365477e+00  0.000000e+00
     vertex  1.351402e+01  3.656682e+00  0.000000e+00
   endloop
 endfacet
 facet normal  0.000000e+00  0.000000e+00 -1.000000e+00
   outer loop
     vertex  1.170000e+01  7.688303e+00  0.000000e+00
     vertex  1.305279e+01  5.062081e+00  0.000000e+00
     vertex  1.330198e+01  4.365477e+00  0.000000e+00
   endloop
 endfacet
 facet normal  0.000000e+00  0.000000e+00 -1.000000e+00
   outer loop
     vertex  1.170000e+01  7.688303e+00  0.000000e+00
     vertex  1.276715e+01  5.744548e+00  0.000000e+00
     vertex  1.305279e+01  5.062081e+00  0.000000e+00
   endloop
 endfacet
 facet normal  0.000000e+00  0.000000e+00 -1.000000e+00
   outer loop
     vertex  1.170000e+01  7.688303e+00  0.000000e+00
     vertex  1.244586e+01  6.410974e+00  0.000000e+00
     vertex  1.276715e+01  5.744548e+00  0.000000e+00
   endloop
 endfacet
 facet normal  0.000000e+00  0.000000e+00 -1.000000e+00
   outer loop
     vertex  1.170000e+01  7.688303e+00  0.000000e+00
     vertex  1.208981e+01  7.059495e+00  0.000000e+00
     vertex  1.244586e+01  6.410974e+00  0.000000e+00
   endloop
 endfacet
 facet normal -1.000000e+00 -2.310467e-16 -1.154632e-13
   outer loop
     vertex  1.170000e+01 -7.688303e+00  0.000000e+00
     vertex  1.170000e+01  7.688303e+00  2.000000e+00
     vertex  1.170000e+01  7.688303e+00  0.000000e+00
   endloop
 endfacet
 facet normal -1.000000e+00  0.000000e+00 -1.172396e-13
   outer loop
     vertex  1.170000e+01 -7.688303e+00  0.000000e+00
     vertex  1.170000e+01 -7.688303e+00  2.000000e+00
     vertex  1.170000e+01  7.688303e+00  2.000000e+00
   endloop
 endfacet
 facet normal -7.071068e-01 -5.479364e-15 -7.071068e-01
   outer loop
     vertex  9.400282e+00  8.935308e+00  4.299718e+00
     vertex  9.315103e+00  9.079316e+00  4.384897e+00
     vertex  9.899495e+00  9.899495e+00  3.800505e+00
   endloop
 endfacet
 facet normal -7.071068e-01 -7.573668e-15 -7.071068e-01
   outer loop
     vertex  9.207107e+00  9.207107e+00  4.492893e+00
     vertex  9.899495e+00  9.899495e+00  3.800505e+00
     vertex  9.315103e+00  9.079316e+00  4.384897e+00
   endloop
 endfacet
 facet normal -7.071068e-01 -2.419042e-15 -7.071068e-01
   outer loop
     vertex  9.457581e+00  8.788163e+00  4.242419e+00
     vertex  9.899495e+00  9.899495e+00  3.800505e+00
     vertex  1.033261e+01  9.446537e+00  3.367385e+00
   endloop
 endfacet
 facet normal -7.071068e-01  1.315229e-15 -7.071068e-01
   outer loop
     vertex  9.457581e+00  8.788163e+00  4.242419e+00
     vertex  9.400282e+00  8.935308e+00  4.299718e+00
     vertex  9.899495e+00  9.899495e+00  3.800505e+00
   endloop
 endfacet
 facet normal -7.071068e-01  0.000000e+00 -7.071068e-01
   outer loop
     vertex  9.489338e+00  8.645634e+00  4.210662e+00
     vertex  9.457581e+00  8.788163e+00  4.242419e+00
     vertex  1.033261e+01  9.446537e+00  3.367385e+00
   endloop
 endfacet
 facet normal -7.071068e-01  2.004545e-16 -7.071068e-01
   outer loop
     vertex  9.500000e+00  8.500000e+00  4.200000e+00
     vertex  1.033261e+01  9.446537e+00  3.367385e+00
     vertex  1.074503e+01  8.974650e+00  2.954971e+00
   endloop
 endfacet
 facet normal -7.071068e-01  4.034342e-15 -7.071068e-01
   outer loop
     vertex  9.500000e+00  8.500000e+00  4.200000e+00
     vertex  9.489338e+00  8.645634e+00  4.210662e+00
     vertex  1.033261e+01  9.446537e+00  3.367385e+00
   endloop
 endfacet
 facet normal -7.071068e-01 -3.916362e-15 -7.071068e-01
   outer loop
     vertex  9.485891e+00  8.332612e+00  4.214109e+00
     vertex  9.500000e+00  8.500000e+00  4.200000e+00
     vertex  1.074503e+01  8.974650e+00  2.954971e+00
   endloop
 endfacet
 facet normal -7.071068e-01  0.000000e+00 -7.071068e-01
   outer loop
     vertex  9.443963e+00  8.169948e+00  4.256037e+00
     vertex  1.074503e+01  8.974650e+00  2.954971e+00
     vertex  1.113014e+01  8.492347e+00  2.569859e+00
   endloop
 endfacet
 facet normal -7.071068e-01  0.000000e+00 -7.071068e-01
   outer loop
     vertex  9.443963e+00  8.169948e+00  4.256037e+00
     vertex  9.485891e+00  8.332612e+00  4.214109e+00
     vertex  1.074503e+01  8.974650e+00  2.954971e+00
   endloop
 endfacet
 facet normal -7.071068e-01  3.749300e-16 -7.071068e-01
   outer loop
     vertex  9.373261e+00  8.012746e+00  4.326739e+00
     vertex  1.113014e+01  8.492347e+00  2.569859e+00
     vertex  1.142215e+01  8.095341e+00  2.277852e+00
   endloop
 endfacet
 facet normal -7.071068e-01  4.374406e-15 -7.071068e-01
   outer loop
     vertex  9.373261e+00  8.012746e+00  4.326739e+00
     vertex  9.443963e+00  8.169948e+00  4.256037e+00
     vertex  1.113014e+01  8.492347e+00  2.569859e+00
   endloop
 endfacet
 facet normal -7.071068e-01  0.000000e+00 -7.071068e-01
   outer loop
     vertex  9.273583e+00  7.866305e+00  4.426417e+00
     vertex  1.142215e+01  8.095341e+00  2.277852e+00
     vertex  1.170000e+01  7.688303e+00  2.000000e+00
   endloop
 endfacet
 facet normal -7.071068e-01 -4.640714e-15 -7.071068e-01
   outer loop
     vertex  9.273583e+00  7.866305e+00  4.426417e+00
     vertex  9.373261e+00  8.012746e+00  4.326739e+00
     vertex  1.142215e+01  8.095341e+00  2.277852e+00
   endloop
 endfacet
 facet normal -7.071068e-01  8.235261e-16 -7.071068e-01
   outer loop
     vertex  8.700000e+00  3.938591e+00  5.000000e+00
     vertex  9.145354e+00  7.736116e+00  4.554646e+00
     vertex  9.273583e+00  7.866305e+00  4.426417e+00
   endloop
 endfacet
 facet normal -7.071068e-01 -3.273120e-16 -7.071068e-01
   outer loop
     vertex  8.700000e+00  3.938591e+00  5.000000e+00
     vertex  8.990642e+00  7.628639e+00  4.709358e+00
     vertex  9.145354e+00  7.736116e+00  4.554646e+00
   endloop
 endfacet
 facet normal -7.071068e-01  3.619410e-16 -7.071068e-01
   outer loop
     vertex  8.700000e+00  3.938591e+00  5.000000e+00
     vertex  8.849552e+00  7.563083e+00  4.850448e+00
     vertex  8.990642e+00  7.628639e+00  4.709358e+00
   endloop
 endfacet
 facet normal -7.071068e-01  0.000000e+00 -7.071068e-01
   outer loop
     vertex  8.700000e+00  3.938591e+00  5.000000e+00
     vertex  8.700000e+00  7.520204e+00  5.000000e+00
     vertex  8.849552e+00  7.563083e+00  4.850448e+00
   endloop
 endfacet
 facet normal -7.071068e-01  0.000000e+00 -7.071068e-01
   outer loop
     vertex  8.700000e+00  3.938591e+00  5.000000e+00
     vertex  9.273583e+00  7.866305e+00  4.426417e+00
     vertex  1.170000e+01  7.688303e+00  2.000000e+00
   endloop
 endfacet
 facet normal -7.071068e-01  3.550266e-15 -7.071068e-01
   outer loop
     vertex  8.800000e+00  3.709784e+00  4.900000e+00
     vertex  8.700000e+00  3.938591e+00  5.000000e+00
     vertex  1.170000e+01  7.688303e+00  2.000000e+00
   endloop
 endfacet
 facet normal -7.071068e-01  0.000000e+00 -7.071068e-01
   outer loop
     vertex  8.800000e+00 -3.709784e+00  4.900000e+00
     vertex  1.170000e+01  7.688303e+00  2.000000e+00
     vertex  1.170000e+01 -7.688303e+00  2.000000e+00
   endloop
 endfacet
 facet normal -7.071068e-01  1.692920e-16 -7.071068e-01
   outer loop
     vertex  8.800000e+00 -3.709784e+00  4.900000e+00
     vertex  8.800000e+00  3.709784e+00  4.900000e+00
     vertex  1.170000e+01  7.688303e+00  2.000000e+00
   endloop
 endfacet
 facet normal -7.071068e-01 -7.100532e-15 -7.071068e-01
   outer loop
     vertex  8.700000e+00 -3.938591e+00  5.000000e+00
     vertex  8.800000e+00 -3.709784e+00  4.900000e+00
     vertex  1.170000e+01 -7.688303e+00  2.000000e+00
   endloop
 endfacet
 facet normal -7.071068e-01  0.000000e+00 -7.071068e-01
   outer loop
     vertex  9.375266e+00 -8.016358e+00  4.324734e+00
     vertex  1.170000e+01 -7.688303e+00  2.000000e+00
     vertex  1.131755e+01 -8.240938e+00  2.382450e+00
   endloop
 endfacet
 facet normal -7.071068e-01 -4.182209e-15 -7.071068e-01
   outer loop
     vertex  9.375266e+00 -8.016358e+00  4.324734e+00
     vertex  9.284441e+00 -7.879796e+00  4.415559e+00
     vertex  1.170000e+01 -7.688303e+00  2.000000e+00
   endloop
 endfacet
 facet normal -7.071068e-01  1.943215e-16 -7.071068e-01
   outer loop
     vertex  9.168983e+00 -7.756722e+00  4.531017e+00
     vertex  8.700000e+00 -3.938591e+00  5.000000e+00
     vertex  1.170000e+01 -7.688303e+00  2.000000e+00
   endloop
 endfacet
 facet normal -7.071068e-01  1.228929e-16 -7.071068e-01
   outer loop
     vertex  9.168983e+00 -7.756722e+00  4.531017e+00
     vertex  1.170000e+01 -7.688303e+00  2.000000e+00
     vertex  9.284441e+00 -7.879796e+00  4.415559e+00
   endloop
 endfacet
 facet normal -7.071068e-01  0.000000e+00 -7.071068e-01
   outer loop
     vertex  9.440980e+00 -8.161537e+00  4.259020e+00
     vertex  9.375266e+00 -8.016358e+00  4.324734e+00
     vertex  1.131755e+01 -8.240938e+00  2.382450e+00
   endloop
 endfacet
 facet normal -7.071068e-01  0.000000e+00 -7.071068e-01
   outer loop
     vertex  9.440980e+00 -8.161537e+00  4.259020e+00
     vertex  1.131755e+01 -8.240938e+00  2.382450e+00
     vertex  1.090902e+01 -8.774583e+00  2.790981e+00
   endloop
 endfacet
 facet normal -7.071068e-01 -4.304672e-16 -7.071068e-01
   outer loop
     vertex  9.030800e+00 -7.652503e+00  4.669200e+00
     vertex  8.700000e+00 -3.938591e+00  5.000000e+00
     vertex  9.168983e+00 -7.756722e+00  4.531017e+00
   endloop
 endfacet
 facet normal -7.071068e-01  0.000000e+00 -7.071068e-01
   outer loop
     vertex  9.482049e+00 -8.311375e+00  4.217951e+00
     vertex  9.440980e+00 -8.161537e+00  4.259020e+00
     vertex  1.090902e+01 -8.774583e+00  2.790981e+00
   endloop
 endfacet
 facet normal -7.071068e-01  7.029020e-15 -7.071068e-01
   outer loop
     vertex  9.495502e+00 -8.405261e+00  4.204498e+00
     vertex  9.482049e+00 -8.311375e+00  4.217951e+00
     vertex  1.090902e+01 -8.774583e+00  2.790981e+00
   endloop
 endfacet
 facet normal -7.071068e-01 -3.485799e-16 -7.071068e-01
   outer loop
     vertex  9.495502e+00 -8.405261e+00  4.204498e+00
     vertex  1.090902e+01 -8.774583e+00  2.790981e+00
     vertex  1.046773e+01 -9.296595e+00  3.232272e+00
   endloop
 endfacet
 facet normal -7.071068e-01  0.000000e+00 -7.071068e-01
   outer loop
     vertex  8.871339e+00 -7.571503e+00  4.828661e+00
     vertex  8.700000e+00 -3.938591e+00  5.000000e+00
     vertex  9.030800e+00 -7.652503e+00  4.669200e+00
   endloop
 endfacet
 facet normal -7.071068e-01  3.480875e-17 -7.071068e-01
   outer loop
     vertex  9.500000e+00 -8.500000e+00  4.200000e+00
     vertex  9.495502e+00 -8.405261e+00  4.204498e+00
     vertex  1.046773e+01 -9.296595e+00  3.232272e+00
   endloop
 endfacet
 facet normal -7.071068e-01  0.000000e+00 -7.071068e-01
   outer loop
     vertex  8.700000e+00 -7.520204e+00  5.000000e+00
     vertex  8.700000e+00 -3.938591e+00  5.000000e+00
     vertex  8.871339e+00 -7.571503e+00  4.828661e+00
   endloop
 endfacet
 facet normal -7.071068e-01 -3.554752e-15 -7.071068e-01
   outer loop
     vertex  9.485891e+00 -8.667388e+00  4.214109e+00
     vertex  9.500000e+00 -8.500000e+00  4.200000e+00
     vertex  1.046773e+01 -9.296595e+00  3.232272e+00
   endloop
 endfacet
 facet normal -7.071068e-01  0.000000e+00 -7.071068e-01
   outer loop
     vertex  9.485891e+00 -8.667388e+00  4.214109e+00
     vertex  1.046773e+01 -9.296595e+00  3.232272e+00
     vertex  1.018807e+01 -9.602249e+00  3.511928e+00
   endloop
 endfacet
 facet normal -7.071068e-01  0.000000e+00 -7.071068e-01
   outer loop
     vertex  9.443963e+00 -8.830052e+00  4.256037e+00
     vertex  9.485891e+00 -8.667388e+00  4.214109e+00
     vertex  1.018807e+01 -9.602249e+00  3.511928e+00
   endloop
 endfacet
 facet normal -7.071068e-01  2.716779e-15 -7.071068e-01
   outer loop
     vertex  9.373261e+00 -8.987254e+00  4.326739e+00
     vertex  9.443963e+00 -8.830052e+00  4.256037e+00
     vertex  1.018807e+01 -9.602249e+00  3.511928e+00
   endloop
 endfacet
 facet normal -7.071068e-01  1.870615e-16 -7.071068e-01
   outer loop
     vertex  9.899495e+00 -9.899495e+00  3.800505e+00
     vertex  9.373261e+00 -8.987254e+00  4.326739e+00
     vertex  1.018807e+01 -9.602249e+00  3.511928e+00
   endloop
 endfacet
 facet normal -7.071068e-01 -5.257632e-15 -7.071068e-01
   outer loop
     vertex  9.297793e+00 -9.102931e+00  4.402207e+00
     vertex  9.373261e+00 -8.987254e+00  4.326739e+00
     vertex  9.899495e+00 -9.899495e+00  3.800505e+00
   endloop
 endfacet
 facet normal -7.071068e-01  3.418424e-15 -7.071068e-01
   outer loop
     vertex  9.207107e+00 -9.207107e+00  4.492893e+00
     vertex  9.297793e+00 -9.102931e+00  4.402207e+00
     vertex  9.899495e+00 -9.899495e+00  3.800505e+00
   endloop
 endfacet
 facet normal -1.274300e-14  7.071068e-01 -7.071068e-01
   outer loop
     vertex  9.899495e+00 -9.899495e+00  3.800505e+00
     vertex  9.079316e+00 -9.315103e+00  4.384897e+00
     vertex  9.207107e+00 -9.207107e+00  4.492893e+00
   endloop
 endfacet
 facet normal -5.989073e-15  7.071068e-01 -7.071068e-01
   outer loop
     vertex  8.935308e+00 -9.400282e+00  4.299718e+00
     vertex  9.079316e+00 -9.315103e+00  4.384897e+00
     vertex  9.899495e+00 -9.899495e+00  3.800505e+00
   endloop
 endfacet
 facet normal  8.958807e-16  7.071068e-01 -7.071068e-01
   outer loop
     vertex  8.788163e+00 -9.457581e+00  4.242419e+00
     vertex  8.935308e+00 -9.400282e+00  4.299718e+00
     vertex  9.899495e+00 -9.899495e+00  3.800505e+00
   endloop
 endfacet
 facet normal  0.000000e+00  7.071068e-01 -7.071068e-01
   outer loop
     vertex  9.446537e+00 -1.033261e+01  3.367385e+00
     vertex  8.637461e+00 -9.490507e+00  4.209493e+00
     vertex  8.788163e+00 -9.457581e+00  4.242419e+00
   endloop
 endfacet
 facet normal  4.061837e-15  7.071068e-01 -7.071068e-01
   outer loop
     vertex  9.446537e+00 -1.033261e+01  3.367385e+00
     vertex  8.485827e+00 -9.499900e+00  4.200100e+00
     vertex  8.637461e+00 -9.490507e+00  4.209493e+00
   endloop
 endfacet
 facet normal -3.628564e-15  7.071068e-01 -7.071068e-01
   outer loop
     vertex  9.446537e+00 -1.033261e+01  3.367385e+00
     vertex  8.788163e+00 -9.457581e+00  4.242419e+00
     vertex  9.899495e+00 -9.899495e+00  3.800505e+00
   endloop
 endfacet
 facet normal -3.923205e-15  7.071068e-01 -7.071068e-01
   outer loop
     vertex  8.974650e+00 -1.074503e+01  2.954971e+00
     vertex  8.318648e+00 -9.483418e+00  4.216582e+00
     vertex  8.485827e+00 -9.499900e+00  4.200100e+00
   endloop
 endfacet
 facet normal  2.984366e-16  7.071068e-01 -7.071068e-01
   outer loop
     vertex  8.974650e+00 -1.074503e+01  2.954971e+00
     vertex  8.485827e+00 -9.499900e+00  4.200100e+00
     vertex  9.446537e+00 -1.033261e+01  3.367385e+00
   endloop
 endfacet
 facet normal -3.606580e-15  7.071068e-01 -7.071068e-01
   outer loop
     vertex  8.492347e+00 -1.113014e+01  2.569859e+00
     vertex  8.155312e+00 -9.438717e+00  4.261283e+00
     vertex  8.318648e+00 -9.483418e+00  4.216582e+00
   endloop
 endfacet
 facet normal  5.236932e-15  7.071068e-01 -7.071068e-01
   outer loop
     vertex  8.492347e+00 -1.113014e+01  2.569859e+00
     vertex  7.998897e+00 -9.365388e+00  4.334612e+00
     vertex  8.155312e+00 -9.438717e+00  4.261283e+00
   endloop
 endfacet
 facet normal  0.000000e+00  7.071068e-01 -7.071068e-01
   outer loop
     vertex  8.492347e+00 -1.113014e+01  2.569859e+00
     vertex  8.318648e+00 -9.483418e+00  4.216582e+00
     vertex  8.974650e+00 -1.074503e+01  2.954971e+00
   endloop
 endfacet
 facet normal  0.000000e+00  7.071068e-01 -7.071068e-01
   outer loop
     vertex  8.095341e+00 -1.142215e+01  2.277852e+00
     vertex  7.998897e+00 -9.365388e+00  4.334612e+00
     vertex  8.492347e+00 -1.113014e+01  2.569859e+00
   endloop
 endfacet
 facet normal  0.000000e+00  7.071068e-01 -7.071068e-01
   outer loop
     vertex  3.938591e+00 -8.700000e+00  5.000000e+00
     vertex  7.725291e+00 -9.132318e+00  4.567682e+00
     vertex  7.853689e+00 -9.263074e+00  4.436926e+00
   endloop
 endfacet
 facet normal  5.005974e-16  7.071068e-01 -7.071068e-01
   outer loop
     vertex  3.938591e+00 -8.700000e+00  5.000000e+00
     vertex  7.620216e+00 -8.975374e+00  4.724626e+00
     vertex  7.725291e+00 -9.132318e+00  4.567682e+00
   endloop
 endfacet
 facet normal -1.852334e-16  7.071068e-01 -7.071068e-01
   outer loop
     vertex  3.938591e+00 -8.700000e+00  5.000000e+00
     vertex  7.560071e+00 -8.841369e+00  4.858631e+00
     vertex  7.620216e+00 -8.975374e+00  4.724626e+00
   endloop
 endfacet
 facet normal  0.000000e+00  7.071068e-01 -7.071068e-01
   outer loop
     vertex  3.938591e+00 -8.700000e+00  5.000000e+00
     vertex  7.520204e+00 -8.700000e+00  5.000000e+00
     vertex  7.560071e+00 -8.841369e+00  4.858631e+00
   endloop
 endfacet
 facet normal  0.000000e+00  7.071068e-01 -7.071068e-01
   outer loop
     vertex  7.688303e+00 -1.170000e+01  2.000000e+00
     vertex  7.853689e+00 -9.263074e+00  4.436926e+00
     vertex  7.998897e+00 -9.365388e+00  4.334612e+00
   endloop
 endfacet
 facet normal -3.550266e-15  7.071068e-01 -7.071068e-01
   outer loop
     vertex  7.688303e+00 -1.170000e+01  2.000000e+00
     vertex  3.709784e+00 -8.800000e+00  4.900000e+00
     vertex  3.938591e+00 -8.700000e+00  5.000000e+00
   endloop
 endfacet
 facet normal  0.000000e+00  7.071068e-01 -7.071068e-01
   outer loop
     vertex  7.688303e+00 -1.170000e+01  2.000000e+00
     vertex  7.998897e+00 -9.365388e+00  4.334612e+00
     vertex  8.095341e+00 -1.142215e+01  2.277852e+00
   endloop
 endfacet
 facet normal  0.000000e+00  7.071068e-01 -7.071068e-01
   outer loop
     vertex  7.688303e+00 -1.170000e+01  2.000000e+00
     vertex  3.938591e+00 -8.700000e+00  5.000000e+00
     vertex  7.853689e+00 -9.263074e+00  4.436926e+00
   endloop
 endfacet
 facet normal  0.000000e+00  7.071068e-01 -7.071068e-01
   outer loop
     vertex -7.571503e+00 -8.871339e+00  4.828661e+00
     vertex -7.520204e+00 -8.700000e+00  5.000000e+00
     vertex -3.938591e+00 -8.700000e+00  5.000000e+00
   endloop
 endfacet
 facet normal  0.000000e+00  7.071068e-01 -7.071068e-01
   outer loop
     vertex -7.652503e+00 -9.030800e+00  4.669200e+00
     vertex -7.571503e+00 -8.871339e+00  4.828661e+00
     vertex -3.938591e+00 -8.700000e+00  5.000000e+00
   endloop
 endfacet
 facet normal -4.304672e-16  7.071068e-01 -7.071068e-01
   outer loop
     vertex -7.756722e+00 -9.168983e+00  4.531017e+00
     vertex -7.652503e+00 -9.030800e+00  4.669200e+00
     vertex -3.938591e+00 -8.700000e+00  5.000000e+00
   endloop
 endfacet
 facet normal  2.160803e-15  7.071068e-01 -7.071068e-01
   outer loop
     vertex -9.899495e+00 -9.899495e+00  3.800505e+00
     vertex -9.088011e+00 -9.308853e+00  4.391147e+00
     vertex -8.954488e+00 -9.390753e+00  4.309247e+00
   endloop
 endfacet
 facet normal -5.134103e-15  7.071068e-01 -7.071068e-01
   outer loop
     vertex -9.899495e+00 -9.899495e+00  3.800505e+00
     vertex -9.207107e+00 -9.207107e+00  4.492893e+00
     vertex -9.088011e+00 -9.308853e+00  4.391147e+00
   endloop
 endfacet
 facet normal -7.870300e-16  7.071068e-01 -7.071068e-01
   outer loop
     vertex -9.602249e+00 -1.018807e+01  3.511928e+00
     vertex -9.899495e+00 -9.899495e+00  3.800505e+00
     vertex -8.954488e+00 -9.390753e+00  4.309247e+00
   endloop
 endfacet
 facet normal  0.000000e+00  7.071068e-01 -7.071068e-01
   outer loop
     vertex -9.602249e+00 -1.018807e+01  3.511928e+00
     vertex -8.795577e+00 -9.455319e+00  4.244681e+00
     vertex -8.630790e+00 -9.491410e+00  4.208590e+00
   endloop
 endfacet
 facet normal  0.000000e+00  7.071068e-01 -7.071068e-01
   outer loop
     vertex -9.602249e+00 -1.018807e+01  3.511928e+00
     vertex -8.954488e+00 -9.390753e+00  4.309247e+00
     vertex -8.795577e+00 -9.455319e+00  4.244681e+00
   endloop
 endfacet
 facet normal  4.049872e-16  7.071068e-01 -7.071068e-01
   outer loop
     vertex -9.296595e+00 -1.046773e+01  3.232272e+00
     vertex -9.602249e+00 -1.018807e+01  3.511928e+00
     vertex -8.630790e+00 -9.491410e+00  4.208590e+00
   endloop
 endfacet
 facet normal -3.248993e-15  7.071068e-01 -7.071068e-01
   outer loop
     vertex -9.296595e+00 -1.046773e+01  3.232272e+00
     vertex -8.630790e+00 -9.491410e+00  4.208590e+00
     vertex -8.462937e+00 -9.499313e+00  4.200687e+00
   endloop
 endfacet
 facet normal  0.000000e+00  7.071068e-01 -7.071068e-01
   outer loop
     vertex -8.774583e+00 -1.090902e+01  2.790981e+00
     vertex -8.311375e+00 -9.482049e+00  4.217951e+00
     vertex -8.161537e+00 -9.440980e+00  4.259020e+00
   endloop
 endfacet
 facet normal  0.000000e+00  7.071068e-01 -7.071068e-01
   outer loop
     vertex -8.774583e+00 -1.090902e+01  2.790981e+00
     vertex -8.462937e+00 -9.499313e+00  4.200687e+00
     vertex -8.311375e+00 -9.482049e+00  4.217951e+00
   endloop
 endfacet
 facet normal  0.000000e+00  7.071068e-01 -7.071068e-01
   outer loop
     vertex -8.774583e+00 -1.090902e+01  2.790981e+00
     vertex -9.296595e+00 -1.046773e+01  3.232272e+00
     vertex -8.462937e+00 -9.499313e+00  4.200687e+00
   endloop
 endfacet
 facet normal  1.943215e-16  7.071068e-01 -7.071068e-01
   outer loop
     vertex -7.688303e+00 -1.170000e+01  2.000000e+00
     vertex -7.756722e+00 -9.168983e+00  4.531017e+00
     vertex -3.938591e+00 -8.700000e+00  5.000000e+00
   endloop
 endfacet
 facet normal  5.253891e-16  7.071068e-01 -7.071068e-01
   outer loop
     vertex -7.688303e+00 -1.170000e+01  2.000000e+00
     vertex -3.709784e+00 -8.800000e+00  4.900000e+00
     vertex  3.709784e+00 -8.800000e+00  4.900000e+00
   endloop
 endfacet
 facet normal -7.100532e-15  7.071068e-01 -7.071068e-01
   outer loop
     vertex -7.688303e+00 -1.170000e+01  2.000000e+00
     vertex -3.938591e+00 -8.700000e+00  5.000000e+00
     vertex -3.709784e+00 -8.800000e+00  4.900000e+00
   endloop
 endfacet
 facet normal  0.000000e+00  7.071068e-01 -7.071068e-01
   outer loop
     vertex -7.688303e+00 -1.170000e+01  2.000000e+00
     vertex -7.879796e+00 -9.284441e+00  4.415559e+00
     vertex -7.756722e+00 -9.168983e+00  4.531017e+00
   endloop
 endfacet
 facet normal -3.617045e-15  7.071068e-01 -7.071068e-01
   outer loop
     vertex -7.688303e+00 -1.170000e+01  2.000000e+00
     vertex -8.016358e+00 -9.375266e+00  4.324734e+00
     vertex -7.879796e+00 -9.284441e+00  4.415559e+00
   endloop
 endfacet
 facet normal  0.000000e+00  7.071068e-01 -7.071068e-01
   outer loop
     vertex -7.688303e+00 -1.170000e+01  2.000000e+00
     vertex  3.709784e+00 -8.800000e+00  4.900000e+00
     vertex  7.688303e+00 -1.170000e+01  2.000000e+00
   endloop
 endfacet
 facet normal  0.000000e+00  7.071068e-01 -7.071068e-01
   outer loop
     vertex -8.240938e+00 -1.131755e+01  2.382450e+00
     vertex -8.774583e+00 -1.090902e+01  2.790981e+00
     vertex -8.161537e+00 -9.440980e+00  4.259020e+00
   endloop
 endfacet
 facet normal  0.000000e+00  7.071068e-01 -7.071068e-01
   outer loop
     vertex -8.240938e+00 -1.131755e+01  2.382450e+00
     vertex -8.161537e+00 -9.440980e+00  4.259020e+00
     vertex -8.016358e+00 -9.375266e+00  4.324734e+00
   endloop
 endfacet
 facet normal  0.000000e+00  7.071068e-01 -7.071068e-01
   outer loop
     vertex -8.240938e+00 -1.131755e+01  2.382450e+00
     vertex -8.016358e+00 -9.375266e+00  4.324734e+00
     vertex -7.688303e+00 -1.170000e+01  2.000000e+00
   endloop
 endfacet
 facet normal  0.000000e+00  1.000000e+00 -3.552714e-14
   outer loop
     vertex -7.688303e+00 -1.170000e+01  2.000000e+00
     vertex  7.688303e+00 -1.170000e+01  2.000000e+00
     vertex  7.688303e+00 -1.170000e+01  0.000000e+00
   endloop
 endfacet
 facet normal  1.386280e-14  1.000000e+00  7.105427e-14
   outer loop
     vertex -7.688303e+00 -1.170000e+01  0.000000e+00
     vertex -7.688303e+00 -1.170000e+01  2.000000e+00
     vertex  7.688303e+00 -1.170000e+01  0.000000e+00
   endloop
 endfacet
 facet normal -0.000000e+00  0.000000e+00 -1.000000e+00
   outer loop
     vertex  7.688303e+00 -1.170000e+01  0.000000e+00
     vertex -7.059495e+00 -1.208981e+01  0.000000e+00
     vertex -7.688303e+00 -1.170000e+01  0.000000e+00
   endloop
 endfacet
 facet normal  0.000000e+00  0.000000e+00 -1.000000e+00
   outer loop
     vertex  7.688303e+00 -1.170000e+01  0.000000e+00
     vertex -6.410974e+00 -1.244586e+01  0.000000e+00
     vertex -7.059495e+00 -1.208981e+01  0.000000e+00
   endloop
 endfacet
 facet normal  0.000000e+00  0.000000e+00 -1.000000e+00
   outer loop
     vertex  7.688303e+00 -1.170000e+01  0.000000e+00
     vertex -5.744548e+00 -1.276715e+01  0.000000e+00
     vertex -6.410974e+00 -1.244586e+01  0.000000e+00
   endloop
 endfacet
 facet normal  0.000000e+00  0.000000e+00 -1.000000e+00
   outer loop
     vertex  7.688303e+00 -1.170000e+01  0.000000e+00
     vertex -5.062081e+00 -1.305279e+01  0.000000e+00
     vertex -5.744548e+00 -1.276715e+01  0.000000e+00
   endloop
 endfacet
 facet normal  0.000000e+00  0.000000e+00 -1.000000e+00
   outer loop
     vertex  7.688303e+00 -1.170000e+01  0.000000e+00
     vertex -4.365477e+00 -1.330198e+01  0.000000e+00
     vertex -5.062081e+00 -1.305279e+01  0.000000e+00
   endloop
 endfacet
 facet normal  0.000000e+00  0.000000e+00 -1.000000e+00
   outer loop
     vertex  7.688303e+00 -1.170000e+01  0.000000e+00
     vertex -3.656682e+00 -1.351402e+01  0.000000e+00
     vertex -4.365477e+00 -1.330198e+01  0.000000e+00
   endloop
 endfacet
 facet normal  0.000000e+00  0.000000e+00 -1.000000e+00
   outer loop
     vertex  7.688303e+00 -1.170000e+01  0.000000e+00
     vertex -2.937676e+00 -1.368832e+01  0.000000e+00
     vertex -3.656682e+00 -1.351402e+01  0.000000e+00
   endloop
 endfacet
 facet normal  0.000000e+00  0.000000e+00 -1.000000e+00
   outer loop
     vertex  7.688303e+00 -1.170000e+01  0.000000e+00
     vertex -2.210465e+00 -1.382439e+01  0.000000e+00
     vertex -2.937676e+00 -1.368832e+01  0.000000e+00
   endloop
 endfacet
 facet normal  0.000000e+00  0.000000e+00 -1.000000e+00
   outer loop
     vertex  7.688303e+00 -1.170000e+01  0.000000e+00
     vertex -1.477082e+00 -1.392186e+01  0.000000e+00
     vertex -2.210465e+00 -1.382439e+01  0.000000e+00
   endloop
 endfacet
 facet normal  0.000000e+00  0.000000e+00 -1.000000e+00
   outer loop
     vertex  7.688303e+00 -1.170000e+01  0.000000e+00
     vertex -7.395736e-01 -1.398045e+01  0.000000e+00
     vertex -1.477082e+00 -1.392186e+01  0.000000e+00
   endloop
 endfacet
 facet normal  0.000000e+00  0.000000e+00 -1.000000e+00
   outer loop
     vertex  7.688303e+00 -1.170000e+01  0.000000e+00
     vertex -4.004757e-13 -1.400000e+01  0.000000e+00
     vertex -7.395736e-01 -1.398045e+01  0.000000e+00
   endloop
 endfacet
 facet normal  0.000000e+00  0.000000e+00 -1.000000e+00
   outer loop
     vertex  7.688303e+00 -1.170000e+01  0.000000e+00
     vertex  7.395736e-01 -1.398045e+01  0.000000e+00
     vertex -4.004757e-13 -1.400000e+01  0.000000e+00
   endloop
 endfacet
 facet normal  0.000000e+00  0.000000e+00 -1.000000e+00
   outer loop
     vertex  7.688303e+00 -1.170000e+01  0.000000e+00
     vertex  1.477082e+00 -1.392186e+01  0.000000e+00
     vertex  7.395736e-01 -1.398045e+01  0.000000e+00
   endloop
 endfacet
 facet normal  0.000000e+00  0.000000e+00 -1.000000e+00
   outer loop
     vertex  7.688303e+00 -1.170000e+01  0.000000e+00
     vertex  2.210465e+00 -1.382439e+01  0.000000e+00
     vertex  1.477082e+00 -1.392186e+01  0.000000e+00
   endloop
 endfacet
 facet normal  0.000000e+00  0.000000e+00 -1.000000e+00
   outer loop
     vertex  7.688303e+00 -1.170000e+01  0.000000e+00
     vertex  2.937676e+00 -1.368832e+01  0.000000e+00
     vertex  2.210465e+00 -1.382439e+01  0.000000e+00
   endloop
 endfacet
 facet normal  0.000000e+00  0.000000e+00 -1.000000e+00
   outer loop
     vertex  7.688303e+00 -1.170000e+01  0.000000e+00
     vertex  3.656682e+00 -1.351402e+01  0.000000e+00
     vertex  2.937676e+00 -1.368832e+01  0.000000e+00
   endloop
 endfacet
 facet normal  0.000000e+00  0.000000e+00 -1.000000e+00
   outer loop
     vertex  7.688303e+00 -1.170000e+01  0.000000e+00
     vertex  4.365477e+00 -1.330198e+01  0.000000e+00
     vertex  3.656682e+00 -1.351402e+01  0.000000e+00
   endloop
 endfacet
 facet normal  0.000000e+00  0.000000e+00 -1.000000e+00
   outer loop
     vertex  7.688303e+00 -1.170000e+01  0.000000e+00
     vertex  5.062081e+00 -1.305279e+01  0.000000e+00
     vertex  4.365477e+00 -1.330198e+01  0.000000e+00
   endloop
 endfacet
 facet normal  0.000000e+00  0.000000e+00 -1.000000e+00
   outer loop
     vertex  7.688303e+00 -1.170000e+01  0.000000e+00
     vertex  5.744548e+00 -1.276715e+01  0.000000e+00
     vertex  5.062081e+00 -1.305279e+01  0.000000e+00
   endloop
 endfacet
 facet normal  0.000000e+00  0.000000e+00 -1.000000e+00
   outer loop
     vertex  7.688303e+00 -1.170000e+01  0.000000e+00
     vertex  6.410974e+00 -1.244586e+01  0.000000e+00
     vertex  5.744548e+00 -1.276715e+01  0.000000e+00
   endloop
 endfacet
 facet normal  0.000000e+00  0.000000e+00 -1.000000e+00
   outer loop
     vertex  7.688303e+00 -1.170000e+01  0.000000e+00
     vertex  7.059495e+00 -1.208981e+01  0.000000e+00
     vertex  6.410974e+00 -1.244586e+01  0.000000e+00
   endloop
 endfacet
 facet normal  7.071068e-01  7.693885e-15 -7.071068e-01
   outer loop
     vertex -9.899495e+00 -9.899495e+00  3.800505e+00
     vertex -9.315103e+00 -9.079316e+00  4.384897e+00
     vertex -9.207107e+00 -9.207107e+00  4.492893e+00
   endloop
 endfacet
 facet normal  7.071068e-01  5.479364e-15 -7.071068e-01
   outer loop
     vertex -9.400282e+00 -8.935308e+00  4.299718e+00
     vertex -9.315103e+00 -9.079316e+00  4.384897e+00
     vertex -9.899495e+00 -9.899495e+00  3.800505e+00
   endloop
 endfacet
 facet normal  7.071068e-01 -1.315229e-15 -7.071068e-01
   outer loop
     vertex -9.457581e+00 -8.788163e+00  4.242419e+00
     vertex -9.400282e+00 -8.935308e+00  4.299718e+00
     vertex -9.899495e+00 -9.899495e+00  3.800505e+00
   endloop
 endfacet
 facet normal  7.071068e-01  0.000000e+00 -7.071068e-01
   outer loop
     vertex -1.033261e+01 -9.446537e+00  3.367385e+00
     vertex -9.490507e+00 -8.637461e+00  4.209493e+00
     vertex -9.457581e+00 -8.788163e+00  4.242419e+00
   endloop
 endfacet
 facet normal  7.071068e-01 -4.061837e-15 -7.071068e-01
   outer loop
     vertex -1.033261e+01 -9.446537e+00  3.367385e+00
     vertex -9.499900e+00 -8.485827e+00  4.200100e+00
     vertex -9.490507e+00 -8.637461e+00  4.209493e+00
   endloop
 endfacet
 facet normal  7.071068e-01  2.419042e-15 -7.071068e-01
   outer loop
     vertex -1.033261e+01 -9.446537e+00  3.367385e+00
     vertex -9.457581e+00 -8.788163e+00  4.242419e+00
     vertex -9.899495e+00 -9.899495e+00  3.800505e+00
   endloop
 endfacet
 facet normal  7.071068e-01  3.923205e-15 -7.071068e-01
   outer loop
     vertex -1.074503e+01 -8.974650e+00  2.954971e+00
     vertex -9.483418e+00 -8.318648e+00  4.216582e+00
     vertex -9.499900e+00 -8.485827e+00  4.200100e+00
   endloop
 endfacet
 facet normal  7.071068e-01 -2.984366e-16 -7.071068e-01
   outer loop
     vertex -1.074503e+01 -8.974650e+00  2.954971e+00
     vertex -9.499900e+00 -8.485827e+00  4.200100e+00
     vertex -1.033261e+01 -9.446537e+00  3.367385e+00
   endloop
 endfacet
 facet normal  7.071068e-01  3.606580e-15 -7.071068e-01
   outer loop
     vertex -1.113014e+01 -8.492347e+00  2.569859e+00
     vertex -9.438717e+00 -8.155312e+00  4.261283e+00
     vertex -9.483418e+00 -8.318648e+00  4.216582e+00
   endloop
 endfacet
 facet normal  7.071068e-01 -5.236932e-15 -7.071068e-01
   outer loop
     vertex -1.113014e+01 -8.492347e+00  2.569859e+00
     vertex -9.365388e+00 -7.998897e+00  4.334612e+00
     vertex -9.438717e+00 -8.155312e+00  4.261283e+00
   endloop
 endfacet
 facet normal  7.071068e-01  0.000000e+00 -7.071068e-01
   outer loop
     vertex -1.113014e+01 -8.492347e+00  2.569859e+00
     vertex -9.483418e+00 -8.318648e+00  4.216582e+00
     vertex -1.074503e+01 -8.974650e+00  2.954971e+00
   endloop
 endfacet
 facet normal  7.071068e-01  0.000000e+00 -7.071068e-01
   outer loop
     vertex -1.142215e+01 -8.095341e+00  2.277852e+00
     vertex -9.365388e+00 -7.998897e+00  4.334612e+00
     vertex -1.113014e+01 -8.492347e+00  2.569859e+00
   endloop
 endfacet
 facet normal  7.071068e-01  0.000000e+00 -7.071068e-01
   outer loop
     vertex -8.700000e+00 -3.938591e+00  5.000000e+00
     vertex -9.132318e+00 -7.725291e+00  4.567682e+00
     vertex -9.263074e+00 -7.853689e+00  4.436926e+00
   endloop
 endfacet
 facet normal  7.071068e-01 -5.005974e-16 -7.071068e-01
   outer loop
     vertex -8.700000e+00 -3.938591e+00  5.000000e+00
     vertex -8.975374e+00 -7.620216e+00  4.724626e+00
     vertex -9.132318e+00 -7.725291e+00  4.567682e+00
   endloop
 endfacet
 facet normal  7.071068e-01  5.454096e-16 -7.071068e-01
   outer loop
     vertex -8.700000e+00 -3.938591e+00  5.000000e+00
     vertex -8.841369e+00 -7.560071e+00  4.858631e+00
     vertex -8.975374e+00 -7.620216e+00  4.724626e+00
   endloop
 endfacet
 facet normal  7.071068e-01  0.000000e+00 -7.071068e-01
   outer loop
     vertex -8.700000e+00 -3.938591e+00  5.000000e+00
     vertex -8.700000e+00 -7.520204e+00  5.000000e+00
     vertex -8.841369e+00 -7.560071e+00  4.858631e+00
   endloop
 endfacet
 facet normal  7.071068e-01  0.000000e+00 -7.071068e-01
   outer loop
     vertex -1.170000e+01 -7.688303e+00  2.000000e+00
     vertex -9.263074e+00 -7.853689e+00  4.436926e+00
     vertex -9.365388e+00 -7.998897e+00  4.334612e+00
   endloop
 endfacet
 facet normal  7.071068e-01  0.000000e+00 -7.071068e-01
   outer loop
     vertex -1.170000e+01 -7.688303e+00  2.000000e+00
     vertex -8.800000e+00 -3.709784e+00  4.900000e+00
     vertex -8.700000e+00 -3.938591e+00  5.000000e+00
   endloop
 endfacet
 facet normal  7.071068e-01  0.000000e+00 -7.071068e-01
   outer loop
     vertex -1.170000e+01 -7.688303e+00  2.000000e+00
     vertex -9.365388e+00 -7.998897e+00  4.334612e+00
     vertex -1.142215e+01 -8.095341e+00  2.277852e+00
   endloop
 endfacet
 facet normal  7.071068e-01  0.000000e+00 -7.071068e-01
   outer loop
     vertex -1.170000e+01 -7.688303e+00  2.000000e+00
     vertex -8.700000e+00 -3.938591e+00  5.000000e+00
     vertex -9.263074e+00 -7.853689e+00  4.436926e+00
   endloop
 endfacet
 facet normal  7.071068e-01  0.000000e+00 -7.071068e-01
   outer loop
     vertex -8.871339e+00  7.571503e+00  4.828661e+00
     vertex -8.700000e+00  7.520204e+00  5.000000e+00
     vertex -8.700000e+00  3.938591e+00  5.000000e+00
   endloop
 endfacet
 facet normal  7.071068e-01  0.000000e+00 -7.071068e-01
   outer loop
     vertex -9.030800e+00  7.652503e+00  4.669200e+00
     vertex -8.871339e+00  7.571503e+00  4.828661e+00
     vertex -8.700000e+00  3.938591e+00  5.000000e+00
   endloop
 endfacet
 facet normal  7.071068e-01  4.304672e-16 -7.071068e-01
   outer loop
     vertex -9.168983e+00  7.756722e+00  4.531017e+00
     vertex -9.030800e+00  7.652503e+00  4.669200e+00
     vertex -8.700000e+00  3.938591e+00  5.000000e+00
   endloop
 endfacet
 facet normal  7.071068e-01 -2.701004e-15 -7.071068e-01
   outer loop
     vertex -9.899495e+00  9.899495e+00  3.800505e+00
     vertex -9.308853e+00  9.088011e+00  4.391147e+00
     vertex -9.390753e+00  8.954488e+00  4.309247e+00
   endloop
 endfacet
 facet normal  7.071068e-01  0.000000e+00 -7.071068e-01
   outer loop
     vertex -9.899495e+00  9.899495e+00  3.800505e+00
     vertex -9.207107e+00  9.207107e+00  4.492893e+00
     vertex -9.308853e+00  9.088011e+00  4.391147e+00
   endloop
 endfacet
 facet normal  7.071068e-01 -1.018509e-15 -7.071068e-01
   outer loop
     vertex -1.018807e+01  9.602249e+00  3.511928e+00
     vertex -9.899495e+00  9.899495e+00  3.800505e+00
     vertex -9.390753e+00  8.954488e+00  4.309247e+00
   endloop
 endfacet
 facet normal  7.071068e-01  0.000000e+00 -7.071068e-01
   outer loop
     vertex -1.018807e+01  9.602249e+00  3.511928e+00
     vertex -9.455319e+00  8.795577e+00  4.244681e+00
     vertex -9.491410e+00  8.630790e+00  4.208590e+00
   endloop
 endfacet
 facet normal  7.071068e-01  0.000000e+00 -7.071068e-01
   outer loop
     vertex -1.018807e+01  9.602249e+00  3.511928e+00
     vertex -9.390753e+00  8.954488e+00  4.309247e+00
     vertex -9.455319e+00  8.795577e+00  4.244681e+00
   endloop
 endfacet
 facet normal  7.071068e-01 -4.049872e-16 -7.071068e-01
   outer loop
     vertex -1.046773e+01  9.296595e+00  3.232272e+00
     vertex -1.018807e+01  9.602249e+00  3.511928e+00
     vertex -9.491410e+00  8.630790e+00  4.208590e+00
   endloop
 endfacet
 facet normal  7.071068e-01  3.248993e-15 -7.071068e-01
   outer loop
     vertex -1.046773e+01  9.296595e+00  3.232272e+00
     vertex -9.491410e+00  8.630790e+00  4.208590e+00
     vertex -9.499313e+00  8.462937e+00  4.200687e+00
   endloop
 endfacet
 facet normal  7.071068e-01  0.000000e+00 -7.071068e-01
   outer loop
     vertex -1.090902e+01  8.774583e+00  2.790981e+00
     vertex -9.482049e+00  8.311375e+00  4.217951e+00
     vertex -9.440980e+00  8.161537e+00  4.259020e+00
   endloop
 endfacet
 facet normal  7.071068e-01  0.000000e+00 -7.071068e-01
   outer loop
     vertex -1.090902e+01  8.774583e+00  2.790981e+00
     vertex -9.499313e+00  8.462937e+00  4.200687e+00
     vertex -9.482049e+00  8.311375e+00  4.217951e+00
   endloop
 endfacet
 facet normal  7.071068e-01  0.000000e+00 -7.071068e-01
   outer loop
     vertex -1.090902e+01  8.774583e+00  2.790981e+00
     vertex -1.046773e+01  9.296595e+00  3.232272e+00
     vertex -9.499313e+00  8.462937e+00  4.200687e+00
   endloop
 endfacet
 facet normal  7.071068e-01 -1.943215e-16 -7.071068e-01
   outer loop
     vertex -1.170000e+01  7.688303e+00  2.000000e+00
     vertex -9.168983e+00  7.756722e+00  4.531017e+00
     vertex -8.700000e+00  3.938591e+00  5.000000e+00
   endloop
 endfacet
 facet normal  7.071068e-01 -1.751297e-16 -7.071068e-01
   outer loop
     vertex -1.170000e+01  7.688303e+00  2.000000e+00
     vertex -8.800000e+00  3.709784e+00  4.900000e+00
     vertex -8.800000e+00 -3.709784e+00  4.900000e+00
   endloop
 endfacet
 facet normal  7.071068e-01  3.550266e-15 -7.071068e-01
   outer loop
     vertex -1.170000e+01  7.688303e+00  2.000000e+00
     vertex -8.700000e+00  3.938591e+00  5.000000e+00
     vertex -8.800000e+00  3.709784e+00  4.900000e+00
   endloop
 endfacet
 facet normal  7.071068e-01  0.000000e+00 -7.071068e-01
   outer loop
     vertex -1.170000e+01  7.688303e+00  2.000000e+00
     vertex -9.284441e+00  7.879796e+00  4.415559e+00
     vertex -9.168983e+00  7.756722e+00  4.531017e+00
   endloop
 endfacet
 facet normal  7.071068e-01  3.617045e-15 -7.071068e-01
   outer loop
     vertex -1.170000e+01  7.688303e+00  2.000000e+00
     vertex -9.375266e+00  8.016358e+00  4.324734e+00
     vertex -9.284441e+00  7.879796e+00  4.415559e+00
   endloop
 endfacet
 facet normal  7.071068e-01  0.000000e+00 -7.071068e-01
   outer loop
     vertex -1.170000e+01  7.688303e+00  2.000000e+00
     vertex -8.800000e+00 -3.709784e+00  4.900000e+00
     vertex -1.170000e+01 -7.688303e+00  2.000000e+00
   endloop
 endfacet
 facet normal  7.071068e-01  0.000000e+00 -7.071068e-01
   outer loop
     vertex -1.131755e+01  8.240938e+00  2.382450e+00
     vertex -1.090902e+01  8.774583e+00  2.790981e+00
     vertex -9.440980e+00  8.161537e+00  4.259020e+00
   endloop
 endfacet
 facet normal  7.071068e-01  0.000000e+00 -7.071068e-01
   outer loop
     vertex -1.131755e+01  8.240938e+00  2.382450e+00
     vertex -9.440980e+00  8.161537e+00  4.259020e+00
     vertex -9.375266e+00  8.016358e+00  4.324734e+00
   endloop
 endfacet
 facet normal  7.071068e-01  0.000000e+00 -7.071068e-01
   outer loop
     vertex -1.131755e+01  8.240938e+00  2.382450e+00
     vertex -9.375266e+00  8.016358e+00  4.324734e+00
     vertex -1.170000e+01  7.688303e+00  2.000000e+00
   endloop
 endfacet
 facet normal  1.000000e+00  0.000000e+00 -6.039613e-14
   outer loop
     vertex -1.170000e+01  7.688303e+00  2.000000e+00
     vertex -1.170000e+01 -7.688303e+00  2.000000e+00
     vertex -1.170000e+01 -7.688303e+00  0.000000e+00
   endloop
 endfacet
 facet normal  1.000000e+00  0.000000e+00 -6.039613e-14
   outer loop
     vertex -1.170000e+01  7.688303e+00  0.000000e+00
     vertex -1.170000e+01  7.688303e+00  2.000000e+00
     vertex -1.170000e+01 -7.688303e+00  0.000000e+00
   endloop
 endfacet
 facet normal  0.000000e+00  0.000000e+00 -1.000000e+00
   outer loop
     vertex -1.170000e+01 -7.688303e+00  0.000000e+00
     vertex -1.208981e+01  7.059495e+00  0.000000e+00
     vertex -1.170000e+01  7.688303e+00  0.000000e+00
   endloop
 endfacet
 facet normal  0.000000e+00  0.000000e+00 -1.000000e+00
   outer loop
     vertex -1.170000e+01 -7.688303e+00  0.000000e+00
     vertex -1.244586e+01  6.410974e+00  0.000000e+00
     vertex -1.208981e+01  7.059495e+00  0.000000e+00
   endloop
 endfacet
 facet normal  0.000000e+00  0.000000e+00 -1.000000e+00
   outer loop
     vertex -1.170000e+01 -7.688303e+00  0.000000e+00
     vertex -1.276715e+01  5.744548e+00  0.000000e+00
     vertex -1.244586e+01  6.410974e+00  0.000000e+00
   endloop
 endfacet
 facet normal  0.000000e+00  0.000000e+00 -1.000000e+00
   outer loop
     vertex -1.170000e+01 -7.688303e+00  0.000000e+00
     vertex -1.305279e+01  5.062081e+00  0.000000e+00
     vertex -1.276715e+01  5.744548e+00  0.000000e+00
   endloop
 endfacet
 facet normal  0.000000e+00  0.000000e+00 -1.000000e+00
   outer loop
     vertex -1.170000e+01 -7.688303e+00  0.000000e+00
     vertex -1.330198e+01  4.365477e+00  0.000000e+00
     vertex -1.305279e+01  5.062081e+00  0.000000e+00
   endloop
 endfacet
 facet normal  0.000000e+00  0.000000e+00 -1.000000e+00
   outer loop
     vertex -1.170000e+01 -7.688303e+00  0.000000e+00
     vertex -1.351402e+01  3.656682e+00  0.000000e+00
     vertex -1.330198e+01  4.365477e+00  0.000000e+00
   endloop
 endfacet
 facet normal  0.000000e+00  0.000000e+00 -1.000000e+00
   outer loop
     vertex -1.170000e+01 -7.688303e+00  0.000000e+00
     vertex -1.368832e+01  2.937676e+00  0.000000e+00
     vertex -1.351402e+01  3.656682e+00  0.000000e+00
   endloop
 endfacet
 facet normal  0.000000e+00  0.000000e+00 -1.000000e+00
   outer loop
     vertex -1.170000e+01 -7.688303e+00  0.000000e+00
     vertex -1.382439e+01  2.210465e+00  0.000000e+00
     vertex -1.368832e+01  2.937676e+00  0.000000e+00
   endloop
 endfacet
 facet normal  0.000000e+00  0.000000e+00 -1.000000e+00
   outer loop
     vertex -1.170000e+01 -7.688303e+00  0.000000e+00
     vertex -1.392186e+01  1.477082e+00  0.000000e+00
     vertex -1.382439e+01  2.210465e+00  0.000000e+00
   endloop
 endfacet
 facet normal  0.000000e+00  0.000000e+00 -1.000000e+00
   outer loop
     vertex -1.170000e+01 -7.688303e+00  0.000000e+00
     vertex -1.398045e+01  7.395736e-01  0.000000e+00
     vertex -1.392186e+01  1.477082e+00  0.000000e+00
   endloop
 endfacet
 facet normal  0.000000e+00  0.000000e+00 -1.000000e+00
   outer loop
     vertex -1.170000e+01 -7.688303e+00  0.000000e+00
     vertex -1.400000e+01  1.714506e-15  0.000000e+00
     vertex -1.398045e+01  7.395736e-01  0.000000e+00
   endloop
 endfacet
 facet normal  0.000000e+00  0.000000e+00 -1.000000e+00
   outer loop
     vertex -1.170000e+01 -7.688303e+00  0.000000e+00
     vertex -1.398045e+01 -7.395736e-01  0.000000e+00
     vertex -1.400000e+01  1.714506e-15  0.000000e+00
   endloop
 endfacet
 facet normal  0.000000e+00  0.000000e+00 -1.000000e+00
   outer loop
     vertex -1.170000e+01 -7.688303e+00  0.000000e+00
     vertex -1.392186e+01 -1.477082e+00  0.000000e+00
     vertex -1.398045e+01 -7.395736e-01  0.000000e+00
   endloop
 endfacet
 facet normal  0.000000e+00  0.000000e+00 -1.000000e+00
   outer loop
     vertex -1.170000e+01 -7.688303e+00  0.000000e+00
     vertex -1.382439e+01 -2.210465e+00  0.000000e+00
     vertex -1.392186e+01 -1.477082e+00  0.000000e+00
   endloop
 endfacet
 facet normal  0.000000e+00  0.000000e+00 -1.000000e+00
   outer loop
     vertex -1.170000e+01 -7.688303e+00  0.000000e+00
     vertex -1.368832e+01 -2.937676e+00  0.000000e+00
     vertex -1.382439e+01 -2.210465e+00  0.000000e+00
   endloop
 endfacet
 facet normal  0.000000e+00  0.000000e+00 -1.000000e+00
   outer loop
     vertex -1.170000e+01 -7.688303e+00  0.000000e+00
     vertex -1.351402e+01 -3.656682e+00  0.000000e+00
     vertex -1.368832e+01 -2.937676e+00  0.000000e+00
   endloop
 endfacet
 facet normal  0.000000e+00  0.000000e+00 -1.000000e+00
   outer loop
     vertex -1.170000e+01 -7.688303e+00  0.000000e+00
     vertex -1.330198e+01 -4.365477e+00  0.000000e+00
     vertex -1.351402e+01 -3.656682e+00  0.000000e+00
   endloop
 endfacet
 facet normal  0.000000e+00  0.000000e+00 -1.000000e+00
   outer loop
     vertex -1.170000e+01 -7.688303e+00  0.000000e+00
     vertex -1.305279e+01 -5.062081e+00  0.000000e+00
     vertex -1.330198e+01 -4.365477e+00  0.000000e+00
   endloop
 endfacet
 facet normal  0.000000e+00  0.000000e+00 -1.000000e+00
   outer loop
     vertex -1.170000e+01 -7.688303e+00  0.000000e+00
     vertex -1.276715e+01 -5.744548e+00  0.000000e+00
     vertex -1.305279e+01 -5.062081e+00  0.000000e+00
   endloop
 endfacet
 facet normal  0.000000e+00  0.000000e+00 -1.000000e+00
   outer loop
     vertex -1.170000e+01 -7.688303e+00  0.000000e+00
     vertex -1.244586e+01 -6.410974e+00  0.000000e+00
     vertex -1.276715e+01 -5.744548e+00  0.000000e+00
   endloop
 endfacet
 facet normal  0.000000e+00  0.000000e+00 -1.000000e+00
   outer loop
     vertex -1.170000e+01 -7.688303e+00  0.000000e+00
     vertex -1.208981e+01 -7.059495e+00  0.000000e+00
     vertex -1.244586e+01 -6.410974e+00  0.000000e+00
   endloop
 endfacet
 facet normal  5.989073e-15 -7.071068e-01 -7.071068e-01
   outer loop
     vertex -8.935308e+00  9.400282e+00  4.299718e+00
     vertex -9.079316e+00  9.315103e+00  4.384897e+00
     vertex -9.899495e+00  9.899495e+00  3.800505e+00
   endloop
 endfacet
 facet normal  1.274300e-14 -7.071068e-01 -7.071068e-01
   outer loop
     vertex -9.207107e+00  9.207107e+00  4.492893e+00
     vertex -9.899495e+00  9.899495e+00  3.800505e+00
     vertex -9.079316e+00  9.315103e+00  4.384897e+00
   endloop
 endfacet
 facet normal  3.628564e-15 -7.071068e-01 -7.071068e-01
   outer loop
     vertex -8.788163e+00  9.457581e+00  4.242419e+00
     vertex -9.899495e+00  9.899495e+00  3.800505e+00
     vertex -9.446537e+00  1.033261e+01  3.367385e+00
   endloop
 endfacet
 facet normal -8.958807e-16 -7.071068e-01 -7.071068e-01
   outer loop
     vertex -8.788163e+00  9.457581e+00  4.242419e+00
     vertex -8.935308e+00  9.400282e+00  4.299718e+00
     vertex -9.899495e+00  9.899495e+00  3.800505e+00
   endloop
 endfacet
 facet normal  0.000000e+00 -7.071068e-01 -7.071068e-01
   outer loop
     vertex -8.637461e+00  9.490507e+00  4.209493e+00
     vertex -8.788163e+00  9.457581e+00  4.242419e+00
     vertex -9.446537e+00  1.033261e+01  3.367385e+00
   endloop
 endfacet
 facet normal -1.989577e-16 -7.071068e-01 -7.071068e-01
   outer loop
     vertex -8.485827e+00  9.499900e+00  4.200100e+00
     vertex -9.446537e+00  1.033261e+01  3.367385e+00
     vertex -8.974650e+00  1.074503e+01  2.954971e+00
   endloop
 endfacet
 facet normal -3.907705e-15 -7.071068e-01 -7.071068e-01
   outer loop
     vertex -8.485827e+00  9.499900e+00  4.200100e+00
     vertex -8.637461e+00  9.490507e+00  4.209493e+00
     vertex -9.446537e+00  1.033261e+01  3.367385e+00
   endloop
 endfacet
 facet normal  0.000000e+00 -7.071068e-01 -7.071068e-01
   outer loop
     vertex -8.318648e+00  9.483418e+00  4.216582e+00
     vertex -8.974650e+00  1.074503e+01  2.954971e+00
     vertex -8.492347e+00  1.113014e+01  2.569859e+00
   endloop
 endfacet
 facet normal  3.947725e-15 -7.071068e-01 -7.071068e-01
   outer loop
     vertex -8.318648e+00  9.483418e+00  4.216582e+00
     vertex -8.485827e+00  9.499900e+00  4.200100e+00
     vertex -8.974650e+00  1.074503e+01  2.954971e+00
   endloop
 endfacet
 facet normal  3.944697e-15 -7.071068e-01 -7.071068e-01
   outer loop
     vertex -8.155312e+00  9.438717e+00  4.261283e+00
     vertex -8.318648e+00  9.483418e+00  4.216582e+00
     vertex -8.492347e+00  1.113014e+01  2.569859e+00
   endloop
 endfacet
 facet normal  0.000000e+00 -7.071068e-01 -7.071068e-01
   outer loop
     vertex -7.998897e+00  9.365388e+00  4.334612e+00
     vertex -8.492347e+00  1.113014e+01  2.569859e+00
     vertex -8.095341e+00  1.142215e+01  2.277852e+00
   endloop
 endfacet
 facet normal  0.000000e+00 -7.071068e-01 -7.071068e-01
   outer loop
     vertex -7.998897e+00  9.365388e+00  4.334612e+00
     vertex -8.095341e+00  1.142215e+01  2.277852e+00
     vertex -7.688303e+00  1.170000e+01  2.000000e+00
   endloop
 endfacet
 facet normal -4.664142e-15 -7.071068e-01 -7.071068e-01
   outer loop
     vertex -7.998897e+00  9.365388e+00  4.334612e+00
     vertex -8.155312e+00  9.438717e+00  4.261283e+00
     vertex -8.492347e+00  1.113014e+01  2.569859e+00
   endloop
 endfacet
 facet normal  0.000000e+00 -7.071068e-01 -7.071068e-01
   outer loop
     vertex -7.853689e+00  9.263074e+00  4.436926e+00
     vertex -7.998897e+00  9.365388e+00  4.334612e+00
     vertex -7.688303e+00  1.170000e+01  2.000000e+00
   endloop
 endfacet
 facet normal  0.000000e+00 -7.071068e-01 -7.071068e-01
   outer loop
     vertex -3.938591e+00  8.700000e+00  5.000000e+00
     vertex -7.725291e+00  9.132318e+00  4.567682e+00
     vertex -7.853689e+00  9.263074e+00  4.436926e+00
   endloop
 endfacet
 facet normal -5.005974e-16 -7.071068e-01 -7.071068e-01
   outer loop
     vertex -3.938591e+00  8.700000e+00  5.000000e+00
     vertex -7.620216e+00  8.975374e+00  4.724626e+00
     vertex -7.725291e+00  9.132318e+00  4.567682e+00
   endloop
 endfacet
 facet normal  1.852334e-16 -7.071068e-01 -7.071068e-01
   outer loop
     vertex -3.938591e+00  8.700000e+00  5.000000e+00
     vertex -7.560071e+00  8.841369e+00  4.858631e+00
     vertex -7.620216e+00  8.975374e+00  4.724626e+00
   endloop
 endfacet
 facet normal -0.000000e+00 -7.071068e-01 -7.071068e-01
   outer loop
     vertex -3.938591e+00  8.700000e+00  5.000000e+00
     vertex -7.520204e+00  8.700000e+00  5.000000e+00
     vertex -7.560071e+00  8.841369e+00  4.858631e+00
   endloop
 endfacet
 facet normal  0.000000e+00 -7.071068e-01 -7.071068e-01
   outer loop
     vertex -3.938591e+00  8.700000e+00  5.000000e+00
     vertex -7.853689e+00  9.263074e+00  4.436926e+00
     vertex -7.688303e+00  1.170000e+01  2.000000e+00
   endloop
 endfacet
 facet normal -3.550266e-15 -7.071068e-01 -7.071068e-01
   outer loop
     vertex -3.709784e+00  8.800000e+00  4.900000e+00
     vertex -3.938591e+00  8.700000e+00  5.000000e+00
     vertex -7.688303e+00  1.170000e+01  2.000000e+00
   endloop
 endfacet
 facet normal  0.000000e+00 -7.071068e-01 -7.071068e-01
   outer loop
     vertex  3.709784e+00  8.800000e+00  4.900000e+00
     vertex -7.688303e+00  1.170000e+01  2.000000e+00
     vertex  7.688303e+00  1.170000e+01  2.000000e+00
   endloop
 endfacet
 facet normal  1.692920e-16 -7.071068e-01 -7.071068e-01
   outer loop
     vertex  3.709784e+00  8.800000e+00  4.900000e+00
     vertex -3.709784e+00  8.800000e+00  4.900000e+00
     vertex -7.688303e+00  1.170000e+01  2.000000e+00
   endloop
 endfacet
 facet normal  0.000000e+00 -7.071068e-01 -7.071068e-01
   outer loop
     vertex  3.938591e+00  8.700000e+00  5.000000e+00
     vertex  3.709784e+00  8.800000e+00  4.900000e+00
     vertex  7.688303e+00  1.170000e+01  2.000000e+00
   endloop
 endfacet
 facet normal  4.182209e-15 -7.071068e-01 -7.071068e-01
   outer loop
     vertex  8.016358e+00  9.375266e+00  4.324734e+00
     vertex  7.879796e+00  9.284441e+00  4.415559e+00
     vertex  7.688303e+00  1.170000e+01  2.000000e+00
   endloop
 endfacet
 facet normal  0.000000e+00 -7.071068e-01 -7.071068e-01
   outer loop
     vertex  8.016358e+00  9.375266e+00  4.324734e+00
     vertex  7.688303e+00  1.170000e+01  2.000000e+00
     vertex  8.240938e+00  1.131755e+01  2.382450e+00
   endloop
 endfacet
 facet normal -1.228929e-16 -7.071068e-01 -7.071068e-01
   outer loop
     vertex  7.756722e+00  9.168983e+00  4.531017e+00
     vertex  7.688303e+00  1.170000e+01  2.000000e+00
     vertex  7.879796e+00  9.284441e+00  4.415559e+00
   endloop
 endfacet
 facet normal -1.943215e-16 -7.071068e-01 -7.071068e-01
   outer loop
     vertex  7.756722e+00  9.168983e+00  4.531017e+00
     vertex  3.938591e+00  8.700000e+00  5.000000e+00
     vertex  7.688303e+00  1.170000e+01  2.000000e+00
   endloop
 endfacet
 facet normal  0.000000e+00 -7.071068e-01 -7.071068e-01
   outer loop
     vertex  8.161537e+00  9.440980e+00  4.259020e+00
     vertex  8.016358e+00  9.375266e+00  4.324734e+00
     vertex  8.240938e+00  1.131755e+01  2.382450e+00
   endloop
 endfacet
 facet normal  0.000000e+00 -7.071068e-01 -7.071068e-01
   outer loop
     vertex  8.161537e+00  9.440980e+00  4.259020e+00
     vertex  8.240938e+00  1.131755e+01  2.382450e+00
     vertex  8.774583e+00  1.090902e+01  2.790981e+00
   endloop
 endfacet
 facet normal  4.304672e-16 -7.071068e-01 -7.071068e-01
   outer loop
     vertex  7.652503e+00  9.030800e+00  4.669200e+00
     vertex  3.938591e+00  8.700000e+00  5.000000e+00
     vertex  7.756722e+00  9.168983e+00  4.531017e+00
   endloop
 endfacet
 facet normal  0.000000e+00 -7.071068e-01 -7.071068e-01
   outer loop
     vertex  8.311375e+00  9.482049e+00  4.217951e+00
     vertex  8.161537e+00  9.440980e+00  4.259020e+00
     vertex  8.774583e+00  1.090902e+01  2.790981e+00
   endloop
 endfacet
 facet normal  0.000000e+00 -7.071068e-01 -7.071068e-01
   outer loop
     vertex  7.571503e+00  8.871339e+00  4.828661e+00
     vertex  3.938591e+00  8.700000e+00  5.000000e+00
     vertex  7.652503e+00  9.030800e+00  4.669200e+00
   endloop
 endfacet
 facet normal  0.000000e+00 -7.071068e-01 -7.071068e-01
   outer loop
     vertex  8.462937e+00  9.499313e+00  4.200687e+00
     vertex  8.311375e+00  9.482049e+00  4.217951e+00
     vertex  8.774583e+00  1.090902e+01  2.790981e+00
   endloop
 endfacet
 facet normal  0.000000e+00 -7.071068e-01 -7.071068e-01
   outer loop
     vertex  8.462937e+00  9.499313e+00  4.200687e+00
     vertex  8.774583e+00  1.090902e+01  2.790981e+00
     vertex  9.296595e+00  1.046773e+01  3.232272e+00
   endloop
 endfacet
 facet normal -4.859846e-16 -7.071068e-01 -7.071068e-01
   outer loop
     vertex  8.630790e+00  9.491410e+00  4.208590e+00
     vertex  9.296595e+00  1.046773e+01  3.232272e+00
     vertex  9.602249e+00  1.018807e+01  3.511928e+00
   endloop
 endfacet
 facet normal  3.597099e-15 -7.071068e-01 -7.071068e-01
   outer loop
     vertex  8.630790e+00  9.491410e+00  4.208590e+00
     vertex  8.462937e+00  9.499313e+00  4.200687e+00
     vertex  9.296595e+00  1.046773e+01  3.232272e+00
   endloop
 endfacet
 facet normal -0.000000e+00 -7.071068e-01 -7.071068e-01
   outer loop
     vertex  7.520204e+00  8.700000e+00  5.000000e+00
     vertex  3.938591e+00  8.700000e+00  5.000000e+00
     vertex  7.571503e+00  8.871339e+00  4.828661e+00
   endloop
 endfacet
 facet normal -1.637017e-16 -7.071068e-01 -7.071068e-01
   outer loop
     vertex  8.795577e+00  9.455319e+00  4.244681e+00
     vertex  8.630790e+00  9.491410e+00  4.208590e+00
     vertex  9.602249e+00  1.018807e+01  3.511928e+00
   endloop
 endfacet
 facet normal -2.620295e-16 -7.071068e-01 -7.071068e-01
   outer loop
     vertex  8.954488e+00  9.390753e+00  4.309247e+00
     vertex  8.795577e+00  9.455319e+00  4.244681e+00
     vertex  9.602249e+00  1.018807e+01  3.511928e+00
   endloop
 endfacet
 facet normal  7.407341e-16 -7.071068e-01 -7.071068e-01
   outer loop
     vertex  9.899495e+00  9.899495e+00  3.800505e+00
     vertex  8.954488e+00  9.390753e+00  4.309247e+00
     vertex  9.602249e+00  1.018807e+01  3.511928e+00
   endloop
 endfacet
 facet normal -2.194566e-15 -7.071068e-01 -7.071068e-01
   outer loop
     vertex  9.088011e+00  9.308853e+00  4.391147e+00
     vertex  8.954488e+00  9.390753e+00  4.309247e+00
     vertex  9.899495e+00  9.899495e+00  3.800505e+00
   endloop
 endfacet
 facet normal  5.262455e-15 -7.071068e-01 -7.071068e-01
   outer loop
     vertex  9.207107e+00  9.207107e+00  4.492893e+00
     vertex  9.088011e+00  9.308853e+00  4.391147e+00
     vertex  9.899495e+00  9.899495e+00  3.800505e+00
   endloop
 endfacet
 facet normal  1.409385e-14 -1.000000e+00  7.016610e-14
   outer loop
     vertex  7.688303e+00  1.170000e+01  0.000000e+00
     vertex -7.688303e+00  1.170000e+01  2.000000e+00
     vertex -7.688303e+00  1.170000e+01  0.000000e+00
   endloop
 endfacet
 facet normal  0.000000e+00 -1.000000e+00 -3.819167e-14
   outer loop
     vertex  7.688303e+00  1.170000e+01  0.000000e+00
     vertex  7.688303e+00  1.170000e+01  2.000000e+00
     vertex -7.688303e+00  1.170000e+01  2.000000e+00
   endloop
 endfacet
 facet normal  0.000000e+00  0.000000e+00 -1.000000e+00
   outer loop
     vertex -5.062081e+00  1.305279e+01  0.000000e+00
     vertex -6.410974e+00  1.244586e+01  0.000000e+00
     vertex -5.744548e+00  1.276715e+01  0.000000e+00
   endloop
 endfacet
 facet normal  0.000000e+00  0.000000e+00 -1.000000e+00
   outer loop
     vertex -5.062081e+00  1.305279e+01  0.000000e+00
     vertex -7.059495e+00  1.208981e+01  0.000000e+00
     vertex -6.410974e+00  1.244586e+01  0.000000e+00
   endloop
 endfacet
 facet normal  0.000000e+00  0.000000e+00 -1.000000e+00
   outer loop
     vertex -3.656682e+00  1.351402e+01  0.000000e+00
     vertex -5.062081e+00  1.305279e+01  0.000000e+00
     vertex -4.365477e+00  1.330198e+01  0.000000e+00
   endloop
 endfacet
 facet normal  0.000000e+00  0.000000e+00 -1.000000e+00
   outer loop
     vertex -2.210465e+00  1.382439e+01  0.000000e+00
     vertex -3.656682e+00  1.351402e+01  0.000000e+00
     vertex -2.937676e+00  1.368832e+01  0.000000e+00
   endloop
 endfacet
 facet normal  0.000000e+00  0.000000e+00 -1.000000e+00
   outer loop
     vertex  2.210465e+00  1.382439e+01  0.000000e+00
     vertex  7.395736e-01  1.398045e+01  0.000000e+00
     vertex  1.477082e+00  1.392186e+01  0.000000e+00
   endloop
 endfacet
 facet normal  0.000000e+00  0.000000e+00 -1.000000e+00
   outer loop
     vertex  7.688303e+00  1.170000e+01  0.000000e+00
     vertex  6.410974e+00  1.244586e+01  0.000000e+00
     vertex  7.059495e+00  1.208981e+01  0.000000e+00
   endloop
 endfacet
 facet normal  0.000000e+00  0.000000e+00 -1.000000e+00
   outer loop
     vertex  7.688303e+00  1.170000e+01  0.000000e+00
     vertex  5.744548e+00  1.276715e+01  0.000000e+00
     vertex  6.410974e+00  1.244586e+01  0.000000e+00
   endloop
 endfacet
 facet normal  0.000000e+00  0.000000e+00 -1.000000e+00
   outer loop
     vertex  7.688303e+00  1.170000e+01  0.000000e+00
     vertex  5.062081e+00  1.305279e+01  0.000000e+00
     vertex  5.744548e+00  1.276715e+01  0.000000e+00
   endloop
 endfacet
 facet normal  0.000000e+00  0.000000e+00 -1.000000e+00
   outer loop
     vertex  7.688303e+00  1.170000e+01  0.000000e+00
     vertex  4.365477e+00  1.330198e+01  0.000000e+00
     vertex  5.062081e+00  1.305279e+01  0.000000e+00
   endloop
 endfacet
 facet normal  0.000000e+00  0.000000e+00 -1.000000e+00
   outer loop
     vertex  7.688303e+00  1.170000e+01  0.000000e+00
     vertex  3.656682e+00  1.351402e+01  0.000000e+00
     vertex  4.365477e+00  1.330198e+01  0.000000e+00
   endloop
 endfacet
 facet normal  0.000000e+00  0.000000e+00 -1.000000e+00
   outer loop
     vertex  7.688303e+00  1.170000e+01  0.000000e+00
     vertex  2.937676e+00  1.368832e+01  0.000000e+00
     vertex  3.656682e+00  1.351402e+01  0.000000e+00
   endloop
 endfacet
 facet normal  0.000000e+00  0.000000e+00 -1.000000e+00
   outer loop
     vertex  7.688303e+00  1.170000e+01  0.000000e+00
     vertex  2.210465e+00  1.382439e+01  0.000000e+00
     vertex  2.937676e+00  1.368832e+01  0.000000e+00
   endloop
 endfacet
 facet normal  0.000000e+00  0.000000e+00 -1.000000e+00
   outer loop
     vertex  7.688303e+00  1.170000e+01  0.000000e+00
     vertex -3.442001e-13  1.400000e+01  0.000000e+00
     vertex  7.395736e-01  1.398045e+01  0.000000e+00
   endloop
 endfacet
 facet normal  0.000000e+00  0.000000e+00 -1.000000e+00
   outer loop
     vertex  7.688303e+00  1.170000e+01  0.000000e+00
     vertex -7.395736e-01  1.398045e+01  0.000000e+00
     vertex -3.442001e-13  1.400000e+01  0.000000e+00
   endloop
 endfacet
 facet normal  0.000000e+00  0.000000e+00 -1.000000e+00
   outer loop
     vertex  7.688303e+00  1.170000e+01  0.000000e+00
     vertex -1.477082e+00  1.392186e+01  0.000000e+00
     vertex -7.395736e-01  1.398045e+01  0.000000e+00
   endloop
 endfacet
 facet normal  0.000000e+00  0.000000e+00 -1.000000e+00
   outer loop
     vertex  7.688303e+00  1.170000e+01  0.000000e+00
     vertex -2.210465e+00  1.382439e+01  0.000000e+00
     vertex -1.477082e+00  1.392186e+01  0.000000e+00
   endloop
 endfacet
 facet normal -0.000000e+00  0.000000e+00 -1.000000e+00
   outer loop
     vertex  7.688303e+00  1.170000e+01  0.000000e+00
     vertex -7.688303e+00  1.170000e+01  0.000000e+00
     vertex -7.059495e+00  1.208981e+01  0.000000e+00
   endloop
 endfacet
 facet normal  0.000000e+00  0.000000e+00 -1.000000e+00
   outer loop
     vertex  7.688303e+00  1.170000e+01  0.000000e+00
     vertex -7.059495e+00  1.208981e+01  0.000000e+00
     vertex -5.062081e+00  1.305279e+01  0.000000e+00
   endloop
 endfacet
 facet normal  0.000000e+00  0.000000e+00 -1.000000e+00
   outer loop
     vertex  7.688303e+00  1.170000e+01  0.000000e+00
     vertex -3.656682e+00  1.351402e+01  0.000000e+00
     vertex -2.210465e+00  1.382439e+01  0.000000e+00
   endloop
 endfacet
 facet normal  0.000000e+00  0.000000e+00 -1.000000e+00
   outer loop
     vertex  7.688303e+00  1.170000e+01  0.000000e+00
     vertex -5.062081e+00  1.305279e+01  0.000000e+00
     vertex -3.656682e+00  1.351402e+01  0.000000e+00
   endloop
 endfacet
 facet normal  0.000000e+00  0.000000e+00 -1.000000e+00
   outer loop
     vertex  7.688303e+00  1.170000e+01  0.000000e+00
     vertex  7.395736e-01  1.398045e+01  0.000000e+00
     vertex  2.210465e+00  1.382439e+01  0.000000e+00
   endloop
 endfacet
 facet normal  0.000000e+00  0.000000e+00  1.000000e+00
   outer loop
     vertex -9.331470e+00 -9.055570e+00  9.800000e+00
     vertex -9.766841e+00 -1.003039e+01  9.800000e+00
     vertex -9.207107e+00 -9.207107e+00  9.800000e+00
   endloop
 endfacet
 facet normal  0.000000e+00  0.000000e+00  1.000000e+00
   outer loop
     vertex -9.331470e+00 -9.055570e+00  9.800000e+00
     vertex -1.028684e+01 -9.496366e+00  9.800000e+00
     vertex -9.766841e+00 -1.003039e+01  9.800000e+00
   endloop
 endfacet
 facet normal  0.000000e+00  0.000000e+00  1.000000e+00
   outer loop
     vertex -9.055570e+00 -9.331470e+00  9.800000e+00
     vertex -9.207107e+00 -9.207107e+00  9.800000e+00
     vertex -9.766841e+00 -1.003039e+01  9.800000e+00
   endloop
 endfacet
 facet normal  0.000000e+00  0.000000e+00  1.000000e+00
   outer loop
     vertex -9.423880e+00 -8.882683e+00  9.800000e+00
     vertex -1.028684e+01 -9.496366e+00  9.800000e+00
     vertex -9.331470e+00 -9.055570e+00  9.800000e+00
   endloop
 endfacet
 facet normal  0.000000e+00  0.000000e+00  1.000000e+00
   outer loop
     vertex -8.882683e+00 -9.423880e+00  9.800000e+00
     vertex -9.055570e+00 -9.331470e+00  9.800000e+00
     vertex -9.766841e+00 -1.003039e+01  9.800000e+00
   endloop
 endfacet
 facet normal  0.000000e+00  0.000000e+00  1.000000e+00
   outer loop
     vertex -8.882683e+00 -9.423880e+00  9.800000e+00
     vertex -9.766841e+00 -1.003039e+01  9.800000e+00
     vertex -9.219159e+00 -1.053599e+01  9.800000e+00
   endloop
 endfacet
 facet normal  0.000000e+00  0.000000e+00  1.000000e+00
   outer loop
     vertex -9.480785e+00 -8.695090e+00  9.800000e+00
     vertex -1.077768e+01 -8.935419e+00  9.800000e+00
     vertex -1.028684e+01 -9.496366e+00  9.800000e+00
   endloop
 endfacet
 facet normal  0.000000e+00  0.000000e+00  1.000000e+00
   outer loop
     vertex -9.480785e+00 -8.695090e+00  9.800000e+00
     vertex -1.028684e+01 -9.496366e+00  9.800000e+00
     vertex -9.423880e+00 -8.882683e+00  9.800000e+00
   endloop
 endfacet
 facet normal  0.000000e+00  0.000000e+00  1.000000e+00
   outer loop
     vertex -8.695090e+00 -9.480785e+00  9.800000e+00
     vertex -8.882683e+00 -9.423880e+00  9.800000e+00
     vertex -9.219159e+00 -1.053599e+01  9.800000e+00
   endloop
 endfacet
 facet normal  0.000000e+00  0.000000e+00  1.000000e+00
   outer loop
     vertex -9.500000e+00 -8.500000e+00  9.800000e+00
     vertex -1.077768e+01 -8.935419e+00  9.800000e+00
     vertex -9.480785e+00 -8.695090e+00  9.800000e+00
   endloop
 endfacet
 facet normal  0.000000e+00  0.000000e+00  1.000000e+00
   outer loop
     vertex -8.500000e+00 -9.500000e+00  9.800000e+00
     vertex -9.219159e+00 -1.053599e+01  9.800000e+00
     vertex -8.645345e+00 -1.101172e+01  9.800000e+00
   endloop
 endfacet
 facet normal  0.000000e+00  0.000000e+00  1.000000e+00
   outer loop
     vertex -8.500000e+00 -9.500000e+00  9.800000e+00
     vertex -8.695090e+00 -9.480785e+00  9.800000e+00
     vertex -9.219159e+00 -1.053599e+01  9.800000e+00
   endloop
 endfacet
 facet normal  0.000000e+00  0.000000e+00  1.000000e+00
   outer loop
     vertex -9.480785e+00 -8.304910e+00  9.800000e+00
     vertex -1.123796e+01 -8.349143e+00  9.800000e+00
     vertex -1.077768e+01 -8.935419e+00  9.800000e+00
   endloop
 endfacet
 facet normal  0.000000e+00  0.000000e+00  1.000000e+00
   outer loop
     vertex -9.480785e+00 -8.304910e+00  9.800000e+00
     vertex -1.077768e+01 -8.935419e+00  9.800000e+00
     vertex -9.500000e+00 -8.500000e+00  9.800000e+00
   endloop
 endfacet
 facet normal  0.000000e+00  0.000000e+00  1.000000e+00
   outer loop
     vertex -8.304910e+00 -9.480785e+00  9.800000e+00
     vertex -8.500000e+00 -9.500000e+00  9.800000e+00
     vertex -8.645345e+00 -1.101172e+01  9.800000e+00
   endloop
 endfacet
 facet normal  0.000000e+00  0.000000e+00  1.000000e+00
   outer loop
     vertex -9.423880e+00 -8.117317e+00  9.800000e+00
     vertex -1.123796e+01 -8.349143e+00  9.800000e+00
     vertex -9.480785e+00 -8.304910e+00  9.800000e+00
   endloop
 endfacet
 facet normal  0.000000e+00  0.000000e+00  1.000000e+00
   outer loop
     vertex -8.117317e+00 -9.423880e+00  9.800000e+00
     vertex -8.304910e+00 -9.480785e+00  9.800000e+00
     vertex -8.645345e+00 -1.101172e+01  9.800000e+00
   endloop
 endfacet
 facet normal  0.000000e+00  0.000000e+00  1.000000e+00
   outer loop
     vertex -8.117317e+00 -9.423880e+00  9.800000e+00
     vertex -8.645345e+00 -1.101172e+01  9.800000e+00
     vertex -8.047024e+00 -1.145624e+01  9.800000e+00
   endloop
 endfacet
 facet normal  0.000000e+00  0.000000e+00  1.000000e+00
   outer loop
     vertex -9.331470e+00 -7.944430e+00  9.800000e+00
     vertex -1.123796e+01 -8.349143e+00  9.800000e+00
     vertex -9.423880e+00 -8.117317e+00  9.800000e+00
   endloop
 endfacet
 facet normal  0.000000e+00  0.000000e+00  1.000000e+00
   outer loop
     vertex -9.331470e+00 -7.944430e+00  9.800000e+00
     vertex -1.166639e+01 -7.739201e+00  9.800000e+00
     vertex -1.123796e+01 -8.349143e+00  9.800000e+00
   endloop
 endfacet
 facet normal  0.000000e+00  0.000000e+00  1.000000e+00
   outer loop
     vertex -7.944430e+00 -9.331470e+00  9.800000e+00
     vertex -8.117317e+00 -9.423880e+00  9.800000e+00
     vertex -8.047024e+00 -1.145624e+01  9.800000e+00
   endloop
 endfacet
 facet normal  0.000000e+00  0.000000e+00  1.000000e+00
   outer loop
     vertex -7.944430e+00 -9.331470e+00  9.800000e+00
     vertex -8.047024e+00 -1.145624e+01  9.800000e+00
     vertex -7.425893e+00 -1.186828e+01  9.800000e+00
   endloop
 endfacet
 facet normal  0.000000e+00  0.000000e+00  1.000000e+00
   outer loop
     vertex -9.207107e+00 -7.792893e+00  9.800000e+00
     vertex -1.166639e+01 -7.739201e+00  9.800000e+00
     vertex -9.331470e+00 -7.944430e+00  9.800000e+00
   endloop
 endfacet
 facet normal  0.000000e+00  0.000000e+00  1.000000e+00
   outer loop
     vertex -9.207107e+00 -7.792893e+00  9.800000e+00
     vertex -1.206176e+01 -7.107321e+00  9.800000e+00
     vertex -1.166639e+01 -7.739201e+00  9.800000e+00
   endloop
 endfacet
 facet normal  0.000000e+00  0.000000e+00  1.000000e+00
   outer loop
     vertex -7.792893e+00 -9.207107e+00  9.800000e+00
     vertex -7.944430e+00 -9.331470e+00  9.800000e+00
     vertex -7.425893e+00 -1.186828e+01  9.800000e+00
   endloop
 endfacet
 facet normal  0.000000e+00  0.000000e+00  1.000000e+00
   outer loop
     vertex -9.055570e+00 -7.668530e+00  9.800000e+00
     vertex -1.206176e+01 -7.107321e+00  9.800000e+00
     vertex -9.207107e+00 -7.792893e+00  9.800000e+00
   endloop
 endfacet
 facet normal  0.000000e+00  0.000000e+00  1.000000e+00
   outer loop
     vertex -7.668530e+00 -9.055570e+00  9.800000e+00
     vertex -7.425893e+00 -1.186828e+01  9.800000e+00
     vertex -6.783712e+00 -1.224668e+01  9.800000e+00
   endloop
 endfacet
 facet normal  0.000000e+00  0.000000e+00  1.000000e+00
   outer loop
     vertex -7.668530e+00 -9.055570e+00  9.800000e+00
     vertex -7.792893e+00 -9.207107e+00  9.800000e+00
     vertex -7.425893e+00 -1.186828e+01  9.800000e+00
   endloop
 endfacet
 facet normal  0.000000e+00  0.000000e+00  1.000000e+00
   outer loop
     vertex -6.860236e+00 -6.643768e+00  9.800000e+00
     vertex -7.944430e+00 -7.668530e+00  9.800000e+00
     vertex -7.792893e+00 -7.792893e+00  9.800000e+00
   endloop
 endfacet
 facet normal  0.000000e+00  0.000000e+00  1.000000e+00
   outer loop
     vertex -6.420474e+00 -7.069655e+00  9.800000e+00
     vertex -7.668530e+00 -7.944430e+00  9.800000e+00
     vertex -7.576120e+00 -8.117317e+00  9.800000e+00
   endloop
 endfacet
 facet normal  0.000000e+00  0.000000e+00  1.000000e+00
   outer loop
     vertex -6.420474e+00 -7.069655e+00  9.800000e+00
     vertex -7.792893e+00 -7.792893e+00  9.800000e+00
     vertex -7.668530e+00 -7.944430e+00  9.800000e+00
   endloop
 endfacet
 facet normal  0.000000e+00  0.000000e+00  1.000000e+00
   outer loop
     vertex -6.420474e+00 -7.069655e+00  9.800000e+00
     vertex -6.860236e+00 -6.643768e+00  9.800000e+00
     vertex -7.792893e+00 -7.792893e+00  9.800000e+00
   endloop
 endfacet
 facet normal  0.000000e+00  0.000000e+00  1.000000e+00
   outer loop
     vertex -7.271809e+00 -6.190581e+00  9.800000e+00
     vertex -8.117317e+00 -7.576120e+00  9.800000e+00
     vertex -7.944430e+00 -7.668530e+00  9.800000e+00
   endloop
 endfacet
 facet normal  0.000000e+00  0.000000e+00  1.000000e+00
   outer loop
     vertex -7.271809e+00 -6.190581e+00  9.800000e+00
     vertex -8.304910e+00 -7.519215e+00  9.800000e+00
     vertex -8.117317e+00 -7.576120e+00  9.800000e+00
   endloop
 endfacet
 facet normal  0.000000e+00  0.000000e+00  1.000000e+00
   outer loop
     vertex -7.271809e+00 -6.190581e+00  9.800000e+00
     vertex -7.944430e+00 -7.668530e+00  9.800000e+00
     vertex -6.860236e+00 -6.643768e+00  9.800000e+00
   endloop
 endfacet
 facet normal  0.000000e+00  0.000000e+00  1.000000e+00
   outer loop
     vertex -5.954328e+00 -7.466491e+00  9.800000e+00
     vertex -7.519215e+00 -8.304910e+00  9.800000e+00
     vertex -7.500000e+00 -8.500000e+00  9.800000e+00
   endloop
 endfacet
 facet normal  0.000000e+00  0.000000e+00  1.000000e+00
   outer loop
     vertex -5.954328e+00 -7.466491e+00  9.800000e+00
     vertex -7.576120e+00 -8.117317e+00  9.800000e+00
     vertex -7.519215e+00 -8.304910e+00  9.800000e+00
   endloop
 endfacet
 facet normal  0.000000e+00  0.000000e+00  1.000000e+00
   outer loop
     vertex -5.954328e+00 -7.466491e+00  9.800000e+00
     vertex -6.420474e+00 -7.069655e+00  9.800000e+00
     vertex -7.576120e+00 -8.117317e+00  9.800000e+00
   endloop
 endfacet
 facet normal  0.000000e+00  0.000000e+00  1.000000e+00
   outer loop
     vertex -7.653500e+00 -5.711956e+00  9.800000e+00
     vertex -8.500000e+00 -7.500000e+00  9.800000e+00
     vertex -8.304910e+00 -7.519215e+00  9.800000e+00
   endloop
 endfacet
 facet normal  0.000000e+00  0.000000e+00  1.000000e+00
   outer loop
     vertex -7.653500e+00 -5.711956e+00  9.800000e+00
     vertex -8.695090e+00 -7.519215e+00  9.800000e+00
     vertex -8.500000e+00 -7.500000e+00  9.800000e+00
   endloop
 endfacet
 facet normal  0.000000e+00  0.000000e+00  1.000000e+00
   outer loop
     vertex -7.653500e+00 -5.711956e+00  9.800000e+00
     vertex -8.304910e+00 -7.519215e+00  9.800000e+00
     vertex -7.271809e+00 -6.190581e+00  9.800000e+00
   endloop
 endfacet
 facet normal  0.000000e+00  0.000000e+00  1.000000e+00
   outer loop
     vertex -5.463714e+00 -7.832645e+00  9.800000e+00
     vertex -7.519215e+00 -8.695090e+00  9.800000e+00
     vertex -7.576120e+00 -8.882683e+00  9.800000e+00
   endloop
 endfacet
 facet normal  0.000000e+00  0.000000e+00  1.000000e+00
   outer loop
     vertex -5.463714e+00 -7.832645e+00  9.800000e+00
     vertex -7.500000e+00 -8.500000e+00  9.800000e+00
     vertex -7.519215e+00 -8.695090e+00  9.800000e+00
   endloop
 endfacet
 facet normal  0.000000e+00  0.000000e+00  1.000000e+00
   outer loop
     vertex -5.463714e+00 -7.832645e+00  9.800000e+00
     vertex -5.954328e+00 -7.466491e+00  9.800000e+00
     vertex -7.500000e+00 -8.500000e+00  9.800000e+00
   endloop
 endfacet
 facet normal  0.000000e+00  0.000000e+00  1.000000e+00
   outer loop
     vertex -8.003741e+00 -5.209858e+00  9.800000e+00
     vertex -8.695090e+00 -7.519215e+00  9.800000e+00
     vertex -7.653500e+00 -5.711956e+00  9.800000e+00
   endloop
 endfacet
 facet normal  0.000000e+00  0.000000e+00  1.000000e+00
   outer loop
     vertex -8.003741e+00 -5.209858e+00  9.800000e+00
     vertex -8.882683e+00 -7.576120e+00  9.800000e+00
     vertex -8.695090e+00 -7.519215e+00  9.800000e+00
   endloop
 endfacet
 facet normal  0.000000e+00  0.000000e+00  1.000000e+00
   outer loop
     vertex -4.950649e+00 -8.166613e+00  9.800000e+00
     vertex -7.668530e+00 -9.055570e+00  9.800000e+00
     vertex -6.783712e+00 -1.224668e+01  9.800000e+00
   endloop
 endfacet
 facet normal  0.000000e+00  0.000000e+00  1.000000e+00
   outer loop
     vertex -4.950649e+00 -8.166613e+00  9.800000e+00
     vertex -7.576120e+00 -8.882683e+00  9.800000e+00
     vertex -7.668530e+00 -9.055570e+00  9.800000e+00
   endloop
 endfacet
 facet normal  0.000000e+00  0.000000e+00  1.000000e+00
   outer loop
     vertex -4.950649e+00 -8.166613e+00  9.800000e+00
     vertex -5.463714e+00 -7.832645e+00  9.800000e+00
     vertex -7.576120e+00 -8.882683e+00  9.800000e+00
   endloop
 endfacet
 facet normal  0.000000e+00  0.000000e+00  1.000000e+00
   outer loop
     vertex -8.321094e+00 -4.686353e+00  9.800000e+00
     vertex -1.206176e+01 -7.107321e+00  9.800000e+00
     vertex -9.055570e+00 -7.668530e+00  9.800000e+00
   endloop
 endfacet
 facet normal  0.000000e+00  0.000000e+00  1.000000e+00
   outer loop
     vertex -8.321094e+00 -4.686353e+00  9.800000e+00
     vertex -9.055570e+00 -7.668530e+00  9.800000e+00
     vertex -8.882683e+00 -7.576120e+00  9.800000e+00
   endloop
 endfacet
 facet normal  0.000000e+00  0.000000e+00  1.000000e+00
   outer loop
     vertex -8.321094e+00 -4.686353e+00  9.800000e+00
     vertex -8.882683e+00 -7.576120e+00  9.800000e+00
     vertex -8.003741e+00 -5.209858e+00  9.800000e+00
   endloop
 endfacet
 facet normal  0.000000e+00  0.000000e+00  1.000000e+00
   outer loop
     vertex -8.321094e+00 -4.686353e+00  9.800000e+00
     vertex -1.242293e+01 -6.455295e+00  9.800000e+00
     vertex -1.206176e+01 -7.107321e+00  9.800000e+00
   endloop
 endfacet
 facet normal  0.000000e+00  0.000000e+00  1.000000e+00
   outer loop
     vertex -4.417241e+00 -8.467023e+00  9.800000e+00
     vertex -6.783712e+00 -1.224668e+01  9.800000e+00
     vertex -6.122302e+00 -1.259037e+01  9.800000e+00
   endloop
 endfacet
 facet normal  0.000000e+00  0.000000e+00  1.000000e+00
   outer loop
     vertex -4.417241e+00 -8.467023e+00  9.800000e+00
     vertex -4.950649e+00 -8.166613e+00  9.800000e+00
     vertex -6.783712e+00 -1.224668e+01  9.800000e+00
   endloop
 endfacet
 facet normal  0.000000e+00  0.000000e+00  1.000000e+00
   outer loop
     vertex -8.604253e+00 -4.143590e+00  9.800000e+00
     vertex -1.274889e+01 -5.784971e+00  9.800000e+00
     vertex -1.242293e+01 -6.455295e+00  9.800000e+00
   endloop
 endfacet
 facet normal  0.000000e+00  0.000000e+00  1.000000e+00
   outer loop
     vertex -8.604253e+00 -4.143590e+00  9.800000e+00
     vertex -1.242293e+01 -6.455295e+00  9.800000e+00
     vertex -8.321094e+00 -4.686353e+00  9.800000e+00
   endloop
 endfacet
 facet normal  0.000000e+00  0.000000e+00  1.000000e+00
   outer loop
     vertex -3.865681e+00 -8.732641e+00  9.800000e+00
     vertex -4.417241e+00 -8.467023e+00  9.800000e+00
     vertex -6.122302e+00 -1.259037e+01  9.800000e+00
   endloop
 endfacet
 facet normal  0.000000e+00  0.000000e+00  1.000000e+00
   outer loop
     vertex -3.865681e+00 -8.732641e+00  9.800000e+00
     vertex -6.122302e+00 -1.259037e+01  9.800000e+00
     vertex -5.443538e+00 -1.289837e+01  9.800000e+00
   endloop
 endfacet
 facet normal  0.000000e+00  0.000000e+00  1.000000e+00
   outer loop
     vertex -8.852055e+00 -3.583800e+00  9.800000e+00
     vertex -1.303871e+01 -5.098248e+00  9.800000e+00
     vertex -1.274889e+01 -5.784971e+00  9.800000e+00
   endloop
 endfacet
 facet normal  0.000000e+00  0.000000e+00  1.000000e+00
   outer loop
     vertex -8.852055e+00 -3.583800e+00  9.800000e+00
     vertex -1.274889e+01 -5.784971e+00  9.800000e+00
     vertex -8.604253e+00 -4.143590e+00  9.800000e+00
   endloop
 endfacet
 facet normal  0.000000e+00  0.000000e+00  1.000000e+00
   outer loop
     vertex -3.298236e+00 -8.962373e+00  9.800000e+00
     vertex -5.443538e+00 -1.289837e+01  9.800000e+00
     vertex -4.749344e+00 -1.316980e+01  9.800000e+00
   endloop
 endfacet
 facet normal  0.000000e+00  0.000000e+00  1.000000e+00
   outer loop
     vertex -3.298236e+00 -8.962373e+00  9.800000e+00
     vertex -3.865681e+00 -8.732641e+00  9.800000e+00
     vertex -5.443538e+00 -1.289837e+01  9.800000e+00
   endloop
 endfacet
 facet normal  0.000000e+00  0.000000e+00  1.000000e+00
   outer loop
     vertex -9.063482e+00 -3.009283e+00  9.800000e+00
     vertex -1.350675e+01 -3.683436e+00  9.800000e+00
     vertex -1.329157e+01 -4.397074e+00  9.800000e+00
   endloop
 endfacet
 facet normal  0.000000e+00  0.000000e+00  1.000000e+00
   outer loop
     vertex -9.063482e+00 -3.009283e+00  9.800000e+00
     vertex -1.329157e+01 -4.397074e+00  9.800000e+00
     vertex -1.303871e+01 -5.098248e+00  9.800000e+00
   endloop
 endfacet
 facet normal  0.000000e+00  0.000000e+00  1.000000e+00
   outer loop
     vertex -9.063482e+00 -3.009283e+00  9.800000e+00
     vertex -1.303871e+01 -5.098248e+00  9.800000e+00
     vertex -8.852055e+00 -3.583800e+00  9.800000e+00
   endloop
 endfacet
 facet normal  0.000000e+00  0.000000e+00  1.000000e+00
   outer loop
     vertex -2.717238e+00 -9.155278e+00  9.800000e+00
     vertex -3.298236e+00 -8.962373e+00  9.800000e+00
     vertex -4.749344e+00 -1.316980e+01  9.800000e+00
   endloop
 endfacet
 facet normal  0.000000e+00  0.000000e+00  1.000000e+00
   outer loop
     vertex -2.717238e+00 -9.155278e+00  9.800000e+00
     vertex -4.749344e+00 -1.316980e+01  9.800000e+00
     vertex -4.041687e+00 -1.340391e+01  9.800000e+00
   endloop
 endfacet
 facet normal  0.000000e+00  0.000000e+00  1.000000e+00
   outer loop
     vertex -2.717238e+00 -9.155278e+00  9.800000e+00
     vertex -4.041687e+00 -1.340391e+01  9.800000e+00
     vertex -3.322574e+00 -1.360002e+01  9.800000e+00
   endloop
 endfacet
 facet normal  0.000000e+00  0.000000e+00  1.000000e+00
   outer loop
     vertex -9.237666e+00 -2.422401e+00  9.800000e+00
     vertex -1.350675e+01 -3.683436e+00  9.800000e+00
     vertex -9.063482e+00 -3.009283e+00  9.800000e+00
   endloop
 endfacet
 facet normal  0.000000e+00  0.000000e+00  1.000000e+00
   outer loop
     vertex -9.237666e+00 -2.422401e+00  9.800000e+00
     vertex -1.368365e+01 -2.959357e+00  9.800000e+00
     vertex -1.350675e+01 -3.683436e+00  9.800000e+00
   endloop
 endfacet
 facet normal  0.000000e+00  0.000000e+00  1.000000e+00
   outer loop
     vertex -2.125075e+00 -9.310562e+00  9.800000e+00
     vertex -2.717238e+00 -9.155278e+00  9.800000e+00
     vertex -3.322574e+00 -1.360002e+01  9.800000e+00
   endloop
 endfacet
 facet normal  0.000000e+00  0.000000e+00  1.000000e+00
   outer loop
     vertex -2.125075e+00 -9.310562e+00  9.800000e+00
     vertex -3.322574e+00 -1.360002e+01  9.800000e+00
     vertex -2.594042e+00 -1.375758e+01  9.800000e+00
   endloop
 endfacet
 facet normal  0.000000e+00  0.000000e+00  1.000000e+00
   outer loop
     vertex -9.373890e+00 -1.825565e+00  9.800000e+00
     vertex -1.368365e+01 -2.959357e+00  9.800000e+00
     vertex -9.237666e+00 -2.422401e+00  9.800000e+00
   endloop
 endfacet
 facet normal  0.000000e+00  0.000000e+00  1.000000e+00
   outer loop
     vertex -9.373890e+00 -1.825565e+00  9.800000e+00
     vertex -1.382176e+01 -2.226889e+00  9.800000e+00
     vertex -1.368365e+01 -2.959357e+00  9.800000e+00
   endloop
 endfacet
 facet normal  0.000000e+00  0.000000e+00  1.000000e+00
   outer loop
     vertex -1.524179e+00 -9.427586e+00  9.800000e+00
     vertex -2.125075e+00 -9.310562e+00  9.800000e+00
     vertex -2.594042e+00 -1.375758e+01  9.800000e+00
   endloop
 endfacet
 facet normal  0.000000e+00  0.000000e+00  1.000000e+00
   outer loop
     vertex -1.524179e+00 -9.427586e+00  9.800000e+00
     vertex -2.594042e+00 -1.375758e+01  9.800000e+00
     vertex -1.858157e+00 -1.387614e+01  9.800000e+00
   endloop
 endfacet
 facet normal  0.000000e+00  0.000000e+00  1.000000e+00
   outer loop
     vertex -9.471595e+00 -1.221227e+00  9.800000e+00
     vertex -1.382176e+01 -2.226889e+00  9.800000e+00
     vertex -9.373890e+00 -1.825565e+00  9.800000e+00
   endloop
 endfacet
 facet normal  0.000000e+00  0.000000e+00  1.000000e+00
   outer loop
     vertex -9.471595e+00 -1.221227e+00  9.800000e+00
     vertex -1.392069e+01 -1.488109e+00  9.800000e+00
     vertex -1.382176e+01 -2.226889e+00  9.800000e+00
   endloop
 endfacet
 facet normal  0.000000e+00  0.000000e+00  1.000000e+00
   outer loop
     vertex -9.170199e-01 -9.505871e+00  9.800000e+00
     vertex -1.858157e+00 -1.387614e+01  9.800000e+00
     vertex -1.117005e+00 -1.395537e+01  9.800000e+00
   endloop
 endfacet
 facet normal  0.000000e+00  0.000000e+00  1.000000e+00
   outer loop
     vertex -9.170199e-01 -9.505871e+00  9.800000e+00
     vertex -1.524179e+00 -9.427586e+00  9.800000e+00
     vertex -1.858157e+00 -1.387614e+01  9.800000e+00
   endloop
 endfacet
 facet normal  0.000000e+00  0.000000e+00  1.000000e+00
   outer loop
     vertex -9.530379e+00 -6.118706e-01  9.800000e+00
     vertex -1.392069e+01 -1.488109e+00  9.800000e+00
     vertex -9.471595e+00 -1.221227e+00  9.800000e+00
   endloop
 endfacet
 facet normal  0.000000e+00  0.000000e+00  1.000000e+00
   outer loop
     vertex -9.530379e+00 -6.118706e-01  9.800000e+00
     vertex -1.398016e+01 -7.451104e-01  9.800000e+00
     vertex -1.392069e+01 -1.488109e+00  9.800000e+00
   endloop
 endfacet
 facet normal  0.000000e+00  0.000000e+00  1.000000e+00
   outer loop
     vertex -3.060926e-01 -9.545093e+00  9.800000e+00
     vertex -9.170199e-01 -9.505871e+00  9.800000e+00
     vertex -1.117005e+00 -1.395537e+01  9.800000e+00
   endloop
 endfacet
 facet normal  0.000000e+00  0.000000e+00  1.000000e+00
   outer loop
     vertex -3.060926e-01 -9.545093e+00  9.800000e+00
     vertex -1.117005e+00 -1.395537e+01  9.800000e+00
     vertex -3.726873e-01 -1.399504e+01  9.800000e+00
   endloop
 endfacet
 facet normal  0.000000e+00  0.000000e+00  1.000000e+00
   outer loop
     vertex -9.550000e+00 -2.427677e-14  9.800000e+00
     vertex -1.398016e+01 -7.451104e-01  9.800000e+00
     vertex -9.530379e+00 -6.118706e-01  9.800000e+00
   endloop
 endfacet
 facet normal  0.000000e+00  0.000000e+00  1.000000e+00
   outer loop
     vertex -9.550000e+00 -2.427677e-14  9.800000e+00
     vertex -1.398016e+01  7.451104e-01  9.800000e+00
     vertex -1.400000e+01  1.414900e-14  9.800000e+00
   endloop
 endfacet
 facet normal  0.000000e+00  0.000000e+00  1.000000e+00
   outer loop
     vertex -9.550000e+00 -2.427677e-14  9.800000e+00
     vertex -1.400000e+01  1.414900e-14  9.800000e+00
     vertex -1.398016e+01 -7.451104e-01  9.800000e+00
   endloop
 endfacet
 facet normal  0.000000e+00  0.000000e+00  1.000000e+00
   outer loop
     vertex  3.060926e-01 -9.545093e+00  9.800000e+00
     vertex -3.060926e-01 -9.545093e+00  9.800000e+00
     vertex -3.726873e-01 -1.399504e+01  9.800000e+00
   endloop
 endfacet
 facet normal  0.000000e+00  0.000000e+00  1.000000e+00
   outer loop
     vertex  3.060926e-01 -9.545093e+00  9.800000e+00
     vertex -3.726873e-01 -1.399504e+01  9.800000e+00
     vertex  3.726873e-01 -1.399504e+01  9.800000e+00
   endloop
 endfacet
 facet normal  0.000000e+00  0.000000e+00  1.000000e+00
   outer loop
     vertex  3.060926e-01 -9.545093e+00  9.800000e+00
     vertex  3.726873e-01 -1.399504e+01  9.800000e+00
     vertex  1.117005e+00 -1.395537e+01  9.800000e+00
   endloop
 endfacet
 facet normal  0.000000e+00  0.000000e+00  1.000000e+00
   outer loop
     vertex -9.530379e+00  6.118706e-01  9.800000e+00
     vertex -1.398016e+01  7.451104e-01  9.800000e+00
     vertex -9.550000e+00 -2.427677e-14  9.800000e+00
   endloop
 endfacet
 facet normal  0.000000e+00  0.000000e+00  1.000000e+00
   outer loop
     vertex -9.530379e+00  6.118706e-01  9.800000e+00
     vertex -1.392069e+01  1.488109e+00  9.800000e+00
     vertex -1.398016e+01  7.451104e-01  9.800000e+00
   endloop
 endfacet
 facet normal  0.000000e+00  0.000000e+00  1.000000e+00
   outer loop
     vertex  9.170199e-01 -9.505871e+00  9.800000e+00
     vertex  3.060926e-01 -9.545093e+00  9.800000e+00
     vertex  1.117005e+00 -1.395537e+01  9.800000e+00
   endloop
 endfacet
 facet normal  0.000000e+00  0.000000e+00  1.000000e+00
   outer loop
     vertex  9.170199e-01 -9.505871e+00  9.800000e+00
     vertex  1.117005e+00 -1.395537e+01  9.800000e+00
     vertex  1.858157e+00 -1.387614e+01  9.800000e+00
   endloop
 endfacet
 facet normal  0.000000e+00  0.000000e+00  1.000000e+00
   outer loop
     vertex -9.471595e+00  1.221227e+00  9.800000e+00
     vertex -1.392069e+01  1.488109e+00  9.800000e+00
     vertex -9.530379e+00  6.118706e-01  9.800000e+00
   endloop
 endfacet
 facet normal  0.000000e+00  0.000000e+00  1.000000e+00
   outer loop
     vertex -9.471595e+00  1.221227e+00  9.800000e+00
     vertex -1.382176e+01  2.226889e+00  9.800000e+00
     vertex -1.392069e+01  1.488109e+00  9.800000e+00
   endloop
 endfacet
 facet normal  0.000000e+00  0.000000e+00  1.000000e+00
   outer loop
     vertex  1.524179e+00 -9.427586e+00  9.800000e+00
     vertex  9.170199e-01 -9.505871e+00  9.800000e+00
     vertex  1.858157e+00 -1.387614e+01  9.800000e+00
   endloop
 endfacet
 facet normal  0.000000e+00  0.000000e+00  1.000000e+00
   outer loop
     vertex  1.524179e+00 -9.427586e+00  9.800000e+00
     vertex  1.858157e+00 -1.387614e+01  9.800000e+00
     vertex  2.594042e+00 -1.375758e+01  9.800000e+00
   endloop
 endfacet
 facet normal  0.000000e+00  0.000000e+00  1.000000e+00
   outer loop
     vertex -9.373890e+00  1.825565e+00  9.800000e+00
     vertex -1.382176e+01  2.226889e+00  9.800000e+00
     vertex -9.471595e+00  1.221227e+00  9.800000e+00
   endloop
 endfacet
 facet normal  0.000000e+00  0.000000e+00  1.000000e+00
   outer loop
     vertex -9.373890e+00  1.825565e+00  9.800000e+00
     vertex -1.368365e+01  2.959357e+00  9.800000e+00
     vertex -1.382176e+01  2.226889e+00  9.800000e+00
   endloop
 endfacet
 facet normal  0.000000e+00  0.000000e+00  1.000000e+00
   outer loop
     vertex  2.125075e+00 -9.310562e+00  9.800000e+00
     vertex  1.524179e+00 -9.427586e+00  9.800000e+00
     vertex  2.594042e+00 -1.375758e+01  9.800000e+00
   endloop
 endfacet
 facet normal  0.000000e+00  0.000000e+00  1.000000e+00
   outer loop
     vertex  2.125075e+00 -9.310562e+00  9.800000e+00
     vertex  2.594042e+00 -1.375758e+01  9.800000e+00
     vertex  3.322574e+00 -1.360002e+01  9.800000e+00
   endloop
 endfacet
 facet normal  0.000000e+00  0.000000e+00  1.000000e+00
   outer loop
     vertex -9.237666e+00  2.422401e+00  9.800000e+00
     vertex -1.350675e+01  3.683436e+00  9.800000e+00
     vertex -1.368365e+01  2.959357e+00  9.800000e+00
   endloop
 endfacet
 facet normal  0.000000e+00  0.000000e+00  1.000000e+00
   outer loop
     vertex -9.237666e+00  2.422401e+00  9.800000e+00
     vertex -1.368365e+01  2.959357e+00  9.800000e+00
     vertex -9.373890e+00  1.825565e+00  9.800000e+00
   endloop
 endfacet
 facet normal  0.000000e+00  0.000000e+00  1.000000e+00
   outer loop
     vertex  2.717238e+00 -9.155278e+00  9.800000e+00
     vertex  2.125075e+00 -9.310562e+00  9.800000e+00
     vertex  3.322574e+00 -1.360002e+01  9.800000e+00
   endloop
 endfacet
 facet normal  0.000000e+00  0.000000e+00  1.000000e+00
   outer loop
     vertex  2.717238e+00 -9.155278e+00  9.800000e+00
     vertex  3.322574e+00 -1.360002e+01  9.800000e+00
     vertex  4.041687e+00 -1.340391e+01  9.800000e+00
   endloop
 endfacet
 facet normal  0.000000e+00  0.000000e+00  1.000000e+00
   outer loop
     vertex  2.717238e+00 -9.155278e+00  9.800000e+00
     vertex  4.041687e+00 -1.340391e+01  9.800000e+00
     vertex  4.749344e+00 -1.316980e+01  9.800000e+00
   endloop
 endfacet
 facet normal  0.000000e+00  0.000000e+00  1.000000e+00
   outer loop
     vertex -9.063482e+00  3.009283e+00  9.800000e+00
     vertex -1.303871e+01  5.098248e+00  9.800000e+00
     vertex -1.329157e+01  4.397074e+00  9.800000e+00
   endloop
 endfacet
 facet normal  0.000000e+00  0.000000e+00  1.000000e+00
   outer loop
     vertex -9.063482e+00  3.009283e+00  9.800000e+00
     vertex -1.329157e+01  4.397074e+00  9.800000e+00
     vertex -1.350675e+01  3.683436e+00  9.800000e+00
   endloop
 endfacet
 facet normal  0.000000e+00  0.000000e+00  1.000000e+00
   outer loop
     vertex -9.063482e+00  3.009283e+00  9.800000e+00
     vertex -1.350675e+01  3.683436e+00  9.800000e+00
     vertex -9.237666e+00  2.422401e+00  9.800000e+00
   endloop
 endfacet
 facet normal  0.000000e+00  0.000000e+00  1.000000e+00
   outer loop
     vertex  3.298236e+00 -8.962373e+00  9.800000e+00
     vertex  2.717238e+00 -9.155278e+00  9.800000e+00
     vertex  4.749344e+00 -1.316980e+01  9.800000e+00
   endloop
 endfacet
 facet normal  0.000000e+00  0.000000e+00  1.000000e+00
   outer loop
     vertex  3.298236e+00 -8.962373e+00  9.800000e+00
     vertex  4.749344e+00 -1.316980e+01  9.800000e+00
     vertex  5.443538e+00 -1.289837e+01  9.800000e+00
   endloop
 endfacet
 facet normal  0.000000e+00  0.000000e+00  1.000000e+00
   outer loop
     vertex -8.852055e+00  3.583800e+00  9.800000e+00
     vertex -1.274889e+01  5.784971e+00  9.800000e+00
     vertex -1.303871e+01  5.098248e+00  9.800000e+00
   endloop
 endfacet
 facet normal  0.000000e+00  0.000000e+00  1.000000e+00
   outer loop
     vertex -8.852055e+00  3.583800e+00  9.800000e+00
     vertex -1.303871e+01  5.098248e+00  9.800000e+00
     vertex -9.063482e+00  3.009283e+00  9.800000e+00
   endloop
 endfacet
 facet normal  0.000000e+00  0.000000e+00  1.000000e+00
   outer loop
     vertex  3.865681e+00 -8.732641e+00  9.800000e+00
     vertex  3.298236e+00 -8.962373e+00  9.800000e+00
     vertex  5.443538e+00 -1.289837e+01  9.800000e+00
   endloop
 endfacet
 facet normal  0.000000e+00  0.000000e+00  1.000000e+00
   outer loop
     vertex  3.865681e+00 -8.732641e+00  9.800000e+00
     vertex  5.443538e+00 -1.289837e+01  9.800000e+00
     vertex  6.122302e+00 -1.259037e+01  9.800000e+00
   endloop
 endfacet
 facet normal  0.000000e+00  0.000000e+00  1.000000e+00
   outer loop
     vertex -8.604253e+00  4.143590e+00  9.800000e+00
     vertex -1.274889e+01  5.784971e+00  9.800000e+00
     vertex -8.852055e+00  3.583800e+00  9.800000e+00
   endloop
 endfacet
 facet normal  0.000000e+00  0.000000e+00  1.000000e+00
   outer loop
     vertex -8.604253e+00  4.143590e+00  9.800000e+00
     vertex -1.242293e+01  6.455295e+00  9.800000e+00
     vertex -1.274889e+01  5.784971e+00  9.800000e+00
   endloop
 endfacet
 facet normal  0.000000e+00  0.000000e+00  1.000000e+00
   outer loop
     vertex  4.417241e+00 -8.467023e+00  9.800000e+00
     vertex  3.865681e+00 -8.732641e+00  9.800000e+00
     vertex  6.122302e+00 -1.259037e+01  9.800000e+00
   endloop
 endfacet
 facet normal  0.000000e+00  0.000000e+00  1.000000e+00
   outer loop
     vertex  4.417241e+00 -8.467023e+00  9.800000e+00
     vertex  6.122302e+00 -1.259037e+01  9.800000e+00
     vertex  6.783712e+00 -1.224668e+01  9.800000e+00
   endloop
 endfacet
 facet normal  0.000000e+00  0.000000e+00  1.000000e+00
   outer loop
     vertex -8.321094e+00  4.686353e+00  9.800000e+00
     vertex -1.206176e+01  7.107321e+00  9.800000e+00
     vertex -1.242293e+01  6.455295e+00  9.800000e+00
   endloop
 endfacet
 facet normal  0.000000e+00  0.000000e+00  1.000000e+00
   outer loop
     vertex -8.321094e+00  4.686353e+00  9.800000e+00
     vertex -1.242293e+01  6.455295e+00  9.800000e+00
     vertex -8.604253e+00  4.143590e+00  9.800000e+00
   endloop
 endfacet
 facet normal  0.000000e+00  0.000000e+00  1.000000e+00
   outer loop
     vertex  4.950649e+00 -8.166613e+00  9.800000e+00
     vertex  4.417241e+00 -8.467023e+00  9.800000e+00
     vertex  6.783712e+00 -1.224668e+01  9.800000e+00
   endloop
 endfacet
 facet normal  0.000000e+00  0.000000e+00  1.000000e+00
   outer loop
     vertex -9.207107e+00  7.792893e+00  9.800000e+00
     vertex -1.166639e+01  7.739201e+00  9.800000e+00
     vertex -1.206176e+01  7.107321e+00  9.800000e+00
   endloop
 endfacet
 facet normal  0.000000e+00  0.000000e+00  1.000000e+00
   outer loop
     vertex -9.331470e+00  7.944430e+00  9.800000e+00
     vertex -1.123796e+01  8.349143e+00  9.800000e+00
     vertex -1.166639e+01  7.739201e+00  9.800000e+00
   endloop
 endfacet
 facet normal  0.000000e+00  0.000000e+00  1.000000e+00
   outer loop
     vertex -9.331470e+00  7.944430e+00  9.800000e+00
     vertex -1.166639e+01  7.739201e+00  9.800000e+00
     vertex -9.207107e+00  7.792893e+00  9.800000e+00
   endloop
 endfacet
 facet normal  0.000000e+00  0.000000e+00  1.000000e+00
   outer loop
     vertex -9.055570e+00  7.668530e+00  9.800000e+00
     vertex -9.207107e+00  7.792893e+00  9.800000e+00
     vertex -1.206176e+01  7.107321e+00  9.800000e+00
   endloop
 endfacet
 facet normal  0.000000e+00  0.000000e+00  1.000000e+00
   outer loop
     vertex -9.055570e+00  7.668530e+00  9.800000e+00
     vertex -1.206176e+01  7.107321e+00  9.800000e+00
     vertex -8.321094e+00  4.686353e+00  9.800000e+00
   endloop
 endfacet
 facet normal  0.000000e+00  0.000000e+00  1.000000e+00
   outer loop
     vertex  7.944430e+00 -9.331470e+00  9.800000e+00
     vertex  7.792893e+00 -9.207107e+00  9.800000e+00
     vertex  7.425893e+00 -1.186828e+01  9.800000e+00
   endloop
 endfacet
 facet normal  0.000000e+00  0.000000e+00  1.000000e+00
   outer loop
     vertex  7.944430e+00 -9.331470e+00  9.800000e+00
     vertex  7.425893e+00 -1.186828e+01  9.800000e+00
     vertex  8.047024e+00 -1.145624e+01  9.800000e+00
   endloop
 endfacet
 facet normal  0.000000e+00  0.000000e+00  1.000000e+00
   outer loop
     vertex  7.668530e+00 -9.055570e+00  9.800000e+00
     vertex  7.425893e+00 -1.186828e+01  9.800000e+00
     vertex  7.792893e+00 -9.207107e+00  9.800000e+00
   endloop
 endfacet
 facet normal  0.000000e+00  0.000000e+00  1.000000e+00
   outer loop
     vertex  7.668530e+00 -9.055570e+00  9.800000e+00
     vertex  4.950649e+00 -8.166613e+00  9.800000e+00
     vertex  6.783712e+00 -1.224668e+01  9.800000e+00
   endloop
 endfacet
 facet normal  0.000000e+00  0.000000e+00  1.000000e+00
   outer loop
     vertex  7.668530e+00 -9.055570e+00  9.800000e+00
     vertex  6.783712e+00 -1.224668e+01  9.800000e+00
     vertex  7.425893e+00 -1.186828e+01  9.800000e+00
   endloop
 endfacet
 facet normal  0.000000e+00  0.000000e+00  1.000000e+00
   outer loop
     vertex  7.576120e+00 -8.882683e+00  9.800000e+00
     vertex  4.950649e+00 -8.166613e+00  9.800000e+00
     vertex  7.668530e+00 -9.055570e+00  9.800000e+00
   endloop
 endfacet
 facet normal  0.000000e+00  0.000000e+00  1.000000e+00
   outer loop
     vertex  7.576120e+00 -8.882683e+00  9.800000e+00
     vertex  5.463714e+00 -7.832645e+00  9.800000e+00
     vertex  4.950649e+00 -8.166613e+00  9.800000e+00
   endloop
 endfacet
 facet normal  0.000000e+00  0.000000e+00  1.000000e+00
   outer loop
     vertex -9.423880e+00  8.117317e+00  9.800000e+00
     vertex -1.123796e+01  8.349143e+00  9.800000e+00
     vertex -9.331470e+00  7.944430e+00  9.800000e+00
   endloop
 endfacet
 facet normal  0.000000e+00  0.000000e+00  1.000000e+00
   outer loop
     vertex -8.882683e+00  7.576120e+00  9.800000e+00
     vertex -9.055570e+00  7.668530e+00  9.800000e+00
     vertex -8.321094e+00  4.686353e+00  9.800000e+00
   endloop
 endfacet
 facet normal  0.000000e+00  0.000000e+00  1.000000e+00
   outer loop
     vertex -8.882683e+00  7.576120e+00  9.800000e+00
     vertex -8.321094e+00  4.686353e+00  9.800000e+00
     vertex -8.003741e+00  5.209858e+00  9.800000e+00
   endloop
 endfacet
 facet normal  0.000000e+00  0.000000e+00  1.000000e+00
   outer loop
     vertex  8.117317e+00 -9.423880e+00  9.800000e+00
     vertex  8.047024e+00 -1.145624e+01  9.800000e+00
     vertex  8.645345e+00 -1.101172e+01  9.800000e+00
   endloop
 endfacet
 facet normal  0.000000e+00  0.000000e+00  1.000000e+00
   outer loop
     vertex  8.117317e+00 -9.423880e+00  9.800000e+00
     vertex  7.944430e+00 -9.331470e+00  9.800000e+00
     vertex  8.047024e+00 -1.145624e+01  9.800000e+00
   endloop
 endfacet
 facet normal  0.000000e+00  0.000000e+00  1.000000e+00
   outer loop
     vertex -9.480785e+00  8.304910e+00  9.800000e+00
     vertex -1.123796e+01  8.349143e+00  9.800000e+00
     vertex -9.423880e+00  8.117317e+00  9.800000e+00
   endloop
 endfacet
 facet normal  0.000000e+00  0.000000e+00  1.000000e+00
   outer loop
     vertex -9.480785e+00  8.304910e+00  9.800000e+00
     vertex -1.077768e+01  8.935419e+00  9.800000e+00
     vertex -1.123796e+01  8.349143e+00  9.800000e+00
   endloop
 endfacet
 facet normal  0.000000e+00  0.000000e+00  1.000000e+00
   outer loop
     vertex  7.519215e+00 -8.695090e+00  9.800000e+00
     vertex  5.463714e+00 -7.832645e+00  9.800000e+00
     vertex  7.576120e+00 -8.882683e+00  9.800000e+00
   endloop
 endfacet
 facet normal  0.000000e+00  0.000000e+00  1.000000e+00
   outer loop
     vertex -8.695090e+00  7.519215e+00  9.800000e+00
     vertex -8.882683e+00  7.576120e+00  9.800000e+00
     vertex -8.003741e+00  5.209858e+00  9.800000e+00
   endloop
 endfacet
 facet normal  0.000000e+00  0.000000e+00  1.000000e+00
   outer loop
     vertex -8.695090e+00  7.519215e+00  9.800000e+00
     vertex -8.003741e+00  5.209858e+00  9.800000e+00
     vertex -7.653500e+00  5.711956e+00  9.800000e+00
   endloop
 endfacet
 facet normal  0.000000e+00  0.000000e+00  1.000000e+00
   outer loop
     vertex  8.304910e+00 -9.480785e+00  9.800000e+00
     vertex  8.117317e+00 -9.423880e+00  9.800000e+00
     vertex  8.645345e+00 -1.101172e+01  9.800000e+00
   endloop
 endfacet
 facet normal  0.000000e+00  0.000000e+00  1.000000e+00
   outer loop
     vertex -9.500000e+00  8.500000e+00  9.800000e+00
     vertex -1.077768e+01  8.935419e+00  9.800000e+00
     vertex -9.480785e+00  8.304910e+00  9.800000e+00
   endloop
 endfacet
 facet normal  0.000000e+00  0.000000e+00  1.000000e+00
   outer loop
     vertex  7.500000e+00 -8.500000e+00  9.800000e+00
     vertex  5.463714e+00 -7.832645e+00  9.800000e+00
     vertex  7.519215e+00 -8.695090e+00  9.800000e+00
   endloop
 endfacet
 facet normal  0.000000e+00  0.000000e+00  1.000000e+00
   outer loop
     vertex  7.500000e+00 -8.500000e+00  9.800000e+00
     vertex  5.954328e+00 -7.466491e+00  9.800000e+00
     vertex  5.463714e+00 -7.832645e+00  9.800000e+00
   endloop
 endfacet
 facet normal  0.000000e+00  0.000000e+00  1.000000e+00
   outer loop
     vertex -8.500000e+00  7.500000e+00  9.800000e+00
     vertex -8.695090e+00  7.519215e+00  9.800000e+00
     vertex -7.653500e+00  5.711956e+00  9.800000e+00
   endloop
 endfacet
 facet normal  0.000000e+00  0.000000e+00  1.000000e+00
   outer loop
     vertex  8.500000e+00 -9.500000e+00  9.800000e+00
     vertex  8.645345e+00 -1.101172e+01  9.800000e+00
     vertex  9.219159e+00 -1.053599e+01  9.800000e+00
   endloop
 endfacet
 facet normal  0.000000e+00  0.000000e+00  1.000000e+00
   outer loop
     vertex  8.500000e+00 -9.500000e+00  9.800000e+00
     vertex  8.304910e+00 -9.480785e+00  9.800000e+00
     vertex  8.645345e+00 -1.101172e+01  9.800000e+00
   endloop
 endfacet
 facet normal  0.000000e+00  0.000000e+00  1.000000e+00
   outer loop
     vertex -9.480785e+00  8.695090e+00  9.800000e+00
     vertex -1.028684e+01  9.496366e+00  9.800000e+00
     vertex -1.077768e+01  8.935419e+00  9.800000e+00
   endloop
 endfacet
 facet normal  0.000000e+00  0.000000e+00  1.000000e+00
   outer loop
     vertex -9.480785e+00  8.695090e+00  9.800000e+00
     vertex -1.077768e+01  8.935419e+00  9.800000e+00
     vertex -9.500000e+00  8.500000e+00  9.800000e+00
   endloop
 endfacet
 facet normal  0.000000e+00  0.000000e+00  1.000000e+00
   outer loop
     vertex  7.519215e+00 -8.304910e+00  9.800000e+00
     vertex  5.954328e+00 -7.466491e+00  9.800000e+00
     vertex  7.500000e+00 -8.500000e+00  9.800000e+00
   endloop
 endfacet
 facet normal  0.000000e+00  0.000000e+00  1.000000e+00
   outer loop
     vertex -8.304910e+00  7.519215e+00  9.800000e+00
     vertex -8.500000e+00  7.500000e+00  9.800000e+00
     vertex -7.653500e+00  5.711956e+00  9.800000e+00
   endloop
 endfacet
 facet normal  0.000000e+00  0.000000e+00  1.000000e+00
   outer loop
     vertex -8.304910e+00  7.519215e+00  9.800000e+00
     vertex -7.653500e+00  5.711956e+00  9.800000e+00
     vertex -7.271809e+00  6.190581e+00  9.800000e+00
   endloop
 endfacet
 facet normal  0.000000e+00  0.000000e+00  1.000000e+00
   outer loop
     vertex  8.695090e+00 -9.480785e+00  9.800000e+00
     vertex  8.500000e+00 -9.500000e+00  9.800000e+00
     vertex  9.219159e+00 -1.053599e+01  9.800000e+00
   endloop
 endfacet
 facet normal  0.000000e+00  0.000000e+00  1.000000e+00
   outer loop
     vertex -9.423880e+00  8.882683e+00  9.800000e+00
     vertex -1.028684e+01  9.496366e+00  9.800000e+00
     vertex -9.480785e+00  8.695090e+00  9.800000e+00
   endloop
 endfacet
 facet normal  0.000000e+00  0.000000e+00  1.000000e+00
   outer loop
     vertex  7.576120e+00 -8.117317e+00  9.800000e+00
     vertex  6.420474e+00 -7.069655e+00  9.800000e+00
     vertex  5.954328e+00 -7.466491e+00  9.800000e+00
   endloop
 endfacet
 facet normal  0.000000e+00  0.000000e+00  1.000000e+00
   outer loop
     vertex  7.576120e+00 -8.117317e+00  9.800000e+00
     vertex  5.954328e+00 -7.466491e+00  9.800000e+00
     vertex  7.519215e+00 -8.304910e+00  9.800000e+00
   endloop
 endfacet
 facet normal  0.000000e+00  0.000000e+00  1.000000e+00
   outer loop
     vertex -8.117317e+00  7.576120e+00  9.800000e+00
     vertex -8.304910e+00  7.519215e+00  9.800000e+00
     vertex -7.271809e+00  6.190581e+00  9.800000e+00
   endloop
 endfacet
 facet normal  0.000000e+00  0.000000e+00  1.000000e+00
   outer loop
     vertex  8.882683e+00 -9.423880e+00  9.800000e+00
     vertex  8.695090e+00 -9.480785e+00  9.800000e+00
     vertex  9.219159e+00 -1.053599e+01  9.800000e+00
   endloop
 endfacet
 facet normal  0.000000e+00  0.000000e+00  1.000000e+00
   outer loop
     vertex -9.331470e+00  9.055570e+00  9.800000e+00
     vertex -1.028684e+01  9.496366e+00  9.800000e+00
     vertex -9.423880e+00  8.882683e+00  9.800000e+00
   endloop
 endfacet
 facet normal  0.000000e+00  0.000000e+00  1.000000e+00
   outer loop
     vertex -7.944430e+00  7.668530e+00  9.800000e+00
     vertex -8.117317e+00  7.576120e+00  9.800000e+00
     vertex -7.271809e+00  6.190581e+00  9.800000e+00
   endloop
 endfacet
 facet normal  0.000000e+00  0.000000e+00  1.000000e+00
   outer loop
     vertex  7.668530e+00 -7.944430e+00  9.800000e+00
     vertex  6.420474e+00 -7.069655e+00  9.800000e+00
     vertex  7.576120e+00 -8.117317e+00  9.800000e+00
   endloop
 endfacet
 facet normal  0.000000e+00  0.000000e+00  1.000000e+00
   outer loop
     vertex  9.766841e+00 -1.003039e+01  9.800000e+00
     vertex  8.882683e+00 -9.423880e+00  9.800000e+00
     vertex  9.219159e+00 -1.053599e+01  9.800000e+00
   endloop
 endfacet
 facet normal  0.000000e+00  0.000000e+00  1.000000e+00
   outer loop
     vertex  9.766841e+00 -1.003039e+01  9.800000e+00
     vertex  9.055570e+00 -9.331470e+00  9.800000e+00
     vertex  8.882683e+00 -9.423880e+00  9.800000e+00
   endloop
 endfacet
 facet normal  0.000000e+00  0.000000e+00  1.000000e+00
   outer loop
     vertex -6.860236e+00  6.643768e+00  9.800000e+00
     vertex -7.944430e+00  7.668530e+00  9.800000e+00
     vertex -7.271809e+00  6.190581e+00  9.800000e+00
   endloop
 endfacet
 facet normal  0.000000e+00  0.000000e+00  1.000000e+00
   outer loop
     vertex -7.792893e+00  7.792893e+00  9.800000e+00
     vertex -7.944430e+00  7.668530e+00  9.800000e+00
     vertex -6.860236e+00  6.643768e+00  9.800000e+00
   endloop
 endfacet
 facet normal  0.000000e+00  0.000000e+00  1.000000e+00
   outer loop
     vertex  7.792893e+00 -7.792893e+00  9.800000e+00
     vertex  6.420474e+00 -7.069655e+00  9.800000e+00
     vertex  7.668530e+00 -7.944430e+00  9.800000e+00
   endloop
 endfacet
 facet normal  0.000000e+00  0.000000e+00  1.000000e+00
   outer loop
     vertex  9.207107e+00 -9.207107e+00  9.800000e+00
     vertex  9.055570e+00 -9.331470e+00  9.800000e+00
     vertex  9.766841e+00 -1.003039e+01  9.800000e+00
   endloop
 endfacet
 facet normal  0.000000e+00  0.000000e+00  1.000000e+00
   outer loop
     vertex  6.860236e+00 -6.643768e+00  9.800000e+00
     vertex  6.420474e+00 -7.069655e+00  9.800000e+00
     vertex  7.792893e+00 -7.792893e+00  9.800000e+00
   endloop
 endfacet
 facet normal  0.000000e+00  0.000000e+00  1.000000e+00
   outer loop
     vertex -9.766841e+00  1.003039e+01  9.800000e+00
     vertex -1.028684e+01  9.496366e+00  9.800000e+00
     vertex -9.331470e+00  9.055570e+00  9.800000e+00
   endloop
 endfacet
 facet normal  0.000000e+00  0.000000e+00  1.000000e+00
   outer loop
     vertex -9.766841e+00  1.003039e+01  9.800000e+00
     vertex -9.331470e+00  9.055570e+00  9.800000e+00
     vertex -9.207107e+00  9.207107e+00  9.800000e+00
   endloop
 endfacet
 facet normal  0.000000e+00  0.000000e+00  1.000000e+00
   outer loop
     vertex -9.055570e+00  9.331470e+00  9.800000e+00
     vertex -9.766841e+00  1.003039e+01  9.800000e+00
     vertex -9.207107e+00  9.207107e+00  9.800000e+00
   endloop
 endfacet
 facet normal  0.000000e+00  0.000000e+00  1.000000e+00
   outer loop
     vertex  7.944430e+00 -7.668530e+00  9.800000e+00
     vertex  6.860236e+00 -6.643768e+00  9.800000e+00
     vertex  7.792893e+00 -7.792893e+00  9.800000e+00
   endloop
 endfacet
 facet normal  0.000000e+00  0.000000e+00  1.000000e+00
   outer loop
     vertex  9.331470e+00 -9.055570e+00  9.800000e+00
     vertex  9.207107e+00 -9.207107e+00  9.800000e+00
     vertex  9.766841e+00 -1.003039e+01  9.800000e+00
   endloop
 endfacet
 facet normal  0.000000e+00  0.000000e+00  1.000000e+00
   outer loop
     vertex -8.882683e+00  9.423880e+00  9.800000e+00
     vertex -9.766841e+00  1.003039e+01  9.800000e+00
     vertex -9.055570e+00  9.331470e+00  9.800000e+00
   endloop
 endfacet
 facet normal  0.000000e+00  0.000000e+00  1.000000e+00
   outer loop
     vertex -6.420474e+00  7.069655e+00  9.800000e+00
     vertex -7.668530e+00  7.944430e+00  9.800000e+00
     vertex -7.792893e+00  7.792893e+00  9.800000e+00
   endloop
 endfacet
 facet normal  0.000000e+00  0.000000e+00  1.000000e+00
   outer loop
     vertex -6.420474e+00  7.069655e+00  9.800000e+00
     vertex -7.576120e+00  8.117317e+00  9.800000e+00
     vertex -7.668530e+00  7.944430e+00  9.800000e+00
   endloop
 endfacet
 facet normal  0.000000e+00  0.000000e+00  1.000000e+00
   outer loop
     vertex -6.420474e+00  7.069655e+00  9.800000e+00
     vertex -7.792893e+00  7.792893e+00  9.800000e+00
     vertex -6.860236e+00  6.643768e+00  9.800000e+00
   endloop
 endfacet
 facet normal  0.000000e+00  0.000000e+00  1.000000e+00
   outer loop
     vertex  1.028684e+01 -9.496366e+00  9.800000e+00
     vertex  9.331470e+00 -9.055570e+00  9.800000e+00
     vertex  9.766841e+00 -1.003039e+01  9.800000e+00
   endloop
 endfacet
 facet normal  0.000000e+00  0.000000e+00  1.000000e+00
   outer loop
     vertex  1.028684e+01 -9.496366e+00  9.800000e+00
     vertex  9.423880e+00 -8.882683e+00  9.800000e+00
     vertex  9.331470e+00 -9.055570e+00  9.800000e+00
   endloop
 endfacet
 facet normal  0.000000e+00  0.000000e+00  1.000000e+00
   outer loop
     vertex  1.028684e+01 -9.496366e+00  9.800000e+00
     vertex  9.480785e+00 -8.695090e+00  9.800000e+00
     vertex  9.423880e+00 -8.882683e+00  9.800000e+00
   endloop
 endfacet
 facet normal  0.000000e+00  0.000000e+00  1.000000e+00
   outer loop
     vertex  7.271809e+00 -6.190581e+00  9.800000e+00
     vertex  8.117317e+00 -7.576120e+00  9.800000e+00
     vertex  8.304910e+00 -7.519215e+00  9.800000e+00
   endloop
 endfacet
 facet normal  0.000000e+00  0.000000e+00  1.000000e+00
   outer loop
     vertex  7.271809e+00 -6.190581e+00  9.800000e+00
     vertex  7.944430e+00 -7.668530e+00  9.800000e+00
     vertex  8.117317e+00 -7.576120e+00  9.800000e+00
   endloop
 endfacet
 facet normal  0.000000e+00  0.000000e+00  1.000000e+00
   outer loop
     vertex  7.271809e+00 -6.190581e+00  9.800000e+00
     vertex  6.860236e+00 -6.643768e+00  9.800000e+00
     vertex  7.944430e+00 -7.668530e+00  9.800000e+00
   endloop
 endfacet
 facet normal  0.000000e+00  0.000000e+00  1.000000e+00
   outer loop
     vertex -9.219159e+00  1.053599e+01  9.800000e+00
     vertex -9.766841e+00  1.003039e+01  9.800000e+00
     vertex -8.882683e+00  9.423880e+00  9.800000e+00
   endloop
 endfacet
 facet normal  0.000000e+00  0.000000e+00  1.000000e+00
   outer loop
     vertex -9.219159e+00  1.053599e+01  9.800000e+00
     vertex -8.695090e+00  9.480785e+00  9.800000e+00
     vertex -8.500000e+00  9.500000e+00  9.800000e+00
   endloop
 endfacet
 facet normal  0.000000e+00  0.000000e+00  1.000000e+00
   outer loop
     vertex -9.219159e+00  1.053599e+01  9.800000e+00
     vertex -8.882683e+00  9.423880e+00  9.800000e+00
     vertex -8.695090e+00  9.480785e+00  9.800000e+00
   endloop
 endfacet
 facet normal  0.000000e+00  0.000000e+00  1.000000e+00
   outer loop
     vertex -5.954328e+00  7.466491e+00  9.800000e+00
     vertex -7.519215e+00  8.304910e+00  9.800000e+00
     vertex -7.576120e+00  8.117317e+00  9.800000e+00
   endloop
 endfacet
 facet normal  0.000000e+00  0.000000e+00  1.000000e+00
   outer loop
     vertex -5.954328e+00  7.466491e+00  9.800000e+00
     vertex -7.500000e+00  8.500000e+00  9.800000e+00
     vertex -7.519215e+00  8.304910e+00  9.800000e+00
   endloop
 endfacet
 facet normal  0.000000e+00  0.000000e+00  1.000000e+00
   outer loop
     vertex -5.954328e+00  7.466491e+00  9.800000e+00
     vertex -7.576120e+00  8.117317e+00  9.800000e+00
     vertex -6.420474e+00  7.069655e+00  9.800000e+00
   endloop
 endfacet
 facet normal  0.000000e+00  0.000000e+00  1.000000e+00
   outer loop
     vertex  1.077768e+01 -8.935419e+00  9.800000e+00
     vertex  9.480785e+00 -8.695090e+00  9.800000e+00
     vertex  1.028684e+01 -9.496366e+00  9.800000e+00
   endloop
 endfacet
 facet normal  0.000000e+00  0.000000e+00  1.000000e+00
   outer loop
     vertex  1.077768e+01 -8.935419e+00  9.800000e+00
     vertex  9.480785e+00 -8.304910e+00  9.800000e+00
     vertex  9.500000e+00 -8.500000e+00  9.800000e+00
   endloop
 endfacet
 facet normal  0.000000e+00  0.000000e+00  1.000000e+00
   outer loop
     vertex  1.077768e+01 -8.935419e+00  9.800000e+00
     vertex  9.500000e+00 -8.500000e+00  9.800000e+00
     vertex  9.480785e+00 -8.695090e+00  9.800000e+00
   endloop
 endfacet
 facet normal  0.000000e+00  0.000000e+00  1.000000e+00
   outer loop
     vertex  7.653500e+00 -5.711956e+00  9.800000e+00
     vertex  7.271809e+00 -6.190581e+00  9.800000e+00
     vertex  8.304910e+00 -7.519215e+00  9.800000e+00
   endloop
 endfacet
 facet normal  0.000000e+00  0.000000e+00  1.000000e+00
   outer loop
     vertex  7.653500e+00 -5.711956e+00  9.800000e+00
     vertex  8.500000e+00 -7.500000e+00  9.800000e+00
     vertex  8.695090e+00 -7.519215e+00  9.800000e+00
   endloop
 endfacet
 facet normal  0.000000e+00  0.000000e+00  1.000000e+00
   outer loop
     vertex  7.653500e+00 -5.711956e+00  9.800000e+00
     vertex  8.304910e+00 -7.519215e+00  9.800000e+00
     vertex  8.500000e+00 -7.500000e+00  9.800000e+00
   endloop
 endfacet
 facet normal  0.000000e+00  0.000000e+00  1.000000e+00
   outer loop
     vertex -8.645345e+00  1.101172e+01  9.800000e+00
     vertex -9.219159e+00  1.053599e+01  9.800000e+00
     vertex -8.500000e+00  9.500000e+00  9.800000e+00
   endloop
 endfacet
 facet normal  0.000000e+00  0.000000e+00  1.000000e+00
   outer loop
     vertex -8.645345e+00  1.101172e+01  9.800000e+00
     vertex -8.304910e+00  9.480785e+00  9.800000e+00
     vertex -8.117317e+00  9.423880e+00  9.800000e+00
   endloop
 endfacet
 facet normal  0.000000e+00  0.000000e+00  1.000000e+00
   outer loop
     vertex -8.645345e+00  1.101172e+01  9.800000e+00
     vertex -8.500000e+00  9.500000e+00  9.800000e+00
     vertex -8.304910e+00  9.480785e+00  9.800000e+00
   endloop
 endfacet
 facet normal  0.000000e+00  0.000000e+00  1.000000e+00
   outer loop
     vertex -5.463714e+00  7.832645e+00  9.800000e+00
     vertex -7.500000e+00  8.500000e+00  9.800000e+00
     vertex -5.954328e+00  7.466491e+00  9.800000e+00
   endloop
 endfacet
 facet normal  0.000000e+00  0.000000e+00  1.000000e+00
   outer loop
     vertex -5.463714e+00  7.832645e+00  9.800000e+00
     vertex -7.519215e+00  8.695090e+00  9.800000e+00
     vertex -7.500000e+00  8.500000e+00  9.800000e+00
   endloop
 endfacet
 facet normal  0.000000e+00  0.000000e+00  1.000000e+00
   outer loop
     vertex -5.463714e+00  7.832645e+00  9.800000e+00
     vertex -7.576120e+00  8.882683e+00  9.800000e+00
     vertex -7.519215e+00  8.695090e+00  9.800000e+00
   endloop
 endfacet
 facet normal  0.000000e+00  0.000000e+00  1.000000e+00
   outer loop
     vertex  8.003741e+00 -5.209858e+00  9.800000e+00
     vertex  8.695090e+00 -7.519215e+00  9.800000e+00
     vertex  8.882683e+00 -7.576120e+00  9.800000e+00
   endloop
 endfacet
 facet normal  0.000000e+00  0.000000e+00  1.000000e+00
   outer loop
     vertex  8.003741e+00 -5.209858e+00  9.800000e+00
     vertex  7.653500e+00 -5.711956e+00  9.800000e+00
     vertex  8.695090e+00 -7.519215e+00  9.800000e+00
   endloop
 endfacet
 facet normal  0.000000e+00  0.000000e+00  1.000000e+00
   outer loop
     vertex  1.123796e+01 -8.349143e+00  9.800000e+00
     vertex  9.480785e+00 -8.304910e+00  9.800000e+00
     vertex  1.077768e+01 -8.935419e+00  9.800000e+00
   endloop
 endfacet
 facet normal  0.000000e+00  0.000000e+00  1.000000e+00
   outer loop
     vertex  1.123796e+01 -8.349143e+00  9.800000e+00
     vertex  9.423880e+00 -8.117317e+00  9.800000e+00
     vertex  9.480785e+00 -8.304910e+00  9.800000e+00
   endloop
 endfacet
 facet normal  0.000000e+00  0.000000e+00  1.000000e+00
   outer loop
     vertex  1.123796e+01 -8.349143e+00  9.800000e+00
     vertex  9.331470e+00 -7.944430e+00  9.800000e+00
     vertex  9.423880e+00 -8.117317e+00  9.800000e+00
   endloop
 endfacet
 facet normal  0.000000e+00  0.000000e+00  1.000000e+00
   outer loop
     vertex -4.950649e+00  8.166613e+00  9.800000e+00
     vertex -7.576120e+00  8.882683e+00  9.800000e+00
     vertex -5.463714e+00  7.832645e+00  9.800000e+00
   endloop
 endfacet
 facet normal  0.000000e+00  0.000000e+00  1.000000e+00
   outer loop
     vertex -4.950649e+00  8.166613e+00  9.800000e+00
     vertex -7.668530e+00  9.055570e+00  9.800000e+00
     vertex -7.576120e+00  8.882683e+00  9.800000e+00
   endloop
 endfacet
 facet normal  0.000000e+00  0.000000e+00  1.000000e+00
   outer loop
     vertex -8.047024e+00  1.145624e+01  9.800000e+00
     vertex -8.645345e+00  1.101172e+01  9.800000e+00
     vertex -8.117317e+00  9.423880e+00  9.800000e+00
   endloop
 endfacet
 facet normal  0.000000e+00  0.000000e+00  1.000000e+00
   outer loop
     vertex -8.047024e+00  1.145624e+01  9.800000e+00
     vertex -8.117317e+00  9.423880e+00  9.800000e+00
     vertex -7.944430e+00  9.331470e+00  9.800000e+00
   endloop
 endfacet
 facet normal  0.000000e+00  0.000000e+00  1.000000e+00
   outer loop
     vertex  8.321094e+00 -4.686353e+00  9.800000e+00
     vertex  8.882683e+00 -7.576120e+00  9.800000e+00
     vertex  9.055570e+00 -7.668530e+00  9.800000e+00
   endloop
 endfacet
 facet normal  0.000000e+00  0.000000e+00  1.000000e+00
   outer loop
     vertex  8.321094e+00 -4.686353e+00  9.800000e+00
     vertex  8.003741e+00 -5.209858e+00  9.800000e+00
     vertex  8.882683e+00 -7.576120e+00  9.800000e+00
   endloop
 endfacet
 facet normal  0.000000e+00  0.000000e+00  1.000000e+00
   outer loop
     vertex  1.166639e+01 -7.739201e+00  9.800000e+00
     vertex  9.331470e+00 -7.944430e+00  9.800000e+00
     vertex  1.123796e+01 -8.349143e+00  9.800000e+00
   endloop
 endfacet
 facet normal  0.000000e+00  0.000000e+00  1.000000e+00
   outer loop
     vertex  1.166639e+01 -7.739201e+00  9.800000e+00
     vertex  9.207107e+00 -7.792893e+00  9.800000e+00
     vertex  9.331470e+00 -7.944430e+00  9.800000e+00
   endloop
 endfacet
 facet normal  0.000000e+00  0.000000e+00  1.000000e+00
   outer loop
     vertex -7.425893e+00  1.186828e+01  9.800000e+00
     vertex -8.047024e+00  1.145624e+01  9.800000e+00
     vertex -7.944430e+00  9.331470e+00  9.800000e+00
   endloop
 endfacet
 facet normal  0.000000e+00  0.000000e+00  1.000000e+00
   outer loop
     vertex -7.425893e+00  1.186828e+01  9.800000e+00
     vertex -7.792893e+00  9.207107e+00  9.800000e+00
     vertex -7.668530e+00  9.055570e+00  9.800000e+00
   endloop
 endfacet
 facet normal  0.000000e+00  0.000000e+00  1.000000e+00
   outer loop
     vertex -7.425893e+00  1.186828e+01  9.800000e+00
     vertex -7.944430e+00  9.331470e+00  9.800000e+00
     vertex -7.792893e+00  9.207107e+00  9.800000e+00
   endloop
 endfacet
 facet normal  0.000000e+00  0.000000e+00  1.000000e+00
   outer loop
     vertex  1.206176e+01 -7.107321e+00  9.800000e+00
     vertex  9.055570e+00 -7.668530e+00  9.800000e+00
     vertex  9.207107e+00 -7.792893e+00  9.800000e+00
   endloop
 endfacet
 facet normal  0.000000e+00  0.000000e+00  1.000000e+00
   outer loop
     vertex  1.206176e+01 -7.107321e+00  9.800000e+00
     vertex  9.207107e+00 -7.792893e+00  9.800000e+00
     vertex  1.166639e+01 -7.739201e+00  9.800000e+00
   endloop
 endfacet
 facet normal  0.000000e+00  0.000000e+00  1.000000e+00
   outer loop
     vertex  1.206176e+01 -7.107321e+00  9.800000e+00
     vertex  8.321094e+00 -4.686353e+00  9.800000e+00
     vertex  9.055570e+00 -7.668530e+00  9.800000e+00
   endloop
 endfacet
 facet normal  0.000000e+00  0.000000e+00  1.000000e+00
   outer loop
     vertex -6.783712e+00  1.224668e+01  9.800000e+00
     vertex -7.668530e+00  9.055570e+00  9.800000e+00
     vertex -4.950649e+00  8.166613e+00  9.800000e+00
   endloop
 endfacet
 facet normal  0.000000e+00  0.000000e+00  1.000000e+00
   outer loop
     vertex -6.783712e+00  1.224668e+01  9.800000e+00
     vertex -4.950649e+00  8.166613e+00  9.800000e+00
     vertex -4.417241e+00  8.467023e+00  9.800000e+00
   endloop
 endfacet
 facet normal  0.000000e+00  0.000000e+00  1.000000e+00
   outer loop
     vertex -6.783712e+00  1.224668e+01  9.800000e+00
     vertex -7.425893e+00  1.186828e+01  9.800000e+00
     vertex -7.668530e+00  9.055570e+00  9.800000e+00
   endloop
 endfacet
 facet normal  0.000000e+00  0.000000e+00  1.000000e+00
   outer loop
     vertex  1.242293e+01 -6.455295e+00  9.800000e+00
     vertex  8.604253e+00 -4.143590e+00  9.800000e+00
     vertex  8.321094e+00 -4.686353e+00  9.800000e+00
   endloop
 endfacet
 facet normal  0.000000e+00  0.000000e+00  1.000000e+00
   outer loop
     vertex  1.242293e+01 -6.455295e+00  9.800000e+00
     vertex  8.321094e+00 -4.686353e+00  9.800000e+00
     vertex  1.206176e+01 -7.107321e+00  9.800000e+00
   endloop
 endfacet
 facet normal  0.000000e+00  0.000000e+00  1.000000e+00
   outer loop
     vertex -6.122302e+00  1.259037e+01  9.800000e+00
     vertex -4.417241e+00  8.467023e+00  9.800000e+00
     vertex -3.865681e+00  8.732641e+00  9.800000e+00
   endloop
 endfacet
 facet normal  0.000000e+00  0.000000e+00  1.000000e+00
   outer loop
     vertex -6.122302e+00  1.259037e+01  9.800000e+00
     vertex -6.783712e+00  1.224668e+01  9.800000e+00
     vertex -4.417241e+00  8.467023e+00  9.800000e+00
   endloop
 endfacet
 facet normal  0.000000e+00  0.000000e+00  1.000000e+00
   outer loop
     vertex  1.274889e+01 -5.784971e+00  9.800000e+00
     vertex  8.852055e+00 -3.583800e+00  9.800000e+00
     vertex  8.604253e+00 -4.143590e+00  9.800000e+00
   endloop
 endfacet
 facet normal  0.000000e+00  0.000000e+00  1.000000e+00
   outer loop
     vertex  1.274889e+01 -5.784971e+00  9.800000e+00
     vertex  8.604253e+00 -4.143590e+00  9.800000e+00
     vertex  1.242293e+01 -6.455295e+00  9.800000e+00
   endloop
 endfacet
 facet normal  0.000000e+00  0.000000e+00  1.000000e+00
   outer loop
     vertex -5.443538e+00  1.289837e+01  9.800000e+00
     vertex -3.865681e+00  8.732641e+00  9.800000e+00
     vertex -3.298236e+00  8.962373e+00  9.800000e+00
   endloop
 endfacet
 facet normal  0.000000e+00  0.000000e+00  1.000000e+00
   outer loop
     vertex -5.443538e+00  1.289837e+01  9.800000e+00
     vertex -6.122302e+00  1.259037e+01  9.800000e+00
     vertex -3.865681e+00  8.732641e+00  9.800000e+00
   endloop
 endfacet
 facet normal  0.000000e+00  0.000000e+00  1.000000e+00
   outer loop
     vertex  1.303871e+01 -5.098248e+00  9.800000e+00
     vertex  9.063482e+00 -3.009283e+00  9.800000e+00
     vertex  8.852055e+00 -3.583800e+00  9.800000e+00
   endloop
 endfacet
 facet normal  0.000000e+00  0.000000e+00  1.000000e+00
   outer loop
     vertex  1.303871e+01 -5.098248e+00  9.800000e+00
     vertex  8.852055e+00 -3.583800e+00  9.800000e+00
     vertex  1.274889e+01 -5.784971e+00  9.800000e+00
   endloop
 endfacet
 facet normal  0.000000e+00  0.000000e+00  1.000000e+00
   outer loop
     vertex -4.749344e+00  1.316980e+01  9.800000e+00
     vertex -5.443538e+00  1.289837e+01  9.800000e+00
     vertex -3.298236e+00  8.962373e+00  9.800000e+00
   endloop
 endfacet
 facet normal  0.000000e+00  0.000000e+00  1.000000e+00
   outer loop
     vertex -4.749344e+00  1.316980e+01  9.800000e+00
     vertex -3.298236e+00  8.962373e+00  9.800000e+00
     vertex -2.717238e+00  9.155278e+00  9.800000e+00
   endloop
 endfacet
 facet normal  0.000000e+00  0.000000e+00  1.000000e+00
   outer loop
     vertex  1.329157e+01 -4.397074e+00  9.800000e+00
     vertex  9.063482e+00 -3.009283e+00  9.800000e+00
     vertex  1.303871e+01 -5.098248e+00  9.800000e+00
   endloop
 endfacet
 facet normal  0.000000e+00  0.000000e+00  1.000000e+00
   outer loop
     vertex -4.041687e+00  1.340391e+01  9.800000e+00
     vertex -4.749344e+00  1.316980e+01  9.800000e+00
     vertex -2.717238e+00  9.155278e+00  9.800000e+00
   endloop
 endfacet
 facet normal  0.000000e+00  0.000000e+00  1.000000e+00
   outer loop
     vertex  1.350675e+01 -3.683436e+00  9.800000e+00
     vertex  9.063482e+00 -3.009283e+00  9.800000e+00
     vertex  1.329157e+01 -4.397074e+00  9.800000e+00
   endloop
 endfacet
 facet normal  0.000000e+00  0.000000e+00  1.000000e+00
   outer loop
     vertex  1.350675e+01 -3.683436e+00  9.800000e+00
     vertex  9.237666e+00 -2.422401e+00  9.800000e+00
     vertex  9.063482e+00 -3.009283e+00  9.800000e+00
   endloop
 endfacet
 facet normal  0.000000e+00  0.000000e+00  1.000000e+00
   outer loop
     vertex -3.322574e+00  1.360002e+01  9.800000e+00
     vertex -4.041687e+00  1.340391e+01  9.800000e+00
     vertex -2.717238e+00  9.155278e+00  9.800000e+00
   endloop
 endfacet
 facet normal  0.000000e+00  0.000000e+00  1.000000e+00
   outer loop
     vertex -3.322574e+00  1.360002e+01  9.800000e+00
     vertex -2.717238e+00  9.155278e+00  9.800000e+00
     vertex -2.125075e+00  9.310562e+00  9.800000e+00
   endloop
 endfacet
 facet normal  0.000000e+00  0.000000e+00  1.000000e+00
   outer loop
     vertex  1.368365e+01 -2.959357e+00  9.800000e+00
     vertex  9.237666e+00 -2.422401e+00  9.800000e+00
     vertex  1.350675e+01 -3.683436e+00  9.800000e+00
   endloop
 endfacet
 facet normal  0.000000e+00  0.000000e+00  1.000000e+00
   outer loop
     vertex  1.368365e+01 -2.959357e+00  9.800000e+00
     vertex  9.373890e+00 -1.825565e+00  9.800000e+00
     vertex  9.237666e+00 -2.422401e+00  9.800000e+00
   endloop
 endfacet
 facet normal  0.000000e+00  0.000000e+00  1.000000e+00
   outer loop
     vertex -2.594042e+00  1.375758e+01  9.800000e+00
     vertex -3.322574e+00  1.360002e+01  9.800000e+00
     vertex -2.125075e+00  9.310562e+00  9.800000e+00
   endloop
 endfacet
 facet normal  0.000000e+00  0.000000e+00  1.000000e+00
   outer loop
     vertex -2.594042e+00  1.375758e+01  9.800000e+00
     vertex -2.125075e+00  9.310562e+00  9.800000e+00
     vertex -1.524179e+00  9.427586e+00  9.800000e+00
   endloop
 endfacet
 facet normal  0.000000e+00  0.000000e+00  1.000000e+00
   outer loop
     vertex  1.382176e+01 -2.226889e+00  9.800000e+00
     vertex  9.373890e+00 -1.825565e+00  9.800000e+00
     vertex  1.368365e+01 -2.959357e+00  9.800000e+00
   endloop
 endfacet
 facet normal  0.000000e+00  0.000000e+00  1.000000e+00
   outer loop
     vertex  1.382176e+01 -2.226889e+00  9.800000e+00
     vertex  9.471595e+00 -1.221227e+00  9.800000e+00
     vertex  9.373890e+00 -1.825565e+00  9.800000e+00
   endloop
 endfacet
 facet normal  0.000000e+00  0.000000e+00  1.000000e+00
   outer loop
     vertex -1.858157e+00  1.387614e+01  9.800000e+00
     vertex -2.594042e+00  1.375758e+01  9.800000e+00
     vertex -1.524179e+00  9.427586e+00  9.800000e+00
   endloop
 endfacet
 facet normal  0.000000e+00  0.000000e+00  1.000000e+00
   outer loop
     vertex -1.858157e+00  1.387614e+01  9.800000e+00
     vertex -1.524179e+00  9.427586e+00  9.800000e+00
     vertex -9.170199e-01  9.505871e+00  9.800000e+00
   endloop
 endfacet
 facet normal  0.000000e+00  0.000000e+00  1.000000e+00
   outer loop
     vertex  1.392069e+01 -1.488109e+00  9.800000e+00
     vertex  9.530379e+00 -6.118706e-01  9.800000e+00
     vertex  9.471595e+00 -1.221227e+00  9.800000e+00
   endloop
 endfacet
 facet normal  0.000000e+00  0.000000e+00  1.000000e+00
   outer loop
     vertex  1.392069e+01 -1.488109e+00  9.800000e+00
     vertex  9.471595e+00 -1.221227e+00  9.800000e+00
     vertex  1.382176e+01 -2.226889e+00  9.800000e+00
   endloop
 endfacet
 facet normal  0.000000e+00  0.000000e+00  1.000000e+00
   outer loop
     vertex -1.117005e+00  1.395537e+01  9.800000e+00
     vertex -1.858157e+00  1.387614e+01  9.800000e+00
     vertex -9.170199e-01  9.505871e+00  9.800000e+00
   endloop
 endfacet
 facet normal  0.000000e+00  0.000000e+00  1.000000e+00
   outer loop
     vertex -1.117005e+00  1.395537e+01  9.800000e+00
     vertex -9.170199e-01  9.505871e+00  9.800000e+00
     vertex -3.060926e-01  9.545093e+00  9.800000e+00
   endloop
 endfacet
 facet normal  0.000000e+00  0.000000e+00  1.000000e+00
   outer loop
     vertex  1.398016e+01 -7.451104e-01  9.800000e+00
     vertex  9.550000e+00 -2.339075e-15  9.800000e+00
     vertex  9.530379e+00 -6.118706e-01  9.800000e+00
   endloop
 endfacet
 facet normal  0.000000e+00  0.000000e+00  1.000000e+00
   outer loop
     vertex  1.398016e+01 -7.451104e-01  9.800000e+00
     vertex  9.530379e+00 -6.118706e-01  9.800000e+00
     vertex  1.392069e+01 -1.488109e+00  9.800000e+00
   endloop
 endfacet
 facet normal  0.000000e+00  0.000000e+00  1.000000e+00
   outer loop
     vertex -3.726873e-01  1.399504e+01  9.800000e+00
     vertex -1.117005e+00  1.395537e+01  9.800000e+00
     vertex -3.060926e-01  9.545093e+00  9.800000e+00
   endloop
 endfacet
 facet normal  0.000000e+00  0.000000e+00  1.000000e+00
   outer loop
     vertex  1.400000e+01 -3.429011e-15  9.800000e+00
     vertex  9.550000e+00 -2.339075e-15  9.800000e+00
     vertex  1.398016e+01 -7.451104e-01  9.800000e+00
   endloop
 endfacet
 facet normal  0.000000e+00  0.000000e+00  1.000000e+00
   outer loop
     vertex  3.726873e-01  1.399504e+01  9.800000e+00
     vertex -3.726873e-01  1.399504e+01  9.800000e+00
     vertex -3.060926e-01  9.545093e+00  9.800000e+00
   endloop
 endfacet
 facet normal  0.000000e+00  0.000000e+00  1.000000e+00
   outer loop
     vertex  3.726873e-01  1.399504e+01  9.800000e+00
     vertex -3.060926e-01  9.545093e+00  9.800000e+00
     vertex  3.060926e-01  9.545093e+00  9.800000e+00
   endloop
 endfacet
 facet normal  0.000000e+00  0.000000e+00  1.000000e+00
   outer loop
     vertex  1.398016e+01  7.451104e-01  9.800000e+00
     vertex  9.530379e+00  6.118706e-01  9.800000e+00
     vertex  9.550000e+00 -2.339075e-15  9.800000e+00
   endloop
 endfacet
 facet normal  0.000000e+00  0.000000e+00  1.000000e+00
   outer loop
     vertex  1.398016e+01  7.451104e-01  9.800000e+00
     vertex  9.550000e+00 -2.339075e-15  9.800000e+00
     vertex  1.400000e+01 -3.429011e-15  9.800000e+00
   endloop
 endfacet
 facet normal  0.000000e+00  0.000000e+00  1.000000e+00
   outer loop
     vertex  1.117005e+00  1.395537e+01  9.800000e+00
     vertex  3.726873e-01  1.399504e+01  9.800000e+00
     vertex  3.060926e-01  9.545093e+00  9.800000e+00
   endloop
 endfacet
 facet normal  0.000000e+00  0.000000e+00  1.000000e+00
   outer loop
     vertex  1.117005e+00  1.395537e+01  9.800000e+00
     vertex  3.060926e-01  9.545093e+00  9.800000e+00
     vertex  9.170199e-01  9.505871e+00  9.800000e+00
   endloop
 endfacet
 facet normal  0.000000e+00  0.000000e+00  1.000000e+00
   outer loop
     vertex  1.392069e+01  1.488109e+00  9.800000e+00
     vertex  9.530379e+00  6.118706e-01  9.800000e+00
     vertex  1.398016e+01  7.451104e-01  9.800000e+00
   endloop
 endfacet
 facet normal  0.000000e+00  0.000000e+00  1.000000e+00
   outer loop
     vertex  1.392069e+01  1.488109e+00  9.800000e+00
     vertex  9.471595e+00  1.221227e+00  9.800000e+00
     vertex  9.530379e+00  6.118706e-01  9.800000e+00
   endloop
 endfacet
 facet normal  0.000000e+00  0.000000e+00  1.000000e+00
   outer loop
     vertex  7.792893e+00  7.792893e+00  9.800000e+00
     vertex  6.420474e+00  7.069655e+00  9.800000e+00
     vertex  6.860236e+00  6.643768e+00  9.800000e+00
   endloop
 endfacet
 facet normal  0.000000e+00  0.000000e+00  1.000000e+00
   outer loop
     vertex  7.944430e+00  7.668530e+00  9.800000e+00
     vertex  6.860236e+00  6.643768e+00  9.800000e+00
     vertex  7.271809e+00  6.190581e+00  9.800000e+00
   endloop
 endfacet
 facet normal  0.000000e+00  0.000000e+00  1.000000e+00
   outer loop
     vertex  7.944430e+00  7.668530e+00  9.800000e+00
     vertex  7.792893e+00  7.792893e+00  9.800000e+00
     vertex  6.860236e+00  6.643768e+00  9.800000e+00
   endloop
 endfacet
 facet normal  0.000000e+00  0.000000e+00  1.000000e+00
   outer loop
     vertex  7.668530e+00  7.944430e+00  9.800000e+00
     vertex  6.420474e+00  7.069655e+00  9.800000e+00
     vertex  7.792893e+00  7.792893e+00  9.800000e+00
   endloop
 endfacet
 facet normal  0.000000e+00  0.000000e+00  1.000000e+00
   outer loop
     vertex  8.117317e+00  7.576120e+00  9.800000e+00
     vertex  7.944430e+00  7.668530e+00  9.800000e+00
     vertex  7.271809e+00  6.190581e+00  9.800000e+00
   endloop
 endfacet
 facet normal  0.000000e+00  0.000000e+00  1.000000e+00
   outer loop
     vertex  7.576120e+00  8.117317e+00  9.800000e+00
     vertex  6.420474e+00  7.069655e+00  9.800000e+00
     vertex  7.668530e+00  7.944430e+00  9.800000e+00
   endloop
 endfacet
 facet normal  0.000000e+00  0.000000e+00  1.000000e+00
   outer loop
     vertex  7.576120e+00  8.117317e+00  9.800000e+00
     vertex  5.954328e+00  7.466491e+00  9.800000e+00
     vertex  6.420474e+00  7.069655e+00  9.800000e+00
   endloop
 endfacet
 facet normal  0.000000e+00  0.000000e+00  1.000000e+00
   outer loop
     vertex  1.858157e+00  1.387614e+01  9.800000e+00
     vertex  1.117005e+00  1.395537e+01  9.800000e+00
     vertex  9.170199e-01  9.505871e+00  9.800000e+00
   endloop
 endfacet
 facet normal  0.000000e+00  0.000000e+00  1.000000e+00
   outer loop
     vertex  1.858157e+00  1.387614e+01  9.800000e+00
     vertex  9.170199e-01  9.505871e+00  9.800000e+00
     vertex  1.524179e+00  9.427586e+00  9.800000e+00
   endloop
 endfacet
 facet normal  0.000000e+00  0.000000e+00  1.000000e+00
   outer loop
     vertex  7.519215e+00  8.304910e+00  9.800000e+00
     vertex  5.954328e+00  7.466491e+00  9.800000e+00
     vertex  7.576120e+00  8.117317e+00  9.800000e+00
   endloop
 endfacet
 facet normal  0.000000e+00  0.000000e+00  1.000000e+00
   outer loop
     vertex  8.304910e+00  7.519215e+00  9.800000e+00
     vertex  7.271809e+00  6.190581e+00  9.800000e+00
     vertex  7.653500e+00  5.711956e+00  9.800000e+00
   endloop
 endfacet
 facet normal  0.000000e+00  0.000000e+00  1.000000e+00
   outer loop
     vertex  8.304910e+00  7.519215e+00  9.800000e+00
     vertex  8.117317e+00  7.576120e+00  9.800000e+00
     vertex  7.271809e+00  6.190581e+00  9.800000e+00
   endloop
 endfacet
 facet normal  0.000000e+00  0.000000e+00  1.000000e+00
   outer loop
     vertex  8.500000e+00  7.500000e+00  9.800000e+00
     vertex  8.304910e+00  7.519215e+00  9.800000e+00
     vertex  7.653500e+00  5.711956e+00  9.800000e+00
   endloop
 endfacet
 facet normal  0.000000e+00  0.000000e+00  1.000000e+00
   outer loop
     vertex  7.500000e+00  8.500000e+00  9.800000e+00
     vertex  5.954328e+00  7.466491e+00  9.800000e+00
     vertex  7.519215e+00  8.304910e+00  9.800000e+00
   endloop
 endfacet
 facet normal  0.000000e+00  0.000000e+00  1.000000e+00
   outer loop
     vertex  7.500000e+00  8.500000e+00  9.800000e+00
     vertex  5.463714e+00  7.832645e+00  9.800000e+00
     vertex  5.954328e+00  7.466491e+00  9.800000e+00
   endloop
 endfacet
 facet normal  0.000000e+00  0.000000e+00  1.000000e+00
   outer loop
     vertex  1.382176e+01  2.226889e+00  9.800000e+00
     vertex  9.373890e+00  1.825565e+00  9.800000e+00
     vertex  9.471595e+00  1.221227e+00  9.800000e+00
   endloop
 endfacet
 facet normal  0.000000e+00  0.000000e+00  1.000000e+00
   outer loop
     vertex  1.382176e+01  2.226889e+00  9.800000e+00
     vertex  9.471595e+00  1.221227e+00  9.800000e+00
     vertex  1.392069e+01  1.488109e+00  9.800000e+00
   endloop
 endfacet
 facet normal  0.000000e+00  0.000000e+00  1.000000e+00
   outer loop
     vertex  7.519215e+00  8.695090e+00  9.800000e+00
     vertex  5.463714e+00  7.832645e+00  9.800000e+00
     vertex  7.500000e+00  8.500000e+00  9.800000e+00
   endloop
 endfacet
 facet normal  0.000000e+00  0.000000e+00  1.000000e+00
   outer loop
     vertex  8.695090e+00  7.519215e+00  9.800000e+00
     vertex  8.500000e+00  7.500000e+00  9.800000e+00
     vertex  7.653500e+00  5.711956e+00  9.800000e+00
   endloop
 endfacet
 facet normal  0.000000e+00  0.000000e+00  1.000000e+00
   outer loop
     vertex  8.695090e+00  7.519215e+00  9.800000e+00
     vertex  7.653500e+00  5.711956e+00  9.800000e+00
     vertex  8.003741e+00  5.209858e+00  9.800000e+00
   endloop
 endfacet
 facet normal  0.000000e+00  0.000000e+00  1.000000e+00
   outer loop
     vertex  2.594042e+00  1.375758e+01  9.800000e+00
     vertex  1.858157e+00  1.387614e+01  9.800000e+00
     vertex  1.524179e+00  9.427586e+00  9.800000e+00
   endloop
 endfacet
 facet normal  0.000000e+00  0.000000e+00  1.000000e+00
   outer loop
     vertex  2.594042e+00  1.375758e+01  9.800000e+00
     vertex  1.524179e+00  9.427586e+00  9.800000e+00
     vertex  2.125075e+00  9.310562e+00  9.800000e+00
   endloop
 endfacet
 facet normal  0.000000e+00  0.000000e+00  1.000000e+00
   outer loop
     vertex  8.882683e+00  7.576120e+00  9.800000e+00
     vertex  8.695090e+00  7.519215e+00  9.800000e+00
     vertex  8.003741e+00  5.209858e+00  9.800000e+00
   endloop
 endfacet
 facet normal  0.000000e+00  0.000000e+00  1.000000e+00
   outer loop
     vertex  8.882683e+00  7.576120e+00  9.800000e+00
     vertex  8.003741e+00  5.209858e+00  9.800000e+00
     vertex  8.321094e+00  4.686353e+00  9.800000e+00
   endloop
 endfacet
 facet normal  0.000000e+00  0.000000e+00  1.000000e+00
   outer loop
     vertex  7.576120e+00  8.882683e+00  9.800000e+00
     vertex  5.463714e+00  7.832645e+00  9.800000e+00
     vertex  7.519215e+00  8.695090e+00  9.800000e+00
   endloop
 endfacet
 facet normal  0.000000e+00  0.000000e+00  1.000000e+00
   outer loop
     vertex  7.576120e+00  8.882683e+00  9.800000e+00
     vertex  4.950649e+00  8.166613e+00  9.800000e+00
     vertex  5.463714e+00  7.832645e+00  9.800000e+00
   endloop
 endfacet
 facet normal  0.000000e+00  0.000000e+00  1.000000e+00
   outer loop
     vertex  1.368365e+01  2.959357e+00  9.800000e+00
     vertex  9.237666e+00  2.422401e+00  9.800000e+00
     vertex  9.373890e+00  1.825565e+00  9.800000e+00
   endloop
 endfacet
 facet normal  0.000000e+00  0.000000e+00  1.000000e+00
   outer loop
     vertex  1.368365e+01  2.959357e+00  9.800000e+00
     vertex  9.373890e+00  1.825565e+00  9.800000e+00
     vertex  1.382176e+01  2.226889e+00  9.800000e+00
   endloop
 endfacet
 facet normal  0.000000e+00  0.000000e+00  1.000000e+00
   outer loop
     vertex  7.668530e+00  9.055570e+00  9.800000e+00
     vertex  4.950649e+00  8.166613e+00  9.800000e+00
     vertex  7.576120e+00  8.882683e+00  9.800000e+00
   endloop
 endfacet
 facet normal  0.000000e+00  0.000000e+00  1.000000e+00
   outer loop
     vertex  9.055570e+00  7.668530e+00  9.800000e+00
     vertex  8.882683e+00  7.576120e+00  9.800000e+00
     vertex  8.321094e+00  4.686353e+00  9.800000e+00
   endloop
 endfacet
 facet normal  0.000000e+00  0.000000e+00  1.000000e+00
   outer loop
     vertex  3.322574e+00  1.360002e+01  9.800000e+00
     vertex  2.594042e+00  1.375758e+01  9.800000e+00
     vertex  2.125075e+00  9.310562e+00  9.800000e+00
   endloop
 endfacet
 facet normal  0.000000e+00  0.000000e+00  1.000000e+00
   outer loop
     vertex  3.322574e+00  1.360002e+01  9.800000e+00
     vertex  2.125075e+00  9.310562e+00  9.800000e+00
     vertex  2.717238e+00  9.155278e+00  9.800000e+00
   endloop
 endfacet
 facet normal  0.000000e+00  0.000000e+00  1.000000e+00
   outer loop
     vertex  1.350675e+01  3.683436e+00  9.800000e+00
     vertex  9.237666e+00  2.422401e+00  9.800000e+00
     vertex  1.368365e+01  2.959357e+00  9.800000e+00
   endloop
 endfacet
 facet normal  0.000000e+00  0.000000e+00  1.000000e+00
   outer loop
     vertex  1.350675e+01  3.683436e+00  9.800000e+00
     vertex  9.063482e+00  3.009283e+00  9.800000e+00
     vertex  9.237666e+00  2.422401e+00  9.800000e+00
   endloop
 endfacet
 facet normal  0.000000e+00  0.000000e+00  1.000000e+00
   outer loop
     vertex  4.041687e+00  1.340391e+01  9.800000e+00
     vertex  3.322574e+00  1.360002e+01  9.800000e+00
     vertex  2.717238e+00  9.155278e+00  9.800000e+00
   endloop
 endfacet
 facet normal  0.000000e+00  0.000000e+00  1.000000e+00
   outer loop
     vertex  1.329157e+01  4.397074e+00  9.800000e+00
     vertex  9.063482e+00  3.009283e+00  9.800000e+00
     vertex  1.350675e+01  3.683436e+00  9.800000e+00
   endloop
 endfacet
 facet normal  0.000000e+00  0.000000e+00  1.000000e+00
   outer loop
     vertex  4.749344e+00  1.316980e+01  9.800000e+00
     vertex  4.041687e+00  1.340391e+01  9.800000e+00
     vertex  2.717238e+00  9.155278e+00  9.800000e+00
   endloop
 endfacet
 facet normal  0.000000e+00  0.000000e+00  1.000000e+00
   outer loop
     vertex  4.749344e+00  1.316980e+01  9.800000e+00
     vertex  2.717238e+00  9.155278e+00  9.800000e+00
     vertex  3.298236e+00  8.962373e+00  9.800000e+00
   endloop
 endfacet
 facet normal  0.000000e+00  0.000000e+00  1.000000e+00
   outer loop
     vertex  1.303871e+01  5.098248e+00  9.800000e+00
     vertex  8.852055e+00  3.583800e+00  9.800000e+00
     vertex  9.063482e+00  3.009283e+00  9.800000e+00
   endloop
 endfacet
 facet normal  0.000000e+00  0.000000e+00  1.000000e+00
   outer loop
     vertex  1.303871e+01  5.098248e+00  9.800000e+00
     vertex  9.063482e+00  3.009283e+00  9.800000e+00
     vertex  1.329157e+01  4.397074e+00  9.800000e+00
   endloop
 endfacet
 facet normal  0.000000e+00  0.000000e+00  1.000000e+00
   outer loop
     vertex  5.443538e+00  1.289837e+01  9.800000e+00
     vertex  3.298236e+00  8.962373e+00  9.800000e+00
     vertex  3.865681e+00  8.732641e+00  9.800000e+00
   endloop
 endfacet
 facet normal  0.000000e+00  0.000000e+00  1.000000e+00
   outer loop
     vertex  5.443538e+00  1.289837e+01  9.800000e+00
     vertex  4.749344e+00  1.316980e+01  9.800000e+00
     vertex  3.298236e+00  8.962373e+00  9.800000e+00
   endloop
 endfacet
 facet normal  0.000000e+00  0.000000e+00  1.000000e+00
   outer loop
     vertex  1.274889e+01  5.784971e+00  9.800000e+00
     vertex  8.852055e+00  3.583800e+00  9.800000e+00
     vertex  1.303871e+01  5.098248e+00  9.800000e+00
   endloop
 endfacet
 facet normal  0.000000e+00  0.000000e+00  1.000000e+00
   outer loop
     vertex  1.274889e+01  5.784971e+00  9.800000e+00
     vertex  8.604253e+00  4.143590e+00  9.800000e+00
     vertex  8.852055e+00  3.583800e+00  9.800000e+00
   endloop
 endfacet
 facet normal  0.000000e+00  0.000000e+00  1.000000e+00
   outer loop
     vertex  6.122302e+00  1.259037e+01  9.800000e+00
     vertex  3.865681e+00  8.732641e+00  9.800000e+00
     vertex  4.417241e+00  8.467023e+00  9.800000e+00
   endloop
 endfacet
 facet normal  0.000000e+00  0.000000e+00  1.000000e+00
   outer loop
     vertex  6.122302e+00  1.259037e+01  9.800000e+00
     vertex  5.443538e+00  1.289837e+01  9.800000e+00
     vertex  3.865681e+00  8.732641e+00  9.800000e+00
   endloop
 endfacet
 facet normal  0.000000e+00  0.000000e+00  1.000000e+00
   outer loop
     vertex  1.242293e+01  6.455295e+00  9.800000e+00
     vertex  8.604253e+00  4.143590e+00  9.800000e+00
     vertex  1.274889e+01  5.784971e+00  9.800000e+00
   endloop
 endfacet
 facet normal  0.000000e+00  0.000000e+00  1.000000e+00
   outer loop
     vertex  1.242293e+01  6.455295e+00  9.800000e+00
     vertex  8.321094e+00  4.686353e+00  9.800000e+00
     vertex  8.604253e+00  4.143590e+00  9.800000e+00
   endloop
 endfacet
 facet normal  0.000000e+00  0.000000e+00  1.000000e+00
   outer loop
     vertex  6.783712e+00  1.224668e+01  9.800000e+00
     vertex  4.950649e+00  8.166613e+00  9.800000e+00
     vertex  7.668530e+00  9.055570e+00  9.800000e+00
   endloop
 endfacet
 facet normal  0.000000e+00  0.000000e+00  1.000000e+00
   outer loop
     vertex  6.783712e+00  1.224668e+01  9.800000e+00
     vertex  4.417241e+00  8.467023e+00  9.800000e+00
     vertex  4.950649e+00  8.166613e+00  9.800000e+00
   endloop
 endfacet
 facet normal  0.000000e+00  0.000000e+00  1.000000e+00
   outer loop
     vertex  6.783712e+00  1.224668e+01  9.800000e+00
     vertex  6.122302e+00  1.259037e+01  9.800000e+00
     vertex  4.417241e+00  8.467023e+00  9.800000e+00
   endloop
 endfacet
 facet normal  0.000000e+00  0.000000e+00  1.000000e+00
   outer loop
     vertex  1.206176e+01  7.107321e+00  9.800000e+00
     vertex  8.321094e+00  4.686353e+00  9.800000e+00
     vertex  1.242293e+01  6.455295e+00  9.800000e+00
   endloop
 endfacet
 facet normal  0.000000e+00  0.000000e+00  1.000000e+00
   outer loop
     vertex  1.206176e+01  7.107321e+00  9.800000e+00
     vertex  9.207107e+00  7.792893e+00  9.800000e+00
     vertex  9.055570e+00  7.668530e+00  9.800000e+00
   endloop
 endfacet
 facet normal  0.000000e+00  0.000000e+00  1.000000e+00
   outer loop
     vertex  1.206176e+01  7.107321e+00  9.800000e+00
     vertex  9.055570e+00  7.668530e+00  9.800000e+00
     vertex  8.321094e+00  4.686353e+00  9.800000e+00
   endloop
 endfacet
 facet normal  0.000000e+00  0.000000e+00  1.000000e+00
   outer loop
     vertex  7.425893e+00  1.186828e+01  9.800000e+00
     vertex  7.792893e+00  9.207107e+00  9.800000e+00
     vertex  7.944430e+00  9.331470e+00  9.800000e+00
   endloop
 endfacet
 facet normal  0.000000e+00  0.000000e+00  1.000000e+00
   outer loop
     vertex  7.425893e+00  1.186828e+01  9.800000e+00
     vertex  7.668530e+00  9.055570e+00  9.800000e+00
     vertex  7.792893e+00  9.207107e+00  9.800000e+00
   endloop
 endfacet
 facet normal  0.000000e+00  0.000000e+00  1.000000e+00
   outer loop
     vertex  7.425893e+00  1.186828e+01  9.800000e+00
     vertex  6.783712e+00  1.224668e+01  9.800000e+00
     vertex  7.668530e+00  9.055570e+00  9.800000e+00
   endloop
 endfacet
 facet normal  0.000000e+00  0.000000e+00  1.000000e+00
   outer loop
     vertex  1.166639e+01  7.739201e+00  9.800000e+00
     vertex  9.331470e+00  7.944430e+00  9.800000e+00
     vertex  9.207107e+00  7.792893e+00  9.800000e+00
   endloop
 endfacet
 facet normal  0.000000e+00  0.000000e+00  1.000000e+00
   outer loop
     vertex  1.166639e+01  7.739201e+00  9.800000e+00
     vertex  9.207107e+00  7.792893e+00  9.800000e+00
     vertex  1.206176e+01  7.107321e+00  9.800000e+00
   endloop
 endfacet
 facet normal  0.000000e+00  0.000000e+00  1.000000e+00
   outer loop
     vertex  8.047024e+00  1.145624e+01  9.800000e+00
     vertex  7.425893e+00  1.186828e+01  9.800000e+00
     vertex  7.944430e+00  9.331470e+00  9.800000e+00
   endloop
 endfacet
 facet normal  0.000000e+00  0.000000e+00  1.000000e+00
   outer loop
     vertex  8.047024e+00  1.145624e+01  9.800000e+00
     vertex  7.944430e+00  9.331470e+00  9.800000e+00
     vertex  8.117317e+00  9.423880e+00  9.800000e+00
   endloop
 endfacet
 facet normal  0.000000e+00  0.000000e+00  1.000000e+00
   outer loop
     vertex  1.123796e+01  8.349143e+00  9.800000e+00
     vertex  9.423880e+00  8.117317e+00  9.800000e+00
     vertex  9.331470e+00  7.944430e+00  9.800000e+00
   endloop
 endfacet
 facet normal  0.000000e+00  0.000000e+00  1.000000e+00
   outer loop
     vertex  1.123796e+01  8.349143e+00  9.800000e+00
     vertex  9.480785e+00  8.304910e+00  9.800000e+00
     vertex  9.423880e+00  8.117317e+00  9.800000e+00
   endloop
 endfacet
 facet normal  0.000000e+00  0.000000e+00  1.000000e+00
   outer loop
     vertex  1.123796e+01  8.349143e+00  9.800000e+00
     vertex  9.331470e+00  7.944430e+00  9.800000e+00
     vertex  1.166639e+01  7.739201e+00  9.800000e+00
   endloop
 endfacet
 facet normal  0.000000e+00  0.000000e+00  1.000000e+00
   outer loop
     vertex  8.645345e+00  1.101172e+01  9.800000e+00
     vertex  8.047024e+00  1.145624e+01  9.800000e+00
     vertex  8.117317e+00  9.423880e+00  9.800000e+00
   endloop
 endfacet
 facet normal  0.000000e+00  0.000000e+00  1.000000e+00
   outer loop
     vertex  8.645345e+00  1.101172e+01  9.800000e+00
     vertex  8.304910e+00  9.480785e+00  9.800000e+00
     vertex  8.500000e+00  9.500000e+00  9.800000e+00
   endloop
 endfacet
 facet normal  0.000000e+00  0.000000e+00  1.000000e+00
   outer loop
     vertex  8.645345e+00  1.101172e+01  9.800000e+00
     vertex  8.117317e+00  9.423880e+00  9.800000e+00
     vertex  8.304910e+00  9.480785e+00  9.800000e+00
   endloop
 endfacet
 facet normal  0.000000e+00  0.000000e+00  1.000000e+00
   outer loop
     vertex  1.077768e+01  8.935419e+00  9.800000e+00
     vertex  9.480785e+00  8.695090e+00  9.800000e+00
     vertex  9.500000e+00  8.500000e+00  9.800000e+00
   endloop
 endfacet
 facet normal  0.000000e+00  0.000000e+00  1.000000e+00
   outer loop
     vertex  1.077768e+01  8.935419e+00  9.800000e+00
     vertex  9.480785e+00  8.304910e+00  9.800000e+00
     vertex  1.123796e+01  8.349143e+00  9.800000e+00
   endloop
 endfacet
 facet normal  0.000000e+00  0.000000e+00  1.000000e+00
   outer loop
     vertex  1.077768e+01  8.935419e+00  9.800000e+00
     vertex  9.500000e+00  8.500000e+00  9.800000e+00
     vertex  9.480785e+00  8.304910e+00  9.800000e+00
   endloop
 endfacet
 facet normal  0.000000e+00  0.000000e+00  1.000000e+00
   outer loop
     vertex  9.219159e+00  1.053599e+01  9.800000e+00
     vertex  8.695090e+00  9.480785e+00  9.800000e+00
     vertex  8.882683e+00  9.423880e+00  9.800000e+00
   endloop
 endfacet
 facet normal  0.000000e+00  0.000000e+00  1.000000e+00
   outer loop
     vertex  9.219159e+00  1.053599e+01  9.800000e+00
     vertex  8.500000e+00  9.500000e+00  9.800000e+00
     vertex  8.695090e+00  9.480785e+00  9.800000e+00
   endloop
 endfacet
 facet normal  0.000000e+00  0.000000e+00  1.000000e+00
   outer loop
     vertex  9.219159e+00  1.053599e+01  9.800000e+00
     vertex  8.645345e+00  1.101172e+01  9.800000e+00
     vertex  8.500000e+00  9.500000e+00  9.800000e+00
   endloop
 endfacet
 facet normal  0.000000e+00  0.000000e+00  1.000000e+00
   outer loop
     vertex  1.028684e+01  9.496366e+00  9.800000e+00
     vertex  9.423880e+00  8.882683e+00  9.800000e+00
     vertex  9.480785e+00  8.695090e+00  9.800000e+00
   endloop
 endfacet
 facet normal  0.000000e+00  0.000000e+00  1.000000e+00
   outer loop
     vertex  1.028684e+01  9.496366e+00  9.800000e+00
     vertex  9.331470e+00  9.055570e+00  9.800000e+00
     vertex  9.423880e+00  8.882683e+00  9.800000e+00
   endloop
 endfacet
 facet normal  0.000000e+00  0.000000e+00  1.000000e+00
   outer loop
     vertex  1.028684e+01  9.496366e+00  9.800000e+00
     vertex  9.480785e+00  8.695090e+00  9.800000e+00
     vertex  1.077768e+01  8.935419e+00  9.800000e+00
   endloop
 endfacet
 facet normal  0.000000e+00  0.000000e+00  1.000000e+00
   outer loop
     vertex  9.766841e+00  1.003039e+01  9.800000e+00
     vertex  9.207107e+00  9.207107e+00  9.800000e+00
     vertex  9.331470e+00  9.055570e+00  9.800000e+00
   endloop
 endfacet
 facet normal  0.000000e+00  0.000000e+00  1.000000e+00
   outer loop
     vertex  9.766841e+00  1.003039e+01  9.800000e+00
     vertex  9.055570e+00  9.331470e+00  9.800000e+00
     vertex  9.207107e+00  9.207107e+00  9.800000e+00
   endloop
 endfacet
 facet normal  0.000000e+00  0.000000e+00  1.000000e+00
   outer loop
     vertex  9.766841e+00  1.003039e+01  9.800000e+00
     vertex  8.882683e+00  9.423880e+00  9.800000e+00
     vertex  9.055570e+00  9.331470e+00  9.800000e+00
   endloop
 endfacet
 facet normal  0.000000e+00  0.000000e+00  1.000000e+00
   outer loop
     vertex  9.766841e+00  1.003039e+01  9.800000e+00
     vertex  9.331470e+00  9.055570e+00  9.800000e+00
     vertex  1.028684e+01  9.496366e+00  9.800000e+00
   endloop
 endfacet
 facet normal  0.000000e+00  0.000000e+00  1.000000e+00
   outer loop
     vertex  9.766841e+00  1.003039e+01  9.800000e+00
     vertex  9.219159e+00  1.053599e+01  9.800000e+00
     vertex  8.882683e+00  9.423880e+00  9.800000e+00
   endloop
 endfacet
 facet normal  0.000000e+00 -0.000000e+00 -1.000000e+00
   outer loop
     vertex  8.700000e+00  7.520204e+00  5.000000e+00
     vertex  8.700000e+00  3.938591e+00  5.000000e+00
     vertex  8.447955e+00  4.453601e+00  5.000000e+00
   endloop
 endfacet
 facet normal  0.000000e+00  0.000000e+00 -1.000000e+00
   outer loop
     vertex  8.700000e+00  7.520204e+00  5.000000e+00
     vertex  8.447955e+00  4.453601e+00  5.000000e+00
     vertex  8.165456e+00  4.952557e+00  5.000000e+00
   endloop
 endfacet
 facet normal  0.000000e+00  0.000000e+00 -1.000000e+00
   outer loop
     vertex  8.700000e+00  7.520204e+00  5.000000e+00
     vertex  8.165456e+00  4.952557e+00  5.000000e+00
     vertex  7.853524e+00  5.433660e+00  5.000000e+00
   endloop
 endfacet
 facet normal  0.000000e+00  0.000000e+00 -1.000000e+00
   outer loop
     vertex  8.504007e+00  7.500008e+00  5.000000e+00
     vertex  7.853524e+00  5.433660e+00  5.000000e+00
     vertex  7.513281e+00  5.895176e+00  5.000000e+00
   endloop
 endfacet
 facet normal  0.000000e+00 -0.000000e+00 -1.000000e+00
   outer loop
     vertex  8.504007e+00  7.500008e+00  5.000000e+00
     vertex  8.700000e+00  7.520204e+00  5.000000e+00
     vertex  7.853524e+00  5.433660e+00  5.000000e+00
   endloop
 endfacet
 facet normal  0.000000e+00  0.000000e+00 -1.000000e+00
   outer loop
     vertex  8.307858e+00  7.518633e+00  5.000000e+00
     vertex  7.513281e+00  5.895176e+00  5.000000e+00
     vertex  7.145955e+00  6.335442e+00  5.000000e+00
   endloop
 endfacet
 facet normal  0.000000e+00 -0.000000e+00 -1.000000e+00
   outer loop
     vertex  8.307858e+00  7.518633e+00  5.000000e+00
     vertex  8.504007e+00  7.500008e+00  5.000000e+00
     vertex  7.513281e+00  5.895176e+00  5.000000e+00
   endloop
 endfacet
 facet normal  0.000000e+00 -0.000000e+00 -1.000000e+00
   outer loop
     vertex  8.119168e+00  7.575356e+00  5.000000e+00
     vertex  8.307858e+00  7.518633e+00  5.000000e+00
     vertex  7.145955e+00  6.335442e+00  5.000000e+00
   endloop
 endfacet
 facet normal  0.000000e+00 -0.000000e+00 -1.000000e+00
   outer loop
     vertex  7.945263e+00  7.667974e+00  5.000000e+00
     vertex  8.119168e+00  7.575356e+00  5.000000e+00
     vertex  7.145955e+00  6.335442e+00  5.000000e+00
   endloop
 endfacet
 facet normal  0.000000e+00  0.000000e+00 -1.000000e+00
   outer loop
     vertex  6.752870e+00  6.752870e+00  5.000000e+00
     vertex  7.945263e+00  7.667974e+00  5.000000e+00
     vertex  7.145955e+00  6.335442e+00  5.000000e+00
   endloop
 endfacet
 facet normal  0.000000e+00 -0.000000e+00 -1.000000e+00
   outer loop
     vertex  7.792893e+00  7.792893e+00  5.000000e+00
     vertex  7.945263e+00  7.667974e+00  5.000000e+00
     vertex  6.752870e+00  6.752870e+00  5.000000e+00
   endloop
 endfacet
 facet normal  0.000000e+00 -0.000000e+00 -1.000000e+00
   outer loop
     vertex  7.667974e+00  7.945263e+00  5.000000e+00
     vertex  7.792893e+00  7.792893e+00  5.000000e+00
     vertex  6.752870e+00  6.752870e+00  5.000000e+00
   endloop
 endfacet
 facet normal  0.000000e+00  0.000000e+00 -1.000000e+00
   outer loop
     vertex  6.335442e+00  7.145955e+00  5.000000e+00
     vertex  7.518633e+00  8.307858e+00  5.000000e+00
     vertex  7.575356e+00  8.119168e+00  5.000000e+00
   endloop
 endfacet
 facet normal  0.000000e+00  0.000000e+00 -1.000000e+00
   outer loop
     vertex  6.335442e+00  7.145955e+00  5.000000e+00
     vertex  7.575356e+00  8.119168e+00  5.000000e+00
     vertex  7.667974e+00  7.945263e+00  5.000000e+00
   endloop
 endfacet
 facet normal  0.000000e+00  0.000000e+00 -1.000000e+00
   outer loop
     vertex  6.335442e+00  7.145955e+00  5.000000e+00
     vertex  7.667974e+00  7.945263e+00  5.000000e+00
     vertex  6.752870e+00  6.752870e+00  5.000000e+00
   endloop
 endfacet
 facet normal  0.000000e+00  0.000000e+00 -1.000000e+00
   outer loop
     vertex  5.895176e+00  7.513281e+00  5.000000e+00
     vertex  7.500008e+00  8.504007e+00  5.000000e+00
     vertex  7.518633e+00  8.307858e+00  5.000000e+00
   endloop
 endfacet
 facet normal  0.000000e+00  0.000000e+00 -1.000000e+00
   outer loop
     vertex  5.895176e+00  7.513281e+00  5.000000e+00
     vertex  7.518633e+00  8.307858e+00  5.000000e+00
     vertex  6.335442e+00  7.145955e+00  5.000000e+00
   endloop
 endfacet
 facet normal  0.000000e+00  0.000000e+00 -1.000000e+00
   outer loop
     vertex  5.433660e+00  7.853524e+00  5.000000e+00
     vertex  7.520204e+00  8.700000e+00  5.000000e+00
     vertex  7.500008e+00  8.504007e+00  5.000000e+00
   endloop
 endfacet
 facet normal  0.000000e+00  0.000000e+00 -1.000000e+00
   outer loop
     vertex  5.433660e+00  7.853524e+00  5.000000e+00
     vertex  7.500008e+00  8.504007e+00  5.000000e+00
     vertex  5.895176e+00  7.513281e+00  5.000000e+00
   endloop
 endfacet
 facet normal  0.000000e+00  0.000000e+00 -1.000000e+00
   outer loop
     vertex  4.952557e+00  8.165456e+00  5.000000e+00
     vertex  7.520204e+00  8.700000e+00  5.000000e+00
     vertex  5.433660e+00  7.853524e+00  5.000000e+00
   endloop
 endfacet
 facet normal  0.000000e+00  0.000000e+00 -1.000000e+00
   outer loop
     vertex  4.453601e+00  8.447955e+00  5.000000e+00
     vertex  7.520204e+00  8.700000e+00  5.000000e+00
     vertex  4.952557e+00  8.165456e+00  5.000000e+00
   endloop
 endfacet
 facet normal  0.000000e+00  0.000000e+00 -1.000000e+00
   outer loop
     vertex  3.938591e+00  8.700000e+00  5.000000e+00
     vertex  7.520204e+00  8.700000e+00  5.000000e+00
     vertex  4.453601e+00  8.447955e+00  5.000000e+00
   endloop
 endfacet
 facet normal -9.995940e-01 -2.849320e-02 -0.000000e+00
   outer loop
     vertex  9.550000e+00 -2.339075e-15  9.800000e+00
     vertex  9.534493e+00  5.439991e-01  4.900000e+00
     vertex  9.550000e+00 -2.339075e-15  4.900000e+00
   endloop
 endfacet
 facet normal -9.963478e-01 -8.538706e-02  3.460094e-04
   outer loop
     vertex  9.530379e+00  6.118706e-01  9.800000e+00
     vertex  9.488024e+00  1.086232e+00  4.900000e+00
     vertex  9.534493e+00  5.439991e-01  4.900000e+00
   endloop
 endfacet
 facet normal -9.994861e-01 -3.205158e-02 -3.953931e-04
   outer loop
     vertex  9.530379e+00  6.118706e-01  9.800000e+00
     vertex  9.534493e+00  5.439991e-01  4.900000e+00
     vertex  9.550000e+00 -2.339075e-15  9.800000e+00
   endloop
 endfacet
 facet normal -9.898660e-01 -1.420036e-01  5.932386e-04
   outer loop
     vertex  9.471595e+00  1.221227e+00  9.800000e+00
     vertex  9.410743e+00  1.624937e+00  4.900000e+00
     vertex  9.488024e+00  1.086232e+00  4.900000e+00
   endloop
 endfacet
 facet normal -9.953789e-01 -9.602300e-02 -6.920142e-04
   outer loop
     vertex  9.471595e+00  1.221227e+00  9.800000e+00
     vertex  9.488024e+00  1.086232e+00  4.900000e+00
     vertex  9.530379e+00  6.118706e-01  9.800000e+00
   endloop
 endfacet
 facet normal -9.801696e-01 -1.981590e-01  7.416752e-04
   outer loop
     vertex  9.373890e+00  1.825565e+00  9.800000e+00
     vertex  9.302901e+00  2.158365e+00  4.900000e+00
     vertex  9.410743e+00  1.624937e+00  4.900000e+00
   endloop
 endfacet
 facet normal -9.871814e-01 -1.595998e-01 -8.898483e-04
   outer loop
     vertex  9.373890e+00  1.825565e+00  9.800000e+00
     vertex  9.410743e+00  1.624937e+00  4.900000e+00
     vertex  9.471595e+00  1.221227e+00  9.800000e+00
   endloop
 endfacet
 facet normal -9.672903e-01 -2.536709e-01  7.913117e-04
   outer loop
     vertex  9.237666e+00  2.422401e+00  9.800000e+00
     vertex  9.164848e+00  2.684784e+00  4.900000e+00
     vertex  9.302901e+00  2.158365e+00  4.900000e+00
   endloop
 endfacet
 facet normal -9.749274e-01 -2.225208e-01 -9.888854e-04
   outer loop
     vertex  9.237666e+00  2.422401e+00  9.800000e+00
     vertex  9.302901e+00  2.158365e+00  4.900000e+00
     vertex  9.373890e+00  1.825565e+00  9.800000e+00
   endloop
 endfacet
 facet normal -9.512698e-01 -3.083590e-01  7.421456e-04
   outer loop
     vertex  9.063482e+00  3.009283e+00  9.800000e+00
     vertex  8.997033e+00  3.202484e+00  4.900000e+00
     vertex  9.164848e+00  2.684784e+00  4.900000e+00
   endloop
 endfacet
 facet normal -9.586674e-01 -2.845274e-01 -9.891206e-04
   outer loop
     vertex  9.063482e+00  3.009283e+00  9.800000e+00
     vertex  9.164848e+00  2.684784e+00  4.900000e+00
     vertex  9.237666e+00  2.422401e+00  9.800000e+00
   endloop
 endfacet
 facet normal -9.321601e-01 -3.620458e-01  5.941795e-04
   outer loop
     vertex  8.852055e+00  3.583800e+00  9.800000e+00
     vertex  8.800000e+00  3.709784e+00  4.900000e+00
     vertex  8.997033e+00  3.202484e+00  4.900000e+00
   endloop
 endfacet
 facet normal -9.163977e-01 -4.002686e-01 -5.560238e-04
   outer loop
     vertex  8.852055e+00  3.583800e+00  9.800000e+00
     vertex  8.700000e+00  3.938591e+00  5.000000e+00
     vertex  8.800000e+00  3.709784e+00  4.900000e+00
   endloop
 endfacet
 facet normal -9.384680e-01 -3.453649e-01 -8.905540e-04
   outer loop
     vertex  8.852055e+00  3.583800e+00  9.800000e+00
     vertex  8.997033e+00  3.202484e+00  4.900000e+00
     vertex  9.063482e+00  3.009283e+00  9.800000e+00
   endloop
 endfacet
 facet normal -8.982032e-01 -4.395797e-01  8.568106e-04
   outer loop
     vertex  8.604253e+00  4.143590e+00  9.800000e+00
     vertex  8.447955e+00  4.453601e+00  5.000000e+00
     vertex  8.700000e+00  3.938591e+00  5.000000e+00
   endloop
 endfacet
 facet normal -9.144122e-01 -4.047832e-01 -9.526112e-04
   outer loop
     vertex  8.604253e+00  4.143590e+00  9.800000e+00
     vertex  8.700000e+00  3.938591e+00  5.000000e+00
     vertex  8.852055e+00  3.583800e+00  9.800000e+00
   endloop
 endfacet
 facet normal -8.702039e-01 -4.926909e-01  8.915856e-04
   outer loop
     vertex  8.321094e+00  4.686353e+00  9.800000e+00
     vertex  8.165456e+00  4.952557e+00  5.000000e+00
     vertex  8.447955e+00  4.453601e+00  5.000000e+00
   endloop
 endfacet
 facet normal -8.865989e-01 -4.625381e-01 -1.003828e-03
   outer loop
     vertex  8.321094e+00  4.686353e+00  9.800000e+00
     vertex  8.447955e+00  4.453601e+00  5.000000e+00
     vertex  8.604253e+00  4.143590e+00  9.800000e+00
   endloop
 endfacet
 facet normal -8.390679e-01 -5.440260e-01  8.934755e-04
   outer loop
     vertex  8.003741e+00  5.209858e+00  9.800000e+00
     vertex  7.853524e+00  5.433660e+00  5.000000e+00
     vertex  8.165456e+00  4.952557e+00  5.000000e+00
   endloop
 endfacet
 facet normal -8.551423e-01 -5.183923e-01 -1.022161e-03
   outer loop
     vertex  8.003741e+00  5.209858e+00  9.800000e+00
     vertex  8.165456e+00  4.952557e+00  5.000000e+00
     vertex  8.321094e+00  4.686353e+00  9.800000e+00
   endloop
 endfacet
 facet normal -8.049072e-01 -5.934000e-01  8.624804e-04
   outer loop
     vertex  7.653500e+00  5.711956e+00  9.800000e+00
     vertex  7.513281e+00  5.895176e+00  5.000000e+00
     vertex  7.853524e+00  5.433660e+00  5.000000e+00
   endloop
 endfacet
 facet normal -8.201718e-01 -5.721164e-01 -1.007608e-03
   outer loop
     vertex  7.653500e+00  5.711956e+00  9.800000e+00
     vertex  7.853524e+00  5.433660e+00  5.000000e+00
     vertex  8.003741e+00  5.209858e+00  9.800000e+00
   endloop
 endfacet
 facet normal -7.678451e-01 -6.406350e-01  7.986008e-04
   outer loop
     vertex  7.271809e+00  6.190581e+00  9.800000e+00
     vertex  7.145955e+00  6.335442e+00  5.000000e+00
     vertex  7.513281e+00  5.895176e+00  5.000000e+00
   endloop
 endfacet
 facet normal -7.818311e-01 -6.234895e-01 -9.601708e-04
   outer loop
     vertex  7.271809e+00  6.190581e+00  9.800000e+00
     vertex  7.513281e+00  5.895176e+00  5.000000e+00
     vertex  7.653500e+00  5.711956e+00  9.800000e+00
   endloop
 endfacet
 facet normal -7.280151e-01 -6.855607e-01  7.018377e-04
   outer loop
     vertex  6.860236e+00  6.643768e+00  9.800000e+00
     vertex  6.752870e+00  6.752870e+00  5.000000e+00
     vertex  7.145955e+00  6.335442e+00  5.000000e+00
   endloop
 endfacet
 facet normal -7.402777e-01 -6.723006e-01 -8.798493e-04
   outer loop
     vertex  6.860236e+00  6.643768e+00  9.800000e+00
     vertex  7.145955e+00  6.335442e+00  5.000000e+00
     vertex  7.271809e+00  6.190581e+00  9.800000e+00
   endloop
 endfacet
 facet normal -6.855608e-01 -7.280152e-01  5.721928e-04
   outer loop
     vertex  6.420474e+00  7.069655e+00  9.800000e+00
     vertex  6.335442e+00  7.145955e+00  5.000000e+00
     vertex  6.752870e+00  6.752870e+00  5.000000e+00
   endloop
 endfacet
 facet normal -6.956823e-01 -7.183491e-01 -7.666451e-04
   outer loop
     vertex  6.420474e+00  7.069655e+00  9.800000e+00
     vertex  6.752870e+00  6.752870e+00  5.000000e+00
     vertex  6.860236e+00  6.643768e+00  9.800000e+00
   endloop
 endfacet
 facet normal -6.406352e-01 -7.678453e-01  4.096680e-04
   outer loop
     vertex  5.954328e+00  7.466491e+00  9.800000e+00
     vertex  5.895176e+00  7.513281e+00  5.000000e+00
     vertex  6.335442e+00  7.145955e+00  5.000000e+00
   endloop
 endfacet
 facet normal -6.482283e-01 -7.614458e-01 -6.205600e-04
   outer loop
     vertex  5.954328e+00  7.466491e+00  9.800000e+00
     vertex  6.335442e+00  7.145955e+00  5.000000e+00
     vertex  6.420474e+00  7.069655e+00  9.800000e+00
   endloop
 endfacet
 facet normal -5.934002e-01 -8.049075e-01  2.142662e-04
   outer loop
     vertex  5.463714e+00  7.832645e+00  9.800000e+00
     vertex  5.433660e+00  7.853524e+00  5.000000e+00
     vertex  5.895176e+00  7.513281e+00  5.000000e+00
   endloop
 endfacet
 facet normal -5.981105e-01 -8.014135e-01 -4.415964e-04
   outer loop
     vertex  5.463714e+00  7.832645e+00  9.800000e+00
     vertex  5.895176e+00  7.513281e+00  5.000000e+00
     vertex  5.954328e+00  7.466491e+00  9.800000e+00
   endloop
 endfacet
 facet normal -5.440262e-01 -8.390682e-01 -1.400945e-05
   outer loop
     vertex  4.950649e+00  8.166613e+00  9.800000e+00
     vertex  4.952557e+00  8.165456e+00  5.000000e+00
     vertex  5.433660e+00  7.853524e+00  5.000000e+00
   endloop
 endfacet
 facet normal -4.926911e-01 -8.702043e-01  1.390088e-05
   outer loop
     vertex  4.950649e+00  8.166613e+00  9.800000e+00
     vertex  4.453601e+00  8.447955e+00  5.000000e+00
     vertex  4.952557e+00  8.165456e+00  5.000000e+00
   endloop
 endfacet
 facet normal -5.455349e-01 -8.380881e-01 -2.297572e-04
   outer loop
     vertex  4.950649e+00  8.166613e+00  9.800000e+00
     vertex  5.433660e+00  7.853524e+00  5.000000e+00
     vertex  5.463714e+00  7.832645e+00  9.800000e+00
   endloop
 endfacet
 facet normal -4.395799e-01 -8.982035e-01  2.383982e-04
   outer loop
     vertex  4.417241e+00  8.467023e+00  9.800000e+00
     vertex  3.938591e+00  8.700000e+00  5.000000e+00
     vertex  4.453601e+00  8.447955e+00  5.000000e+00
   endloop
 endfacet
 facet normal -4.907175e-01 -8.713187e-01 -2.557784e-04
   outer loop
     vertex  4.417241e+00  8.467023e+00  9.800000e+00
     vertex  4.453601e+00  8.447955e+00  5.000000e+00
     vertex  4.950649e+00  8.166613e+00  9.800000e+00
   endloop
 endfacet
 facet normal -4.005267e-01 -9.162851e-01  1.469944e-04
   outer loop
     vertex  3.865681e+00  8.732641e+00  9.800000e+00
     vertex  3.709784e+00  8.800000e+00  4.900000e+00
     vertex  3.938591e+00  8.700000e+00  5.000000e+00
   endloop
 endfacet
 facet normal -4.338837e-01 -9.009688e-01 -4.638390e-04
   outer loop
     vertex  3.865681e+00  8.732641e+00  9.800000e+00
     vertex  3.938591e+00  8.700000e+00  5.000000e+00
     vertex  4.417241e+00  8.467023e+00  9.800000e+00
   endloop
 endfacet
 facet normal -3.600015e-01 -9.329515e-01  6.793026e-04
   outer loop
     vertex  3.298236e+00  8.962373e+00  9.800000e+00
     vertex  3.163009e+00  9.010986e+00  4.900000e+00
     vertex  3.709784e+00  8.800000e+00  4.900000e+00
   endloop
 endfacet
 facet normal -3.752669e-01 -9.269165e-01 -8.028090e-04
   outer loop
     vertex  3.298236e+00  8.962373e+00  9.800000e+00
     vertex  3.709784e+00  8.800000e+00  4.900000e+00
     vertex  3.865681e+00  8.732641e+00  9.800000e+00
   endloop
 endfacet
 facet normal -3.020967e-01 -9.532771e-01  5.886082e-04
   outer loop
     vertex  2.717238e+00  9.155278e+00  9.800000e+00
     vertex  2.604321e+00  9.188036e+00  4.900000e+00
     vertex  3.163009e+00  9.010986e+00  4.900000e+00
   endloop
 endfacet
 facet normal -3.151081e-01 -9.490555e-01 -7.194078e-04
   outer loop
     vertex  2.717238e+00  9.155278e+00  9.800000e+00
     vertex  3.163009e+00  9.010986e+00  4.900000e+00
     vertex  3.298236e+00  8.962373e+00  9.800000e+00
   endloop
 endfacet
 facet normal -2.430540e-01 -9.700126e-01  4.833284e-04
   outer loop
     vertex  2.125075e+00  9.310562e+00  9.800000e+00
     vertex  2.035825e+00  9.330483e+00  4.900000e+00
     vertex  2.604321e+00  9.188036e+00  4.900000e+00
   endloop
 endfacet
 facet normal -2.536545e-01 -9.672947e-01 -6.214206e-04
   outer loop
     vertex  2.125075e+00  9.310562e+00  9.800000e+00
     vertex  2.604321e+00  9.188036e+00  4.900000e+00
     vertex  2.717238e+00  9.155278e+00  9.800000e+00
   endloop
 endfacet
 facet normal -1.911586e-01 -9.815590e-01 -5.088483e-04
   outer loop
     vertex  1.524179e+00  9.427586e+00  9.800000e+00
     vertex  2.035825e+00  9.330483e+00  4.900000e+00
     vertex  2.125075e+00  9.310562e+00  9.800000e+00
   endloop
 endfacet
 facet normal -1.830960e-01 -9.830950e-01  3.634638e-04
   outer loop
     vertex  1.524179e+00  9.427586e+00  9.800000e+00
     vertex  1.459662e+00  9.437790e+00  4.900000e+00
     vertex  2.035825e+00  9.330483e+00  4.900000e+00
   endloop
 endfacet
 facet normal -1.278772e-01 -9.917899e-01 -3.816916e-04
   outer loop
     vertex  9.170199e-01  9.505871e+00  9.800000e+00
     vertex  1.459662e+00  9.437790e+00  4.900000e+00
     vertex  1.524179e+00  9.427586e+00  9.800000e+00
   endloop
 endfacet
 facet normal -1.224485e-01 -9.924748e-01  2.290153e-04
   outer loop
     vertex  9.170199e-01  9.505871e+00  9.800000e+00
     vertex  8.780021e-01  9.509554e+00  4.900000e+00
     vertex  1.459662e+00  9.437790e+00  4.900000e+00
   endloop
 endfacet
 facet normal -6.407022e-02 -9.979454e-01 -2.399516e-04
   outer loop
     vertex  3.060926e-01  9.545093e+00  9.800000e+00
     vertex  8.780021e-01  9.509554e+00  4.900000e+00
     vertex  9.170199e-01  9.505871e+00  9.800000e+00
   endloop
 endfacet
 facet normal -6.133974e-02 -9.981169e-01  7.998390e-05
   outer loop
     vertex  3.060926e-01  9.545093e+00  9.800000e+00
     vertex  2.930352e-01  9.545503e+00  4.900000e+00
     vertex  8.780021e-01  9.509554e+00  4.900000e+00
   endloop
 endfacet
 facet normal  0.000000e+00 -1.000000e+00 -8.362919e-05
   outer loop
     vertex -3.060926e-01  9.545093e+00  9.800000e+00
     vertex  2.930352e-01  9.545503e+00  4.900000e+00
     vertex  3.060926e-01  9.545093e+00  9.800000e+00
   endloop
 endfacet
 facet normal  0.000000e+00 -1.000000e+00 -8.362919e-05
   outer loop
     vertex -3.060926e-01  9.545093e+00  9.800000e+00
     vertex -2.930352e-01  9.545503e+00  4.900000e+00
     vertex  2.930352e-01  9.545503e+00  4.900000e+00
   endloop
 endfacet
 facet normal  6.133974e-02 -9.981169e-01  7.998390e-05
   outer loop
     vertex -3.060926e-01  9.545093e+00  9.800000e+00
     vertex -8.780021e-01  9.509554e+00  4.900000e+00
     vertex -2.930352e-01  9.545503e+00  4.900000e+00
   endloop
 endfacet
 facet normal  6.407022e-02 -9.979454e-01 -2.399516e-04
   outer loop
     vertex -9.170199e-01  9.505871e+00  9.800000e+00
     vertex -8.780021e-01  9.509554e+00  4.900000e+00
     vertex -3.060926e-01  9.545093e+00  9.800000e+00
   endloop
 endfacet
 facet normal  1.224485e-01 -9.924748e-01  2.290153e-04
   outer loop
     vertex -9.170199e-01  9.505871e+00  9.800000e+00
     vertex -1.459662e+00  9.437790e+00  4.900000e+00
     vertex -8.780021e-01  9.509554e+00  4.900000e+00
   endloop
 endfacet
 facet normal  1.278772e-01 -9.917899e-01 -3.816916e-04
   outer loop
     vertex -1.524179e+00  9.427586e+00  9.800000e+00
     vertex -1.459662e+00  9.437790e+00  4.900000e+00
     vertex -9.170199e-01  9.505871e+00  9.800000e+00
   endloop
 endfacet
 facet normal  1.830960e-01 -9.830950e-01  3.634638e-04
   outer loop
     vertex -1.524179e+00  9.427586e+00  9.800000e+00
     vertex -2.035825e+00  9.330483e+00  4.900000e+00
     vertex -1.459662e+00  9.437790e+00  4.900000e+00
   endloop
 endfacet
 facet normal  1.911586e-01 -9.815590e-01 -5.088483e-04
   outer loop
     vertex -2.125075e+00  9.310562e+00  9.800000e+00
     vertex -2.035825e+00  9.330483e+00  4.900000e+00
     vertex -1.524179e+00  9.427586e+00  9.800000e+00
   endloop
 endfacet
 facet normal  2.430540e-01 -9.700126e-01  4.833284e-04
   outer loop
     vertex -2.125075e+00  9.310562e+00  9.800000e+00
     vertex -2.604321e+00  9.188036e+00  4.900000e+00
     vertex -2.035825e+00  9.330483e+00  4.900000e+00
   endloop
 endfacet
 facet normal  3.020967e-01 -9.532771e-01  5.886082e-04
   outer loop
     vertex -2.717238e+00  9.155278e+00  9.800000e+00
     vertex -3.163009e+00  9.010986e+00  4.900000e+00
     vertex -2.604321e+00  9.188036e+00  4.900000e+00
   endloop
 endfacet
 facet normal  2.536545e-01 -9.672947e-01 -6.214206e-04
   outer loop
     vertex -2.717238e+00  9.155278e+00  9.800000e+00
     vertex -2.604321e+00  9.188036e+00  4.900000e+00
     vertex -2.125075e+00  9.310562e+00  9.800000e+00
   endloop
 endfacet
 facet normal  3.600015e-01 -9.329515e-01  6.793026e-04
   outer loop
     vertex -3.298236e+00  8.962373e+00  9.800000e+00
     vertex -3.709784e+00  8.800000e+00  4.900000e+00
     vertex -3.163009e+00  9.010986e+00  4.900000e+00
   endloop
 endfacet
 facet normal  3.151081e-01 -9.490555e-01 -7.194078e-04
   outer loop
     vertex -3.298236e+00  8.962373e+00  9.800000e+00
     vertex -3.163009e+00  9.010986e+00  4.900000e+00
     vertex -2.717238e+00  9.155278e+00  9.800000e+00
   endloop
 endfacet
 facet normal  4.005267e-01 -9.162851e-01  1.469944e-04
   outer loop
     vertex -3.865681e+00  8.732641e+00  9.800000e+00
     vertex -3.938591e+00  8.700000e+00  5.000000e+00
     vertex -3.709784e+00  8.800000e+00  4.900000e+00
   endloop
 endfacet
 facet normal  3.752669e-01 -9.269165e-01 -8.028090e-04
   outer loop
     vertex -3.865681e+00  8.732641e+00  9.800000e+00
     vertex -3.709784e+00  8.800000e+00  4.900000e+00
     vertex -3.298236e+00  8.962373e+00  9.800000e+00
   endloop
 endfacet
 facet normal  4.395799e-01 -8.982035e-01  2.383982e-04
   outer loop
     vertex -4.417241e+00  8.467023e+00  9.800000e+00
     vertex -4.453601e+00  8.447955e+00  5.000000e+00
     vertex -3.938591e+00  8.700000e+00  5.000000e+00
   endloop
 endfacet
 facet normal  4.338837e-01 -9.009688e-01 -4.638390e-04
   outer loop
     vertex -4.417241e+00  8.467023e+00  9.800000e+00
     vertex -3.938591e+00  8.700000e+00  5.000000e+00
     vertex -3.865681e+00  8.732641e+00  9.800000e+00
   endloop
 endfacet
 facet normal  4.926911e-01 -8.702043e-01  1.390088e-05
   outer loop
     vertex -4.950649e+00  8.166613e+00  9.800000e+00
     vertex -4.952557e+00  8.165456e+00  5.000000e+00
     vertex -4.453601e+00  8.447955e+00  5.000000e+00
   endloop
 endfacet
 facet normal  5.440262e-01 -8.390682e-01 -1.400945e-05
   outer loop
     vertex -4.950649e+00  8.166613e+00  9.800000e+00
     vertex -5.433660e+00  7.853524e+00  5.000000e+00
     vertex -4.952557e+00  8.165456e+00  5.000000e+00
   endloop
 endfacet
 facet normal  4.907175e-01 -8.713187e-01 -2.557784e-04
   outer loop
     vertex -4.950649e+00  8.166613e+00  9.800000e+00
     vertex -4.453601e+00  8.447955e+00  5.000000e+00
     vertex -4.417241e+00  8.467023e+00  9.800000e+00
   endloop
 endfacet
 facet normal  5.934002e-01 -8.049075e-01  2.142662e-04
   outer loop
     vertex -5.463714e+00  7.832645e+00  9.800000e+00
     vertex -5.895176e+00  7.513281e+00  5.000000e+00
     vertex -5.433660e+00  7.853524e+00  5.000000e+00
   endloop
 endfacet
 facet normal  5.455349e-01 -8.380881e-01 -2.297572e-04
   outer loop
     vertex -5.463714e+00  7.832645e+00  9.800000e+00
     vertex -5.433660e+00  7.853524e+00  5.000000e+00
     vertex -4.950649e+00  8.166613e+00  9.800000e+00
   endloop
 endfacet
 facet normal  6.406352e-01 -7.678453e-01  4.096680e-04
   outer loop
     vertex -5.954328e+00  7.466491e+00  9.800000e+00
     vertex -6.335442e+00  7.145955e+00  5.000000e+00
     vertex -5.895176e+00  7.513281e+00  5.000000e+00
   endloop
 endfacet
 facet normal  5.981105e-01 -8.014135e-01 -4.415964e-04
   outer loop
     vertex -5.954328e+00  7.466491e+00  9.800000e+00
     vertex -5.895176e+00  7.513281e+00  5.000000e+00
     vertex -5.463714e+00  7.832645e+00  9.800000e+00
   endloop
 endfacet
 facet normal  6.855608e-01 -7.280152e-01  5.721928e-04
   outer loop
     vertex -6.420474e+00  7.069655e+00  9.800000e+00
     vertex -6.752870e+00  6.752870e+00  5.000000e+00
     vertex -6.335442e+00  7.145955e+00  5.000000e+00
   endloop
 endfacet
 facet normal  6.482283e-01 -7.614458e-01 -6.205600e-04
   outer loop
     vertex -6.420474e+00  7.069655e+00  9.800000e+00
     vertex -6.335442e+00  7.145955e+00  5.000000e+00
     vertex -5.954328e+00  7.466491e+00  9.800000e+00
   endloop
 endfacet
 facet normal  7.280151e-01 -6.855607e-01  7.018377e-04
   outer loop
     vertex -6.860236e+00  6.643768e+00  9.800000e+00
     vertex -7.145955e+00  6.335442e+00  5.000000e+00
     vertex -6.752870e+00  6.752870e+00  5.000000e+00
   endloop
 endfacet
 facet normal  6.956823e-01 -7.183491e-01 -7.666451e-04
   outer loop
     vertex -6.860236e+00  6.643768e+00  9.800000e+00
     vertex -6.752870e+00  6.752870e+00  5.000000e+00
     vertex -6.420474e+00  7.069655e+00  9.800000e+00
   endloop
 endfacet
 facet normal  7.678451e-01 -6.406350e-01  7.986008e-04
   outer loop
     vertex -7.271809e+00  6.190581e+00  9.800000e+00
     vertex -7.513281e+00  5.895176e+00  5.000000e+00
     vertex -7.145955e+00  6.335442e+00  5.000000e+00
   endloop
 endfacet
 facet normal  7.402777e-01 -6.723006e-01 -8.798493e-04
   outer loop
     vertex -7.271809e+00  6.190581e+00  9.800000e+00
     vertex -7.145955e+00  6.335442e+00  5.000000e+00
     vertex -6.860236e+00  6.643768e+00  9.800000e+00
   endloop
 endfacet
 facet normal  8.049072e-01 -5.934000e-01  8.624804e-04
   outer loop
     vertex -7.653500e+00  5.711956e+00  9.800000e+00
     vertex -7.853524e+00  5.433660e+00  5.000000e+00
     vertex -7.513281e+00  5.895176e+00  5.000000e+00
   endloop
 endfacet
 facet normal  7.818311e-01 -6.234895e-01 -9.601708e-04
   outer loop
     vertex -7.653500e+00  5.711956e+00  9.800000e+00
     vertex -7.513281e+00  5.895176e+00  5.000000e+00
     vertex -7.271809e+00  6.190581e+00  9.800000e+00
   endloop
 endfacet
 facet normal  8.390679e-01 -5.440260e-01  8.934755e-04
   outer loop
     vertex -8.003741e+00  5.209858e+00  9.800000e+00
     vertex -8.165456e+00  4.952557e+00  5.000000e+00
     vertex -7.853524e+00  5.433660e+00  5.000000e+00
   endloop
 endfacet
 facet normal  8.201718e-01 -5.721164e-01 -1.007608e-03
   outer loop
     vertex -8.003741e+00  5.209858e+00  9.800000e+00
     vertex -7.853524e+00  5.433660e+00  5.000000e+00
     vertex -7.653500e+00  5.711956e+00  9.800000e+00
   endloop
 endfacet
 facet normal  8.702039e-01 -4.926909e-01  8.915856e-04
   outer loop
     vertex -8.321094e+00  4.686353e+00  9.800000e+00
     vertex -8.447955e+00  4.453601e+00  5.000000e+00
     vertex -8.165456e+00  4.952557e+00  5.000000e+00
   endloop
 endfacet
 facet normal  8.551423e-01 -5.183923e-01 -1.022161e-03
   outer loop
     vertex -8.321094e+00  4.686353e+00  9.800000e+00
     vertex -8.165456e+00  4.952557e+00  5.000000e+00
     vertex -8.003741e+00  5.209858e+00  9.800000e+00
   endloop
 endfacet
 facet normal  8.982032e-01 -4.395797e-01  8.568106e-04
   outer loop
     vertex -8.604253e+00  4.143590e+00  9.800000e+00
     vertex -8.700000e+00  3.938591e+00  5.000000e+00
     vertex -8.447955e+00  4.453601e+00  5.000000e+00
   endloop
 endfacet
 facet normal  8.865989e-01 -4.625381e-01 -1.003828e-03
   outer loop
     vertex -8.604253e+00  4.143590e+00  9.800000e+00
     vertex -8.447955e+00  4.453601e+00  5.000000e+00
     vertex -8.321094e+00  4.686353e+00  9.800000e+00
   endloop
 endfacet
 facet normal  9.163977e-01 -4.002686e-01 -5.560238e-04
   outer loop
     vertex -8.852055e+00  3.583800e+00  9.800000e+00
     vertex -8.800000e+00  3.709784e+00  4.900000e+00
     vertex -8.700000e+00  3.938591e+00  5.000000e+00
   endloop
 endfacet
 facet normal  9.329515e-01 -3.600015e-01  6.551465e-04
   outer loop
     vertex -8.852055e+00  3.583800e+00  9.800000e+00
     vertex -9.010986e+00  3.163009e+00  4.900000e+00
     vertex -8.800000e+00  3.709784e+00  4.900000e+00
   endloop
 endfacet
 facet normal  9.144122e-01 -4.047832e-01 -9.526112e-04
   outer loop
     vertex -8.852055e+00  3.583800e+00  9.800000e+00
     vertex -8.700000e+00  3.938591e+00  5.000000e+00
     vertex -8.604253e+00  4.143590e+00  9.800000e+00
   endloop
 endfacet
 facet normal  9.532770e-01 -3.020966e-01  7.353774e-04
   outer loop
     vertex -9.063482e+00  3.009283e+00  9.800000e+00
     vertex -9.188036e+00  2.604321e+00  4.900000e+00
     vertex -9.010986e+00  3.163009e+00  4.900000e+00
   endloop
 endfacet
 facet normal  9.384681e-01 -3.453649e-01 -7.807144e-04
   outer loop
     vertex -9.063482e+00  3.009283e+00  9.800000e+00
     vertex -9.010986e+00  3.163009e+00  4.900000e+00
     vertex -8.852055e+00  3.583800e+00  9.800000e+00
   endloop
 endfacet
 facet normal  9.586675e-01 -2.845275e-01 -8.536521e-04
   outer loop
     vertex -9.237666e+00  2.422401e+00  9.800000e+00
     vertex -9.188036e+00  2.604321e+00  4.900000e+00
     vertex -9.063482e+00  3.009283e+00  9.800000e+00
   endloop
 endfacet
 facet normal  9.700124e-01 -2.430540e-01  8.010218e-04
   outer loop
     vertex -9.237666e+00  2.422401e+00  9.800000e+00
     vertex -9.330483e+00  2.035825e+00  4.900000e+00
     vertex -9.188036e+00  2.604321e+00  4.900000e+00
   endloop
 endfacet
 facet normal  9.830947e-01 -1.830960e-01  8.520790e-04
   outer loop
     vertex -9.373890e+00  1.825565e+00  9.800000e+00
     vertex -9.437790e+00  1.459662e+00  4.900000e+00
     vertex -9.330483e+00  2.035825e+00  4.900000e+00
   endloop
 endfacet
 facet normal  9.749275e-01 -2.225208e-01 -9.120029e-04
   outer loop
     vertex -9.373890e+00  1.825565e+00  9.800000e+00
     vertex -9.330483e+00  2.035825e+00  4.900000e+00
     vertex -9.237666e+00  2.422401e+00  9.800000e+00
   endloop
 endfacet
 facet normal  9.871813e-01 -1.595998e-01 -9.557663e-04
   outer loop
     vertex -9.471595e+00  1.221227e+00  9.800000e+00
     vertex -9.437790e+00  1.459662e+00  4.900000e+00
     vertex -9.373890e+00  1.825565e+00  9.800000e+00
   endloop
 endfacet
 facet normal  9.924745e-01 -1.224484e-01  8.885486e-04
   outer loop
     vertex -9.471595e+00  1.221227e+00  9.800000e+00
     vertex -9.509554e+00  8.780021e-01  4.900000e+00
     vertex -9.437790e+00  1.459662e+00  4.900000e+00
   endloop
 endfacet
 facet normal  9.953786e-01 -9.602298e-02 -9.849422e-04
   outer loop
     vertex -9.530379e+00  6.118706e-01  9.800000e+00
     vertex -9.509554e+00  8.780021e-01  4.900000e+00
     vertex -9.471595e+00  1.221227e+00  9.800000e+00
   endloop
 endfacet
 facet normal  9.981165e-01 -6.133972e-02  9.104306e-04
   outer loop
     vertex -9.530379e+00  6.118706e-01  9.800000e+00
     vertex -9.545503e+00  2.930352e-01  4.900000e+00
     vertex -9.509554e+00  8.780021e-01  4.900000e+00
   endloop
 endfacet
 facet normal  9.994857e-01 -3.205156e-02 -9.995301e-04
   outer loop
     vertex -9.550000e+00 -2.427677e-14  9.800000e+00
     vertex -9.545503e+00  2.930352e-01  4.900000e+00
     vertex -9.530379e+00  6.118706e-01  9.800000e+00
   endloop
 endfacet
 facet normal  9.999996e-01  0.000000e+00  9.177246e-04
   outer loop
     vertex -9.550000e+00 -2.427677e-14  9.800000e+00
     vertex -9.545503e+00 -2.930352e-01  4.900000e+00
     vertex -9.545503e+00  2.930352e-01  4.900000e+00
   endloop
 endfacet
 facet normal  9.994857e-01  3.205156e-02 -9.995301e-04
   outer loop
     vertex -9.530379e+00 -6.118706e-01  9.800000e+00
     vertex -9.545503e+00 -2.930352e-01  4.900000e+00
     vertex -9.550000e+00 -2.427677e-14  9.800000e+00
   endloop
 endfacet
 facet normal  9.981165e-01  6.133972e-02  9.104306e-04
   outer loop
     vertex -9.530379e+00 -6.118706e-01  9.800000e+00
     vertex -9.509554e+00 -8.780021e-01  4.900000e+00
     vertex -9.545503e+00 -2.930352e-01  4.900000e+00
   endloop
 endfacet
 facet normal  9.953786e-01  9.602298e-02 -9.849422e-04
   outer loop
     vertex -9.471595e+00 -1.221227e+00  9.800000e+00
     vertex -9.509554e+00 -8.780021e-01  4.900000e+00
     vertex -9.530379e+00 -6.118706e-01  9.800000e+00
   endloop
 endfacet
 facet normal  9.924745e-01  1.224484e-01  8.885486e-04
   outer loop
     vertex -9.471595e+00 -1.221227e+00  9.800000e+00
     vertex -9.437790e+00 -1.459662e+00  4.900000e+00
     vertex -9.509554e+00 -8.780021e-01  4.900000e+00
   endloop
 endfacet
 facet normal  9.871813e-01  1.595998e-01 -9.557663e-04
   outer loop
     vertex -9.373890e+00 -1.825565e+00  9.800000e+00
     vertex -9.437790e+00 -1.459662e+00  4.900000e+00
     vertex -9.471595e+00 -1.221227e+00  9.800000e+00
   endloop
 endfacet
 facet normal  9.830947e-01  1.830960e-01  8.520790e-04
   outer loop
     vertex -9.373890e+00 -1.825565e+00  9.800000e+00
     vertex -9.330483e+00 -2.035825e+00  4.900000e+00
     vertex -9.437790e+00 -1.459662e+00  4.900000e+00
   endloop
 endfacet
 facet normal  9.749275e-01  2.225208e-01 -9.120029e-04
   outer loop
     vertex -9.237666e+00 -2.422401e+00  9.800000e+00
     vertex -9.330483e+00 -2.035825e+00  4.900000e+00
     vertex -9.373890e+00 -1.825565e+00  9.800000e+00
   endloop
 endfacet
 facet normal  9.700124e-01  2.430540e-01  8.010218e-04
   outer loop
     vertex -9.237666e+00 -2.422401e+00  9.800000e+00
     vertex -9.188036e+00 -2.604321e+00  4.900000e+00
     vertex -9.330483e+00 -2.035825e+00  4.900000e+00
   endloop
 endfacet
 facet normal  9.586675e-01  2.845275e-01 -8.536521e-04
   outer loop
     vertex -9.063482e+00 -3.009283e+00  9.800000e+00
     vertex -9.188036e+00 -2.604321e+00  4.900000e+00
     vertex -9.237666e+00 -2.422401e+00  9.800000e+00
   endloop
 endfacet
 facet normal  9.532770e-01  3.020966e-01  7.353774e-04
   outer loop
     vertex -9.063482e+00 -3.009283e+00  9.800000e+00
     vertex -9.010986e+00 -3.163009e+00  4.900000e+00
     vertex -9.188036e+00 -2.604321e+00  4.900000e+00
   endloop
 endfacet
 facet normal  9.384681e-01  3.453649e-01 -7.807144e-04
   outer loop
     vertex -8.852055e+00 -3.583800e+00  9.800000e+00
     vertex -9.010986e+00 -3.163009e+00  4.900000e+00
     vertex -9.063482e+00 -3.009283e+00  9.800000e+00
   endloop
 endfacet
 facet normal  9.329515e-01  3.600015e-01  6.551465e-04
   outer loop
     vertex -8.852055e+00 -3.583800e+00  9.800000e+00
     vertex -8.800000e+00 -3.709784e+00  4.900000e+00
     vertex -9.010986e+00 -3.163009e+00  4.900000e+00
   endloop
 endfacet
 facet normal  9.163977e-01  4.002686e-01 -5.560238e-04
   outer loop
     vertex -8.852055e+00 -3.583800e+00  9.800000e+00
     vertex -8.700000e+00 -3.938591e+00  5.000000e+00
     vertex -8.800000e+00 -3.709784e+00  4.900000e+00
   endloop
 endfacet
 facet normal  9.144122e-01  4.047832e-01 -9.526112e-04
   outer loop
     vertex -8.604253e+00 -4.143590e+00  9.800000e+00
     vertex -8.700000e+00 -3.938591e+00  5.000000e+00
     vertex -8.852055e+00 -3.583800e+00  9.800000e+00
   endloop
 endfacet
 facet normal  8.982032e-01  4.395797e-01  8.568106e-04
   outer loop
     vertex -8.604253e+00 -4.143590e+00  9.800000e+00
     vertex -8.447955e+00 -4.453601e+00  5.000000e+00
     vertex -8.700000e+00 -3.938591e+00  5.000000e+00
   endloop
 endfacet
 facet normal  8.865989e-01  4.625381e-01 -1.003828e-03
   outer loop
     vertex -8.321094e+00 -4.686353e+00  9.800000e+00
     vertex -8.447955e+00 -4.453601e+00  5.000000e+00
     vertex -8.604253e+00 -4.143590e+00  9.800000e+00
   endloop
 endfacet
 facet normal  8.702039e-01  4.926909e-01  8.915856e-04
   outer loop
     vertex -8.321094e+00 -4.686353e+00  9.800000e+00
     vertex -8.165456e+00 -4.952557e+00  5.000000e+00
     vertex -8.447955e+00 -4.453601e+00  5.000000e+00
   endloop
 endfacet
 facet normal  8.551423e-01  5.183923e-01 -1.022161e-03
   outer loop
     vertex -8.003741e+00 -5.209858e+00  9.800000e+00
     vertex -8.165456e+00 -4.952557e+00  5.000000e+00
     vertex -8.321094e+00 -4.686353e+00  9.800000e+00
   endloop
 endfacet
 facet normal  8.390679e-01  5.440260e-01  8.934755e-04
   outer loop
     vertex -8.003741e+00 -5.209858e+00  9.800000e+00
     vertex -7.853524e+00 -5.433660e+00  5.000000e+00
     vertex -8.165456e+00 -4.952557e+00  5.000000e+00
   endloop
 endfacet
 facet normal  8.201718e-01  5.721164e-01 -1.007608e-03
   outer loop
     vertex -7.653500e+00 -5.711956e+00  9.800000e+00
     vertex -7.853524e+00 -5.433660e+00  5.000000e+00
     vertex -8.003741e+00 -5.209858e+00  9.800000e+00
   endloop
 endfacet
 facet normal  8.049072e-01  5.934000e-01  8.624804e-04
   outer loop
     vertex -7.653500e+00 -5.711956e+00  9.800000e+00
     vertex -7.513281e+00 -5.895176e+00  5.000000e+00
     vertex -7.853524e+00 -5.433660e+00  5.000000e+00
   endloop
 endfacet
 facet normal  7.818311e-01  6.234895e-01 -9.601708e-04
   outer loop
     vertex -7.271809e+00 -6.190581e+00  9.800000e+00
     vertex -7.513281e+00 -5.895176e+00  5.000000e+00
     vertex -7.653500e+00 -5.711956e+00  9.800000e+00
   endloop
 endfacet
 facet normal  7.678451e-01  6.406350e-01  7.986008e-04
   outer loop
     vertex -7.271809e+00 -6.190581e+00  9.800000e+00
     vertex -7.145955e+00 -6.335442e+00  5.000000e+00
     vertex -7.513281e+00 -5.895176e+00  5.000000e+00
   endloop
 endfacet
 facet normal  7.280151e-01  6.855607e-01  7.018377e-04
   outer loop
     vertex -6.860236e+00 -6.643768e+00  9.800000e+00
     vertex -6.752870e+00 -6.752870e+00  5.000000e+00
     vertex -7.145955e+00 -6.335442e+00  5.000000e+00
   endloop
 endfacet
 facet normal  7.402777e-01  6.723006e-01 -8.798493e-04
   outer loop
     vertex -6.860236e+00 -6.643768e+00  9.800000e+00
     vertex -7.145955e+00 -6.335442e+00  5.000000e+00
     vertex -7.271809e+00 -6.190581e+00  9.800000e+00
   endloop
 endfacet
 facet normal  6.855608e-01  7.280152e-01  5.721928e-04
   outer loop
     vertex -6.420474e+00 -7.069655e+00  9.800000e+00
     vertex -6.335442e+00 -7.145955e+00  5.000000e+00
     vertex -6.752870e+00 -6.752870e+00  5.000000e+00
   endloop
 endfacet
 facet normal  6.956823e-01  7.183491e-01 -7.666451e-04
   outer loop
     vertex -6.420474e+00 -7.069655e+00  9.800000e+00
     vertex -6.752870e+00 -6.752870e+00  5.000000e+00
     vertex -6.860236e+00 -6.643768e+00  9.800000e+00
   endloop
 endfacet
 facet normal  6.406352e-01  7.678453e-01  4.096680e-04
   outer loop
     vertex -5.954328e+00 -7.466491e+00  9.800000e+00
     vertex -5.895176e+00 -7.513281e+00  5.000000e+00
     vertex -6.335442e+00 -7.145955e+00  5.000000e+00
   endloop
 endfacet
 facet normal  6.482283e-01  7.614458e-01 -6.205600e-04
   outer loop
     vertex -5.954328e+00 -7.466491e+00  9.800000e+00
     vertex -6.335442e+00 -7.145955e+00  5.000000e+00
     vertex -6.420474e+00 -7.069655e+00  9.800000e+00
   endloop
 endfacet
 facet normal  5.934002e-01  8.049075e-01  2.142662e-04
   outer loop
     vertex -5.463714e+00 -7.832645e+00  9.800000e+00
     vertex -5.433660e+00 -7.853524e+00  5.000000e+00
     vertex -5.895176e+00 -7.513281e+00  5.000000e+00
   endloop
 endfacet
 facet normal  5.981105e-01  8.014135e-01 -4.415964e-04
   outer loop
     vertex -5.463714e+00 -7.832645e+00  9.800000e+00
     vertex -5.895176e+00 -7.513281e+00  5.000000e+00
     vertex -5.954328e+00 -7.466491e+00  9.800000e+00
   endloop
 endfacet
 facet normal  5.440262e-01  8.390682e-01 -1.400945e-05
   outer loop
     vertex -4.950649e+00 -8.166613e+00  9.800000e+00
     vertex -4.952557e+00 -8.165456e+00  5.000000e+00
     vertex -5.433660e+00 -7.853524e+00  5.000000e+00
   endloop
 endfacet
 facet normal  4.926911e-01  8.702043e-01  1.390088e-05
   outer loop
     vertex -4.950649e+00 -8.166613e+00  9.800000e+00
     vertex -4.453601e+00 -8.447955e+00  5.000000e+00
     vertex -4.952557e+00 -8.165456e+00  5.000000e+00
   endloop
 endfacet
 facet normal  5.455349e-01  8.380881e-01 -2.297572e-04
   outer loop
     vertex -4.950649e+00 -8.166613e+00  9.800000e+00
     vertex -5.433660e+00 -7.853524e+00  5.000000e+00
     vertex -5.463714e+00 -7.832645e+00  9.800000e+00
   endloop
 endfacet
 facet normal  4.395799e-01  8.982035e-01  2.383982e-04
   outer loop
     vertex -4.417241e+00 -8.467023e+00  9.800000e+00
     vertex -3.938591e+00 -8.700000e+00  5.000000e+00
     vertex -4.453601e+00 -8.447955e+00  5.000000e+00
   endloop
 endfacet
 facet normal  4.907175e-01  8.713187e-01 -2.557784e-04
   outer loop
     vertex -4.417241e+00 -8.467023e+00  9.800000e+00
     vertex -4.453601e+00 -8.447955e+00  5.000000e+00
     vertex -4.950649e+00 -8.166613e+00  9.800000e+00
   endloop
 endfacet
 facet normal  4.005267e-01  9.162851e-01  1.469944e-04
   outer loop
     vertex -3.865681e+00 -8.732641e+00  9.800000e+00
     vertex -3.709784e+00 -8.800000e+00  4.900000e+00
     vertex -3.938591e+00 -8.700000e+00  5.000000e+00
   endloop
 endfacet
 facet normal  4.338837e-01  9.009688e-01 -4.638390e-04
   outer loop
     vertex -3.865681e+00 -8.732641e+00  9.800000e+00
     vertex -3.938591e+00 -8.700000e+00  5.000000e+00
     vertex -4.417241e+00 -8.467023e+00  9.800000e+00
   endloop
 endfacet
 facet normal  3.600015e-01  9.329515e-01  6.793026e-04
   outer loop
     vertex -3.298236e+00 -8.962373e+00  9.800000e+00
     vertex -3.163009e+00 -9.010986e+00  4.900000e+00
     vertex -3.709784e+00 -8.800000e+00  4.900000e+00
   endloop
 endfacet
 facet normal  3.752669e-01  9.269165e-01 -8.028090e-04
   outer loop
     vertex -3.298236e+00 -8.962373e+00  9.800000e+00
     vertex -3.709784e+00 -8.800000e+00  4.900000e+00
     vertex -3.865681e+00 -8.732641e+00  9.800000e+00
   endloop
 endfacet
 facet normal  3.151081e-01  9.490555e-01 -7.194078e-04
   outer loop
     vertex -2.717238e+00 -9.155278e+00  9.800000e+00
     vertex -3.163009e+00 -9.010986e+00  4.900000e+00
     vertex -3.298236e+00 -8.962373e+00  9.800000e+00
   endloop
 endfacet
 facet normal  3.020967e-01  9.532771e-01  5.886082e-04
   outer loop
     vertex -2.717238e+00 -9.155278e+00  9.800000e+00
     vertex -2.604321e+00 -9.188036e+00  4.900000e+00
     vertex -3.163009e+00 -9.010986e+00  4.900000e+00
   endloop
 endfacet
 facet normal  2.536545e-01  9.672947e-01 -6.214206e-04
   outer loop
     vertex -2.125075e+00 -9.310562e+00  9.800000e+00
     vertex -2.604321e+00 -9.188036e+00  4.900000e+00
     vertex -2.717238e+00 -9.155278e+00  9.800000e+00
   endloop
 endfacet
 facet normal  2.430540e-01  9.700126e-01  4.833284e-04
   outer loop
     vertex -2.125075e+00 -9.310562e+00  9.800000e+00
     vertex -2.035825e+00 -9.330483e+00  4.900000e+00
     vertex -2.604321e+00 -9.188036e+00  4.900000e+00
   endloop
 endfacet
 facet normal  1.911586e-01  9.815590e-01 -5.088483e-04
   outer loop
     vertex -1.524179e+00 -9.427586e+00  9.800000e+00
     vertex -2.035825e+00 -9.330483e+00  4.900000e+00
     vertex -2.125075e+00 -9.310562e+00  9.800000e+00
   endloop
 endfacet
 facet normal  1.830960e-01  9.830950e-01  3.634638e-04
   outer loop
     vertex -1.524179e+00 -9.427586e+00  9.800000e+00
     vertex -1.459662e+00 -9.437790e+00  4.900000e+00
     vertex -2.035825e+00 -9.330483e+00  4.900000e+00
   endloop
 endfacet
 facet normal  1.278772e-01  9.917899e-01 -3.816916e-04
   outer loop
     vertex -9.170199e-01 -9.505871e+00  9.800000e+00
     vertex -1.459662e+00 -9.437790e+00  4.900000e+00
     vertex -1.524179e+00 -9.427586e+00  9.800000e+00
   endloop
 endfacet
 facet normal  1.224485e-01  9.924748e-01  2.290153e-04
   outer loop
     vertex -9.170199e-01 -9.505871e+00  9.800000e+00
     vertex -8.780021e-01 -9.509554e+00  4.900000e+00
     vertex -1.459662e+00 -9.437790e+00  4.900000e+00
   endloop
 endfacet
 facet normal  6.407022e-02  9.979454e-01 -2.399516e-04
   outer loop
     vertex -3.060926e-01 -9.545093e+00  9.800000e+00
     vertex -8.780021e-01 -9.509554e+00  4.900000e+00
     vertex -9.170199e-01 -9.505871e+00  9.800000e+00
   endloop
 endfacet
 facet normal  6.133974e-02  9.981169e-01  7.998390e-05
   outer loop
     vertex -3.060926e-01 -9.545093e+00  9.800000e+00
     vertex -2.930352e-01 -9.545503e+00  4.900000e+00
     vertex -8.780021e-01 -9.509554e+00  4.900000e+00
   endloop
 endfacet
 facet normal -2.901666e-15  1.000000e+00 -8.362919e-05
   outer loop
     vertex  3.060926e-01 -9.545093e+00  9.800000e+00
     vertex -2.930352e-01 -9.545503e+00  4.900000e+00
     vertex -3.060926e-01 -9.545093e+00  9.800000e+00
   endloop
 endfacet
 facet normal  0.000000e+00  1.000000e+00 -8.362919e-05
   outer loop
     vertex  3.060926e-01 -9.545093e+00  9.800000e+00
     vertex  2.930352e-01 -9.545503e+00  4.900000e+00
     vertex -2.930352e-01 -9.545503e+00  4.900000e+00
   endloop
 endfacet
 facet normal -6.133974e-02  9.981169e-01  7.998390e-05
   outer loop
     vertex  3.060926e-01 -9.545093e+00  9.800000e+00
     vertex  8.780021e-01 -9.509554e+00  4.900000e+00
     vertex  2.930352e-01 -9.545503e+00  4.900000e+00
   endloop
 endfacet
 facet normal -6.407022e-02  9.979454e-01 -2.399516e-04
   outer loop
     vertex  9.170199e-01 -9.505871e+00  9.800000e+00
     vertex  8.780021e-01 -9.509554e+00  4.900000e+00
     vertex  3.060926e-01 -9.545093e+00  9.800000e+00
   endloop
 endfacet
 facet normal -1.224485e-01  9.924748e-01  2.290153e-04
   outer loop
     vertex  9.170199e-01 -9.505871e+00  9.800000e+00
     vertex  1.459662e+00 -9.437790e+00  4.900000e+00
     vertex  8.780021e-01 -9.509554e+00  4.900000e+00
   endloop
 endfacet
 facet normal -1.278772e-01  9.917899e-01 -3.816916e-04
   outer loop
     vertex  1.524179e+00 -9.427586e+00  9.800000e+00
     vertex  1.459662e+00 -9.437790e+00  4.900000e+00
     vertex  9.170199e-01 -9.505871e+00  9.800000e+00
   endloop
 endfacet
 facet normal -1.830960e-01  9.830950e-01  3.634638e-04
   outer loop
     vertex  1.524179e+00 -9.427586e+00  9.800000e+00
     vertex  2.035825e+00 -9.330483e+00  4.900000e+00
     vertex  1.459662e+00 -9.437790e+00  4.900000e+00
   endloop
 endfacet
 facet normal -1.911586e-01  9.815590e-01 -5.088483e-04
   outer loop
     vertex  2.125075e+00 -9.310562e+00  9.800000e+00
     vertex  2.035825e+00 -9.330483e+00  4.900000e+00
     vertex  1.524179e+00 -9.427586e+00  9.800000e+00
   endloop
 endfacet
 facet normal -2.430540e-01  9.700126e-01  4.833284e-04
   outer loop
     vertex  2.125075e+00 -9.310562e+00  9.800000e+00
     vertex  2.604321e+00 -9.188036e+00  4.900000e+00
     vertex  2.035825e+00 -9.330483e+00  4.900000e+00
   endloop
 endfacet
 facet normal -2.536545e-01  9.672947e-01 -6.214206e-04
   outer loop
     vertex  2.717238e+00 -9.155278e+00  9.800000e+00
     vertex  2.604321e+00 -9.188036e+00  4.900000e+00
     vertex  2.125075e+00 -9.310562e+00  9.800000e+00
   endloop
 endfacet
 facet normal -3.020967e-01  9.532771e-01  5.886082e-04
   outer loop
     vertex  2.717238e+00 -9.155278e+00  9.800000e+00
     vertex  3.163009e+00 -9.010986e+00  4.900000e+00
     vertex  2.604321e+00 -9.188036e+00  4.900000e+00
   endloop
 endfacet
 facet normal -3.151081e-01  9.490555e-01 -7.194078e-04
   outer loop
     vertex  3.298236e+00 -8.962373e+00  9.800000e+00
     vertex  3.163009e+00 -9.010986e+00  4.900000e+00
     vertex  2.717238e+00 -9.155278e+00  9.800000e+00
   endloop
 endfacet
 facet normal -3.600015e-01  9.329515e-01  6.793026e-04
   outer loop
     vertex  3.298236e+00 -8.962373e+00  9.800000e+00
     vertex  3.709784e+00 -8.800000e+00  4.900000e+00
     vertex  3.163009e+00 -9.010986e+00  4.900000e+00
   endloop
 endfacet
 facet normal -3.752669e-01  9.269165e-01 -8.028090e-04
   outer loop
     vertex  3.865681e+00 -8.732641e+00  9.800000e+00
     vertex  3.709784e+00 -8.800000e+00  4.900000e+00
     vertex  3.298236e+00 -8.962373e+00  9.800000e+00
   endloop
 endfacet
 facet normal -4.005267e-01  9.162851e-01  1.469944e-04
   outer loop
     vertex  3.865681e+00 -8.732641e+00  9.800000e+00
     vertex  3.938591e+00 -8.700000e+00  5.000000e+00
     vertex  3.709784e+00 -8.800000e+00  4.900000e+00
   endloop
 endfacet
 facet normal -4.338837e-01  9.009688e-01 -4.638390e-04
   outer loop
     vertex  4.417241e+00 -8.467023e+00  9.800000e+00
     vertex  3.938591e+00 -8.700000e+00  5.000000e+00
     vertex  3.865681e+00 -8.732641e+00  9.800000e+00
   endloop
 endfacet
 facet normal -4.395799e-01  8.982035e-01  2.383982e-04
   outer loop
     vertex  4.417241e+00 -8.467023e+00  9.800000e+00
     vertex  4.453601e+00 -8.447955e+00  5.000000e+00
     vertex  3.938591e+00 -8.700000e+00  5.000000e+00
   endloop
 endfacet
 facet normal -4.907175e-01  8.713187e-01 -2.557784e-04
   outer loop
     vertex  4.950649e+00 -8.166613e+00  9.800000e+00
     vertex  4.453601e+00 -8.447955e+00  5.000000e+00
     vertex  4.417241e+00 -8.467023e+00  9.800000e+00
   endloop
 endfacet
 facet normal -4.926911e-01  8.702043e-01  1.390088e-05
   outer loop
     vertex  4.950649e+00 -8.166613e+00  9.800000e+00
     vertex  4.952557e+00 -8.165456e+00  5.000000e+00
     vertex  4.453601e+00 -8.447955e+00  5.000000e+00
   endloop
 endfacet
 facet normal -5.440262e-01  8.390682e-01 -1.400945e-05
   outer loop
     vertex  4.950649e+00 -8.166613e+00  9.800000e+00
     vertex  5.433660e+00 -7.853524e+00  5.000000e+00
     vertex  4.952557e+00 -8.165456e+00  5.000000e+00
   endloop
 endfacet
 facet normal -5.455349e-01  8.380881e-01 -2.297572e-04
   outer loop
     vertex  5.463714e+00 -7.832645e+00  9.800000e+00
     vertex  5.433660e+00 -7.853524e+00  5.000000e+00
     vertex  4.950649e+00 -8.166613e+00  9.800000e+00
   endloop
 endfacet
 facet normal -5.934002e-01  8.049075e-01  2.142662e-04
   outer loop
     vertex  5.463714e+00 -7.832645e+00  9.800000e+00
     vertex  5.895176e+00 -7.513281e+00  5.000000e+00
     vertex  5.433660e+00 -7.853524e+00  5.000000e+00
   endloop
 endfacet
 facet normal -5.981105e-01  8.014135e-01 -4.415964e-04
   outer loop
     vertex  5.954328e+00 -7.466491e+00  9.800000e+00
     vertex  5.895176e+00 -7.513281e+00  5.000000e+00
     vertex  5.463714e+00 -7.832645e+00  9.800000e+00
   endloop
 endfacet
 facet normal -6.406352e-01  7.678453e-01  4.096680e-04
   outer loop
     vertex  5.954328e+00 -7.466491e+00  9.800000e+00
     vertex  6.335442e+00 -7.145955e+00  5.000000e+00
     vertex  5.895176e+00 -7.513281e+00  5.000000e+00
   endloop
 endfacet
 facet normal -6.482283e-01  7.614458e-01 -6.205600e-04
   outer loop
     vertex  6.420474e+00 -7.069655e+00  9.800000e+00
     vertex  6.335442e+00 -7.145955e+00  5.000000e+00
     vertex  5.954328e+00 -7.466491e+00  9.800000e+00
   endloop
 endfacet
 facet normal -6.855608e-01  7.280152e-01  5.721928e-04
   outer loop
     vertex  6.420474e+00 -7.069655e+00  9.800000e+00
     vertex  6.752870e+00 -6.752870e+00  5.000000e+00
     vertex  6.335442e+00 -7.145955e+00  5.000000e+00
   endloop
 endfacet
 facet normal -6.956823e-01  7.183491e-01 -7.666451e-04
   outer loop
     vertex  6.860236e+00 -6.643768e+00  9.800000e+00
     vertex  6.752870e+00 -6.752870e+00  5.000000e+00
     vertex  6.420474e+00 -7.069655e+00  9.800000e+00
   endloop
 endfacet
 facet normal -7.280151e-01  6.855607e-01  7.018377e-04
   outer loop
     vertex  6.860236e+00 -6.643768e+00  9.800000e+00
     vertex  7.145955e+00 -6.335442e+00  5.000000e+00
     vertex  6.752870e+00 -6.752870e+00  5.000000e+00
   endloop
 endfacet
 facet normal -7.402777e-01  6.723006e-01 -8.798493e-04
   outer loop
     vertex  7.271809e+00 -6.190581e+00  9.800000e+00
     vertex  7.145955e+00 -6.335442e+00  5.000000e+00
     vertex  6.860236e+00 -6.643768e+00  9.800000e+00
   endloop
 endfacet
 facet normal -7.678451e-01  6.406350e-01  7.986008e-04
   outer loop
     vertex  7.271809e+00 -6.190581e+00  9.800000e+00
     vertex  7.513281e+00 -5.895176e+00  5.000000e+00
     vertex  7.145955e+00 -6.335442e+00  5.000000e+00
   endloop
 endfacet
 facet normal -7.818311e-01  6.234895e-01 -9.601708e-04
   outer loop
     vertex  7.653500e+00 -5.711956e+00  9.800000e+00
     vertex  7.513281e+00 -5.895176e+00  5.000000e+00
     vertex  7.271809e+00 -6.190581e+00  9.800000e+00
   endloop
 endfacet
 facet normal -8.049072e-01  5.934000e-01  8.624804e-04
   outer loop
     vertex  7.653500e+00 -5.711956e+00  9.800000e+00
     vertex  7.853524e+00 -5.433660e+00  5.000000e+00
     vertex  7.513281e+00 -5.895176e+00  5.000000e+00
   endloop
 endfacet
 facet normal -8.201718e-01  5.721164e-01 -1.007608e-03
   outer loop
     vertex  8.003741e+00 -5.209858e+00  9.800000e+00
     vertex  7.853524e+00 -5.433660e+00  5.000000e+00
     vertex  7.653500e+00 -5.711956e+00  9.800000e+00
   endloop
 endfacet
 facet normal -8.390679e-01  5.440260e-01  8.934755e-04
   outer loop
     vertex  8.003741e+00 -5.209858e+00  9.800000e+00
     vertex  8.165456e+00 -4.952557e+00  5.000000e+00
     vertex  7.853524e+00 -5.433660e+00  5.000000e+00
   endloop
 endfacet
 facet normal -8.551423e-01  5.183923e-01 -1.022161e-03
   outer loop
     vertex  8.321094e+00 -4.686353e+00  9.800000e+00
     vertex  8.165456e+00 -4.952557e+00  5.000000e+00
     vertex  8.003741e+00 -5.209858e+00  9.800000e+00
   endloop
 endfacet
 facet normal -8.702039e-01  4.926909e-01  8.915856e-04
   outer loop
     vertex  8.321094e+00 -4.686353e+00  9.800000e+00
     vertex  8.447955e+00 -4.453601e+00  5.000000e+00
     vertex  8.165456e+00 -4.952557e+00  5.000000e+00
   endloop
 endfacet
 facet normal -8.865989e-01  4.625381e-01 -1.003828e-03
   outer loop
     vertex  8.604253e+00 -4.143590e+00  9.800000e+00
     vertex  8.447955e+00 -4.453601e+00  5.000000e+00
     vertex  8.321094e+00 -4.686353e+00  9.800000e+00
   endloop
 endfacet
 facet normal -8.982032e-01  4.395797e-01  8.568106e-04
   outer loop
     vertex  8.604253e+00 -4.143590e+00  9.800000e+00
     vertex  8.700000e+00 -3.938591e+00  5.000000e+00
     vertex  8.447955e+00 -4.453601e+00  5.000000e+00
   endloop
 endfacet
 facet normal -9.163977e-01  4.002686e-01 -5.560238e-04
   outer loop
     vertex  8.852055e+00 -3.583800e+00  9.800000e+00
     vertex  8.800000e+00 -3.709784e+00  4.900000e+00
     vertex  8.700000e+00 -3.938591e+00  5.000000e+00
   endloop
 endfacet
 facet normal -9.321601e-01  3.620458e-01  5.941795e-04
   outer loop
     vertex  8.852055e+00 -3.583800e+00  9.800000e+00
     vertex  8.997033e+00 -3.202484e+00  4.900000e+00
     vertex  8.800000e+00 -3.709784e+00  4.900000e+00
   endloop
 endfacet
 facet normal -9.144122e-01  4.047832e-01 -9.526112e-04
   outer loop
     vertex  8.852055e+00 -3.583800e+00  9.800000e+00
     vertex  8.700000e+00 -3.938591e+00  5.000000e+00
     vertex  8.604253e+00 -4.143590e+00  9.800000e+00
   endloop
 endfacet
 facet normal -9.512698e-01  3.083590e-01  7.421456e-04
   outer loop
     vertex  9.063482e+00 -3.009283e+00  9.800000e+00
     vertex  9.164848e+00 -2.684784e+00  4.900000e+00
     vertex  8.997033e+00 -3.202484e+00  4.900000e+00
   endloop
 endfacet
 facet normal -9.384680e-01  3.453649e-01 -8.905540e-04
   outer loop
     vertex  9.063482e+00 -3.009283e+00  9.800000e+00
     vertex  8.997033e+00 -3.202484e+00  4.900000e+00
     vertex  8.852055e+00 -3.583800e+00  9.800000e+00
   endloop
 endfacet
 facet normal -9.672903e-01  2.536709e-01  7.913117e-04
   outer loop
     vertex  9.237666e+00 -2.422401e+00  9.800000e+00
     vertex  9.302901e+00 -2.158365e+00  4.900000e+00
     vertex  9.164848e+00 -2.684784e+00  4.900000e+00
   endloop
 endfacet
 facet normal -9.586674e-01  2.845274e-01 -9.891206e-04
   outer loop
     vertex  9.237666e+00 -2.422401e+00  9.800000e+00
     vertex  9.164848e+00 -2.684784e+00  4.900000e+00
     vertex  9.063482e+00 -3.009283e+00  9.800000e+00
   endloop
 endfacet
 facet normal -9.801696e-01  1.981590e-01  7.416752e-04
   outer loop
     vertex  9.373890e+00 -1.825565e+00  9.800000e+00
     vertex  9.410743e+00 -1.624937e+00  4.900000e+00
     vertex  9.302901e+00 -2.158365e+00  4.900000e+00
   endloop
 endfacet
 facet normal -9.749274e-01  2.225208e-01 -9.888854e-04
   outer loop
     vertex  9.373890e+00 -1.825565e+00  9.800000e+00
     vertex  9.302901e+00 -2.158365e+00  4.900000e+00
     vertex  9.237666e+00 -2.422401e+00  9.800000e+00
   endloop
 endfacet
 facet normal -9.898660e-01  1.420036e-01  5.932386e-04
   outer loop
     vertex  9.471595e+00 -1.221227e+00  9.800000e+00
     vertex  9.488024e+00 -1.086232e+00  4.900000e+00
     vertex  9.410743e+00 -1.624937e+00  4.900000e+00
   endloop
 endfacet
 facet normal -9.871814e-01  1.595998e-01 -8.898483e-04
   outer loop
     vertex  9.471595e+00 -1.221227e+00  9.800000e+00
     vertex  9.410743e+00 -1.624937e+00  4.900000e+00
     vertex  9.373890e+00 -1.825565e+00  9.800000e+00
   endloop
 endfacet
 facet normal -9.963478e-01  8.538706e-02  3.460094e-04
   outer loop
     vertex  9.530379e+00 -6.118706e-01  9.800000e+00
     vertex  9.534493e+00 -5.439991e-01  4.900000e+00
     vertex  9.488024e+00 -1.086232e+00  4.900000e+00
   endloop
 endfacet
 facet normal -9.953789e-01  9.602300e-02 -6.920142e-04
   outer loop
     vertex  9.530379e+00 -6.118706e-01  9.800000e+00
     vertex  9.488024e+00 -1.086232e+00  4.900000e+00
     vertex  9.471595e+00 -1.221227e+00  9.800000e+00
   endloop
 endfacet
 facet normal -9.995940e-01  2.849320e-02  0.000000e+00
   outer loop
     vertex  9.550000e+00 -2.339075e-15  9.800000e+00
     vertex  9.550000e+00 -2.339075e-15  4.900000e+00
     vertex  9.534493e+00 -5.439991e-01  4.900000e+00
   endloop
 endfacet
 facet normal -9.994861e-01  3.205158e-02 -3.953931e-04
   outer loop
     vertex  9.550000e+00 -2.339075e-15  9.800000e+00
     vertex  9.534493e+00 -5.439991e-01  4.900000e+00
     vertex  9.530379e+00 -6.118706e-01  9.800000e+00
   endloop
 endfacet
 facet normal  0.000000e+00  0.000000e+00  1.000000e+00
   outer loop
     vertex  8.800000e+00  3.709784e+00  4.900000e+00
     vertex  8.800000e+00 -3.709784e+00  4.900000e+00
     vertex  8.997033e+00 -3.202484e+00  4.900000e+00
   endloop
 endfacet
 facet normal  0.000000e+00  0.000000e+00  1.000000e+00
   outer loop
     vertex  8.800000e+00  3.709784e+00  4.900000e+00
     vertex  8.997033e+00 -3.202484e+00  4.900000e+00
     vertex  9.164848e+00 -2.684784e+00  4.900000e+00
   endloop
 endfacet
 facet normal  0.000000e+00  0.000000e+00  1.000000e+00
   outer loop
     vertex  8.800000e+00  3.709784e+00  4.900000e+00
     vertex  9.164848e+00 -2.684784e+00  4.900000e+00
     vertex  9.302901e+00 -2.158365e+00  4.900000e+00
   endloop
 endfacet
 facet normal  0.000000e+00  0.000000e+00  1.000000e+00
   outer loop
     vertex  8.800000e+00  3.709784e+00  4.900000e+00
     vertex  9.302901e+00 -2.158365e+00  4.900000e+00
     vertex  9.410743e+00 -1.624937e+00  4.900000e+00
   endloop
 endfacet
 facet normal  0.000000e+00  0.000000e+00  1.000000e+00
   outer loop
     vertex  8.800000e+00  3.709784e+00  4.900000e+00
     vertex  9.410743e+00 -1.624937e+00  4.900000e+00
     vertex  8.997033e+00  3.202484e+00  4.900000e+00
   endloop
 endfacet
 facet normal  0.000000e+00  0.000000e+00  1.000000e+00
   outer loop
     vertex  8.997033e+00  3.202484e+00  4.900000e+00
     vertex  9.410743e+00 -1.624937e+00  4.900000e+00
     vertex  9.488024e+00 -1.086232e+00  4.900000e+00
   endloop
 endfacet
 facet normal  0.000000e+00  0.000000e+00  1.000000e+00
   outer loop
     vertex  8.997033e+00  3.202484e+00  4.900000e+00
     vertex  9.488024e+00 -1.086232e+00  4.900000e+00
     vertex  9.534493e+00 -5.439991e-01  4.900000e+00
   endloop
 endfacet
 facet normal  0.000000e+00  0.000000e+00  1.000000e+00
   outer loop
     vertex  8.997033e+00  3.202484e+00  4.900000e+00
     vertex  9.534493e+00 -5.439991e-01  4.900000e+00
     vertex  9.164848e+00  2.684784e+00  4.900000e+00
   endloop
 endfacet
 facet normal  0.000000e+00  0.000000e+00  1.000000e+00
   outer loop
     vertex  9.164848e+00  2.684784e+00  4.900000e+00
     vertex  9.534493e+00 -5.439991e-01  4.900000e+00
     vertex  9.302901e+00  2.158365e+00  4.900000e+00
   endloop
 endfacet
 facet normal  0.000000e+00  0.000000e+00  1.000000e+00
   outer loop
     vertex  9.302901e+00  2.158365e+00  4.900000e+00
     vertex  9.534493e+00 -5.439991e-01  4.900000e+00
     vertex  9.410743e+00  1.624937e+00  4.900000e+00
   endloop
 endfacet
 facet normal  0.000000e+00  0.000000e+00  1.000000e+00
   outer loop
     vertex  9.410743e+00  1.624937e+00  4.900000e+00
     vertex  9.534493e+00 -5.439991e-01  4.900000e+00
     vertex  9.488024e+00  1.086232e+00  4.900000e+00
   endloop
 endfacet
 facet normal  0.000000e+00  0.000000e+00  1.000000e+00
   outer loop
     vertex  9.488024e+00  1.086232e+00  4.900000e+00
     vertex  9.534493e+00 -5.439991e-01  4.900000e+00
     vertex  9.534493e+00  5.439991e-01  4.900000e+00
   endloop
 endfacet
 facet normal  0.000000e+00  0.000000e+00  1.000000e+00
   outer loop
     vertex  9.534493e+00  5.439991e-01  4.900000e+00
     vertex  9.534493e+00 -5.439991e-01  4.900000e+00
     vertex  9.550000e+00 -2.339075e-15  4.900000e+00
   endloop
 endfacet
 facet normal  0.000000e+00  0.000000e+00 -1.000000e+00
   outer loop
     vertex  6.752870e+00 -6.752870e+00  5.000000e+00
     vertex  7.945263e+00 -7.667974e+00  5.000000e+00
     vertex  7.792893e+00 -7.792893e+00  5.000000e+00
   endloop
 endfacet
 facet normal  0.000000e+00  0.000000e+00 -1.000000e+00
   outer loop
     vertex  6.752870e+00 -6.752870e+00  5.000000e+00
     vertex  7.792893e+00 -7.792893e+00  5.000000e+00
     vertex  7.667974e+00 -7.945263e+00  5.000000e+00
   endloop
 endfacet
 facet normal  0.000000e+00  0.000000e+00 -1.000000e+00
   outer loop
     vertex  7.145955e+00 -6.335442e+00  5.000000e+00
     vertex  8.307858e+00 -7.518633e+00  5.000000e+00
     vertex  8.119168e+00 -7.575356e+00  5.000000e+00
   endloop
 endfacet
 facet normal  0.000000e+00  0.000000e+00 -1.000000e+00
   outer loop
     vertex  7.145955e+00 -6.335442e+00  5.000000e+00
     vertex  8.119168e+00 -7.575356e+00  5.000000e+00
     vertex  7.945263e+00 -7.667974e+00  5.000000e+00
   endloop
 endfacet
 facet normal  0.000000e+00 -0.000000e+00 -1.000000e+00
   outer loop
     vertex  7.145955e+00 -6.335442e+00  5.000000e+00
     vertex  7.945263e+00 -7.667974e+00  5.000000e+00
     vertex  6.752870e+00 -6.752870e+00  5.000000e+00
   endloop
 endfacet
 facet normal  0.000000e+00  0.000000e+00 -1.000000e+00
   outer loop
     vertex  6.335442e+00 -7.145955e+00  5.000000e+00
     vertex  7.667974e+00 -7.945263e+00  5.000000e+00
     vertex  7.575356e+00 -8.119168e+00  5.000000e+00
   endloop
 endfacet
 facet normal  0.000000e+00  0.000000e+00 -1.000000e+00
   outer loop
     vertex  6.335442e+00 -7.145955e+00  5.000000e+00
     vertex  7.575356e+00 -8.119168e+00  5.000000e+00
     vertex  7.518633e+00 -8.307858e+00  5.000000e+00
   endloop
 endfacet
 facet normal  0.000000e+00  0.000000e+00 -1.000000e+00
   outer loop
     vertex  6.335442e+00 -7.145955e+00  5.000000e+00
     vertex  6.752870e+00 -6.752870e+00  5.000000e+00
     vertex  7.667974e+00 -7.945263e+00  5.000000e+00
   endloop
 endfacet
 facet normal  0.000000e+00  0.000000e+00 -1.000000e+00
   outer loop
     vertex  7.513281e+00 -5.895176e+00  5.000000e+00
     vertex  8.504007e+00 -7.500008e+00  5.000000e+00
     vertex  8.307858e+00 -7.518633e+00  5.000000e+00
   endloop
 endfacet
 facet normal  0.000000e+00 -0.000000e+00 -1.000000e+00
   outer loop
     vertex  7.513281e+00 -5.895176e+00  5.000000e+00
     vertex  8.307858e+00 -7.518633e+00  5.000000e+00
     vertex  7.145955e+00 -6.335442e+00  5.000000e+00
   endloop
 endfacet
 facet normal  0.000000e+00  0.000000e+00 -1.000000e+00
   outer loop
     vertex  5.895176e+00 -7.513281e+00  5.000000e+00
     vertex  7.518633e+00 -8.307858e+00  5.000000e+00
     vertex  7.500008e+00 -8.504007e+00  5.000000e+00
   endloop
 endfacet
 facet normal  0.000000e+00  0.000000e+00 -1.000000e+00
   outer loop
     vertex  5.895176e+00 -7.513281e+00  5.000000e+00
     vertex  6.335442e+00 -7.145955e+00  5.000000e+00
     vertex  7.518633e+00 -8.307858e+00  5.000000e+00
   endloop
 endfacet
 facet normal  0.000000e+00  0.000000e+00 -1.000000e+00
   outer loop
     vertex  7.853524e+00 -5.433660e+00  5.000000e+00
     vertex  8.700000e+00 -7.520204e+00  5.000000e+00
     vertex  8.504007e+00 -7.500008e+00  5.000000e+00
   endloop
 endfacet
 facet normal  0.000000e+00 -0.000000e+00 -1.000000e+00
   outer loop
     vertex  7.853524e+00 -5.433660e+00  5.000000e+00
     vertex  8.504007e+00 -7.500008e+00  5.000000e+00
     vertex  7.513281e+00 -5.895176e+00  5.000000e+00
   endloop
 endfacet
 facet normal  0.000000e+00  0.000000e+00 -1.000000e+00
   outer loop
     vertex  5.433660e+00 -7.853524e+00  5.000000e+00
     vertex  7.500008e+00 -8.504007e+00  5.000000e+00
     vertex  7.520204e+00 -8.700000e+00  5.000000e+00
   endloop
 endfacet
 facet normal  0.000000e+00  0.000000e+00 -1.000000e+00
   outer loop
     vertex  5.433660e+00 -7.853524e+00  5.000000e+00
     vertex  5.895176e+00 -7.513281e+00  5.000000e+00
     vertex  7.500008e+00 -8.504007e+00  5.000000e+00
   endloop
 endfacet
 facet normal  0.000000e+00 -0.000000e+00 -1.000000e+00
   outer loop
     vertex  8.165456e+00 -4.952557e+00  5.000000e+00
     vertex  8.700000e+00 -7.520204e+00  5.000000e+00
     vertex  7.853524e+00 -5.433660e+00  5.000000e+00
   endloop
 endfacet
 facet normal  0.000000e+00  0.000000e+00 -1.000000e+00
   outer loop
     vertex  4.952557e+00 -8.165456e+00  5.000000e+00
     vertex  5.433660e+00 -7.853524e+00  5.000000e+00
     vertex  7.520204e+00 -8.700000e+00  5.000000e+00
   endloop
 endfacet
 facet normal  0.000000e+00 -0.000000e+00 -1.000000e+00
   outer loop
     vertex  8.447955e+00 -4.453601e+00  5.000000e+00
     vertex  8.700000e+00 -7.520204e+00  5.000000e+00
     vertex  8.165456e+00 -4.952557e+00  5.000000e+00
   endloop
 endfacet
 facet normal  0.000000e+00  0.000000e+00 -1.000000e+00
   outer loop
     vertex  4.453601e+00 -8.447955e+00  5.000000e+00
     vertex  4.952557e+00 -8.165456e+00  5.000000e+00
     vertex  7.520204e+00 -8.700000e+00  5.000000e+00
   endloop
 endfacet
 facet normal  0.000000e+00 -0.000000e+00 -1.000000e+00
   outer loop
     vertex  8.700000e+00 -3.938591e+00  5.000000e+00
     vertex  8.700000e+00 -7.520204e+00  5.000000e+00
     vertex  8.447955e+00 -4.453601e+00  5.000000e+00
   endloop
 endfacet
 facet normal  0.000000e+00  0.000000e+00 -1.000000e+00
   outer loop
     vertex  3.938591e+00 -8.700000e+00  5.000000e+00
     vertex  4.453601e+00 -8.447955e+00  5.000000e+00
     vertex  7.520204e+00 -8.700000e+00  5.000000e+00
   endloop
 endfacet
 facet normal -9.988749e-01 -4.742262e-02 -0.000000e+00
   outer loop
     vertex  9.500000e+00 -8.500000e+00  9.800000e+00
     vertex  9.495502e+00 -8.405261e+00  4.204498e+00
     vertex  9.500000e+00 -8.500000e+00  4.200000e+00
   endloop
 endfacet
 facet normal -9.644226e-01 -2.643652e-01  8.783128e-05
   outer loop
     vertex  9.480785e+00 -8.304910e+00  9.800000e+00
     vertex  9.440980e+00 -8.161537e+00  4.259020e+00
     vertex  9.482049e+00 -8.311375e+00  4.217951e+00
   endloop
 endfacet
 facet normal -9.898906e-01 -1.418329e-01 -5.986061e-05
   outer loop
     vertex  9.480785e+00 -8.304910e+00  9.800000e+00
     vertex  9.482049e+00 -8.311375e+00  4.217951e+00
     vertex  9.495502e+00 -8.405261e+00  4.204498e+00
   endloop
 endfacet
 facet normal -9.951844e-01 -9.801710e-02 -8.595916e-04
   outer loop
     vertex  9.480785e+00 -8.304910e+00  9.800000e+00
     vertex  9.495502e+00 -8.405261e+00  4.204498e+00
     vertex  9.500000e+00 -8.500000e+00  9.800000e+00
   endloop
 endfacet
 facet normal -9.109374e-01 -4.125443e-01  4.810860e-04
   outer loop
     vertex  9.423880e+00 -8.117317e+00  9.800000e+00
     vertex  9.375266e+00 -8.016358e+00  4.324734e+00
     vertex  9.440980e+00 -8.161537e+00  4.259020e+00
   endloop
 endfacet
 facet normal -9.569401e-01 -2.902846e-01 -6.365872e-04
   outer loop
     vertex  9.423880e+00 -8.117317e+00  9.800000e+00
     vertex  9.440980e+00 -8.161537e+00  4.259020e+00
     vertex  9.480785e+00 -8.304910e+00  9.800000e+00
   endloop
 endfacet
 facet normal -8.324675e-01 -5.540736e-01  6.199793e-04
   outer loop
     vertex  9.331470e+00 -7.944430e+00  9.800000e+00
     vertex  9.284441e+00 -7.879796e+00  4.415559e+00
     vertex  9.375266e+00 -8.016358e+00  4.324734e+00
   endloop
 endfacet
 facet normal -8.819209e-01 -4.713966e-01 -8.617214e-04
   outer loop
     vertex  9.331470e+00 -7.944430e+00  9.800000e+00
     vertex  9.375266e+00 -8.016358e+00  4.324734e+00
     vertex  9.423880e+00 -8.117317e+00  9.800000e+00
   endloop
 endfacet
 facet normal -7.290428e-01 -6.844679e-01  5.762113e-04
   outer loop
     vertex  9.207107e+00 -7.792893e+00  9.800000e+00
     vertex  9.168983e+00 -7.756722e+00  4.531017e+00
     vertex  9.284441e+00 -7.879796e+00  4.415559e+00
   endloop
 endfacet
 facet normal -7.730102e-01 -6.343930e-01 -8.634636e-04
   outer loop
     vertex  9.207107e+00 -7.792893e+00  9.800000e+00
     vertex  9.284441e+00 -7.879796e+00  4.415559e+00
     vertex  9.331470e+00 -7.944430e+00  9.800000e+00
   endloop
 endfacet
 facet normal -6.018883e-01 -7.985802e-01  4.111766e-04
   outer loop
     vertex  9.055570e+00 -7.668530e+00  9.800000e+00
     vertex  9.030800e+00 -7.652503e+00  4.669200e+00
     vertex  9.168983e+00 -7.756722e+00  4.531017e+00
   endloop
 endfacet
 facet normal -6.343931e-01 -7.730103e-01 -7.164641e-04
   outer loop
     vertex  9.055570e+00 -7.668530e+00  9.800000e+00
     vertex  9.168983e+00 -7.756722e+00  4.531017e+00
     vertex  9.207107e+00 -7.792893e+00  9.800000e+00
   endloop
 endfacet
 facet normal -2.870343e-01 -9.579203e-01 -2.347931e-04
   outer loop
     vertex  8.882683e+00 -7.576120e+00  9.800000e+00
     vertex  8.700000e+00 -7.520204e+00  5.000000e+00
     vertex  8.871339e+00 -7.571503e+00  4.828661e+00
   endloop
 endfacet
 facet normal -4.527214e-01 -8.916520e-01  2.048420e-04
   outer loop
     vertex  8.882683e+00 -7.576120e+00  9.800000e+00
     vertex  8.871339e+00 -7.571503e+00  4.828661e+00
     vertex  9.030800e+00 -7.652503e+00  4.669200e+00
   endloop
 endfacet
 facet normal -4.713967e-01 -8.819212e-01 -4.791430e-04
   outer loop
     vertex  8.882683e+00 -7.576120e+00  9.800000e+00
     vertex  9.030800e+00 -7.652503e+00  4.669200e+00
     vertex  9.055570e+00 -7.668530e+00  9.800000e+00
   endloop
 endfacet
 facet normal -2.902847e-01 -9.569403e-01 -9.967156e-05
   outer loop
     vertex  8.695090e+00 -7.519215e+00  9.800000e+00
     vertex  8.700000e+00 -7.520204e+00  5.000000e+00
     vertex  8.882683e+00 -7.576120e+00  9.800000e+00
   endloop
 endfacet
 facet normal -1.025020e-01 -9.947328e-01  1.001917e-04
   outer loop
     vertex  8.695090e+00 -7.519215e+00  9.800000e+00
     vertex  8.504007e+00 -7.500008e+00  5.000000e+00
     vertex  8.700000e+00 -7.520204e+00  5.000000e+00
   endloop
 endfacet
 facet normal -9.801714e-02 -9.951847e-01 -8.015342e-05
   outer loop
     vertex  8.500000e+00 -7.500000e+00  9.800000e+00
     vertex  8.504007e+00 -7.500008e+00  5.000000e+00
     vertex  8.695090e+00 -7.519215e+00  9.800000e+00
   endloop
 endfacet
 facet normal  9.452756e-02 -9.955222e-01  8.056955e-05
   outer loop
     vertex  8.500000e+00 -7.500000e+00  9.800000e+00
     vertex  8.307858e+00 -7.518633e+00  5.000000e+00
     vertex  8.504007e+00 -7.500008e+00  5.000000e+00
   endloop
 endfacet
 facet normal  9.801714e-02 -9.951847e-01 -6.042718e-05
   outer loop
     vertex  8.304910e+00 -7.519215e+00  9.800000e+00
     vertex  8.307858e+00 -7.518633e+00  5.000000e+00
     vertex  8.500000e+00 -7.500000e+00  9.800000e+00
   endloop
 endfacet
 facet normal  2.878874e-01 -9.576643e-01  6.073925e-05
   outer loop
     vertex  8.304910e+00 -7.519215e+00  9.800000e+00
     vertex  8.119168e+00 -7.575356e+00  5.000000e+00
     vertex  8.307858e+00 -7.518633e+00  5.000000e+00
   endloop
 endfacet
 facet normal  2.902847e-01 -9.569403e-01 -4.049284e-05
   outer loop
     vertex  8.117317e+00 -7.576120e+00  9.800000e+00
     vertex  8.119168e+00 -7.575356e+00  5.000000e+00
     vertex  8.304910e+00 -7.519215e+00  9.800000e+00
   endloop
 endfacet
 facet normal  4.700711e-01 -8.826285e-01  4.070089e-05
   outer loop
     vertex  8.117317e+00 -7.576120e+00  9.800000e+00
     vertex  7.945263e+00 -7.667974e+00  5.000000e+00
     vertex  8.119168e+00 -7.575356e+00  5.000000e+00
   endloop
 endfacet
 facet normal  4.713967e-01 -8.819213e-01 -2.035045e-05
   outer loop
     vertex  7.944430e+00 -7.668530e+00  9.800000e+00
     vertex  7.945263e+00 -7.667974e+00  5.000000e+00
     vertex  8.117317e+00 -7.576120e+00  9.800000e+00
   endloop
 endfacet
 facet normal  6.340061e-01 -7.733281e-01  2.045446e-05
   outer loop
     vertex  7.944430e+00 -7.668530e+00  9.800000e+00
     vertex  7.792893e+00 -7.792893e+00  5.000000e+00
     vertex  7.945263e+00 -7.667974e+00  5.000000e+00
   endloop
 endfacet
 facet normal  6.343933e-01 -7.730105e-01  1.430357e-16
   outer loop
     vertex  7.792893e+00 -7.792893e+00  9.800000e+00
     vertex  7.792893e+00 -7.792893e+00  5.000000e+00
     vertex  7.944430e+00 -7.668530e+00  9.800000e+00
   endloop
 endfacet
 facet normal  7.730105e-01 -6.343933e-01  1.179878e-16
   outer loop
     vertex  7.668530e+00 -7.944430e+00  9.800000e+00
     vertex  7.792893e+00 -7.792893e+00  5.000000e+00
     vertex  7.792893e+00 -7.792893e+00  9.800000e+00
   endloop
 endfacet
 facet normal  7.733281e-01 -6.340061e-01  2.045446e-05
   outer loop
     vertex  7.668530e+00 -7.944430e+00  9.800000e+00
     vertex  7.667974e+00 -7.945263e+00  5.000000e+00
     vertex  7.792893e+00 -7.792893e+00  5.000000e+00
   endloop
 endfacet
 facet normal  8.819213e-01 -4.713967e-01 -2.035045e-05
   outer loop
     vertex  7.576120e+00 -8.117317e+00  9.800000e+00
     vertex  7.667974e+00 -7.945263e+00  5.000000e+00
     vertex  7.668530e+00 -7.944430e+00  9.800000e+00
   endloop
 endfacet
 facet normal  8.826285e-01 -4.700711e-01  4.070089e-05
   outer loop
     vertex  7.576120e+00 -8.117317e+00  9.800000e+00
     vertex  7.575356e+00 -8.119168e+00  5.000000e+00
     vertex  7.667974e+00 -7.945263e+00  5.000000e+00
   endloop
 endfacet
 facet normal  9.569403e-01 -2.902847e-01 -4.049284e-05
   outer loop
     vertex  7.519215e+00 -8.304910e+00  9.800000e+00
     vertex  7.575356e+00 -8.119168e+00  5.000000e+00
     vertex  7.576120e+00 -8.117317e+00  9.800000e+00
   endloop
 endfacet
 facet normal  9.576643e-01 -2.878874e-01  6.073925e-05
   outer loop
     vertex  7.519215e+00 -8.304910e+00  9.800000e+00
     vertex  7.518633e+00 -8.307858e+00  5.000000e+00
     vertex  7.575356e+00 -8.119168e+00  5.000000e+00
   endloop
 endfacet
 facet normal  9.951847e-01 -9.801714e-02 -6.042718e-05
   outer loop
     vertex  7.500000e+00 -8.500000e+00  9.800000e+00
     vertex  7.518633e+00 -8.307858e+00  5.000000e+00
     vertex  7.519215e+00 -8.304910e+00  9.800000e+00
   endloop
 endfacet
 facet normal  9.955222e-01 -9.452756e-02  8.056955e-05
   outer loop
     vertex  7.500000e+00 -8.500000e+00  9.800000e+00
     vertex  7.500008e+00 -8.504007e+00  5.000000e+00
     vertex  7.518633e+00 -8.307858e+00  5.000000e+00
   endloop
 endfacet
 facet normal  9.951847e-01  9.801714e-02 -8.015342e-05
   outer loop
     vertex  7.519215e+00 -8.695090e+00  9.800000e+00
     vertex  7.500008e+00 -8.504007e+00  5.000000e+00
     vertex  7.500000e+00 -8.500000e+00  9.800000e+00
   endloop
 endfacet
 facet normal  9.947328e-01  1.025020e-01  1.001917e-04
   outer loop
     vertex  7.519215e+00 -8.695090e+00  9.800000e+00
     vertex  7.520204e+00 -8.700000e+00  5.000000e+00
     vertex  7.500008e+00 -8.504007e+00  5.000000e+00
   endloop
 endfacet
 facet normal  9.624410e-01  2.714911e-01 -7.931472e-05
   outer loop
     vertex  7.519215e+00 -8.695090e+00  9.800000e+00
     vertex  7.560071e+00 -8.841369e+00  4.858631e+00
     vertex  7.520204e+00 -8.700000e+00  5.000000e+00
   endloop
 endfacet
 facet normal  9.569401e-01  2.902846e-01 -6.811405e-04
   outer loop
     vertex  7.576120e+00 -8.882683e+00  9.800000e+00
     vertex  7.560071e+00 -8.841369e+00  4.858631e+00
     vertex  7.519215e+00 -8.695090e+00  9.800000e+00
   endloop
 endfacet
 facet normal  9.124907e-01  4.090971e-01  4.566088e-04
   outer loop
     vertex  7.576120e+00 -8.882683e+00  9.800000e+00
     vertex  7.620216e+00 -8.975374e+00  4.724626e+00
     vertex  7.560071e+00 -8.841369e+00  4.858631e+00
   endloop
 endfacet
 facet normal  8.819209e-01  4.713965e-01 -9.467440e-04
   outer loop
     vertex  7.668530e+00 -9.055570e+00  9.800000e+00
     vertex  7.620216e+00 -8.975374e+00  4.724626e+00
     vertex  7.576120e+00 -8.882683e+00  9.800000e+00
   endloop
 endfacet
 facet normal  8.313603e-01  5.557331e-01  8.671744e-04
   outer loop
     vertex  7.668530e+00 -9.055570e+00  9.800000e+00
     vertex  7.725291e+00 -9.132318e+00  4.567682e+00
     vertex  7.620216e+00 -8.975374e+00  4.724626e+00
   endloop
 endfacet
 facet normal  7.730101e-01  6.343930e-01 -9.196070e-04
   outer loop
     vertex  7.792893e+00 -9.207107e+00  9.800000e+00
     vertex  7.725291e+00 -9.132318e+00  4.567682e+00
     vertex  7.668530e+00 -9.055570e+00  9.800000e+00
   endloop
 endfacet
 facet normal  7.139036e-01  7.002436e-01  7.852923e-04
   outer loop
     vertex  7.792893e+00 -9.207107e+00  9.800000e+00
     vertex  7.853689e+00 -9.263074e+00  4.436926e+00
     vertex  7.725291e+00 -9.132318e+00  4.567682e+00
   endloop
 endfacet
 facet normal  5.762992e-01  8.172385e-01  6.715550e-04
   outer loop
     vertex  7.944430e+00 -9.331470e+00  9.800000e+00
     vertex  7.998897e+00 -9.365388e+00  4.334612e+00
     vertex  7.853689e+00 -9.263074e+00  4.436926e+00
   endloop
 endfacet
 facet normal  6.343930e-01  7.730102e-01 -8.754107e-04
   outer loop
     vertex  7.944430e+00 -9.331470e+00  9.800000e+00
     vertex  7.853689e+00 -9.263074e+00  4.436926e+00
     vertex  7.792893e+00 -9.207107e+00  9.800000e+00
   endloop
 endfacet
 facet normal  4.713966e-01  8.819210e-01 -7.753093e-04
   outer loop
     vertex  8.117317e+00 -9.423880e+00  9.800000e+00
     vertex  7.998897e+00 -9.365388e+00  4.334612e+00
     vertex  7.944430e+00 -9.331470e+00  9.800000e+00
   endloop
 endfacet
 facet normal  4.246693e-01  9.053484e-01  4.878636e-04
   outer loop
     vertex  8.117317e+00 -9.423880e+00  9.800000e+00
     vertex  8.155312e+00 -9.438717e+00  4.261283e+00
     vertex  7.998897e+00 -9.365388e+00  4.334612e+00
   endloop
 endfacet
 facet normal  2.640175e-01  9.645179e-01  1.947936e-04
   outer loop
     vertex  8.304910e+00 -9.480785e+00  9.800000e+00
     vertex  8.318648e+00 -9.483418e+00  4.216582e+00
     vertex  8.155312e+00 -9.438717e+00  4.261283e+00
   endloop
 endfacet
 facet normal  2.902846e-01  9.569402e-01 -5.722214e-04
   outer loop
     vertex  8.304910e+00 -9.480785e+00  9.800000e+00
     vertex  8.155312e+00 -9.438717e+00  4.261283e+00
     vertex  8.117317e+00 -9.423880e+00  9.800000e+00
   endloop
 endfacet
 facet normal -6.183366e-02  9.980865e-01  1.743972e-04
   outer loop
     vertex  8.500000e+00 -9.500000e+00  9.800000e+00
     vertex  8.637461e+00 -9.490507e+00  4.209493e+00
     vertex  8.485827e+00 -9.499900e+00  4.200100e+00
   endloop
 endfacet
 facet normal  9.808662e-02  9.951779e-01 -2.303990e-04
   outer loop
     vertex  8.500000e+00 -9.500000e+00  9.800000e+00
     vertex  8.485827e+00 -9.499900e+00  4.200100e+00
     vertex  8.318648e+00 -9.483418e+00  4.216582e+00
   endloop
 endfacet
 facet normal  9.801714e-02  9.951847e-01 -2.281220e-04
   outer loop
     vertex  8.500000e+00 -9.500000e+00  9.800000e+00
     vertex  8.318648e+00 -9.483418e+00  4.216582e+00
     vertex  8.304910e+00 -9.480785e+00  9.800000e+00
   endloop
 endfacet
 facet normal -2.135529e-01  9.769314e-01  5.025037e-04
   outer loop
     vertex  8.695090e+00 -9.480785e+00  9.800000e+00
     vertex  8.788163e+00 -9.457581e+00  4.242419e+00
     vertex  8.637461e+00 -9.490507e+00  4.209493e+00
   endloop
 endfacet
 facet normal -9.801711e-02  9.951845e-01 -7.202222e-04
   outer loop
     vertex  8.695090e+00 -9.480785e+00  9.800000e+00
     vertex  8.637461e+00 -9.490507e+00  4.209493e+00
     vertex  8.500000e+00 -9.500000e+00  9.800000e+00
   endloop
 endfacet
 facet normal -3.630456e-01  9.317712e-01  5.241127e-04
   outer loop
     vertex  8.882683e+00 -9.423880e+00  9.800000e+00
     vertex  8.935308e+00 -9.400282e+00  4.299718e+00
     vertex  8.788163e+00 -9.457581e+00  4.242419e+00
   endloop
 endfacet
 facet normal -2.902846e-01  9.569400e-01 -8.659911e-04
   outer loop
     vertex  8.882683e+00 -9.423880e+00  9.800000e+00
     vertex  8.788163e+00 -9.457581e+00  4.242419e+00
     vertex  8.695090e+00 -9.480785e+00  9.800000e+00
   endloop
 endfacet
 facet normal -5.092578e-01  8.606140e-01  3.679673e-04
   outer loop
     vertex  9.055570e+00 -9.331470e+00  9.800000e+00
     vertex  9.079316e+00 -9.315103e+00  4.384897e+00
     vertex  8.935308e+00 -9.400282e+00  4.299718e+00
   endloop
 endfacet
 facet normal -4.713966e-01  8.819210e-01 -7.264219e-04
   outer loop
     vertex  9.055570e+00 -9.331470e+00  9.800000e+00
     vertex  8.935308e+00 -9.400282e+00  4.299718e+00
     vertex  8.882683e+00 -9.423880e+00  9.800000e+00
   endloop
 endfacet
 facet normal -6.454740e-01  7.637822e-01 -4.716962e-16
   outer loop
     vertex  9.207107e+00 -9.207107e+00  9.800000e+00
     vertex  9.207107e+00 -9.207107e+00  4.492893e+00
     vertex  9.079316e+00 -9.315103e+00  4.384897e+00
   endloop
 endfacet
 facet normal -7.542507e-01  6.565865e-01 -4.722254e-16
   outer loop
     vertex  9.207107e+00 -9.207107e+00  9.800000e+00
     vertex  9.297793e+00 -9.102931e+00  4.402207e+00
     vertex  9.207107e+00 -9.207107e+00  4.492893e+00
   endloop
 endfacet
 facet normal -6.343932e-01  7.730104e-01 -4.455366e-04
   outer loop
     vertex  9.207107e+00 -9.207107e+00  9.800000e+00
     vertex  9.079316e+00 -9.315103e+00  4.384897e+00
     vertex  9.055570e+00 -9.331470e+00  9.800000e+00
   endloop
 endfacet
 facet normal -8.373984e-01  5.465929e-01  4.285843e-04
   outer loop
     vertex  9.331470e+00 -9.055570e+00  9.800000e+00
     vertex  9.373261e+00 -8.987254e+00  4.326739e+00
     vertex  9.297793e+00 -9.102931e+00  4.402207e+00
   endloop
 endfacet
 facet normal -7.730102e-01  6.343931e-01 -7.434972e-04
   outer loop
     vertex  9.331470e+00 -9.055570e+00  9.800000e+00
     vertex  9.297793e+00 -9.102931e+00  4.402207e+00
     vertex  9.207107e+00 -9.207107e+00  9.800000e+00
   endloop
 endfacet
 facet normal -8.819209e-01  4.713966e-01 -8.499592e-04
   outer loop
     vertex  9.423880e+00 -8.882683e+00  9.800000e+00
     vertex  9.373261e+00 -8.987254e+00  4.326739e+00
     vertex  9.331470e+00 -9.055570e+00  9.800000e+00
   endloop
 endfacet
 facet normal -9.119052e-01  4.104006e-01  5.927145e-04
   outer loop
     vertex  9.423880e+00 -8.882683e+00  9.800000e+00
     vertex  9.443963e+00 -8.830052e+00  4.256037e+00
     vertex  9.373261e+00 -8.987254e+00  4.326739e+00
   endloop
 endfacet
 facet normal -9.569401e-01  2.902846e-01 -7.107457e-04
   outer loop
     vertex  9.480785e+00 -8.695090e+00  9.800000e+00
     vertex  9.443963e+00 -8.830052e+00  4.256037e+00
     vertex  9.423880e+00 -8.882683e+00  9.800000e+00
   endloop
 endfacet
 facet normal -9.683265e-01  2.496871e-01  3.531839e-04
   outer loop
     vertex  9.480785e+00 -8.695090e+00  9.800000e+00
     vertex  9.485891e+00 -8.667388e+00  4.214109e+00
     vertex  9.443963e+00 -8.830052e+00  4.256037e+00
   endloop
 endfacet
 facet normal -9.951846e-01  9.801713e-02 -4.235596e-04
   outer loop
     vertex  9.500000e+00 -8.500000e+00  9.800000e+00
     vertex  9.485891e+00 -8.667388e+00  4.214109e+00
     vertex  9.480785e+00 -8.695090e+00  9.800000e+00
   endloop
 endfacet
 facet normal -9.964665e-01  8.399058e-02  0.000000e+00
   outer loop
     vertex  9.500000e+00 -8.500000e+00  9.800000e+00
     vertex  9.500000e+00 -8.500000e+00  4.200000e+00
     vertex  9.485891e+00 -8.667388e+00  4.214109e+00
   endloop
 endfacet
 facet normal -9.973311e-01 -7.301203e-02 -0.000000e+00
   outer loop
     vertex  9.500000e+00  8.500000e+00  9.800000e+00
     vertex  9.489338e+00  8.645634e+00  4.210662e+00
     vertex  9.500000e+00  8.500000e+00  4.200000e+00
   endloop
 endfacet
 facet normal -9.760444e-01 -2.175708e-01  4.315129e-04
   outer loop
     vertex  9.480785e+00  8.695090e+00  9.800000e+00
     vertex  9.457581e+00  8.788163e+00  4.242419e+00
     vertex  9.489338e+00  8.645634e+00  4.210662e+00
   endloop
 endfacet
 facet normal -9.951845e-01 -9.801712e-02 -6.556205e-04
   outer loop
     vertex  9.480785e+00  8.695090e+00  9.800000e+00
     vertex  9.489338e+00  8.645634e+00  4.210662e+00
     vertex  9.500000e+00  8.500000e+00  9.800000e+00
   endloop
 endfacet
 facet normal -9.317712e-01 -3.630456e-01  5.241127e-04
   outer loop
     vertex  9.423880e+00  8.882683e+00  9.800000e+00
     vertex  9.400282e+00  8.935308e+00  4.299718e+00
     vertex  9.457581e+00  8.788163e+00  4.242419e+00
   endloop
 endfacet
 facet normal -9.569400e-01 -2.902846e-01 -8.659911e-04
   outer loop
     vertex  9.423880e+00  8.882683e+00  9.800000e+00
     vertex  9.457581e+00  8.788163e+00  4.242419e+00
     vertex  9.480785e+00  8.695090e+00  9.800000e+00
   endloop
 endfacet
 facet normal -8.606140e-01 -5.092578e-01  3.679673e-04
   outer loop
     vertex  9.331470e+00  9.055570e+00  9.800000e+00
     vertex  9.315103e+00  9.079316e+00  4.384897e+00
     vertex  9.400282e+00  8.935308e+00  4.299718e+00
   endloop
 endfacet
 facet normal -8.819210e-01 -4.713966e-01 -7.264219e-04
   outer loop
     vertex  9.331470e+00  9.055570e+00  9.800000e+00
     vertex  9.400282e+00  8.935308e+00  4.299718e+00
     vertex  9.423880e+00  8.882683e+00  9.800000e+00
   endloop
 endfacet
 facet normal -7.637822e-01 -6.454740e-01 -6.481453e-16
   outer loop
     vertex  9.207107e+00  9.207107e+00  9.800000e+00
     vertex  9.207107e+00  9.207107e+00  4.492893e+00
     vertex  9.315103e+00  9.079316e+00  4.384897e+00
   endloop
 endfacet
 facet normal -6.495542e-01 -7.603153e-01 -7.634619e-16
   outer loop
     vertex  9.207107e+00  9.207107e+00  9.800000e+00
     vertex  9.088011e+00  9.308853e+00  4.391147e+00
     vertex  9.207107e+00  9.207107e+00  4.492893e+00
   endloop
 endfacet
 facet normal -7.730104e-01 -6.343932e-01 -4.455366e-04
   outer loop
     vertex  9.207107e+00  9.207107e+00  9.800000e+00
     vertex  9.315103e+00  9.079316e+00  4.384897e+00
     vertex  9.331470e+00  9.055570e+00  9.800000e+00
   endloop
 endfacet
 facet normal -5.230458e-01 -8.523045e-01  4.267643e-04
   outer loop
     vertex  9.055570e+00  9.331470e+00  9.800000e+00
     vertex  8.954488e+00  9.390753e+00  4.309247e+00
     vertex  9.088011e+00  9.308853e+00  4.391147e+00
   endloop
 endfacet
 facet normal -6.343932e-01 -7.730103e-01 -5.726323e-04
   outer loop
     vertex  9.055570e+00  9.331470e+00  9.800000e+00
     vertex  9.088011e+00  9.308853e+00  4.391147e+00
     vertex  9.207107e+00  9.207107e+00  9.800000e+00
   endloop
 endfacet
 facet normal -4.713966e-01 -8.819210e-01 -8.438409e-04
   outer loop
     vertex  8.882683e+00  9.423880e+00  9.800000e+00
     vertex  8.954488e+00  9.390753e+00  4.309247e+00
     vertex  9.055570e+00  9.331470e+00  9.800000e+00
   endloop
 endfacet
 facet normal -3.766506e-01 -9.263552e-01  6.632668e-04
   outer loop
     vertex  8.882683e+00  9.423880e+00  9.800000e+00
     vertex  8.795577e+00  9.455319e+00  4.244681e+00
     vertex  8.954488e+00  9.390753e+00  4.309247e+00
   endloop
 endfacet
 facet normal -2.902846e-01 -9.569400e-01 -8.640283e-04
   outer loop
     vertex  8.695090e+00  9.480785e+00  9.800000e+00
     vertex  8.795577e+00  9.455319e+00  4.244681e+00
     vertex  8.882683e+00  9.423880e+00  9.800000e+00
   endloop
 endfacet
 facet normal -2.140722e-01 -9.768176e-01  6.056497e-04
   outer loop
     vertex  8.695090e+00  9.480785e+00  9.800000e+00
     vertex  8.630790e+00  9.491410e+00  4.208590e+00
     vertex  8.795577e+00  9.455319e+00  4.244681e+00
   endloop
 endfacet
 facet normal -9.801711e-02 -9.951844e-01 -7.638733e-04
   outer loop
     vertex  8.500000e+00  9.500000e+00  9.800000e+00
     vertex  8.630790e+00  9.491410e+00  4.208590e+00
     vertex  8.695090e+00  9.480785e+00  9.800000e+00
   endloop
 endfacet
 facet normal -4.704998e-02 -9.988924e-01  4.340044e-04
   outer loop
     vertex  8.500000e+00  9.500000e+00  9.800000e+00
     vertex  8.462937e+00  9.499313e+00  4.200687e+00
     vertex  8.630790e+00  9.491410e+00  4.208590e+00
   endloop
 endfacet
 facet normal  9.801713e-02 -9.951846e-01 -5.266810e-04
   outer loop
     vertex  8.304910e+00  9.480785e+00  9.800000e+00
     vertex  8.462937e+00  9.499313e+00  4.200687e+00
     vertex  8.500000e+00  9.500000e+00  9.800000e+00
   endloop
 endfacet
 facet normal  2.643652e-01 -9.644226e-01  8.783128e-05
   outer loop
     vertex  8.304910e+00  9.480785e+00  9.800000e+00
     vertex  8.161537e+00  9.440980e+00  4.259020e+00
     vertex  8.311375e+00  9.482049e+00  4.217951e+00
   endloop
 endfacet
 facet normal  1.131630e-01 -9.935764e-01 -9.390248e-05
   outer loop
     vertex  8.304910e+00  9.480785e+00  9.800000e+00
     vertex  8.311375e+00  9.482049e+00  4.217951e+00
     vertex  8.462937e+00  9.499313e+00  4.200687e+00
   endloop
 endfacet
 facet normal  2.902846e-01 -9.569401e-01 -6.365872e-04
   outer loop
     vertex  8.117317e+00  9.423880e+00  9.800000e+00
     vertex  8.161537e+00  9.440980e+00  4.259020e+00
     vertex  8.304910e+00  9.480785e+00  9.800000e+00
   endloop
 endfacet
 facet normal  4.125443e-01 -9.109374e-01  4.810860e-04
   outer loop
     vertex  8.117317e+00  9.423880e+00  9.800000e+00
     vertex  8.016358e+00  9.375266e+00  4.324734e+00
     vertex  8.161537e+00  9.440980e+00  4.259020e+00
   endloop
 endfacet
 facet normal  4.713966e-01 -8.819209e-01 -8.617214e-04
   outer loop
     vertex  7.944430e+00  9.331470e+00  9.800000e+00
     vertex  8.016358e+00  9.375266e+00  4.324734e+00
     vertex  8.117317e+00  9.423880e+00  9.800000e+00
   endloop
 endfacet
 facet normal  5.540736e-01 -8.324675e-01  6.199793e-04
   outer loop
     vertex  7.944430e+00  9.331470e+00  9.800000e+00
     vertex  7.879796e+00  9.284441e+00  4.415559e+00
     vertex  8.016358e+00  9.375266e+00  4.324734e+00
   endloop
 endfacet
 facet normal  6.343930e-01 -7.730102e-01 -8.634636e-04
   outer loop
     vertex  7.792893e+00  9.207107e+00  9.800000e+00
     vertex  7.879796e+00  9.284441e+00  4.415559e+00
     vertex  7.944430e+00  9.331470e+00  9.800000e+00
   endloop
 endfacet
 facet normal  6.844679e-01 -7.290428e-01  5.762113e-04
   outer loop
     vertex  7.792893e+00  9.207107e+00  9.800000e+00
     vertex  7.756722e+00  9.168983e+00  4.531017e+00
     vertex  7.879796e+00  9.284441e+00  4.415559e+00
   endloop
 endfacet
 facet normal  7.730103e-01 -6.343931e-01 -7.164641e-04
   outer loop
     vertex  7.668530e+00  9.055570e+00  9.800000e+00
     vertex  7.756722e+00  9.168983e+00  4.531017e+00
     vertex  7.792893e+00  9.207107e+00  9.800000e+00
   endloop
 endfacet
 facet normal  7.985802e-01 -6.018883e-01  4.111766e-04
   outer loop
     vertex  7.668530e+00  9.055570e+00  9.800000e+00
     vertex  7.652503e+00  9.030800e+00  4.669200e+00
     vertex  7.756722e+00  9.168983e+00  4.531017e+00
   endloop
 endfacet
 facet normal  8.819212e-01 -4.713967e-01 -4.791430e-04
   outer loop
     vertex  7.576120e+00  8.882683e+00  9.800000e+00
     vertex  7.652503e+00  9.030800e+00  4.669200e+00
     vertex  7.668530e+00  9.055570e+00  9.800000e+00
   endloop
 endfacet
 facet normal  9.579203e-01 -2.870343e-01 -2.347931e-04
   outer loop
     vertex  7.576120e+00  8.882683e+00  9.800000e+00
     vertex  7.520204e+00  8.700000e+00  5.000000e+00
     vertex  7.571503e+00  8.871339e+00  4.828661e+00
   endloop
 endfacet
 facet normal  8.916520e-01 -4.527214e-01  2.048420e-04
   outer loop
     vertex  7.576120e+00  8.882683e+00  9.800000e+00
     vertex  7.571503e+00  8.871339e+00  4.828661e+00
     vertex  7.652503e+00  9.030800e+00  4.669200e+00
   endloop
 endfacet
 facet normal  9.569403e-01 -2.902847e-01 -9.967156e-05
   outer loop
     vertex  7.519215e+00  8.695090e+00  9.800000e+00
     vertex  7.520204e+00  8.700000e+00  5.000000e+00
     vertex  7.576120e+00  8.882683e+00  9.800000e+00
   endloop
 endfacet
 facet normal  9.947328e-01 -1.025020e-01  1.001917e-04
   outer loop
     vertex  7.519215e+00  8.695090e+00  9.800000e+00
     vertex  7.500008e+00  8.504007e+00  5.000000e+00
     vertex  7.520204e+00  8.700000e+00  5.000000e+00
   endloop
 endfacet
 facet normal  9.951847e-01 -9.801714e-02 -8.015342e-05
   outer loop
     vertex  7.500000e+00  8.500000e+00  9.800000e+00
     vertex  7.500008e+00  8.504007e+00  5.000000e+00
     vertex  7.519215e+00  8.695090e+00  9.800000e+00
   endloop
 endfacet
 facet normal  9.955222e-01  9.452756e-02  8.056955e-05
   outer loop
     vertex  7.500000e+00  8.500000e+00  9.800000e+00
     vertex  7.518633e+00  8.307858e+00  5.000000e+00
     vertex  7.500008e+00  8.504007e+00  5.000000e+00
   endloop
 endfacet
 facet normal  9.951847e-01  9.801714e-02 -6.042718e-05
   outer loop
     vertex  7.519215e+00  8.304910e+00  9.800000e+00
     vertex  7.518633e+00  8.307858e+00  5.000000e+00
     vertex  7.500000e+00  8.500000e+00  9.800000e+00
   endloop
 endfacet
 facet normal  9.576643e-01  2.878874e-01  6.073925e-05
   outer loop
     vertex  7.519215e+00  8.304910e+00  9.800000e+00
     vertex  7.575356e+00  8.119168e+00  5.000000e+00
     vertex  7.518633e+00  8.307858e+00  5.000000e+00
   endloop
 endfacet
 facet normal  9.569403e-01  2.902847e-01 -4.049284e-05
   outer loop
     vertex  7.576120e+00  8.117317e+00  9.800000e+00
     vertex  7.575356e+00  8.119168e+00  5.000000e+00
     vertex  7.519215e+00  8.304910e+00  9.800000e+00
   endloop
 endfacet
 facet normal  8.826285e-01  4.700711e-01  4.070089e-05
   outer loop
     vertex  7.576120e+00  8.117317e+00  9.800000e+00
     vertex  7.667974e+00  7.945263e+00  5.000000e+00
     vertex  7.575356e+00  8.119168e+00  5.000000e+00
   endloop
 endfacet
 facet normal  7.733281e-01  6.340061e-01  2.045446e-05
   outer loop
     vertex  7.668530e+00  7.944430e+00  9.800000e+00
     vertex  7.792893e+00  7.792893e+00  5.000000e+00
     vertex  7.667974e+00  7.945263e+00  5.000000e+00
   endloop
 endfacet
 facet normal  8.819213e-01  4.713967e-01 -2.035045e-05
   outer loop
     vertex  7.668530e+00  7.944430e+00  9.800000e+00
     vertex  7.667974e+00  7.945263e+00  5.000000e+00
     vertex  7.576120e+00  8.117317e+00  9.800000e+00
   endloop
 endfacet
 facet normal  7.730105e-01  6.343933e-01 -1.686850e-16
   outer loop
     vertex  7.792893e+00  7.792893e+00  9.800000e+00
     vertex  7.792893e+00  7.792893e+00  5.000000e+00
     vertex  7.668530e+00  7.944430e+00  9.800000e+00
   endloop
 endfacet
 facet normal  6.340061e-01  7.733281e-01  2.045446e-05
   outer loop
     vertex  7.944430e+00  7.668530e+00  9.800000e+00
     vertex  7.945263e+00  7.667974e+00  5.000000e+00
     vertex  7.792893e+00  7.792893e+00  5.000000e+00
   endloop
 endfacet
 facet normal  6.343933e-01  7.730105e-01 -9.217794e-17
   outer loop
     vertex  7.944430e+00  7.668530e+00  9.800000e+00
     vertex  7.792893e+00  7.792893e+00  5.000000e+00
     vertex  7.792893e+00  7.792893e+00  9.800000e+00
   endloop
 endfacet
 facet normal  4.700711e-01  8.826285e-01  4.070089e-05
   outer loop
     vertex  8.117317e+00  7.576120e+00  9.800000e+00
     vertex  8.119168e+00  7.575356e+00  5.000000e+00
     vertex  7.945263e+00  7.667974e+00  5.000000e+00
   endloop
 endfacet
 facet normal  4.713967e-01  8.819213e-01 -2.035045e-05
   outer loop
     vertex  8.117317e+00  7.576120e+00  9.800000e+00
     vertex  7.945263e+00  7.667974e+00  5.000000e+00
     vertex  7.944430e+00  7.668530e+00  9.800000e+00
   endloop
 endfacet
 facet normal  2.878874e-01  9.576643e-01  6.073925e-05
   outer loop
     vertex  8.304910e+00  7.519215e+00  9.800000e+00
     vertex  8.307858e+00  7.518633e+00  5.000000e+00
     vertex  8.119168e+00  7.575356e+00  5.000000e+00
   endloop
 endfacet
 facet normal  2.902847e-01  9.569403e-01 -4.049284e-05
   outer loop
     vertex  8.304910e+00  7.519215e+00  9.800000e+00
     vertex  8.119168e+00  7.575356e+00  5.000000e+00
     vertex  8.117317e+00  7.576120e+00  9.800000e+00
   endloop
 endfacet
 facet normal  9.452756e-02  9.955222e-01  8.056955e-05
   outer loop
     vertex  8.500000e+00  7.500000e+00  9.800000e+00
     vertex  8.504007e+00  7.500008e+00  5.000000e+00
     vertex  8.307858e+00  7.518633e+00  5.000000e+00
   endloop
 endfacet
 facet normal  9.801714e-02  9.951847e-01 -6.042718e-05
   outer loop
     vertex  8.500000e+00  7.500000e+00  9.800000e+00
     vertex  8.307858e+00  7.518633e+00  5.000000e+00
     vertex  8.304910e+00  7.519215e+00  9.800000e+00
   endloop
 endfacet
 facet normal -1.025020e-01  9.947328e-01  1.001917e-04
   outer loop
     vertex  8.695090e+00  7.519215e+00  9.800000e+00
     vertex  8.700000e+00  7.520204e+00  5.000000e+00
     vertex  8.504007e+00  7.500008e+00  5.000000e+00
   endloop
 endfacet
 facet normal -2.756884e-01  9.612471e-01 -8.385404e-05
   outer loop
     vertex  8.695090e+00  7.519215e+00  9.800000e+00
     vertex  8.849552e+00  7.563083e+00  4.850448e+00
     vertex  8.700000e+00  7.520204e+00  5.000000e+00
   endloop
 endfacet
 facet normal -9.801714e-02  9.951847e-01 -8.015342e-05
   outer loop
     vertex  8.695090e+00  7.519215e+00  9.800000e+00
     vertex  8.504007e+00  7.500008e+00  5.000000e+00
     vertex  8.500000e+00  7.500000e+00  9.800000e+00
   endloop
 endfacet
 facet normal -4.210209e-01  9.070508e-01  4.290185e-04
   outer loop
     vertex  8.882683e+00  7.576120e+00  9.800000e+00
     vertex  8.990642e+00  7.628639e+00  4.709358e+00
     vertex  8.849552e+00  7.563083e+00  4.850448e+00
   endloop
 endfacet
 facet normal -2.902846e-01  9.569402e-01 -5.775328e-04
   outer loop
     vertex  8.882683e+00  7.576120e+00  9.800000e+00
     vertex  8.849552e+00  7.563083e+00  4.850448e+00
     vertex  8.695090e+00  7.519215e+00  9.800000e+00
   endloop
 endfacet
 facet normal -5.699737e-01  8.216625e-01  8.309126e-04
   outer loop
     vertex  9.055570e+00  7.668530e+00  9.800000e+00
     vertex  9.145354e+00  7.736116e+00  4.554646e+00
     vertex  8.990642e+00  7.628639e+00  4.709358e+00
   endloop
 endfacet
 facet normal -4.713965e-01  8.819209e-01 -8.985729e-04
   outer loop
     vertex  9.055570e+00  7.668530e+00  9.800000e+00
     vertex  8.990642e+00  7.628639e+00  4.709358e+00
     vertex  8.882683e+00  7.576120e+00  9.800000e+00
   endloop
 endfacet
 facet normal -7.120623e-01  7.021159e-01  7.831559e-04
   outer loop
     vertex  9.207107e+00  7.792893e+00  9.800000e+00
     vertex  9.273583e+00  7.866305e+00  4.426417e+00
     vertex  9.145354e+00  7.736116e+00  4.554646e+00
   endloop
 endfacet
 facet normal -6.343930e-01  7.730101e-01 -8.986161e-04
   outer loop
     vertex  9.207107e+00  7.792893e+00  9.800000e+00
     vertex  9.145354e+00  7.736116e+00  4.554646e+00
     vertex  9.055570e+00  7.668530e+00  9.800000e+00
   endloop
 endfacet
 facet normal -8.264434e-01  5.630194e-01  7.172643e-04
   outer loop
     vertex  9.331470e+00  7.944430e+00  9.800000e+00
     vertex  9.373261e+00  8.012746e+00  4.326739e+00
     vertex  9.273583e+00  7.866305e+00  4.426417e+00
   endloop
 endfacet
 facet normal -7.730101e-01  6.343930e-01 -8.960249e-04
   outer loop
     vertex  9.331470e+00  7.944430e+00  9.800000e+00
     vertex  9.273583e+00  7.866305e+00  4.426417e+00
     vertex  9.207107e+00  7.792893e+00  9.800000e+00
   endloop
 endfacet
 facet normal -8.819209e-01  4.713966e-01 -8.499592e-04
   outer loop
     vertex  9.423880e+00  8.117317e+00  9.800000e+00
     vertex  9.373261e+00  8.012746e+00  4.326739e+00
     vertex  9.331470e+00  7.944430e+00  9.800000e+00
   endloop
 endfacet
 facet normal -9.119052e-01  4.104006e-01  5.927145e-04
   outer loop
     vertex  9.423880e+00  8.117317e+00  9.800000e+00
     vertex  9.443963e+00  8.169948e+00  4.256037e+00
     vertex  9.373261e+00  8.012746e+00  4.326739e+00
   endloop
 endfacet
 facet normal -9.569401e-01  2.902846e-01 -7.107457e-04
   outer loop
     vertex  9.480785e+00  8.304910e+00  9.800000e+00
     vertex  9.443963e+00  8.169948e+00  4.256037e+00
     vertex  9.423880e+00  8.117317e+00  9.800000e+00
   endloop
 endfacet
 facet normal -9.683265e-01  2.496871e-01  3.531839e-04
   outer loop
     vertex  9.480785e+00  8.304910e+00  9.800000e+00
     vertex  9.485891e+00  8.332612e+00  4.214109e+00
     vertex  9.443963e+00  8.169948e+00  4.256037e+00
   endloop
 endfacet
 facet normal -9.951846e-01  9.801713e-02 -4.235596e-04
   outer loop
     vertex  9.500000e+00  8.500000e+00  9.800000e+00
     vertex  9.485891e+00  8.332612e+00  4.214109e+00
     vertex  9.480785e+00  8.304910e+00  9.800000e+00
   endloop
 endfacet
 facet normal -9.964665e-01  8.399058e-02  0.000000e+00
   outer loop
     vertex  9.500000e+00  8.500000e+00  9.800000e+00
     vertex  9.500000e+00  8.500000e+00  4.200000e+00
     vertex  9.485891e+00  8.332612e+00  4.214109e+00
   endloop
 endfacet
 facet normal -9.951847e-01 -9.801714e-02  0.000000e+00
   outer loop
     vertex -7.519215e+00 -8.304910e+00  9.800000e+00
     vertex -7.500000e+00 -8.500000e+00  5.000000e+00
     vertex -7.500000e+00 -8.500000e+00  9.800000e+00
   endloop
 endfacet
 facet normal -9.951574e-01 -9.829404e-02  1.136359e-05
   outer loop
     vertex -7.519215e+00 -8.304910e+00  9.800000e+00
     vertex -7.519323e+00 -8.304364e+00  5.000000e+00
     vertex -7.500000e+00 -8.500000e+00  5.000000e+00
   endloop
 endfacet
 facet normal -9.566977e-01 -2.910834e-01  2.266297e-05
   outer loop
     vertex -7.576120e+00 -8.117317e+00  9.800000e+00
     vertex -7.576547e+00 -8.116289e+00  5.000000e+00
     vertex -7.519323e+00 -8.304364e+00  5.000000e+00
   endloop
 endfacet
 facet normal -9.569403e-01 -2.902847e-01 -1.133149e-05
   outer loop
     vertex -7.576120e+00 -8.117317e+00  9.800000e+00
     vertex -7.519323e+00 -8.304364e+00  5.000000e+00
     vertex -7.519215e+00 -8.304910e+00  9.800000e+00
   endloop
 endfacet
 facet normal -8.812646e-01 -4.726232e-01  3.389814e-05
   outer loop
     vertex -7.668530e+00 -7.944430e+00  9.800000e+00
     vertex -7.669459e+00 -7.943042e+00  5.000000e+00
     vertex -7.576547e+00 -8.116289e+00  5.000000e+00
   endloop
 endfacet
 facet normal -8.819213e-01 -4.713967e-01 -2.259876e-05
   outer loop
     vertex -7.668530e+00 -7.944430e+00  9.800000e+00
     vertex -7.576547e+00 -8.116289e+00  5.000000e+00
     vertex -7.576120e+00 -8.117317e+00  9.800000e+00
   endloop
 endfacet
 facet normal -7.717734e-01 -6.358977e-01  4.506910e-05
   outer loop
     vertex -7.792893e+00 -7.792893e+00  9.800000e+00
     vertex -7.794469e+00 -7.791321e+00  5.000000e+00
     vertex -7.669459e+00 -7.943042e+00  5.000000e+00
   endloop
 endfacet
 facet normal -7.730105e-01 -6.343933e-01 -3.380183e-05
   outer loop
     vertex -7.792893e+00 -7.792893e+00  9.800000e+00
     vertex -7.669459e+00 -7.943042e+00  5.000000e+00
     vertex -7.668530e+00 -7.944430e+00  9.800000e+00
   endloop
 endfacet
 facet normal -6.324555e-01 -7.745967e-01  5.617584e-05
   outer loop
     vertex -7.944430e+00 -7.668530e+00  9.800000e+00
     vertex -7.946745e+00 -7.666988e+00  5.000000e+00
     vertex -7.794469e+00 -7.791321e+00  5.000000e+00
   endloop
 endfacet
 facet normal -6.343933e-01 -7.730105e-01 -4.494068e-05
   outer loop
     vertex -7.944430e+00 -7.668530e+00  9.800000e+00
     vertex -7.794469e+00 -7.791321e+00  5.000000e+00
     vertex -7.792893e+00 -7.792893e+00  9.800000e+00
   endloop
 endfacet
 facet normal -4.686953e-01 -8.833599e-01  6.721836e-05
   outer loop
     vertex -8.117317e+00 -7.576120e+00  9.800000e+00
     vertex -8.120403e+00 -7.574848e+00  5.000000e+00
     vertex -7.946745e+00 -7.666988e+00  5.000000e+00
   endloop
 endfacet
 facet normal -4.713967e-01 -8.819213e-01 -5.601531e-05
   outer loop
     vertex -8.117317e+00 -7.576120e+00  9.800000e+00
     vertex -7.946745e+00 -7.666988e+00  5.000000e+00
     vertex -7.944430e+00 -7.668530e+00  9.800000e+00
   endloop
 endfacet
 facet normal -2.902847e-01 -9.569403e-01 -6.702571e-05
   outer loop
     vertex -8.304910e+00 -7.519215e+00  9.800000e+00
     vertex -8.120403e+00 -7.574848e+00  5.000000e+00
     vertex -8.117317e+00 -7.576120e+00  9.800000e+00
   endloop
 endfacet
 facet normal -2.868214e-01 -9.579841e-01  7.819665e-05
   outer loop
     vertex -8.304910e+00 -7.519215e+00  9.800000e+00
     vertex -8.308732e+00 -7.518462e+00  5.000000e+00
     vertex -8.120403e+00 -7.574848e+00  5.000000e+00
   endloop
 endfacet
 facet normal -9.801714e-02 -9.951847e-01 -7.797190e-05
   outer loop
     vertex -8.500000e+00 -7.500000e+00  9.800000e+00
     vertex -8.308732e+00 -7.518462e+00  5.000000e+00
     vertex -8.304910e+00 -7.519215e+00  9.800000e+00
   endloop
 endfacet
 facet normal -9.386275e-02 -9.955851e-01  8.911072e-05
   outer loop
     vertex -8.500000e+00 -7.500000e+00  9.800000e+00
     vertex -8.504452e+00 -7.500010e+00  5.000000e+00
     vertex -8.308732e+00 -7.518462e+00  5.000000e+00
   endloop
 endfacet
 facet normal  9.801714e-02 -9.951847e-01 -8.885385e-05
   outer loop
     vertex -8.695090e+00 -7.519215e+00  9.800000e+00
     vertex -8.504452e+00 -7.500010e+00  5.000000e+00
     vertex -8.500000e+00 -7.500000e+00  9.800000e+00
   endloop
 endfacet
 facet normal  1.027234e-01 -9.947100e-01  9.996056e-05
   outer loop
     vertex -8.695090e+00 -7.519215e+00  9.800000e+00
     vertex -8.700000e+00 -7.520204e+00  5.000000e+00
     vertex -8.504452e+00 -7.500010e+00  5.000000e+00
   endloop
 endfacet
 facet normal  2.714911e-01 -9.624410e-01 -7.931472e-05
   outer loop
     vertex -8.695090e+00 -7.519215e+00  9.800000e+00
     vertex -8.841369e+00 -7.560071e+00  4.858631e+00
     vertex -8.700000e+00 -7.520204e+00  5.000000e+00
   endloop
 endfacet
 facet normal  2.902846e-01 -9.569401e-01 -6.811405e-04
   outer loop
     vertex -8.882683e+00 -7.576120e+00  9.800000e+00
     vertex -8.841369e+00 -7.560071e+00  4.858631e+00
     vertex -8.695090e+00 -7.519215e+00  9.800000e+00
   endloop
 endfacet
 facet normal  4.090971e-01 -9.124907e-01  4.566088e-04
   outer loop
     vertex -8.882683e+00 -7.576120e+00  9.800000e+00
     vertex -8.975374e+00 -7.620216e+00  4.724626e+00
     vertex -8.841369e+00 -7.560071e+00  4.858631e+00
   endloop
 endfacet
 facet normal  4.713965e-01 -8.819209e-01 -9.467440e-04
   outer loop
     vertex -9.055570e+00 -7.668530e+00  9.800000e+00
     vertex -8.975374e+00 -7.620216e+00  4.724626e+00
     vertex -8.882683e+00 -7.576120e+00  9.800000e+00
   endloop
 endfacet
 facet normal  5.557331e-01 -8.313603e-01  8.671744e-04
   outer loop
     vertex -9.055570e+00 -7.668530e+00  9.800000e+00
     vertex -9.132318e+00 -7.725291e+00  4.567682e+00
     vertex -8.975374e+00 -7.620216e+00  4.724626e+00
   endloop
 endfacet
 facet normal  6.343930e-01 -7.730101e-01 -9.196070e-04
   outer loop
     vertex -9.207107e+00 -7.792893e+00  9.800000e+00
     vertex -9.132318e+00 -7.725291e+00  4.567682e+00
     vertex -9.055570e+00 -7.668530e+00  9.800000e+00
   endloop
 endfacet
 facet normal  7.002436e-01 -7.139036e-01  7.852923e-04
   outer loop
     vertex -9.207107e+00 -7.792893e+00  9.800000e+00
     vertex -9.263074e+00 -7.853689e+00  4.436926e+00
     vertex -9.132318e+00 -7.725291e+00  4.567682e+00
   endloop
 endfacet
 facet normal  7.730102e-01 -6.343930e-01 -8.754107e-04
   outer loop
     vertex -9.331470e+00 -7.944430e+00  9.800000e+00
     vertex -9.263074e+00 -7.853689e+00  4.436926e+00
     vertex -9.207107e+00 -7.792893e+00  9.800000e+00
   endloop
 endfacet
 facet normal  8.172385e-01 -5.762992e-01  6.715550e-04
   outer loop
     vertex -9.331470e+00 -7.944430e+00  9.800000e+00
     vertex -9.365388e+00 -7.998897e+00  4.334612e+00
     vertex -9.263074e+00 -7.853689e+00  4.436926e+00
   endloop
 endfacet
 facet normal  8.819210e-01 -4.713966e-01 -7.753093e-04
   outer loop
     vertex -9.423880e+00 -8.117317e+00  9.800000e+00
     vertex -9.365388e+00 -7.998897e+00  4.334612e+00
     vertex -9.331470e+00 -7.944430e+00  9.800000e+00
   endloop
 endfacet
 facet normal  9.053484e-01 -4.246693e-01  4.878636e-04
   outer loop
     vertex -9.423880e+00 -8.117317e+00  9.800000e+00
     vertex -9.438717e+00 -8.155312e+00  4.261283e+00
     vertex -9.365388e+00 -7.998897e+00  4.334612e+00
   endloop
 endfacet
 facet normal  9.569402e-01 -2.902846e-01 -5.722214e-04
   outer loop
     vertex -9.480785e+00 -8.304910e+00  9.800000e+00
     vertex -9.438717e+00 -8.155312e+00  4.261283e+00
     vertex -9.423880e+00 -8.117317e+00  9.800000e+00
   endloop
 endfacet
 facet normal  9.645179e-01 -2.640175e-01  1.947936e-04
   outer loop
     vertex -9.480785e+00 -8.304910e+00  9.800000e+00
     vertex -9.483418e+00 -8.318648e+00  4.216582e+00
     vertex -9.438717e+00 -8.155312e+00  4.261283e+00
   endloop
 endfacet
 facet normal  9.951847e-01 -9.801714e-02 -2.281220e-04
   outer loop
     vertex -9.500000e+00 -8.500000e+00  9.800000e+00
     vertex -9.483418e+00 -8.318648e+00  4.216582e+00
     vertex -9.480785e+00 -8.304910e+00  9.800000e+00
   endloop
 endfacet
 facet normal  9.980865e-01  6.183366e-02  1.743972e-04
   outer loop
     vertex -9.500000e+00 -8.500000e+00  9.800000e+00
     vertex -9.490507e+00 -8.637461e+00  4.209493e+00
     vertex -9.499900e+00 -8.485827e+00  4.200100e+00
   endloop
 endfacet
 facet normal  9.951779e-01 -9.808662e-02 -2.303990e-04
   outer loop
     vertex -9.500000e+00 -8.500000e+00  9.800000e+00
     vertex -9.499900e+00 -8.485827e+00  4.200100e+00
     vertex -9.483418e+00 -8.318648e+00  4.216582e+00
   endloop
 endfacet
 facet normal  9.951845e-01  9.801711e-02 -7.202222e-04
   outer loop
     vertex -9.480785e+00 -8.695090e+00  9.800000e+00
     vertex -9.490507e+00 -8.637461e+00  4.209493e+00
     vertex -9.500000e+00 -8.500000e+00  9.800000e+00
   endloop
 endfacet
 facet normal  9.769314e-01  2.135529e-01  5.025037e-04
   outer loop
     vertex -9.480785e+00 -8.695090e+00  9.800000e+00
     vertex -9.457581e+00 -8.788163e+00  4.242419e+00
     vertex -9.490507e+00 -8.637461e+00  4.209493e+00
   endloop
 endfacet
 facet normal  9.317712e-01  3.630456e-01  5.241127e-04
   outer loop
     vertex -9.423880e+00 -8.882683e+00  9.800000e+00
     vertex -9.400282e+00 -8.935308e+00  4.299718e+00
     vertex -9.457581e+00 -8.788163e+00  4.242419e+00
   endloop
 endfacet
 facet normal  9.569400e-01  2.902846e-01 -8.659911e-04
   outer loop
     vertex -9.423880e+00 -8.882683e+00  9.800000e+00
     vertex -9.457581e+00 -8.788163e+00  4.242419e+00
     vertex -9.480785e+00 -8.695090e+00  9.800000e+00
   endloop
 endfacet
 facet normal  8.606140e-01  5.092578e-01  3.679673e-04
   outer loop
     vertex -9.331470e+00 -9.055570e+00  9.800000e+00
     vertex -9.315103e+00 -9.079316e+00  4.384897e+00
     vertex -9.400282e+00 -8.935308e+00  4.299718e+00
   endloop
 endfacet
 facet normal  8.819210e-01  4.713966e-01 -7.264219e-04
   outer loop
     vertex -9.331470e+00 -9.055570e+00  9.800000e+00
     vertex -9.400282e+00 -8.935308e+00  4.299718e+00
     vertex -9.423880e+00 -8.882683e+00  9.800000e+00
   endloop
 endfacet
 facet normal  7.637822e-01  6.454740e-01 -9.037931e-16
   outer loop
     vertex -9.207107e+00 -9.207107e+00  9.800000e+00
     vertex -9.207107e+00 -9.207107e+00  4.492893e+00
     vertex -9.315103e+00 -9.079316e+00  4.384897e+00
   endloop
 endfacet
 facet normal  7.730104e-01  6.343932e-01 -4.455366e-04
   outer loop
     vertex -9.207107e+00 -9.207107e+00  9.800000e+00
     vertex -9.315103e+00 -9.079316e+00  4.384897e+00
     vertex -9.331470e+00 -9.055570e+00  9.800000e+00
   endloop
 endfacet
 facet normal  6.495542e-01  7.603153e-01 -9.808760e-16
   outer loop
     vertex -9.207107e+00 -9.207107e+00  9.800000e+00
     vertex -9.088011e+00 -9.308853e+00  4.391147e+00
     vertex -9.207107e+00 -9.207107e+00  4.492893e+00
   endloop
 endfacet
 facet normal  6.343932e-01  7.730103e-01 -5.726323e-04
   outer loop
     vertex -9.055570e+00 -9.331470e+00  9.800000e+00
     vertex -9.088011e+00 -9.308853e+00  4.391147e+00
     vertex -9.207107e+00 -9.207107e+00  9.800000e+00
   endloop
 endfacet
 facet normal  5.230458e-01  8.523045e-01  4.267643e-04
   outer loop
     vertex -9.055570e+00 -9.331470e+00  9.800000e+00
     vertex -8.954488e+00 -9.390753e+00  4.309247e+00
     vertex -9.088011e+00 -9.308853e+00  4.391147e+00
   endloop
 endfacet
 facet normal  3.766506e-01  9.263552e-01  6.632668e-04
   outer loop
     vertex -8.882683e+00 -9.423880e+00  9.800000e+00
     vertex -8.795577e+00 -9.455319e+00  4.244681e+00
     vertex -8.954488e+00 -9.390753e+00  4.309247e+00
   endloop
 endfacet
 facet normal  4.713966e-01  8.819210e-01 -8.438409e-04
   outer loop
     vertex -8.882683e+00 -9.423880e+00  9.800000e+00
     vertex -8.954488e+00 -9.390753e+00  4.309247e+00
     vertex -9.055570e+00 -9.331470e+00  9.800000e+00
   endloop
 endfacet
 facet normal  2.140722e-01  9.768176e-01  6.056497e-04
   outer loop
     vertex -8.695090e+00 -9.480785e+00  9.800000e+00
     vertex -8.630790e+00 -9.491410e+00  4.208590e+00
     vertex -8.795577e+00 -9.455319e+00  4.244681e+00
   endloop
 endfacet
 facet normal  2.902846e-01  9.569400e-01 -8.640283e-04
   outer loop
     vertex -8.695090e+00 -9.480785e+00  9.800000e+00
     vertex -8.795577e+00 -9.455319e+00  4.244681e+00
     vertex -8.882683e+00 -9.423880e+00  9.800000e+00
   endloop
 endfacet
 facet normal  4.704998e-02  9.988924e-01  4.340044e-04
   outer loop
     vertex -8.500000e+00 -9.500000e+00  9.800000e+00
     vertex -8.462937e+00 -9.499313e+00  4.200687e+00
     vertex -8.630790e+00 -9.491410e+00  4.208590e+00
   endloop
 endfacet
 facet normal  9.801711e-02  9.951844e-01 -7.638733e-04
   outer loop
     vertex -8.500000e+00 -9.500000e+00  9.800000e+00
     vertex -8.630790e+00 -9.491410e+00  4.208590e+00
     vertex -8.695090e+00 -9.480785e+00  9.800000e+00
   endloop
 endfacet
 facet normal -2.643652e-01  9.644226e-01  8.783128e-05
   outer loop
     vertex -8.304910e+00 -9.480785e+00  9.800000e+00
     vertex -8.161537e+00 -9.440980e+00  4.259020e+00
     vertex -8.311375e+00 -9.482049e+00  4.217951e+00
   endloop
 endfacet
 facet normal -1.131630e-01  9.935764e-01 -9.390248e-05
   outer loop
     vertex -8.304910e+00 -9.480785e+00  9.800000e+00
     vertex -8.311375e+00 -9.482049e+00  4.217951e+00
     vertex -8.462937e+00 -9.499313e+00  4.200687e+00
   endloop
 endfacet
 facet normal -9.801713e-02  9.951846e-01 -5.266810e-04
   outer loop
     vertex -8.304910e+00 -9.480785e+00  9.800000e+00
     vertex -8.462937e+00 -9.499313e+00  4.200687e+00
     vertex -8.500000e+00 -9.500000e+00  9.800000e+00
   endloop
 endfacet
 facet normal -4.125443e-01  9.109374e-01  4.810860e-04
   outer loop
     vertex -8.117317e+00 -9.423880e+00  9.800000e+00
     vertex -8.016358e+00 -9.375266e+00  4.324734e+00
     vertex -8.161537e+00 -9.440980e+00  4.259020e+00
   endloop
 endfacet
 facet normal -2.902846e-01  9.569401e-01 -6.365872e-04
   outer loop
     vertex -8.117317e+00 -9.423880e+00  9.800000e+00
     vertex -8.161537e+00 -9.440980e+00  4.259020e+00
     vertex -8.304910e+00 -9.480785e+00  9.800000e+00
   endloop
 endfacet
 facet normal -5.540736e-01  8.324675e-01  6.199793e-04
   outer loop
     vertex -7.944430e+00 -9.331470e+00  9.800000e+00
     vertex -7.879796e+00 -9.284441e+00  4.415559e+00
     vertex -8.016358e+00 -9.375266e+00  4.324734e+00
   endloop
 endfacet
 facet normal -4.713966e-01  8.819209e-01 -8.617214e-04
   outer loop
     vertex -7.944430e+00 -9.331470e+00  9.800000e+00
     vertex -8.016358e+00 -9.375266e+00  4.324734e+00
     vertex -8.117317e+00 -9.423880e+00  9.800000e+00
   endloop
 endfacet
 facet normal -6.844679e-01  7.290428e-01  5.762113e-04
   outer loop
     vertex -7.792893e+00 -9.207107e+00  9.800000e+00
     vertex -7.756722e+00 -9.168983e+00  4.531017e+00
     vertex -7.879796e+00 -9.284441e+00  4.415559e+00
   endloop
 endfacet
 facet normal -6.343930e-01  7.730102e-01 -8.634636e-04
   outer loop
     vertex -7.792893e+00 -9.207107e+00  9.800000e+00
     vertex -7.879796e+00 -9.284441e+00  4.415559e+00
     vertex -7.944430e+00 -9.331470e+00  9.800000e+00
   endloop
 endfacet
 facet normal -7.985802e-01  6.018883e-01  4.111766e-04
   outer loop
     vertex -7.668530e+00 -9.055570e+00  9.800000e+00
     vertex -7.652503e+00 -9.030800e+00  4.669200e+00
     vertex -7.756722e+00 -9.168983e+00  4.531017e+00
   endloop
 endfacet
 facet normal -7.730103e-01  6.343931e-01 -7.164641e-04
   outer loop
     vertex -7.668530e+00 -9.055570e+00  9.800000e+00
     vertex -7.756722e+00 -9.168983e+00  4.531017e+00
     vertex -7.792893e+00 -9.207107e+00  9.800000e+00
   endloop
 endfacet
 facet normal -8.819212e-01  4.713967e-01 -4.791430e-04
   outer loop
     vertex -7.576120e+00 -8.882683e+00  9.800000e+00
     vertex -7.652503e+00 -9.030800e+00  4.669200e+00
     vertex -7.668530e+00 -9.055570e+00  9.800000e+00
   endloop
 endfacet
 facet normal -9.579203e-01  2.870343e-01 -2.347931e-04
   outer loop
     vertex -7.576120e+00 -8.882683e+00  9.800000e+00
     vertex -7.520204e+00 -8.700000e+00  5.000000e+00
     vertex -7.571503e+00 -8.871339e+00  4.828661e+00
   endloop
 endfacet
 facet normal -8.916520e-01  4.527214e-01  2.048420e-04
   outer loop
     vertex -7.576120e+00 -8.882683e+00  9.800000e+00
     vertex -7.571503e+00 -8.871339e+00  4.828661e+00
     vertex -7.652503e+00 -9.030800e+00  4.669200e+00
   endloop
 endfacet
 facet normal -9.859549e-01  1.670119e-01  3.239842e-05
   outer loop
     vertex -7.519215e+00 -8.695090e+00  9.800000e+00
     vertex -7.508996e+00 -8.633836e+00  5.000000e+00
     vertex -7.520204e+00 -8.700000e+00  5.000000e+00
   endloop
 endfacet
 facet normal -9.949358e-01  1.005089e-01 -8.353889e-04
   outer loop
     vertex -7.519215e+00 -8.695090e+00  9.800000e+00
     vertex -7.502252e+00 -8.567069e+00  5.000000e+00
     vertex -7.508996e+00 -8.633836e+00  5.000000e+00
   endloop
 endfacet
 facet normal -9.569403e-01  2.902847e-01 -9.967156e-05
   outer loop
     vertex -7.519215e+00 -8.695090e+00  9.800000e+00
     vertex -7.520204e+00 -8.700000e+00  5.000000e+00
     vertex -7.576120e+00 -8.882683e+00  9.800000e+00
   endloop
 endfacet
 facet normal -9.951843e-01  9.801710e-02 -9.027270e-04
   outer loop
     vertex -7.500000e+00 -8.500000e+00  9.800000e+00
     vertex -7.502252e+00 -8.567069e+00  5.000000e+00
     vertex -7.519215e+00 -8.695090e+00  9.800000e+00
   endloop
 endfacet
 facet normal -9.994369e-01  3.355335e-02  0.000000e+00
   outer loop
     vertex -7.500000e+00 -8.500000e+00  9.800000e+00
     vertex -7.500000e+00 -8.500000e+00  5.000000e+00
     vertex -7.502252e+00 -8.567069e+00  5.000000e+00
   endloop
 endfacet
 facet normal  0.000000e+00  0.000000e+00 -1.000000e+00
   outer loop
     vertex -7.520204e+00 -8.700000e+00  5.000000e+00
     vertex -5.433660e+00 -7.853524e+00  5.000000e+00
     vertex -4.952557e+00 -8.165456e+00  5.000000e+00
   endloop
 endfacet
 facet normal  0.000000e+00  0.000000e+00 -1.000000e+00
   outer loop
     vertex -7.520204e+00 -8.700000e+00  5.000000e+00
     vertex -4.952557e+00 -8.165456e+00  5.000000e+00
     vertex -4.453601e+00 -8.447955e+00  5.000000e+00
   endloop
 endfacet
 facet normal  0.000000e+00  0.000000e+00 -1.000000e+00
   outer loop
     vertex -7.520204e+00 -8.700000e+00  5.000000e+00
     vertex -4.453601e+00 -8.447955e+00  5.000000e+00
     vertex -3.938591e+00 -8.700000e+00  5.000000e+00
   endloop
 endfacet
 facet normal  0.000000e+00 -0.000000e+00 -1.000000e+00
   outer loop
     vertex -7.508996e+00 -8.633836e+00  5.000000e+00
     vertex -5.433660e+00 -7.853524e+00  5.000000e+00
     vertex -7.520204e+00 -8.700000e+00  5.000000e+00
   endloop
 endfacet
 facet normal  0.000000e+00  0.000000e+00 -1.000000e+00
   outer loop
     vertex -7.502252e+00 -8.567069e+00  5.000000e+00
     vertex -5.895176e+00 -7.513281e+00  5.000000e+00
     vertex -5.433660e+00 -7.853524e+00  5.000000e+00
   endloop
 endfacet
 facet normal  0.000000e+00 -0.000000e+00 -1.000000e+00
   outer loop
     vertex -7.502252e+00 -8.567069e+00  5.000000e+00
     vertex -5.433660e+00 -7.853524e+00  5.000000e+00
     vertex -7.508996e+00 -8.633836e+00  5.000000e+00
   endloop
 endfacet
 facet normal  0.000000e+00 -0.000000e+00 -1.000000e+00
   outer loop
     vertex -7.500000e+00 -8.500000e+00  5.000000e+00
     vertex -5.895176e+00 -7.513281e+00  5.000000e+00
     vertex -7.502252e+00 -8.567069e+00  5.000000e+00
   endloop
 endfacet
 facet normal  0.000000e+00  0.000000e+00 -1.000000e+00
   outer loop
     vertex -7.519323e+00 -8.304364e+00  5.000000e+00
     vertex -6.335442e+00 -7.145955e+00  5.000000e+00
     vertex -5.895176e+00 -7.513281e+00  5.000000e+00
   endloop
 endfacet
 facet normal  0.000000e+00  0.000000e+00 -1.000000e+00
   outer loop
     vertex -7.519323e+00 -8.304364e+00  5.000000e+00
     vertex -5.895176e+00 -7.513281e+00  5.000000e+00
     vertex -7.500000e+00 -8.500000e+00  5.000000e+00
   endloop
 endfacet
 facet normal  0.000000e+00  0.000000e+00 -1.000000e+00
   outer loop
     vertex -7.576547e+00 -8.116289e+00  5.000000e+00
     vertex -6.335442e+00 -7.145955e+00  5.000000e+00
     vertex -7.519323e+00 -8.304364e+00  5.000000e+00
   endloop
 endfacet
 facet normal  0.000000e+00  0.000000e+00 -1.000000e+00
   outer loop
     vertex -7.669459e+00 -7.943042e+00  5.000000e+00
     vertex -6.335442e+00 -7.145955e+00  5.000000e+00
     vertex -7.576547e+00 -8.116289e+00  5.000000e+00
   endloop
 endfacet
 facet normal  0.000000e+00 -0.000000e+00 -1.000000e+00
   outer loop
     vertex -6.752870e+00 -6.752870e+00  5.000000e+00
     vertex -6.335442e+00 -7.145955e+00  5.000000e+00
     vertex -7.669459e+00 -7.943042e+00  5.000000e+00
   endloop
 endfacet
 facet normal  0.000000e+00  0.000000e+00 -1.000000e+00
   outer loop
     vertex -7.794469e+00 -7.791321e+00  5.000000e+00
     vertex -6.752870e+00 -6.752870e+00  5.000000e+00
     vertex -7.669459e+00 -7.943042e+00  5.000000e+00
   endloop
 endfacet
 facet normal  0.000000e+00  0.000000e+00 -1.000000e+00
   outer loop
     vertex -7.946745e+00 -7.666988e+00  5.000000e+00
     vertex -6.752870e+00 -6.752870e+00  5.000000e+00
     vertex -7.794469e+00 -7.791321e+00  5.000000e+00
   endloop
 endfacet
 facet normal  0.000000e+00  0.000000e+00 -1.000000e+00
   outer loop
     vertex -7.145955e+00 -6.335442e+00  5.000000e+00
     vertex -7.946745e+00 -7.666988e+00  5.000000e+00
     vertex -8.120403e+00 -7.574848e+00  5.000000e+00
   endloop
 endfacet
 facet normal  0.000000e+00  0.000000e+00 -1.000000e+00
   outer loop
     vertex -7.145955e+00 -6.335442e+00  5.000000e+00
     vertex -8.120403e+00 -7.574848e+00  5.000000e+00
     vertex -8.308732e+00 -7.518462e+00  5.000000e+00
   endloop
 endfacet
 facet normal  0.000000e+00 -0.000000e+00 -1.000000e+00
   outer loop
     vertex -7.145955e+00 -6.335442e+00  5.000000e+00
     vertex -6.752870e+00 -6.752870e+00  5.000000e+00
     vertex -7.946745e+00 -7.666988e+00  5.000000e+00
   endloop
 endfacet
 facet normal  0.000000e+00  0.000000e+00 -1.000000e+00
   outer loop
     vertex -7.513281e+00 -5.895176e+00  5.000000e+00
     vertex -8.308732e+00 -7.518462e+00  5.000000e+00
     vertex -8.504452e+00 -7.500010e+00  5.000000e+00
   endloop
 endfacet
 facet normal  0.000000e+00 -0.000000e+00 -1.000000e+00
   outer loop
     vertex -7.513281e+00 -5.895176e+00  5.000000e+00
     vertex -7.145955e+00 -6.335442e+00  5.000000e+00
     vertex -8.308732e+00 -7.518462e+00  5.000000e+00
   endloop
 endfacet
 facet normal  0.000000e+00  0.000000e+00 -1.000000e+00
   outer loop
     vertex -7.853524e+00 -5.433660e+00  5.000000e+00
     vertex -8.504452e+00 -7.500010e+00  5.000000e+00
     vertex -8.700000e+00 -7.520204e+00  5.000000e+00
   endloop
 endfacet
 facet normal  0.000000e+00 -0.000000e+00 -1.000000e+00
   outer loop
     vertex -7.853524e+00 -5.433660e+00  5.000000e+00
     vertex -7.513281e+00 -5.895176e+00  5.000000e+00
     vertex -8.504452e+00 -7.500010e+00  5.000000e+00
   endloop
 endfacet
 facet normal  0.000000e+00 -0.000000e+00 -1.000000e+00
   outer loop
     vertex -8.165456e+00 -4.952557e+00  5.000000e+00
     vertex -7.853524e+00 -5.433660e+00  5.000000e+00
     vertex -8.700000e+00 -7.520204e+00  5.000000e+00
   endloop
 endfacet
 facet normal  0.000000e+00 -0.000000e+00 -1.000000e+00
   outer loop
     vertex -8.447955e+00 -4.453601e+00  5.000000e+00
     vertex -8.165456e+00 -4.952557e+00  5.000000e+00
     vertex -8.700000e+00 -7.520204e+00  5.000000e+00
   endloop
 endfacet
 facet normal  0.000000e+00  0.000000e+00 -1.000000e+00
   outer loop
     vertex -8.700000e+00 -3.938591e+00  5.000000e+00
     vertex -8.447955e+00 -4.453601e+00  5.000000e+00
     vertex -8.700000e+00 -7.520204e+00  5.000000e+00
   endloop
 endfacet
 facet normal  0.000000e+00  0.000000e+00  1.000000e+00
   outer loop
     vertex  3.709784e+00 -8.800000e+00  4.900000e+00
     vertex -3.709784e+00 -8.800000e+00  4.900000e+00
     vertex -3.163009e+00 -9.010986e+00  4.900000e+00
   endloop
 endfacet
 facet normal  0.000000e+00  0.000000e+00  1.000000e+00
   outer loop
     vertex  3.709784e+00 -8.800000e+00  4.900000e+00
     vertex -3.163009e+00 -9.010986e+00  4.900000e+00
     vertex -2.604321e+00 -9.188036e+00  4.900000e+00
   endloop
 endfacet
 facet normal  0.000000e+00  0.000000e+00  1.000000e+00
   outer loop
     vertex  3.709784e+00 -8.800000e+00  4.900000e+00
     vertex -2.604321e+00 -9.188036e+00  4.900000e+00
     vertex -2.035825e+00 -9.330483e+00  4.900000e+00
   endloop
 endfacet
 facet normal  0.000000e+00  0.000000e+00  1.000000e+00
   outer loop
     vertex  3.709784e+00 -8.800000e+00  4.900000e+00
     vertex -2.035825e+00 -9.330483e+00  4.900000e+00
     vertex -1.459662e+00 -9.437790e+00  4.900000e+00
   endloop
 endfacet
 facet normal  0.000000e+00  0.000000e+00  1.000000e+00
   outer loop
     vertex  3.709784e+00 -8.800000e+00  4.900000e+00
     vertex -1.459662e+00 -9.437790e+00  4.900000e+00
     vertex -8.780021e-01 -9.509554e+00  4.900000e+00
   endloop
 endfacet
 facet normal  0.000000e+00  0.000000e+00  1.000000e+00
   outer loop
     vertex  3.709784e+00 -8.800000e+00  4.900000e+00
     vertex -8.780021e-01 -9.509554e+00  4.900000e+00
     vertex -2.930352e-01 -9.545503e+00  4.900000e+00
   endloop
 endfacet
 facet normal  0.000000e+00  0.000000e+00  1.000000e+00
   outer loop
     vertex  3.709784e+00 -8.800000e+00  4.900000e+00
     vertex -2.930352e-01 -9.545503e+00  4.900000e+00
     vertex  2.930352e-01 -9.545503e+00  4.900000e+00
   endloop
 endfacet
 facet normal  0.000000e+00  0.000000e+00  1.000000e+00
   outer loop
     vertex  3.709784e+00 -8.800000e+00  4.900000e+00
     vertex  2.930352e-01 -9.545503e+00  4.900000e+00
     vertex  8.780021e-01 -9.509554e+00  4.900000e+00
   endloop
 endfacet
 facet normal  0.000000e+00  0.000000e+00  1.000000e+00
   outer loop
     vertex  3.709784e+00 -8.800000e+00  4.900000e+00
     vertex  8.780021e-01 -9.509554e+00  4.900000e+00
     vertex  1.459662e+00 -9.437790e+00  4.900000e+00
   endloop
 endfacet
 facet normal  0.000000e+00  0.000000e+00  1.000000e+00
   outer loop
     vertex  3.709784e+00 -8.800000e+00  4.900000e+00
     vertex  1.459662e+00 -9.437790e+00  4.900000e+00
     vertex  2.035825e+00 -9.330483e+00  4.900000e+00
   endloop
 endfacet
 facet normal  0.000000e+00  0.000000e+00  1.000000e+00
   outer loop
     vertex  3.709784e+00 -8.800000e+00  4.900000e+00
     vertex  2.035825e+00 -9.330483e+00  4.900000e+00
     vertex  2.604321e+00 -9.188036e+00  4.900000e+00
   endloop
 endfacet
 facet normal  0.000000e+00  0.000000e+00  1.000000e+00
   outer loop
     vertex  3.709784e+00 -8.800000e+00  4.900000e+00
     vertex  2.604321e+00 -9.188036e+00  4.900000e+00
     vertex  3.163009e+00 -9.010986e+00  4.900000e+00
   endloop
 endfacet
 facet normal -9.994369e-01 -3.355335e-02 -0.000000e+00
   outer loop
     vertex -7.500000e+00  8.500000e+00  9.800000e+00
     vertex -7.502252e+00  8.567069e+00  5.000000e+00
     vertex -7.500000e+00  8.500000e+00  5.000000e+00
   endloop
 endfacet
 facet normal -9.949358e-01 -1.005089e-01 -8.353889e-04
   outer loop
     vertex -7.519215e+00  8.695090e+00  9.800000e+00
     vertex -7.508996e+00  8.633836e+00  5.000000e+00
     vertex -7.502252e+00  8.567069e+00  5.000000e+00
   endloop
 endfacet
 facet normal -9.859549e-01 -1.670119e-01  3.239842e-05
   outer loop
     vertex -7.519215e+00  8.695090e+00  9.800000e+00
     vertex -7.520204e+00  8.700000e+00  5.000000e+00
     vertex -7.508996e+00  8.633836e+00  5.000000e+00
   endloop
 endfacet
 facet normal -9.624410e-01 -2.714911e-01 -7.931472e-05
   outer loop
     vertex -7.519215e+00  8.695090e+00  9.800000e+00
     vertex -7.560071e+00  8.841369e+00  4.858631e+00
     vertex -7.520204e+00  8.700000e+00  5.000000e+00
   endloop
 endfacet
 facet normal -9.951843e-01 -9.801710e-02 -9.027270e-04
   outer loop
     vertex -7.519215e+00  8.695090e+00  9.800000e+00
     vertex -7.502252e+00  8.567069e+00  5.000000e+00
     vertex -7.500000e+00  8.500000e+00  9.800000e+00
   endloop
 endfacet
 facet normal -9.124907e-01 -4.090971e-01  4.566088e-04
   outer loop
     vertex -7.576120e+00  8.882683e+00  9.800000e+00
     vertex -7.620216e+00  8.975374e+00  4.724626e+00
     vertex -7.560071e+00  8.841369e+00  4.858631e+00
   endloop
 endfacet
 facet normal -9.569401e-01 -2.902846e-01 -6.811405e-04
   outer loop
     vertex -7.576120e+00  8.882683e+00  9.800000e+00
     vertex -7.560071e+00  8.841369e+00  4.858631e+00
     vertex -7.519215e+00  8.695090e+00  9.800000e+00
   endloop
 endfacet
 facet normal -8.313603e-01 -5.557331e-01  8.671744e-04
   outer loop
     vertex -7.668530e+00  9.055570e+00  9.800000e+00
     vertex -7.725291e+00  9.132318e+00  4.567682e+00
     vertex -7.620216e+00  8.975374e+00  4.724626e+00
   endloop
 endfacet
 facet normal -8.819209e-01 -4.713965e-01 -9.467440e-04
   outer loop
     vertex -7.668530e+00  9.055570e+00  9.800000e+00
     vertex -7.620216e+00  8.975374e+00  4.724626e+00
     vertex -7.576120e+00  8.882683e+00  9.800000e+00
   endloop
 endfacet
 facet normal -7.139036e-01 -7.002436e-01  7.852923e-04
   outer loop
     vertex -7.792893e+00  9.207107e+00  9.800000e+00
     vertex -7.853689e+00  9.263074e+00  4.436926e+00
     vertex -7.725291e+00  9.132318e+00  4.567682e+00
   endloop
 endfacet
 facet normal -7.730101e-01 -6.343930e-01 -9.196070e-04
   outer loop
     vertex -7.792893e+00  9.207107e+00  9.800000e+00
     vertex -7.725291e+00  9.132318e+00  4.567682e+00
     vertex -7.668530e+00  9.055570e+00  9.800000e+00
   endloop
 endfacet
 facet normal -6.343930e-01 -7.730102e-01 -8.754107e-04
   outer loop
     vertex -7.944430e+00  9.331470e+00  9.800000e+00
     vertex -7.853689e+00  9.263074e+00  4.436926e+00
     vertex -7.792893e+00  9.207107e+00  9.800000e+00
   endloop
 endfacet
 facet normal -5.762992e-01 -8.172385e-01  6.715550e-04
   outer loop
     vertex -7.944430e+00  9.331470e+00  9.800000e+00
     vertex -7.998897e+00  9.365388e+00  4.334612e+00
     vertex -7.853689e+00  9.263074e+00  4.436926e+00
   endloop
 endfacet
 facet normal -4.713966e-01 -8.819210e-01 -7.753093e-04
   outer loop
     vertex -8.117317e+00  9.423880e+00  9.800000e+00
     vertex -7.998897e+00  9.365388e+00  4.334612e+00
     vertex -7.944430e+00  9.331470e+00  9.800000e+00
   endloop
 endfacet
 facet normal -4.246693e-01 -9.053484e-01  4.878636e-04
   outer loop
     vertex -8.117317e+00  9.423880e+00  9.800000e+00
     vertex -8.155312e+00  9.438717e+00  4.261283e+00
     vertex -7.998897e+00  9.365388e+00  4.334612e+00
   endloop
 endfacet
 facet normal -2.902846e-01 -9.569402e-01 -5.722214e-04
   outer loop
     vertex -8.304910e+00  9.480785e+00  9.800000e+00
     vertex -8.155312e+00  9.438717e+00  4.261283e+00
     vertex -8.117317e+00  9.423880e+00  9.800000e+00
   endloop
 endfacet
 facet normal -2.640175e-01 -9.645179e-01  1.947936e-04
   outer loop
     vertex -8.304910e+00  9.480785e+00  9.800000e+00
     vertex -8.318648e+00  9.483418e+00  4.216582e+00
     vertex -8.155312e+00  9.438717e+00  4.261283e+00
   endloop
 endfacet
 facet normal -9.801714e-02 -9.951847e-01 -2.281220e-04
   outer loop
     vertex -8.500000e+00  9.500000e+00  9.800000e+00
     vertex -8.318648e+00  9.483418e+00  4.216582e+00
     vertex -8.304910e+00  9.480785e+00  9.800000e+00
   endloop
 endfacet
 facet normal  6.183366e-02 -9.980865e-01  1.743972e-04
   outer loop
     vertex -8.500000e+00  9.500000e+00  9.800000e+00
     vertex -8.637461e+00  9.490507e+00  4.209493e+00
     vertex -8.485827e+00  9.499900e+00  4.200100e+00
   endloop
 endfacet
 facet normal -9.808662e-02 -9.951779e-01 -2.303990e-04
   outer loop
     vertex -8.500000e+00  9.500000e+00  9.800000e+00
     vertex -8.485827e+00  9.499900e+00  4.200100e+00
     vertex -8.318648e+00  9.483418e+00  4.216582e+00
   endloop
 endfacet
 facet normal  9.801711e-02 -9.951845e-01 -7.202222e-04
   outer loop
     vertex -8.695090e+00  9.480785e+00  9.800000e+00
     vertex -8.637461e+00  9.490507e+00  4.209493e+00
     vertex -8.500000e+00  9.500000e+00  9.800000e+00
   endloop
 endfacet
 facet normal  2.135529e-01 -9.769314e-01  5.025037e-04
   outer loop
     vertex -8.695090e+00  9.480785e+00  9.800000e+00
     vertex -8.788163e+00  9.457581e+00  4.242419e+00
     vertex -8.637461e+00  9.490507e+00  4.209493e+00
   endloop
 endfacet
 facet normal  2.902846e-01 -9.569400e-01 -8.659911e-04
   outer loop
     vertex -8.882683e+00  9.423880e+00  9.800000e+00
     vertex -8.788163e+00  9.457581e+00  4.242419e+00
     vertex -8.695090e+00  9.480785e+00  9.800000e+00
   endloop
 endfacet
 facet normal  3.630456e-01 -9.317712e-01  5.241127e-04
   outer loop
     vertex -8.882683e+00  9.423880e+00  9.800000e+00
     vertex -8.935308e+00  9.400282e+00  4.299718e+00
     vertex -8.788163e+00  9.457581e+00  4.242419e+00
   endloop
 endfacet
 facet normal  4.713966e-01 -8.819210e-01 -7.264219e-04
   outer loop
     vertex -9.055570e+00  9.331470e+00  9.800000e+00
     vertex -8.935308e+00  9.400282e+00  4.299718e+00
     vertex -8.882683e+00  9.423880e+00  9.800000e+00
   endloop
 endfacet
 facet normal  5.092578e-01 -8.606140e-01  3.679673e-04
   outer loop
     vertex -9.055570e+00  9.331470e+00  9.800000e+00
     vertex -9.079316e+00  9.315103e+00  4.384897e+00
     vertex -8.935308e+00  9.400282e+00  4.299718e+00
   endloop
 endfacet
 facet normal  6.343932e-01 -7.730104e-01 -4.455366e-04
   outer loop
     vertex -9.207107e+00  9.207107e+00  9.800000e+00
     vertex -9.079316e+00  9.315103e+00  4.384897e+00
     vertex -9.055570e+00  9.331470e+00  9.800000e+00
   endloop
 endfacet
 facet normal  6.454740e-01 -7.637822e-01 -1.764492e-16
   outer loop
     vertex -9.207107e+00  9.207107e+00  9.800000e+00
     vertex -9.207107e+00  9.207107e+00  4.492893e+00
     vertex -9.079316e+00  9.315103e+00  4.384897e+00
   endloop
 endfacet
 facet normal  7.603153e-01 -6.495542e-01 -2.915604e-16
   outer loop
     vertex -9.207107e+00  9.207107e+00  9.800000e+00
     vertex -9.308853e+00  9.088011e+00  4.391147e+00
     vertex -9.207107e+00  9.207107e+00  4.492893e+00
   endloop
 endfacet
 facet normal  7.730103e-01 -6.343932e-01 -5.726323e-04
   outer loop
     vertex -9.331470e+00  9.055570e+00  9.800000e+00
     vertex -9.308853e+00  9.088011e+00  4.391147e+00
     vertex -9.207107e+00  9.207107e+00  9.800000e+00
   endloop
 endfacet
 facet normal  8.523045e-01 -5.230458e-01  4.267643e-04
   outer loop
     vertex -9.331470e+00  9.055570e+00  9.800000e+00
     vertex -9.390753e+00  8.954488e+00  4.309247e+00
     vertex -9.308853e+00  9.088011e+00  4.391147e+00
   endloop
 endfacet
 facet normal  8.819210e-01 -4.713966e-01 -8.438409e-04
   outer loop
     vertex -9.423880e+00  8.882683e+00  9.800000e+00
     vertex -9.390753e+00  8.954488e+00  4.309247e+00
     vertex -9.331470e+00  9.055570e+00  9.800000e+00
   endloop
 endfacet
 facet normal  9.263552e-01 -3.766506e-01  6.632668e-04
   outer loop
     vertex -9.423880e+00  8.882683e+00  9.800000e+00
     vertex -9.455319e+00  8.795577e+00  4.244681e+00
     vertex -9.390753e+00  8.954488e+00  4.309247e+00
   endloop
 endfacet
 facet normal  9.569400e-01 -2.902846e-01 -8.640283e-04
   outer loop
     vertex -9.480785e+00  8.695090e+00  9.800000e+00
     vertex -9.455319e+00  8.795577e+00  4.244681e+00
     vertex -9.423880e+00  8.882683e+00  9.800000e+00
   endloop
 endfacet
 facet normal  9.768176e-01 -2.140722e-01  6.056497e-04
   outer loop
     vertex -9.480785e+00  8.695090e+00  9.800000e+00
     vertex -9.491410e+00  8.630790e+00  4.208590e+00
     vertex -9.455319e+00  8.795577e+00  4.244681e+00
   endloop
 endfacet
 facet normal  9.951844e-01 -9.801711e-02 -7.638733e-04
   outer loop
     vertex -9.500000e+00  8.500000e+00  9.800000e+00
     vertex -9.491410e+00  8.630790e+00  4.208590e+00
     vertex -9.480785e+00  8.695090e+00  9.800000e+00
   endloop
 endfacet
 facet normal  9.988924e-01 -4.704998e-02  4.340044e-04
   outer loop
     vertex -9.500000e+00  8.500000e+00  9.800000e+00
     vertex -9.499313e+00  8.462937e+00  4.200687e+00
     vertex -9.491410e+00  8.630790e+00  4.208590e+00
   endloop
 endfacet
 facet normal  9.951846e-01  9.801713e-02 -5.266810e-04
   outer loop
     vertex -9.480785e+00  8.304910e+00  9.800000e+00
     vertex -9.499313e+00  8.462937e+00  4.200687e+00
     vertex -9.500000e+00  8.500000e+00  9.800000e+00
   endloop
 endfacet
 facet normal  9.644226e-01  2.643652e-01  8.783128e-05
   outer loop
     vertex -9.480785e+00  8.304910e+00  9.800000e+00
     vertex -9.440980e+00  8.161537e+00  4.259020e+00
     vertex -9.482049e+00  8.311375e+00  4.217951e+00
   endloop
 endfacet
 facet normal  9.935764e-01  1.131630e-01 -9.390248e-05
   outer loop
     vertex -9.480785e+00  8.304910e+00  9.800000e+00
     vertex -9.482049e+00  8.311375e+00  4.217951e+00
     vertex -9.499313e+00  8.462937e+00  4.200687e+00
   endloop
 endfacet
 facet normal  9.109374e-01  4.125443e-01  4.810860e-04
   outer loop
     vertex -9.423880e+00  8.117317e+00  9.800000e+00
     vertex -9.375266e+00  8.016358e+00  4.324734e+00
     vertex -9.440980e+00  8.161537e+00  4.259020e+00
   endloop
 endfacet
 facet normal  9.569401e-01  2.902846e-01 -6.365872e-04
   outer loop
     vertex -9.423880e+00  8.117317e+00  9.800000e+00
     vertex -9.440980e+00  8.161537e+00  4.259020e+00
     vertex -9.480785e+00  8.304910e+00  9.800000e+00
   endloop
 endfacet
 facet normal  8.324675e-01  5.540736e-01  6.199793e-04
   outer loop
     vertex -9.331470e+00  7.944430e+00  9.800000e+00
     vertex -9.284441e+00  7.879796e+00  4.415559e+00
     vertex -9.375266e+00  8.016358e+00  4.324734e+00
   endloop
 endfacet
 facet normal  8.819209e-01  4.713966e-01 -8.617214e-04
   outer loop
     vertex -9.331470e+00  7.944430e+00  9.800000e+00
     vertex -9.375266e+00  8.016358e+00  4.324734e+00
     vertex -9.423880e+00  8.117317e+00  9.800000e+00
   endloop
 endfacet
 facet normal  7.290428e-01  6.844679e-01  5.762113e-04
   outer loop
     vertex -9.207107e+00  7.792893e+00  9.800000e+00
     vertex -9.168983e+00  7.756722e+00  4.531017e+00
     vertex -9.284441e+00  7.879796e+00  4.415559e+00
   endloop
 endfacet
 facet normal  7.730102e-01  6.343930e-01 -8.634636e-04
   outer loop
     vertex -9.207107e+00  7.792893e+00  9.800000e+00
     vertex -9.284441e+00  7.879796e+00  4.415559e+00
     vertex -9.331470e+00  7.944430e+00  9.800000e+00
   endloop
 endfacet
 facet normal  6.018883e-01  7.985802e-01  4.111766e-04
   outer loop
     vertex -9.055570e+00  7.668530e+00  9.800000e+00
     vertex -9.030800e+00  7.652503e+00  4.669200e+00
     vertex -9.168983e+00  7.756722e+00  4.531017e+00
   endloop
 endfacet
 facet normal  6.343931e-01  7.730103e-01 -7.164641e-04
   outer loop
     vertex -9.055570e+00  7.668530e+00  9.800000e+00
     vertex -9.168983e+00  7.756722e+00  4.531017e+00
     vertex -9.207107e+00  7.792893e+00  9.800000e+00
   endloop
 endfacet
 facet normal  2.870343e-01  9.579203e-01 -2.347931e-04
   outer loop
     vertex -8.882683e+00  7.576120e+00  9.800000e+00
     vertex -8.700000e+00  7.520204e+00  5.000000e+00
     vertex -8.871339e+00  7.571503e+00  4.828661e+00
   endloop
 endfacet
 facet normal  4.527214e-01  8.916520e-01  2.048420e-04
   outer loop
     vertex -8.882683e+00  7.576120e+00  9.800000e+00
     vertex -8.871339e+00  7.571503e+00  4.828661e+00
     vertex -9.030800e+00  7.652503e+00  4.669200e+00
   endloop
 endfacet
 facet normal  4.713967e-01  8.819212e-01 -4.791430e-04
   outer loop
     vertex -8.882683e+00  7.576120e+00  9.800000e+00
     vertex -9.030800e+00  7.652503e+00  4.669200e+00
     vertex -9.055570e+00  7.668530e+00  9.800000e+00
   endloop
 endfacet
 facet normal  1.027234e-01  9.947100e-01  9.996056e-05
   outer loop
     vertex -8.695090e+00  7.519215e+00  9.800000e+00
     vertex -8.504452e+00  7.500010e+00  5.000000e+00
     vertex -8.700000e+00  7.520204e+00  5.000000e+00
   endloop
 endfacet
 facet normal  2.902847e-01  9.569403e-01 -9.967156e-05
   outer loop
     vertex -8.695090e+00  7.519215e+00  9.800000e+00
     vertex -8.700000e+00  7.520204e+00  5.000000e+00
     vertex -8.882683e+00  7.576120e+00  9.800000e+00
   endloop
 endfacet
 facet normal -9.386275e-02  9.955851e-01  8.911072e-05
   outer loop
     vertex -8.500000e+00  7.500000e+00  9.800000e+00
     vertex -8.308732e+00  7.518462e+00  5.000000e+00
     vertex -8.504452e+00  7.500010e+00  5.000000e+00
   endloop
 endfacet
 facet normal  9.801714e-02  9.951847e-01 -8.885385e-05
   outer loop
     vertex -8.500000e+00  7.500000e+00  9.800000e+00
     vertex -8.504452e+00  7.500010e+00  5.000000e+00
     vertex -8.695090e+00  7.519215e+00  9.800000e+00
   endloop
 endfacet
 facet normal -2.868214e-01  9.579841e-01  7.819665e-05
   outer loop
     vertex -8.304910e+00  7.519215e+00  9.800000e+00
     vertex -8.120403e+00  7.574848e+00  5.000000e+00
     vertex -8.308732e+00  7.518462e+00  5.000000e+00
   endloop
 endfacet
 facet normal -9.801714e-02  9.951847e-01 -7.797190e-05
   outer loop
     vertex -8.304910e+00  7.519215e+00  9.800000e+00
     vertex -8.308732e+00  7.518462e+00  5.000000e+00
     vertex -8.500000e+00  7.500000e+00  9.800000e+00
   endloop
 endfacet
 facet normal -4.686953e-01  8.833599e-01  6.721836e-05
   outer loop
     vertex -8.117317e+00  7.576120e+00  9.800000e+00
     vertex -7.946745e+00  7.666988e+00  5.000000e+00
     vertex -8.120403e+00  7.574848e+00  5.000000e+00
   endloop
 endfacet
 facet normal -2.902847e-01  9.569403e-01 -6.702571e-05
   outer loop
     vertex -8.117317e+00  7.576120e+00  9.800000e+00
     vertex -8.120403e+00  7.574848e+00  5.000000e+00
     vertex -8.304910e+00  7.519215e+00  9.800000e+00
   endloop
 endfacet
 facet normal -6.324555e-01  7.745967e-01  5.617584e-05
   outer loop
     vertex -7.944430e+00  7.668530e+00  9.800000e+00
     vertex -7.794469e+00  7.791321e+00  5.000000e+00
     vertex -7.946745e+00  7.666988e+00  5.000000e+00
   endloop
 endfacet
 facet normal -4.713967e-01  8.819213e-01 -5.601531e-05
   outer loop
     vertex -7.944430e+00  7.668530e+00  9.800000e+00
     vertex -7.946745e+00  7.666988e+00  5.000000e+00
     vertex -8.117317e+00  7.576120e+00  9.800000e+00
   endloop
 endfacet
 facet normal -7.717734e-01  6.358977e-01  4.506910e-05
   outer loop
     vertex -7.792893e+00  7.792893e+00  9.800000e+00
     vertex -7.669459e+00  7.943042e+00  5.000000e+00
     vertex -7.794469e+00  7.791321e+00  5.000000e+00
   endloop
 endfacet
 facet normal -6.343933e-01  7.730105e-01 -4.494068e-05
   outer loop
     vertex -7.792893e+00  7.792893e+00  9.800000e+00
     vertex -7.794469e+00  7.791321e+00  5.000000e+00
     vertex -7.944430e+00  7.668530e+00  9.800000e+00
   endloop
 endfacet
 facet normal -8.812646e-01  4.726232e-01  3.389814e-05
   outer loop
     vertex -7.668530e+00  7.944430e+00  9.800000e+00
     vertex -7.576547e+00  8.116289e+00  5.000000e+00
     vertex -7.669459e+00  7.943042e+00  5.000000e+00
   endloop
 endfacet
 facet normal -7.730105e-01  6.343933e-01 -3.380183e-05
   outer loop
     vertex -7.668530e+00  7.944430e+00  9.800000e+00
     vertex -7.669459e+00  7.943042e+00  5.000000e+00
     vertex -7.792893e+00  7.792893e+00  9.800000e+00
   endloop
 endfacet
 facet normal -8.819213e-01  4.713967e-01 -2.259876e-05
   outer loop
     vertex -7.576120e+00  8.117317e+00  9.800000e+00
     vertex -7.576547e+00  8.116289e+00  5.000000e+00
     vertex -7.668530e+00  7.944430e+00  9.800000e+00
   endloop
 endfacet
 facet normal -9.566977e-01  2.910834e-01  2.266297e-05
   outer loop
     vertex -7.576120e+00  8.117317e+00  9.800000e+00
     vertex -7.519323e+00  8.304364e+00  5.000000e+00
     vertex -7.576547e+00  8.116289e+00  5.000000e+00
   endloop
 endfacet
 facet normal -9.569403e-01  2.902847e-01 -1.133149e-05
   outer loop
     vertex -7.519215e+00  8.304910e+00  9.800000e+00
     vertex -7.519323e+00  8.304364e+00  5.000000e+00
     vertex -7.576120e+00  8.117317e+00  9.800000e+00
   endloop
 endfacet
 facet normal -9.951574e-01  9.829404e-02  1.136359e-05
   outer loop
     vertex -7.519215e+00  8.304910e+00  9.800000e+00
     vertex -7.500000e+00  8.500000e+00  5.000000e+00
     vertex -7.519323e+00  8.304364e+00  5.000000e+00
   endloop
 endfacet
 facet normal -9.951847e-01  9.801714e-02  0.000000e+00
   outer loop
     vertex -7.500000e+00  8.500000e+00  9.800000e+00
     vertex -7.500000e+00  8.500000e+00  5.000000e+00
     vertex -7.519215e+00  8.304910e+00  9.800000e+00
   endloop
 endfacet
 facet normal  0.000000e+00  0.000000e+00 -1.000000e+00
   outer loop
     vertex -7.669459e+00  7.943042e+00  5.000000e+00
     vertex -6.335442e+00  7.145955e+00  5.000000e+00
     vertex -6.752870e+00  6.752870e+00  5.000000e+00
   endloop
 endfacet
 facet normal  0.000000e+00 -0.000000e+00 -1.000000e+00
   outer loop
     vertex -7.669459e+00  7.943042e+00  5.000000e+00
     vertex -6.752870e+00  6.752870e+00  5.000000e+00
     vertex -7.794469e+00  7.791321e+00  5.000000e+00
   endloop
 endfacet
 facet normal  0.000000e+00  0.000000e+00 -1.000000e+00
   outer loop
     vertex -7.946745e+00  7.666988e+00  5.000000e+00
     vertex -6.752870e+00  6.752870e+00  5.000000e+00
     vertex -7.145955e+00  6.335442e+00  5.000000e+00
   endloop
 endfacet
 facet normal  0.000000e+00  0.000000e+00 -1.000000e+00
   outer loop
     vertex -7.946745e+00  7.666988e+00  5.000000e+00
     vertex -7.794469e+00  7.791321e+00  5.000000e+00
     vertex -6.752870e+00  6.752870e+00  5.000000e+00
   endloop
 endfacet
 facet normal  0.000000e+00 -0.000000e+00 -1.000000e+00
   outer loop
     vertex -7.576547e+00  8.116289e+00  5.000000e+00
     vertex -6.335442e+00  7.145955e+00  5.000000e+00
     vertex -7.669459e+00  7.943042e+00  5.000000e+00
   endloop
 endfacet
 facet normal  0.000000e+00  0.000000e+00 -1.000000e+00
   outer loop
     vertex -8.120403e+00  7.574848e+00  5.000000e+00
     vertex -7.946745e+00  7.666988e+00  5.000000e+00
     vertex -7.145955e+00  6.335442e+00  5.000000e+00
   endloop
 endfacet
 facet normal  0.000000e+00  0.000000e+00 -1.000000e+00
   outer loop
     vertex -7.519323e+00  8.304364e+00  5.000000e+00
     vertex -5.895176e+00  7.513281e+00  5.000000e+00
     vertex -6.335442e+00  7.145955e+00  5.000000e+00
   endloop
 endfacet
 facet normal  0.000000e+00 -0.000000e+00 -1.000000e+00
   outer loop
     vertex -7.519323e+00  8.304364e+00  5.000000e+00
     vertex -6.335442e+00  7.145955e+00  5.000000e+00
     vertex -7.576547e+00  8.116289e+00  5.000000e+00
   endloop
 endfacet
 facet normal  0.000000e+00  0.000000e+00 -1.000000e+00
   outer loop
     vertex -8.308732e+00  7.518462e+00  5.000000e+00
     vertex -7.145955e+00  6.335442e+00  5.000000e+00
     vertex -7.513281e+00  5.895176e+00  5.000000e+00
   endloop
 endfacet
 facet normal  0.000000e+00  0.000000e+00 -1.000000e+00
   outer loop
     vertex -8.308732e+00  7.518462e+00  5.000000e+00
     vertex -8.120403e+00  7.574848e+00  5.000000e+00
     vertex -7.145955e+00  6.335442e+00  5.000000e+00
   endloop
 endfacet
 facet normal  0.000000e+00 -0.000000e+00 -1.000000e+00
   outer loop
     vertex -7.500000e+00  8.500000e+00  5.000000e+00
     vertex -5.895176e+00  7.513281e+00  5.000000e+00
     vertex -7.519323e+00  8.304364e+00  5.000000e+00
   endloop
 endfacet
 facet normal  0.000000e+00  0.000000e+00 -1.000000e+00
   outer loop
     vertex -8.504452e+00  7.500010e+00  5.000000e+00
     vertex -7.513281e+00  5.895176e+00  5.000000e+00
     vertex -7.853524e+00  5.433660e+00  5.000000e+00
   endloop
 endfacet
 facet normal  0.000000e+00  0.000000e+00 -1.000000e+00
   outer loop
     vertex -8.504452e+00  7.500010e+00  5.000000e+00
     vertex -8.308732e+00  7.518462e+00  5.000000e+00
     vertex -7.513281e+00  5.895176e+00  5.000000e+00
   endloop
 endfacet
 facet normal  0.000000e+00  0.000000e+00 -1.000000e+00
   outer loop
     vertex -7.502252e+00  8.567069e+00  5.000000e+00
     vertex -5.433660e+00  7.853524e+00  5.000000e+00
     vertex -5.895176e+00  7.513281e+00  5.000000e+00
   endloop
 endfacet
 facet normal  0.000000e+00  0.000000e+00 -1.000000e+00
   outer loop
     vertex -7.502252e+00  8.567069e+00  5.000000e+00
     vertex -5.895176e+00  7.513281e+00  5.000000e+00
     vertex -7.500000e+00  8.500000e+00  5.000000e+00
   endloop
 endfacet
 facet normal  0.000000e+00  0.000000e+00 -1.000000e+00
   outer loop
     vertex -7.508996e+00  8.633836e+00  5.000000e+00
     vertex -5.433660e+00  7.853524e+00  5.000000e+00
     vertex -7.502252e+00  8.567069e+00  5.000000e+00
   endloop
 endfacet
 facet normal  0.000000e+00  0.000000e+00 -1.000000e+00
   outer loop
     vertex -8.700000e+00  7.520204e+00  5.000000e+00
     vertex -7.853524e+00  5.433660e+00  5.000000e+00
     vertex -8.165456e+00  4.952557e+00  5.000000e+00
   endloop
 endfacet
 facet normal  0.000000e+00  0.000000e+00 -1.000000e+00
   outer loop
     vertex -8.700000e+00  7.520204e+00  5.000000e+00
     vertex -8.165456e+00  4.952557e+00  5.000000e+00
     vertex -8.447955e+00  4.453601e+00  5.000000e+00
   endloop
 endfacet
 facet normal  0.000000e+00  0.000000e+00 -1.000000e+00
   outer loop
     vertex -8.700000e+00  7.520204e+00  5.000000e+00
     vertex -8.447955e+00  4.453601e+00  5.000000e+00
     vertex -8.700000e+00  3.938591e+00  5.000000e+00
   endloop
 endfacet
 facet normal  0.000000e+00  0.000000e+00 -1.000000e+00
   outer loop
     vertex -8.700000e+00  7.520204e+00  5.000000e+00
     vertex -8.504452e+00  7.500010e+00  5.000000e+00
     vertex -7.853524e+00  5.433660e+00  5.000000e+00
   endloop
 endfacet
 facet normal  0.000000e+00  0.000000e+00 -1.000000e+00
   outer loop
     vertex -7.520204e+00  8.700000e+00  5.000000e+00
     vertex -4.453601e+00  8.447955e+00  5.000000e+00
     vertex -4.952557e+00  8.165456e+00  5.000000e+00
   endloop
 endfacet
 facet normal  0.000000e+00  0.000000e+00 -1.000000e+00
   outer loop
     vertex -7.520204e+00  8.700000e+00  5.000000e+00
     vertex -4.952557e+00  8.165456e+00  5.000000e+00
     vertex -5.433660e+00  7.853524e+00  5.000000e+00
   endloop
 endfacet
 facet normal  0.000000e+00  0.000000e+00 -1.000000e+00
   outer loop
     vertex -7.520204e+00  8.700000e+00  5.000000e+00
     vertex -5.433660e+00  7.853524e+00  5.000000e+00
     vertex -7.508996e+00  8.633836e+00  5.000000e+00
   endloop
 endfacet
 facet normal  0.000000e+00  0.000000e+00 -1.000000e+00
   outer loop
     vertex -7.520204e+00  8.700000e+00  5.000000e+00
     vertex -3.938591e+00  8.700000e+00  5.000000e+00
     vertex -4.453601e+00  8.447955e+00  5.000000e+00
   endloop
 endfacet
 facet normal  0.000000e+00 -0.000000e+00  1.000000e+00
   outer loop
     vertex -8.800000e+00 -3.709784e+00  4.900000e+00
     vertex -8.800000e+00  3.709784e+00  4.900000e+00
     vertex -9.010986e+00  3.163009e+00  4.900000e+00
   endloop
 endfacet
 facet normal  0.000000e+00  0.000000e+00  1.000000e+00
   outer loop
     vertex -8.800000e+00 -3.709784e+00  4.900000e+00
     vertex -9.010986e+00  3.163009e+00  4.900000e+00
     vertex -9.188036e+00  2.604321e+00  4.900000e+00
   endloop
 endfacet
 facet normal  0.000000e+00  0.000000e+00  1.000000e+00
   outer loop
     vertex -8.800000e+00 -3.709784e+00  4.900000e+00
     vertex -9.188036e+00  2.604321e+00  4.900000e+00
     vertex -9.330483e+00  2.035825e+00  4.900000e+00
   endloop
 endfacet
 facet normal  0.000000e+00  0.000000e+00  1.000000e+00
   outer loop
     vertex -8.800000e+00 -3.709784e+00  4.900000e+00
     vertex -9.330483e+00  2.035825e+00  4.900000e+00
     vertex -9.437790e+00  1.459662e+00  4.900000e+00
   endloop
 endfacet
 facet normal  0.000000e+00  0.000000e+00  1.000000e+00
   outer loop
     vertex -8.800000e+00 -3.709784e+00  4.900000e+00
     vertex -9.437790e+00  1.459662e+00  4.900000e+00
     vertex -9.509554e+00  8.780021e-01  4.900000e+00
   endloop
 endfacet
 facet normal  0.000000e+00  0.000000e+00  1.000000e+00
   outer loop
     vertex -8.800000e+00 -3.709784e+00  4.900000e+00
     vertex -9.509554e+00  8.780021e-01  4.900000e+00
     vertex -9.545503e+00  2.930352e-01  4.900000e+00
   endloop
 endfacet
 facet normal  0.000000e+00  0.000000e+00  1.000000e+00
   outer loop
     vertex -8.800000e+00 -3.709784e+00  4.900000e+00
     vertex -9.545503e+00  2.930352e-01  4.900000e+00
     vertex -9.545503e+00 -2.930352e-01  4.900000e+00
   endloop
 endfacet
 facet normal  0.000000e+00  0.000000e+00  1.000000e+00
   outer loop
     vertex -8.800000e+00 -3.709784e+00  4.900000e+00
     vertex -9.545503e+00 -2.930352e-01  4.900000e+00
     vertex -9.509554e+00 -8.780021e-01  4.900000e+00
   endloop
 endfacet
 facet normal  0.000000e+00  0.000000e+00  1.000000e+00
   outer loop
     vertex -8.800000e+00 -3.709784e+00  4.900000e+00
     vertex -9.509554e+00 -8.780021e-01  4.900000e+00
     vertex -9.437790e+00 -1.459662e+00  4.900000e+00
   endloop
 endfacet
 facet normal  0.000000e+00  0.000000e+00  1.000000e+00
   outer loop
     vertex -8.800000e+00 -3.709784e+00  4.900000e+00
     vertex -9.437790e+00 -1.459662e+00  4.900000e+00
     vertex -9.330483e+00 -2.035825e+00  4.900000e+00
   endloop
 endfacet
 facet normal  0.000000e+00  0.000000e+00  1.000000e+00
   outer loop
     vertex -8.800000e+00 -3.709784e+00  4.900000e+00
     vertex -9.330483e+00 -2.035825e+00  4.900000e+00
     vertex -9.188036e+00 -2.604321e+00  4.900000e+00
   endloop
 endfacet
 facet normal  0.000000e+00  0.000000e+00  1.000000e+00
   outer loop
     vertex -8.800000e+00 -3.709784e+00  4.900000e+00
     vertex -9.188036e+00 -2.604321e+00  4.900000e+00
     vertex -9.010986e+00 -3.163009e+00  4.900000e+00
   endloop
 endfacet
 facet normal  0.000000e+00  0.000000e+00  1.000000e+00
   outer loop
     vertex -2.604321e+00  9.188036e+00  4.900000e+00
     vertex -3.163009e+00  9.010986e+00  4.900000e+00
     vertex -3.709784e+00  8.800000e+00  4.900000e+00
   endloop
 endfacet
 facet normal  0.000000e+00  0.000000e+00  1.000000e+00
   outer loop
     vertex -8.780021e-01  9.509554e+00  4.900000e+00
     vertex -1.459662e+00  9.437790e+00  4.900000e+00
     vertex -2.035825e+00  9.330483e+00  4.900000e+00
   endloop
 endfacet
 facet normal  0.000000e+00  0.000000e+00  1.000000e+00
   outer loop
     vertex -8.780021e-01  9.509554e+00  4.900000e+00
     vertex -2.035825e+00  9.330483e+00  4.900000e+00
     vertex -2.604321e+00  9.188036e+00  4.900000e+00
   endloop
 endfacet
 facet normal  0.000000e+00  0.000000e+00  1.000000e+00
   outer loop
     vertex  2.930352e-01  9.545503e+00  4.900000e+00
     vertex -2.930352e-01  9.545503e+00  4.900000e+00
     vertex -8.780021e-01  9.509554e+00  4.900000e+00
   endloop
 endfacet
 facet normal  0.000000e+00  0.000000e+00  1.000000e+00
   outer loop
     vertex  1.459662e+00  9.437790e+00  4.900000e+00
     vertex  8.780021e-01  9.509554e+00  4.900000e+00
     vertex  2.930352e-01  9.545503e+00  4.900000e+00
   endloop
 endfacet
 facet normal  0.000000e+00  0.000000e+00  1.000000e+00
   outer loop
     vertex  1.459662e+00  9.437790e+00  4.900000e+00
     vertex -2.604321e+00  9.188036e+00  4.900000e+00
     vertex -3.709784e+00  8.800000e+00  4.900000e+00
   endloop
 endfacet
 facet normal  0.000000e+00  0.000000e+00  1.000000e+00
   outer loop
     vertex  1.459662e+00  9.437790e+00  4.900000e+00
     vertex  2.930352e-01  9.545503e+00  4.900000e+00
     vertex -8.780021e-01  9.509554e+00  4.900000e+00
   endloop
 endfacet
 facet normal  0.000000e+00  0.000000e+00  1.000000e+00
   outer loop
     vertex  1.459662e+00  9.437790e+00  4.900000e+00
     vertex -8.780021e-01  9.509554e+00  4.900000e+00
     vertex -2.604321e+00  9.188036e+00  4.900000e+00
   endloop
 endfacet
 facet normal  0.000000e+00  0.000000e+00  1.000000e+00
   outer loop
     vertex  2.604321e+00  9.188036e+00  4.900000e+00
     vertex  2.035825e+00  9.330483e+00  4.900000e+00
     vertex  1.459662e+00  9.437790e+00  4.900000e+00
   endloop
 endfacet
 facet normal  0.000000e+00  0.000000e+00  1.000000e+00
   outer loop
     vertex  2.604321e+00  9.188036e+00  4.900000e+00
     vertex  1.459662e+00  9.437790e+00  4.900000e+00
     vertex -3.709784e+00  8.800000e+00  4.900000e+00
   endloop
 endfacet
 facet normal  0.000000e+00  0.000000e+00  1.000000e+00
   outer loop
     vertex  3.709784e+00  8.800000e+00  4.900000e+00
     vertex  3.163009e+00  9.010986e+00  4.900000e+00
     vertex  2.604321e+00  9.188036e+00  4.900000e+00
   endloop
 endfacet
 facet normal  0.000000e+00  0.000000e+00  1.000000e+00
   outer loop
     vertex  3.709784e+00  8.800000e+00  4.900000e+00
     vertex  2.604321e+00  9.188036e+00  4.900000e+00
     vertex -3.709784e+00  8.800000e+00  4.900000e+00
   endloop
 endfacet
endsolid
