solid 
 facet normal  0.000000e+00  0.000000e+00 -1.000000e+00
   outer loop
     vertex  3.661344e+01 -3.853576e+01  0.000000e+00
     vertex  3.746043e+01 -3.784669e+01  0.000000e+00
     vertex  3.704870e+01 -3.820569e+01  0.000000e+00
   endloop
 endfacet
 facet normal  0.000000e+00  0.000000e+00 -1.000000e+00
   outer loop
     vertex  3.661344e+01 -3.853576e+01  0.000000e+00
     vertex  3.784669e+01 -3.746043e+01  0.000000e+00
     vertex  3.746043e+01 -3.784669e+01  0.000000e+00
   endloop
 endfacet
 facet normal  0.000000e+00  0.000000e+00 -1.000000e+00
   outer loop
     vertex  3.910308e+01 -3.568052e+01  0.000000e+00
     vertex  3.883536e+01 -3.615667e+01  0.000000e+00
     vertex  3.853576e+01 -3.661344e+01  0.000000e+00
   endloop
 endfacet
 facet normal  0.000000e+00  0.000000e+00 -1.000000e+00
   outer loop
     vertex  3.568052e+01 -3.910308e+01  0.000000e+00
     vertex  3.661344e+01 -3.853576e+01  0.000000e+00
     vertex  3.615667e+01 -3.883536e+01  0.000000e+00
   endloop
 endfacet
 facet normal  0.000000e+00  0.000000e+00 -1.000000e+00
   outer loop
     vertex  3.933769e+01 -3.518721e+01  0.000000e+00
     vertex  3.784669e+01 -3.746043e+01  0.000000e+00
     vertex  3.661344e+01 -3.853576e+01  0.000000e+00
   endloop
 endfacet
 facet normal  0.000000e+00  0.000000e+00 -1.000000e+00
   outer loop
     vertex  3.933769e+01 -3.518721e+01  0.000000e+00
     vertex  3.910308e+01 -3.568052e+01  0.000000e+00
     vertex  3.853576e+01 -3.661344e+01  0.000000e+00
   endloop
 endfacet
 facet normal  0.000000e+00  0.000000e+00 -1.000000e+00
   outer loop
     vertex  3.933769e+01 -3.518721e+01  0.000000e+00
     vertex  3.661344e+01 -3.853576e+01  0.000000e+00
     vertex  3.568052e+01 -3.910308e+01  0.000000e+00
   endloop
 endfacet
 facet normal  0.000000e+00  0.000000e+00 -1.000000e+00
   outer loop
     vertex  3.933769e+01 -3.518721e+01  0.000000e+00
     vertex  3.820569e+01 -3.704870e+01  0.000000e+00
     vertex  3.784669e+01 -3.746043e+01  0.000000e+00
   endloop
 endfacet
 facet normal  0.000000e+00  0.000000e+00 -1.000000e+00
   outer loop
     vertex  3.933769e+01 -3.518721e+01  0.000000e+00
     vertex  3.853576e+01 -3.661344e+01  0.000000e+00
     vertex  3.820569e+01 -3.704870e+01  0.000000e+00
   endloop
 endfacet
 facet normal  0.000000e+00  0.000000e+00 -1.000000e+00
   outer loop
     vertex  3.467904e+01 -3.953809e+01  0.000000e+00
     vertex  3.568052e+01 -3.910308e+01  0.000000e+00
     vertex  3.518721e+01 -3.933769e+01  0.000000e+00
   endloop
 endfacet
 facet normal  0.000000e+00  0.000000e+00 -1.000000e+00
   outer loop
     vertex  3.970334e+01 -3.415837e+01  0.000000e+00
     vertex  3.953809e+01 -3.467904e+01  0.000000e+00
     vertex  3.933769e+01 -3.518721e+01  0.000000e+00
   endloop
 endfacet
 facet normal  0.000000e+00  0.000000e+00 -1.000000e+00
   outer loop
     vertex  3.362765e+01 -3.983267e+01  0.000000e+00
     vertex  3.467904e+01 -3.953809e+01  0.000000e+00
     vertex  3.415837e+01 -3.970334e+01  0.000000e+00
   endloop
 endfacet
 facet normal  0.000000e+00  0.000000e+00 -1.000000e+00
   outer loop
     vertex  3.254594e+01 -3.998135e+01  0.000000e+00
     vertex  3.933769e+01 -3.518721e+01  0.000000e+00
     vertex  3.568052e+01 -3.910308e+01  0.000000e+00
   endloop
 endfacet
 facet normal  0.000000e+00  0.000000e+00 -1.000000e+00
   outer loop
     vertex  3.254594e+01 -3.998135e+01  0.000000e+00
     vertex  3.568052e+01 -3.910308e+01  0.000000e+00
     vertex  3.467904e+01 -3.953809e+01  0.000000e+00
   endloop
 endfacet
 facet normal  0.000000e+00  0.000000e+00 -1.000000e+00
   outer loop
     vertex  3.254594e+01 -3.998135e+01  0.000000e+00
     vertex  3.467904e+01 -3.953809e+01  0.000000e+00
     vertex  3.362765e+01 -3.983267e+01  0.000000e+00
   endloop
 endfacet
 facet normal  0.000000e+00  0.000000e+00 -1.000000e+00
   outer loop
     vertex  3.254594e+01 -3.998135e+01  0.000000e+00
     vertex  3.362765e+01 -3.983267e+01  0.000000e+00
     vertex  3.308933e+01 -3.992549e+01  0.000000e+00
   endloop
 endfacet
 facet normal  0.000000e+00  0.000000e+00 -1.000000e+00
   outer loop
     vertex  3.998135e+01 -3.254594e+01  0.000000e+00
     vertex  3.970334e+01 -3.415837e+01  0.000000e+00
     vertex  3.933769e+01 -3.518721e+01  0.000000e+00
   endloop
 endfacet
 facet normal  0.000000e+00  0.000000e+00 -1.000000e+00
   outer loop
     vertex  3.998135e+01 -3.254594e+01  0.000000e+00
     vertex  3.933769e+01 -3.518721e+01  0.000000e+00
     vertex  3.254594e+01 -3.998135e+01  0.000000e+00
   endloop
 endfacet
 facet normal  0.000000e+00  0.000000e+00 -1.000000e+00
   outer loop
     vertex  3.998135e+01 -3.254594e+01  0.000000e+00
     vertex  3.983267e+01 -3.362765e+01  0.000000e+00
     vertex  3.970334e+01 -3.415837e+01  0.000000e+00
   endloop
 endfacet
 facet normal  0.000000e+00  0.000000e+00 -1.000000e+00
   outer loop
     vertex  3.998135e+01 -3.254594e+01  0.000000e+00
     vertex  3.992549e+01 -3.308933e+01  0.000000e+00
     vertex  3.983267e+01 -3.362765e+01  0.000000e+00
   endloop
 endfacet
 facet normal  0.000000e+00  0.000000e+00 -1.000000e+00
   outer loop
     vertex  4.000000e+01 -3.200000e+01  0.000000e+00
     vertex  3.998135e+01 -3.254594e+01  0.000000e+00
     vertex  3.254594e+01 -3.998135e+01  0.000000e+00
   endloop
 endfacet
 facet normal  0.000000e+00  0.000000e+00 -1.000000e+00
   outer loop
     vertex  3.200000e+01 -4.000000e+01  0.000000e+00
     vertex  4.000000e+01 -3.200000e+01  0.000000e+00
     vertex  3.254594e+01 -3.998135e+01  0.000000e+00
   endloop
 endfacet
 facet normal  0.000000e+00  0.000000e+00 -1.000000e+00
   outer loop
     vertex  1.200000e+01 -1.200000e+01  0.000000e+00
     vertex  4.000000e+01 -3.200000e+01  0.000000e+00
     vertex  3.200000e+01 -4.000000e+01  0.000000e+00
   endloop
 endfacet
 facet normal  0.000000e+00 -0.000000e+00 -1.000000e+00
   outer loop
     vertex  1.200000e+01 -1.200000e+01  0.000000e+00
     vertex  3.200000e+01 -4.000000e+01  0.000000e+00
     vertex  8.000000e+00 -1.600000e+01  0.000000e+00
   endloop
 endfacet
 facet normal  0.000000e+00 -0.000000e+00 -1.000000e+00
   outer loop
     vertex  1.832242e+01 -1.899037e+00  0.000000e+00
     vertex  4.000000e+01 -3.200000e+01  0.000000e+00
     vertex  1.809081e+01 -2.151395e+00  0.000000e+00
   endloop
 endfacet
 facet normal  0.000000e+00 -0.000000e+00 -1.000000e+00
   outer loop
     vertex  1.783194e+01 -2.375707e+00  0.000000e+00
     vertex  4.000000e+01 -3.200000e+01  0.000000e+00
     vertex  1.200000e+01 -1.200000e+01  0.000000e+00
   endloop
 endfacet
 facet normal  0.000000e+00  0.000000e+00 -1.000000e+00
   outer loop
     vertex  1.783194e+01 -2.375707e+00  0.000000e+00
     vertex  1.809081e+01 -2.151395e+00  0.000000e+00
     vertex  4.000000e+01 -3.200000e+01  0.000000e+00
   endloop
 endfacet
 facet normal  0.000000e+00 -0.000000e+00 -1.000000e+00
   outer loop
     vertex  1.852376e+01 -1.621922e+00  0.000000e+00
     vertex  4.000000e+01 -3.200000e+01  0.000000e+00
     vertex  1.832242e+01 -1.899037e+00  0.000000e+00
   endloop
 endfacet
 facet normal  0.000000e+00 -0.000000e+00 -1.000000e+00
   outer loop
     vertex  1.754919e+01 -2.569047e+00  0.000000e+00
     vertex  1.783194e+01 -2.375707e+00  0.000000e+00
     vertex  1.200000e+01 -1.200000e+01  0.000000e+00
   endloop
 endfacet
 facet normal  0.000000e+00 -0.000000e+00 -1.000000e+00
   outer loop
     vertex  1.869220e+01 -1.323663e+00  0.000000e+00
     vertex  4.000000e+01 -3.200000e+01  0.000000e+00
     vertex  1.852376e+01 -1.621922e+00  0.000000e+00
   endloop
 endfacet
 facet normal  0.000000e+00 -0.000000e+00 -1.000000e+00
   outer loop
     vertex  1.724625e+01 -2.728896e+00  0.000000e+00
     vertex  1.754919e+01 -2.569047e+00  0.000000e+00
     vertex  1.200000e+01 -1.200000e+01  0.000000e+00
   endloop
 endfacet
 facet normal  0.000000e+00 -0.000000e+00 -1.000000e+00
   outer loop
     vertex  1.882553e+01 -1.008148e+00  0.000000e+00
     vertex  4.000000e+01 -3.200000e+01  0.000000e+00
     vertex  1.869220e+01 -1.323663e+00  0.000000e+00
   endloop
 endfacet
 facet normal  0.000000e+00 -0.000000e+00 -1.000000e+00
   outer loop
     vertex  1.692705e+01 -2.853170e+00  0.000000e+00
     vertex  1.724625e+01 -2.728896e+00  0.000000e+00
     vertex  1.200000e+01 -1.200000e+01  0.000000e+00
   endloop
 endfacet
 facet normal  0.000000e+00 -0.000000e+00 -1.000000e+00
   outer loop
     vertex  1.892204e+01 -6.794903e-01  0.000000e+00
     vertex  4.000000e+01 -3.200000e+01  0.000000e+00
     vertex  1.882553e+01 -1.008148e+00  0.000000e+00
   endloop
 endfacet
 facet normal  0.000000e+00 -0.000000e+00 -1.000000e+00
   outer loop
     vertex  1.659577e+01 -2.940248e+00  0.000000e+00
     vertex  1.692705e+01 -2.853170e+00  0.000000e+00
     vertex  1.200000e+01 -1.200000e+01  0.000000e+00
   endloop
 endfacet
 facet normal  0.000000e+00 -0.000000e+00 -1.000000e+00
   outer loop
     vertex  1.898045e+01 -3.419742e-01  0.000000e+00
     vertex  4.000000e+01 -3.200000e+01  0.000000e+00
     vertex  1.892204e+01 -6.794903e-01  0.000000e+00
   endloop
 endfacet
 facet normal  0.000000e+00 -0.000000e+00 -1.000000e+00
   outer loop
     vertex  1.625673e+01 -2.988995e+00  0.000000e+00
     vertex  1.659577e+01 -2.940248e+00  0.000000e+00
     vertex  1.200000e+01 -1.200000e+01  0.000000e+00
   endloop
 endfacet
 facet normal  0.000000e+00 -0.000000e+00 -1.000000e+00
   outer loop
     vertex  1.900000e+01  0.000000e+00  0.000000e+00
     vertex  4.000000e+01 -3.200000e+01  0.000000e+00
     vertex  1.898045e+01 -3.419742e-01  0.000000e+00
   endloop
 endfacet
 facet normal  0.000000e+00 -0.000000e+00 -1.000000e+00
   outer loop
     vertex  1.591433e+01 -2.998777e+00  0.000000e+00
     vertex  1.625673e+01 -2.988995e+00  0.000000e+00
     vertex  1.200000e+01 -1.200000e+01  0.000000e+00
   endloop
 endfacet
 facet normal  0.000000e+00 -0.000000e+00 -1.000000e+00
   outer loop
     vertex  1.557306e+01 -2.969464e+00  0.000000e+00
     vertex  1.591433e+01 -2.998777e+00  0.000000e+00
     vertex  1.200000e+01 -1.200000e+01  0.000000e+00
   endloop
 endfacet
 facet normal  0.000000e+00 -0.000000e+00 -1.000000e+00
   outer loop
     vertex  1.523734e+01 -2.901441e+00  0.000000e+00
     vertex  1.557306e+01 -2.969464e+00  0.000000e+00
     vertex  1.200000e+01 -1.200000e+01  0.000000e+00
   endloop
 endfacet
 facet normal  0.000000e+00 -0.000000e+00 -1.000000e+00
   outer loop
     vertex  1.491158e+01 -2.795592e+00  0.000000e+00
     vertex  1.523734e+01 -2.901441e+00  0.000000e+00
     vertex  1.200000e+01 -1.200000e+01  0.000000e+00
   endloop
 endfacet
 facet normal  0.000000e+00 -0.000000e+00 -1.000000e+00
   outer loop
     vertex  1.460000e+01 -2.653299e+00  0.000000e+00
     vertex  1.491158e+01 -2.795592e+00  0.000000e+00
     vertex  1.200000e+01 -1.200000e+01  0.000000e+00
   endloop
 endfacet
 facet normal  0.000000e+00 -0.000000e+00 -1.000000e+00
   outer loop
     vertex  1.430667e+01 -2.476416e+00  0.000000e+00
     vertex  1.460000e+01 -2.653299e+00  0.000000e+00
     vertex  1.200000e+01 -1.200000e+01  0.000000e+00
   endloop
 endfacet
 facet normal  0.000000e+00 -0.000000e+00 -1.000000e+00
   outer loop
     vertex  1.403542e+01 -2.267249e+00  0.000000e+00
     vertex  1.430667e+01 -2.476416e+00  0.000000e+00
     vertex  1.200000e+01 -1.200000e+01  0.000000e+00
   endloop
 endfacet
 facet normal  0.000000e+00 -0.000000e+00 -1.000000e+00
   outer loop
     vertex  1.378978e+01 -2.028525e+00  0.000000e+00
     vertex  1.403542e+01 -2.267249e+00  0.000000e+00
     vertex  1.200000e+01 -1.200000e+01  0.000000e+00
   endloop
 endfacet
 facet normal  0.000000e+00 -0.000000e+00 -1.000000e+00
   outer loop
     vertex  1.357295e+01 -1.763356e+00  0.000000e+00
     vertex  1.378978e+01 -2.028525e+00  0.000000e+00
     vertex  1.200000e+01 -1.200000e+01  0.000000e+00
   endloop
 endfacet
 facet normal  0.000000e+00 -0.000000e+00 -1.000000e+00
   outer loop
     vertex  1.338776e+01 -1.475199e+00  0.000000e+00
     vertex  1.357295e+01 -1.763356e+00  0.000000e+00
     vertex  1.200000e+01 -1.200000e+01  0.000000e+00
   endloop
 endfacet
 facet normal  0.000000e+00 -0.000000e+00 -1.000000e+00
   outer loop
     vertex  1.323663e+01 -1.167810e+00  0.000000e+00
     vertex  1.338776e+01 -1.475199e+00  0.000000e+00
     vertex  1.200000e+01 -1.200000e+01  0.000000e+00
   endloop
 endfacet
 facet normal  0.000000e+00  0.000000e+00 -1.000000e+00
   outer loop
     vertex  4.000000e+01  3.200000e+01  0.000000e+00
     vertex  1.869220e+01  1.323663e+00  0.000000e+00
     vertex  1.852376e+01  1.621922e+00  0.000000e+00
   endloop
 endfacet
 facet normal  0.000000e+00  0.000000e+00 -1.000000e+00
   outer loop
     vertex  4.000000e+01  3.200000e+01  0.000000e+00
     vertex  1.852376e+01  1.621922e+00  0.000000e+00
     vertex  1.832242e+01  1.899037e+00  0.000000e+00
   endloop
 endfacet
 facet normal  0.000000e+00  0.000000e+00 -1.000000e+00
   outer loop
     vertex  4.000000e+01  3.200000e+01  0.000000e+00
     vertex  1.832242e+01  1.899037e+00  0.000000e+00
     vertex  1.809081e+01  2.151395e+00  0.000000e+00
   endloop
 endfacet
 facet normal  0.000000e+00  0.000000e+00 -1.000000e+00
   outer loop
     vertex  4.000000e+01  3.200000e+01  0.000000e+00
     vertex  1.809081e+01  2.151395e+00  0.000000e+00
     vertex  1.783194e+01  2.375707e+00  0.000000e+00
   endloop
 endfacet
 facet normal  0.000000e+00 -0.000000e+00 -1.000000e+00
   outer loop
     vertex  4.000000e+01  3.200000e+01  0.000000e+00
     vertex  4.000000e+01 -3.200000e+01  0.000000e+00
     vertex  1.900000e+01  0.000000e+00  0.000000e+00
   endloop
 endfacet
 facet normal  0.000000e+00  0.000000e+00 -1.000000e+00
   outer loop
     vertex  4.000000e+01  3.200000e+01  0.000000e+00
     vertex  1.900000e+01  0.000000e+00  0.000000e+00
     vertex  1.898045e+01  3.419742e-01  0.000000e+00
   endloop
 endfacet
 facet normal  0.000000e+00  0.000000e+00 -1.000000e+00
   outer loop
     vertex  4.000000e+01  3.200000e+01  0.000000e+00
     vertex  1.898045e+01  3.419742e-01  0.000000e+00
     vertex  1.892204e+01  6.794903e-01  0.000000e+00
   endloop
 endfacet
 facet normal  0.000000e+00  0.000000e+00 -1.000000e+00
   outer loop
     vertex  4.000000e+01  3.200000e+01  0.000000e+00
     vertex  1.892204e+01  6.794903e-01  0.000000e+00
     vertex  1.882553e+01  1.008148e+00  0.000000e+00
   endloop
 endfacet
 facet normal  0.000000e+00  0.000000e+00 -1.000000e+00
   outer loop
     vertex  4.000000e+01  3.200000e+01  0.000000e+00
     vertex  1.882553e+01  1.008148e+00  0.000000e+00
     vertex  1.869220e+01  1.323663e+00  0.000000e+00
   endloop
 endfacet
 facet normal  0.000000e+00  0.000000e+00 -1.000000e+00
   outer loop
     vertex -3.200000e+01 -4.000000e+01  0.000000e+00
     vertex -8.000000e+00 -1.600000e+01  0.000000e+00
     vertex  8.000000e+00 -1.600000e+01  0.000000e+00
   endloop
 endfacet
 facet normal  0.000000e+00  0.000000e+00 -1.000000e+00
   outer loop
     vertex -3.200000e+01 -4.000000e+01  0.000000e+00
     vertex  8.000000e+00 -1.600000e+01  0.000000e+00
     vertex  3.200000e+01 -4.000000e+01  0.000000e+00
   endloop
 endfacet
 facet normal  0.000000e+00  0.000000e+00 -1.000000e+00
   outer loop
     vertex -3.308933e+01 -3.992549e+01  0.000000e+00
     vertex -3.200000e+01 -4.000000e+01  0.000000e+00
     vertex -3.254594e+01 -3.998135e+01  0.000000e+00
   endloop
 endfacet
 facet normal  0.000000e+00  0.000000e+00 -1.000000e+00
   outer loop
     vertex  3.992549e+01  3.308933e+01  0.000000e+00
     vertex  3.998135e+01  3.254594e+01  0.000000e+00
     vertex  4.000000e+01  3.200000e+01  0.000000e+00
   endloop
 endfacet
 facet normal  0.000000e+00  0.000000e+00 -1.000000e+00
   outer loop
     vertex -3.362765e+01 -3.983267e+01  0.000000e+00
     vertex -3.200000e+01 -4.000000e+01  0.000000e+00
     vertex -3.308933e+01 -3.992549e+01  0.000000e+00
   endloop
 endfacet
 facet normal  0.000000e+00  0.000000e+00 -1.000000e+00
   outer loop
     vertex  3.983267e+01  3.362765e+01  0.000000e+00
     vertex  3.992549e+01  3.308933e+01  0.000000e+00
     vertex  4.000000e+01  3.200000e+01  0.000000e+00
   endloop
 endfacet
 facet normal  0.000000e+00  0.000000e+00 -1.000000e+00
   outer loop
     vertex -3.415837e+01 -3.970334e+01  0.000000e+00
     vertex -3.200000e+01 -4.000000e+01  0.000000e+00
     vertex -3.362765e+01 -3.983267e+01  0.000000e+00
   endloop
 endfacet
 facet normal  0.000000e+00  0.000000e+00 -1.000000e+00
   outer loop
     vertex  3.953809e+01  3.467904e+01  0.000000e+00
     vertex  3.970334e+01  3.415837e+01  0.000000e+00
     vertex  3.983267e+01  3.362765e+01  0.000000e+00
   endloop
 endfacet
 facet normal  0.000000e+00  0.000000e+00 -1.000000e+00
   outer loop
     vertex  3.953809e+01  3.467904e+01  0.000000e+00
     vertex  3.983267e+01  3.362765e+01  0.000000e+00
     vertex  4.000000e+01  3.200000e+01  0.000000e+00
   endloop
 endfacet
 facet normal  0.000000e+00  0.000000e+00 -1.000000e+00
   outer loop
     vertex -3.568052e+01 -3.910308e+01  0.000000e+00
     vertex -3.467904e+01 -3.953809e+01  0.000000e+00
     vertex -3.518721e+01 -3.933769e+01  0.000000e+00
   endloop
 endfacet
 facet normal  0.000000e+00  0.000000e+00 -1.000000e+00
   outer loop
     vertex -3.568052e+01 -3.910308e+01  0.000000e+00
     vertex -3.415837e+01 -3.970334e+01  0.000000e+00
     vertex -3.467904e+01 -3.953809e+01  0.000000e+00
   endloop
 endfacet
 facet normal  0.000000e+00  0.000000e+00 -1.000000e+00
   outer loop
     vertex -3.568052e+01 -3.910308e+01  0.000000e+00
     vertex -3.200000e+01 -4.000000e+01  0.000000e+00
     vertex -3.415837e+01 -3.970334e+01  0.000000e+00
   endloop
 endfacet
 facet normal  0.000000e+00  0.000000e+00 -1.000000e+00
   outer loop
     vertex -3.661344e+01 -3.853576e+01  0.000000e+00
     vertex -3.200000e+01 -4.000000e+01  0.000000e+00
     vertex -3.568052e+01 -3.910308e+01  0.000000e+00
   endloop
 endfacet
 facet normal  0.000000e+00  0.000000e+00 -1.000000e+00
   outer loop
     vertex -3.661344e+01 -3.853576e+01  0.000000e+00
     vertex -3.568052e+01 -3.910308e+01  0.000000e+00
     vertex -3.615667e+01 -3.883536e+01  0.000000e+00
   endloop
 endfacet
 facet normal  0.000000e+00  0.000000e+00 -1.000000e+00
   outer loop
     vertex  3.853576e+01  3.661344e+01  0.000000e+00
     vertex  3.953809e+01  3.467904e+01  0.000000e+00
     vertex  4.000000e+01  3.200000e+01  0.000000e+00
   endloop
 endfacet
 facet normal  0.000000e+00  0.000000e+00 -1.000000e+00
   outer loop
     vertex  3.853576e+01  3.661344e+01  0.000000e+00
     vertex  3.883536e+01  3.615667e+01  0.000000e+00
     vertex  3.910308e+01  3.568052e+01  0.000000e+00
   endloop
 endfacet
 facet normal  0.000000e+00  0.000000e+00 -1.000000e+00
   outer loop
     vertex  3.853576e+01  3.661344e+01  0.000000e+00
     vertex  3.910308e+01  3.568052e+01  0.000000e+00
     vertex  3.933769e+01  3.518721e+01  0.000000e+00
   endloop
 endfacet
 facet normal  0.000000e+00  0.000000e+00 -1.000000e+00
   outer loop
     vertex  3.853576e+01  3.661344e+01  0.000000e+00
     vertex  3.933769e+01  3.518721e+01  0.000000e+00
     vertex  3.953809e+01  3.467904e+01  0.000000e+00
   endloop
 endfacet
 facet normal  0.000000e+00  0.000000e+00 -1.000000e+00
   outer loop
     vertex -3.704870e+01 -3.820569e+01  0.000000e+00
     vertex -3.200000e+01 -4.000000e+01  0.000000e+00
     vertex -3.661344e+01 -3.853576e+01  0.000000e+00
   endloop
 endfacet
 facet normal  0.000000e+00  0.000000e+00 -1.000000e+00
   outer loop
     vertex -3.746043e+01 -3.784669e+01  0.000000e+00
     vertex -3.200000e+01 -4.000000e+01  0.000000e+00
     vertex -3.704870e+01 -3.820569e+01  0.000000e+00
   endloop
 endfacet
 facet normal  0.000000e+00  0.000000e+00 -1.000000e+00
   outer loop
     vertex  1.200000e+01  1.200000e+01  0.000000e+00
     vertex  1.783194e+01  2.375707e+00  0.000000e+00
     vertex  1.754919e+01  2.569047e+00  0.000000e+00
   endloop
 endfacet
 facet normal  0.000000e+00  0.000000e+00 -1.000000e+00
   outer loop
     vertex  1.200000e+01  1.200000e+01  0.000000e+00
     vertex  1.754919e+01  2.569047e+00  0.000000e+00
     vertex  1.724625e+01  2.728896e+00  0.000000e+00
   endloop
 endfacet
 facet normal  0.000000e+00  0.000000e+00 -1.000000e+00
   outer loop
     vertex  1.200000e+01  1.200000e+01  0.000000e+00
     vertex  1.724625e+01  2.728896e+00  0.000000e+00
     vertex  1.692705e+01  2.853170e+00  0.000000e+00
   endloop
 endfacet
 facet normal  0.000000e+00  0.000000e+00 -1.000000e+00
   outer loop
     vertex  1.200000e+01  1.200000e+01  0.000000e+00
     vertex  1.692705e+01  2.853170e+00  0.000000e+00
     vertex  1.659577e+01  2.940248e+00  0.000000e+00
   endloop
 endfacet
 facet normal  0.000000e+00  0.000000e+00 -1.000000e+00
   outer loop
     vertex  1.200000e+01  1.200000e+01  0.000000e+00
     vertex  1.659577e+01  2.940248e+00  0.000000e+00
     vertex  1.625673e+01  2.988995e+00  0.000000e+00
   endloop
 endfacet
 facet normal  0.000000e+00  0.000000e+00 -1.000000e+00
   outer loop
     vertex  1.200000e+01  1.200000e+01  0.000000e+00
     vertex  1.625673e+01  2.988995e+00  0.000000e+00
     vertex  1.591433e+01  2.998777e+00  0.000000e+00
   endloop
 endfacet
 facet normal  0.000000e+00  0.000000e+00 -1.000000e+00
   outer loop
     vertex  1.200000e+01  1.200000e+01  0.000000e+00
     vertex  1.591433e+01  2.998777e+00  0.000000e+00
     vertex  1.557306e+01  2.969464e+00  0.000000e+00
   endloop
 endfacet
 facet normal  0.000000e+00  0.000000e+00 -1.000000e+00
   outer loop
     vertex  1.200000e+01  1.200000e+01  0.000000e+00
     vertex  1.557306e+01  2.969464e+00  0.000000e+00
     vertex  1.523734e+01  2.901441e+00  0.000000e+00
   endloop
 endfacet
 facet normal  0.000000e+00  0.000000e+00 -1.000000e+00
   outer loop
     vertex  1.200000e+01  1.200000e+01  0.000000e+00
     vertex  1.523734e+01  2.901441e+00  0.000000e+00
     vertex  1.491158e+01  2.795592e+00  0.000000e+00
   endloop
 endfacet
 facet normal  0.000000e+00  0.000000e+00 -1.000000e+00
   outer loop
     vertex  1.200000e+01  1.200000e+01  0.000000e+00
     vertex  1.491158e+01  2.795592e+00  0.000000e+00
     vertex  1.460000e+01  2.653299e+00  0.000000e+00
   endloop
 endfacet
 facet normal  0.000000e+00  0.000000e+00 -1.000000e+00
   outer loop
     vertex  1.200000e+01  1.200000e+01  0.000000e+00
     vertex  1.460000e+01  2.653299e+00  0.000000e+00
     vertex  1.430667e+01  2.476416e+00  0.000000e+00
   endloop
 endfacet
 facet normal  0.000000e+00  0.000000e+00 -1.000000e+00
   outer loop
     vertex  1.200000e+01  1.200000e+01  0.000000e+00
     vertex  1.430667e+01  2.476416e+00  0.000000e+00
     vertex  1.403542e+01  2.267249e+00  0.000000e+00
   endloop
 endfacet
 facet normal  0.000000e+00  0.000000e+00 -1.000000e+00
   outer loop
     vertex  1.200000e+01  1.200000e+01  0.000000e+00
     vertex  1.403542e+01  2.267249e+00  0.000000e+00
     vertex  1.378978e+01  2.028525e+00  0.000000e+00
   endloop
 endfacet
 facet normal  0.000000e+00  0.000000e+00 -1.000000e+00
   outer loop
     vertex  1.200000e+01  1.200000e+01  0.000000e+00
     vertex  1.378978e+01  2.028525e+00  0.000000e+00
     vertex  1.357295e+01  1.763356e+00  0.000000e+00
   endloop
 endfacet
 facet normal  0.000000e+00  0.000000e+00 -1.000000e+00
   outer loop
     vertex  1.200000e+01  1.200000e+01  0.000000e+00
     vertex  1.357295e+01  1.763356e+00  0.000000e+00
     vertex  1.338776e+01  1.475199e+00  0.000000e+00
   endloop
 endfacet
 facet normal  0.000000e+00  0.000000e+00 -1.000000e+00
   outer loop
     vertex  1.200000e+01  1.200000e+01  0.000000e+00
     vertex  1.338776e+01  1.475199e+00  0.000000e+00
     vertex  1.323663e+01  1.167810e+00  0.000000e+00
   endloop
 endfacet
 facet normal  0.000000e+00  0.000000e+00 -1.000000e+00
   outer loop
     vertex  1.200000e+01  1.200000e+01  0.000000e+00
     vertex  4.000000e+01  3.200000e+01  0.000000e+00
     vertex  1.783194e+01  2.375707e+00  0.000000e+00
   endloop
 endfacet
 facet normal  0.000000e+00 -0.000000e+00 -1.000000e+00
   outer loop
     vertex -1.200000e+01 -1.200000e+01  0.000000e+00
     vertex -8.000000e+00 -1.600000e+01  0.000000e+00
     vertex -3.200000e+01 -4.000000e+01  0.000000e+00
   endloop
 endfacet
 facet normal  0.000000e+00  0.000000e+00 -1.000000e+00
   outer loop
     vertex  3.746043e+01  3.784669e+01  0.000000e+00
     vertex  3.784669e+01  3.746043e+01  0.000000e+00
     vertex  3.820569e+01  3.704870e+01  0.000000e+00
   endloop
 endfacet
 facet normal  0.000000e+00  0.000000e+00 -1.000000e+00
   outer loop
     vertex  3.746043e+01  3.784669e+01  0.000000e+00
     vertex  3.820569e+01  3.704870e+01  0.000000e+00
     vertex  3.853576e+01  3.661344e+01  0.000000e+00
   endloop
 endfacet
 facet normal  0.000000e+00  0.000000e+00 -1.000000e+00
   outer loop
     vertex  3.704870e+01  3.820569e+01  0.000000e+00
     vertex  3.746043e+01  3.784669e+01  0.000000e+00
     vertex  3.853576e+01  3.661344e+01  0.000000e+00
   endloop
 endfacet
 facet normal  0.000000e+00  0.000000e+00 -1.000000e+00
   outer loop
     vertex  3.704870e+01  3.820569e+01  0.000000e+00
     vertex  3.853576e+01  3.661344e+01  0.000000e+00
     vertex  4.000000e+01  3.200000e+01  0.000000e+00
   endloop
 endfacet
 facet normal  0.000000e+00  0.000000e+00 -1.000000e+00
   outer loop
     vertex -3.820569e+01 -3.704870e+01  0.000000e+00
     vertex -3.746043e+01 -3.784669e+01  0.000000e+00
     vertex -3.784669e+01 -3.746043e+01  0.000000e+00
   endloop
 endfacet
 facet normal  0.000000e+00  0.000000e+00 -1.000000e+00
   outer loop
     vertex -3.820569e+01 -3.704870e+01  0.000000e+00
     vertex -3.200000e+01 -4.000000e+01  0.000000e+00
     vertex -3.746043e+01 -3.784669e+01  0.000000e+00
   endloop
 endfacet
 facet normal  0.000000e+00  0.000000e+00 -1.000000e+00
   outer loop
     vertex -3.853576e+01 -3.661344e+01  0.000000e+00
     vertex -3.200000e+01 -4.000000e+01  0.000000e+00
     vertex -3.820569e+01 -3.704870e+01  0.000000e+00
   endloop
 endfacet
 facet normal  0.000000e+00  0.000000e+00 -1.000000e+00
   outer loop
     vertex  3.615667e+01  3.883536e+01  0.000000e+00
     vertex  3.661344e+01  3.853576e+01  0.000000e+00
     vertex  3.704870e+01  3.820569e+01  0.000000e+00
   endloop
 endfacet
 facet normal  0.000000e+00  0.000000e+00 -1.000000e+00
   outer loop
     vertex -3.883536e+01 -3.615667e+01  0.000000e+00
     vertex -3.200000e+01 -4.000000e+01  0.000000e+00
     vertex -3.853576e+01 -3.661344e+01  0.000000e+00
   endloop
 endfacet
 facet normal  0.000000e+00  0.000000e+00 -1.000000e+00
   outer loop
     vertex  3.568052e+01  3.910308e+01  0.000000e+00
     vertex  3.615667e+01  3.883536e+01  0.000000e+00
     vertex  3.704870e+01  3.820569e+01  0.000000e+00
   endloop
 endfacet
 facet normal  0.000000e+00  0.000000e+00 -1.000000e+00
   outer loop
     vertex -3.953809e+01 -3.467904e+01  0.000000e+00
     vertex -3.910308e+01 -3.568052e+01  0.000000e+00
     vertex -3.933769e+01 -3.518721e+01  0.000000e+00
   endloop
 endfacet
 facet normal  0.000000e+00  0.000000e+00 -1.000000e+00
   outer loop
     vertex -3.953809e+01 -3.467904e+01  0.000000e+00
     vertex -3.883536e+01 -3.615667e+01  0.000000e+00
     vertex -3.910308e+01 -3.568052e+01  0.000000e+00
   endloop
 endfacet
 facet normal  0.000000e+00  0.000000e+00 -1.000000e+00
   outer loop
     vertex  3.415837e+01  3.970334e+01  0.000000e+00
     vertex  3.467904e+01  3.953809e+01  0.000000e+00
     vertex  3.518721e+01  3.933769e+01  0.000000e+00
   endloop
 endfacet
 facet normal  0.000000e+00  0.000000e+00 -1.000000e+00
   outer loop
     vertex  3.415837e+01  3.970334e+01  0.000000e+00
     vertex  3.518721e+01  3.933769e+01  0.000000e+00
     vertex  3.568052e+01  3.910308e+01  0.000000e+00
   endloop
 endfacet
 facet normal  0.000000e+00  0.000000e+00 -1.000000e+00
   outer loop
     vertex  3.362765e+01  3.983267e+01  0.000000e+00
     vertex  3.415837e+01  3.970334e+01  0.000000e+00
     vertex  3.568052e+01  3.910308e+01  0.000000e+00
   endloop
 endfacet
 facet normal  0.000000e+00  0.000000e+00 -1.000000e+00
   outer loop
     vertex -3.992549e+01 -3.308933e+01  0.000000e+00
     vertex -3.970334e+01 -3.415837e+01  0.000000e+00
     vertex -3.983267e+01 -3.362765e+01  0.000000e+00
   endloop
 endfacet
 facet normal  0.000000e+00  0.000000e+00 -1.000000e+00
   outer loop
     vertex  3.254594e+01  3.998135e+01  0.000000e+00
     vertex  3.568052e+01  3.910308e+01  0.000000e+00
     vertex  3.704870e+01  3.820569e+01  0.000000e+00
   endloop
 endfacet
 facet normal  0.000000e+00  0.000000e+00 -1.000000e+00
   outer loop
     vertex  3.254594e+01  3.998135e+01  0.000000e+00
     vertex  3.308933e+01  3.992549e+01  0.000000e+00
     vertex  3.362765e+01  3.983267e+01  0.000000e+00
   endloop
 endfacet
 facet normal  0.000000e+00  0.000000e+00 -1.000000e+00
   outer loop
     vertex  3.254594e+01  3.998135e+01  0.000000e+00
     vertex  3.362765e+01  3.983267e+01  0.000000e+00
     vertex  3.568052e+01  3.910308e+01  0.000000e+00
   endloop
 endfacet
 facet normal  0.000000e+00  0.000000e+00 -1.000000e+00
   outer loop
     vertex -3.998135e+01 -3.254594e+01  0.000000e+00
     vertex -3.953809e+01 -3.467904e+01  0.000000e+00
     vertex -3.970334e+01 -3.415837e+01  0.000000e+00
   endloop
 endfacet
 facet normal  0.000000e+00  0.000000e+00 -1.000000e+00
   outer loop
     vertex -3.998135e+01 -3.254594e+01  0.000000e+00
     vertex -3.970334e+01 -3.415837e+01  0.000000e+00
     vertex -3.992549e+01 -3.308933e+01  0.000000e+00
   endloop
 endfacet
 facet normal  0.000000e+00  0.000000e+00 -1.000000e+00
   outer loop
     vertex -4.000000e+01 -3.200000e+01  0.000000e+00
     vertex -3.200000e+01 -4.000000e+01  0.000000e+00
     vertex -3.883536e+01 -3.615667e+01  0.000000e+00
   endloop
 endfacet
 facet normal  0.000000e+00  0.000000e+00 -1.000000e+00
   outer loop
     vertex -4.000000e+01 -3.200000e+01  0.000000e+00
     vertex -3.883536e+01 -3.615667e+01  0.000000e+00
     vertex -3.953809e+01 -3.467904e+01  0.000000e+00
   endloop
 endfacet
 facet normal  0.000000e+00  0.000000e+00 -1.000000e+00
   outer loop
     vertex -4.000000e+01 -3.200000e+01  0.000000e+00
     vertex -3.953809e+01 -3.467904e+01  0.000000e+00
     vertex -3.998135e+01 -3.254594e+01  0.000000e+00
   endloop
 endfacet
 facet normal  0.000000e+00  0.000000e+00 -1.000000e+00
   outer loop
     vertex -4.000000e+01 -3.200000e+01  0.000000e+00
     vertex -1.200000e+01 -1.200000e+01  0.000000e+00
     vertex -3.200000e+01 -4.000000e+01  0.000000e+00
   endloop
 endfacet
 facet normal  0.000000e+00 -0.000000e+00 -1.000000e+00
   outer loop
     vertex  3.200000e+01  4.000000e+01  0.000000e+00
     vertex  4.000000e+01  3.200000e+01  0.000000e+00
     vertex  1.200000e+01  1.200000e+01  0.000000e+00
   endloop
 endfacet
 facet normal  0.000000e+00  0.000000e+00 -1.000000e+00
   outer loop
     vertex  3.200000e+01  4.000000e+01  0.000000e+00
     vertex  3.704870e+01  3.820569e+01  0.000000e+00
     vertex  4.000000e+01  3.200000e+01  0.000000e+00
   endloop
 endfacet
 facet normal  0.000000e+00  0.000000e+00 -1.000000e+00
   outer loop
     vertex  3.200000e+01  4.000000e+01  0.000000e+00
     vertex  3.254594e+01  3.998135e+01  0.000000e+00
     vertex  3.704870e+01  3.820569e+01  0.000000e+00
   endloop
 endfacet
 facet normal  0.000000e+00  0.000000e+00 -1.000000e+00
   outer loop
     vertex  8.000000e+00  1.600000e+01  0.000000e+00
     vertex  3.200000e+01  4.000000e+01  0.000000e+00
     vertex  1.200000e+01  1.200000e+01  0.000000e+00
   endloop
 endfacet
 facet normal  0.000000e+00 -0.000000e+00 -1.000000e+00
   outer loop
     vertex -1.367758e+01 -1.899037e+00  0.000000e+00
     vertex -1.200000e+01 -1.200000e+01  0.000000e+00
     vertex -1.390919e+01 -2.151395e+00  0.000000e+00
   endloop
 endfacet
 facet normal  0.000000e+00  0.000000e+00 -1.000000e+00
   outer loop
     vertex -1.416806e+01 -2.375707e+00  0.000000e+00
     vertex -1.390919e+01 -2.151395e+00  0.000000e+00
     vertex -1.200000e+01 -1.200000e+01  0.000000e+00
   endloop
 endfacet
 facet normal  0.000000e+00 -0.000000e+00 -1.000000e+00
   outer loop
     vertex -1.347624e+01 -1.621922e+00  0.000000e+00
     vertex -1.200000e+01 -1.200000e+01  0.000000e+00
     vertex -1.367758e+01 -1.899037e+00  0.000000e+00
   endloop
 endfacet
 facet normal  0.000000e+00  0.000000e+00 -1.000000e+00
   outer loop
     vertex -1.445081e+01 -2.569047e+00  0.000000e+00
     vertex -1.416806e+01 -2.375707e+00  0.000000e+00
     vertex -1.200000e+01 -1.200000e+01  0.000000e+00
   endloop
 endfacet
 facet normal  0.000000e+00 -0.000000e+00 -1.000000e+00
   outer loop
     vertex -1.330780e+01 -1.323663e+00  0.000000e+00
     vertex -1.200000e+01 -1.200000e+01  0.000000e+00
     vertex -1.347624e+01 -1.621922e+00  0.000000e+00
   endloop
 endfacet
 facet normal  0.000000e+00  0.000000e+00 -1.000000e+00
   outer loop
     vertex -1.475375e+01 -2.728896e+00  0.000000e+00
     vertex -1.445081e+01 -2.569047e+00  0.000000e+00
     vertex -1.200000e+01 -1.200000e+01  0.000000e+00
   endloop
 endfacet
 facet normal  0.000000e+00 -0.000000e+00 -1.000000e+00
   outer loop
     vertex -1.317447e+01 -1.008148e+00  0.000000e+00
     vertex -1.200000e+01 -1.200000e+01  0.000000e+00
     vertex -1.330780e+01 -1.323663e+00  0.000000e+00
   endloop
 endfacet
 facet normal  0.000000e+00  0.000000e+00 -1.000000e+00
   outer loop
     vertex -1.507295e+01 -2.853170e+00  0.000000e+00
     vertex -1.475375e+01 -2.728896e+00  0.000000e+00
     vertex -1.200000e+01 -1.200000e+01  0.000000e+00
   endloop
 endfacet
 facet normal  0.000000e+00  0.000000e+00 -1.000000e+00
   outer loop
     vertex -1.540423e+01 -2.940248e+00  0.000000e+00
     vertex -1.507295e+01 -2.853170e+00  0.000000e+00
     vertex -1.200000e+01 -1.200000e+01  0.000000e+00
   endloop
 endfacet
 facet normal  0.000000e+00  0.000000e+00 -1.000000e+00
   outer loop
     vertex -1.574327e+01 -2.988995e+00  0.000000e+00
     vertex -1.540423e+01 -2.940248e+00  0.000000e+00
     vertex -1.200000e+01 -1.200000e+01  0.000000e+00
   endloop
 endfacet
 facet normal  0.000000e+00  0.000000e+00 -1.000000e+00
   outer loop
     vertex -1.608567e+01 -2.998777e+00  0.000000e+00
     vertex -1.574327e+01 -2.988995e+00  0.000000e+00
     vertex -1.200000e+01 -1.200000e+01  0.000000e+00
   endloop
 endfacet
 facet normal  0.000000e+00  0.000000e+00 -1.000000e+00
   outer loop
     vertex -1.642694e+01 -2.969464e+00  0.000000e+00
     vertex -1.608567e+01 -2.998777e+00  0.000000e+00
     vertex -1.200000e+01 -1.200000e+01  0.000000e+00
   endloop
 endfacet
 facet normal  0.000000e+00  0.000000e+00 -1.000000e+00
   outer loop
     vertex -1.676266e+01 -2.901441e+00  0.000000e+00
     vertex -1.642694e+01 -2.969464e+00  0.000000e+00
     vertex -1.200000e+01 -1.200000e+01  0.000000e+00
   endloop
 endfacet
 facet normal  0.000000e+00  0.000000e+00 -1.000000e+00
   outer loop
     vertex -1.708842e+01 -2.795592e+00  0.000000e+00
     vertex -1.676266e+01 -2.901441e+00  0.000000e+00
     vertex -1.200000e+01 -1.200000e+01  0.000000e+00
   endloop
 endfacet
 facet normal  0.000000e+00  0.000000e+00 -1.000000e+00
   outer loop
     vertex -1.740000e+01 -2.653299e+00  0.000000e+00
     vertex -1.708842e+01 -2.795592e+00  0.000000e+00
     vertex -1.200000e+01 -1.200000e+01  0.000000e+00
   endloop
 endfacet
 facet normal  0.000000e+00  0.000000e+00 -1.000000e+00
   outer loop
     vertex -1.769333e+01 -2.476416e+00  0.000000e+00
     vertex -1.740000e+01 -2.653299e+00  0.000000e+00
     vertex -1.200000e+01 -1.200000e+01  0.000000e+00
   endloop
 endfacet
 facet normal  0.000000e+00  0.000000e+00 -1.000000e+00
   outer loop
     vertex -1.796458e+01 -2.267249e+00  0.000000e+00
     vertex -1.769333e+01 -2.476416e+00  0.000000e+00
     vertex -1.200000e+01 -1.200000e+01  0.000000e+00
   endloop
 endfacet
 facet normal  0.000000e+00 -0.000000e+00 -1.000000e+00
   outer loop
     vertex -1.796458e+01 -2.267249e+00  0.000000e+00
     vertex -1.200000e+01 -1.200000e+01  0.000000e+00
     vertex -4.000000e+01 -3.200000e+01  0.000000e+00
   endloop
 endfacet
 facet normal  0.000000e+00 -0.000000e+00 -1.000000e+00
   outer loop
     vertex -1.821022e+01 -2.028525e+00  0.000000e+00
     vertex -1.796458e+01 -2.267249e+00  0.000000e+00
     vertex -4.000000e+01 -3.200000e+01  0.000000e+00
   endloop
 endfacet
 facet normal  0.000000e+00 -0.000000e+00 -1.000000e+00
   outer loop
     vertex -1.842705e+01 -1.763356e+00  0.000000e+00
     vertex -1.821022e+01 -2.028525e+00  0.000000e+00
     vertex -4.000000e+01 -3.200000e+01  0.000000e+00
   endloop
 endfacet
 facet normal  0.000000e+00 -0.000000e+00 -1.000000e+00
   outer loop
     vertex -1.861224e+01 -1.475199e+00  0.000000e+00
     vertex -1.842705e+01 -1.763356e+00  0.000000e+00
     vertex -4.000000e+01 -3.200000e+01  0.000000e+00
   endloop
 endfacet
 facet normal  0.000000e+00 -0.000000e+00 -1.000000e+00
   outer loop
     vertex -1.876337e+01 -1.167810e+00  0.000000e+00
     vertex -1.861224e+01 -1.475199e+00  0.000000e+00
     vertex -4.000000e+01 -3.200000e+01  0.000000e+00
   endloop
 endfacet
 facet normal  0.000000e+00 -0.000000e+00 -1.000000e+00
   outer loop
     vertex -1.887848e+01 -8.451977e-01  0.000000e+00
     vertex -1.876337e+01 -1.167810e+00  0.000000e+00
     vertex -4.000000e+01 -3.200000e+01  0.000000e+00
   endloop
 endfacet
 facet normal  0.000000e+00 -0.000000e+00 -1.000000e+00
   outer loop
     vertex -1.895606e+01 -5.115666e-01  0.000000e+00
     vertex -1.887848e+01 -8.451977e-01  0.000000e+00
     vertex -4.000000e+01 -3.200000e+01  0.000000e+00
   endloop
 endfacet
 facet normal  0.000000e+00 -0.000000e+00 -1.000000e+00
   outer loop
     vertex -1.899511e+01 -1.712664e-01  0.000000e+00
     vertex -1.895606e+01 -5.115666e-01  0.000000e+00
     vertex -4.000000e+01 -3.200000e+01  0.000000e+00
   endloop
 endfacet
 facet normal  0.000000e+00 -0.000000e+00 -1.000000e+00
   outer loop
     vertex -1.899511e+01  1.712664e-01  0.000000e+00
     vertex -1.899511e+01 -1.712664e-01  0.000000e+00
     vertex -4.000000e+01 -3.200000e+01  0.000000e+00
   endloop
 endfacet
 facet normal  0.000000e+00  0.000000e+00 -1.000000e+00
   outer loop
     vertex -1.200000e+01  1.200000e+01  0.000000e+00
     vertex -1.317447e+01  1.008148e+00  0.000000e+00
     vertex -1.330780e+01  1.323663e+00  0.000000e+00
   endloop
 endfacet
 facet normal  0.000000e+00  0.000000e+00 -1.000000e+00
   outer loop
     vertex -1.200000e+01  1.200000e+01  0.000000e+00
     vertex -1.330780e+01  1.323663e+00  0.000000e+00
     vertex -1.347624e+01  1.621922e+00  0.000000e+00
   endloop
 endfacet
 facet normal  0.000000e+00  0.000000e+00 -1.000000e+00
   outer loop
     vertex -1.200000e+01  1.200000e+01  0.000000e+00
     vertex -1.347624e+01  1.621922e+00  0.000000e+00
     vertex -1.367758e+01  1.899037e+00  0.000000e+00
   endloop
 endfacet
 facet normal  0.000000e+00  0.000000e+00 -1.000000e+00
   outer loop
     vertex -1.200000e+01  1.200000e+01  0.000000e+00
     vertex -1.367758e+01  1.899037e+00  0.000000e+00
     vertex -1.390919e+01  2.151395e+00  0.000000e+00
   endloop
 endfacet
 facet normal  0.000000e+00  0.000000e+00 -1.000000e+00
   outer loop
     vertex -1.200000e+01  1.200000e+01  0.000000e+00
     vertex -1.390919e+01  2.151395e+00  0.000000e+00
     vertex -1.416806e+01  2.375707e+00  0.000000e+00
   endloop
 endfacet
 facet normal  0.000000e+00  0.000000e+00 -1.000000e+00
   outer loop
     vertex -1.200000e+01  1.200000e+01  0.000000e+00
     vertex -1.416806e+01  2.375707e+00  0.000000e+00
     vertex -1.445081e+01  2.569047e+00  0.000000e+00
   endloop
 endfacet
 facet normal  0.000000e+00  0.000000e+00 -1.000000e+00
   outer loop
     vertex -1.200000e+01  1.200000e+01  0.000000e+00
     vertex -1.445081e+01  2.569047e+00  0.000000e+00
     vertex -1.475375e+01  2.728896e+00  0.000000e+00
   endloop
 endfacet
 facet normal  0.000000e+00  0.000000e+00 -1.000000e+00
   outer loop
     vertex -1.200000e+01  1.200000e+01  0.000000e+00
     vertex -1.475375e+01  2.728896e+00  0.000000e+00
     vertex -1.507295e+01  2.853170e+00  0.000000e+00
   endloop
 endfacet
 facet normal  0.000000e+00  0.000000e+00 -1.000000e+00
   outer loop
     vertex -1.200000e+01  1.200000e+01  0.000000e+00
     vertex -1.507295e+01  2.853170e+00  0.000000e+00
     vertex -1.540423e+01  2.940248e+00  0.000000e+00
   endloop
 endfacet
 facet normal  0.000000e+00  0.000000e+00 -1.000000e+00
   outer loop
     vertex -1.200000e+01  1.200000e+01  0.000000e+00
     vertex -1.540423e+01  2.940248e+00  0.000000e+00
     vertex -1.574327e+01  2.988995e+00  0.000000e+00
   endloop
 endfacet
 facet normal  0.000000e+00  0.000000e+00 -1.000000e+00
   outer loop
     vertex -1.200000e+01  1.200000e+01  0.000000e+00
     vertex -1.574327e+01  2.988995e+00  0.000000e+00
     vertex -1.608567e+01  2.998777e+00  0.000000e+00
   endloop
 endfacet
 facet normal  0.000000e+00  0.000000e+00 -1.000000e+00
   outer loop
     vertex -1.200000e+01  1.200000e+01  0.000000e+00
     vertex -1.608567e+01  2.998777e+00  0.000000e+00
     vertex -1.642694e+01  2.969464e+00  0.000000e+00
   endloop
 endfacet
 facet normal  0.000000e+00  0.000000e+00 -1.000000e+00
   outer loop
     vertex -1.200000e+01  1.200000e+01  0.000000e+00
     vertex -1.642694e+01  2.969464e+00  0.000000e+00
     vertex -1.676266e+01  2.901441e+00  0.000000e+00
   endloop
 endfacet
 facet normal  0.000000e+00  0.000000e+00 -1.000000e+00
   outer loop
     vertex -1.200000e+01  1.200000e+01  0.000000e+00
     vertex -1.676266e+01  2.901441e+00  0.000000e+00
     vertex -1.708842e+01  2.795592e+00  0.000000e+00
   endloop
 endfacet
 facet normal  0.000000e+00  0.000000e+00 -1.000000e+00
   outer loop
     vertex -1.200000e+01  1.200000e+01  0.000000e+00
     vertex -1.708842e+01  2.795592e+00  0.000000e+00
     vertex -1.740000e+01  2.653299e+00  0.000000e+00
   endloop
 endfacet
 facet normal  0.000000e+00  0.000000e+00 -1.000000e+00
   outer loop
     vertex -1.200000e+01  1.200000e+01  0.000000e+00
     vertex -1.740000e+01  2.653299e+00  0.000000e+00
     vertex -1.769333e+01  2.476416e+00  0.000000e+00
   endloop
 endfacet
 facet normal  0.000000e+00  0.000000e+00 -1.000000e+00
   outer loop
     vertex -1.200000e+01  1.200000e+01  0.000000e+00
     vertex -1.769333e+01  2.476416e+00  0.000000e+00
     vertex -1.796458e+01  2.267249e+00  0.000000e+00
   endloop
 endfacet
 facet normal  0.000000e+00  0.000000e+00 -1.000000e+00
   outer loop
     vertex -3.200000e+01  4.000000e+01  0.000000e+00
     vertex  3.200000e+01  4.000000e+01  0.000000e+00
     vertex  8.000000e+00  1.600000e+01  0.000000e+00
   endloop
 endfacet
 facet normal  0.000000e+00  0.000000e+00 -1.000000e+00
   outer loop
     vertex -3.200000e+01  4.000000e+01  0.000000e+00
     vertex  8.000000e+00  1.600000e+01  0.000000e+00
     vertex -8.000000e+00  1.600000e+01  0.000000e+00
   endloop
 endfacet
 facet normal  0.000000e+00  0.000000e+00 -1.000000e+00
   outer loop
     vertex -3.200000e+01  4.000000e+01  0.000000e+00
     vertex -8.000000e+00  1.600000e+01  0.000000e+00
     vertex -1.200000e+01  1.200000e+01  0.000000e+00
   endloop
 endfacet
 facet normal  0.000000e+00  0.000000e+00 -1.000000e+00
   outer loop
     vertex -4.000000e+01  3.200000e+01  0.000000e+00
     vertex -1.899511e+01  1.712664e-01  0.000000e+00
     vertex -4.000000e+01 -3.200000e+01  0.000000e+00
   endloop
 endfacet
 facet normal  0.000000e+00  0.000000e+00 -1.000000e+00
   outer loop
     vertex -4.000000e+01  3.200000e+01  0.000000e+00
     vertex -1.796458e+01  2.267249e+00  0.000000e+00
     vertex -1.821022e+01  2.028525e+00  0.000000e+00
   endloop
 endfacet
 facet normal  0.000000e+00  0.000000e+00 -1.000000e+00
   outer loop
     vertex -4.000000e+01  3.200000e+01  0.000000e+00
     vertex -1.821022e+01  2.028525e+00  0.000000e+00
     vertex -1.842705e+01  1.763356e+00  0.000000e+00
   endloop
 endfacet
 facet normal  0.000000e+00  0.000000e+00 -1.000000e+00
   outer loop
     vertex -4.000000e+01  3.200000e+01  0.000000e+00
     vertex -1.842705e+01  1.763356e+00  0.000000e+00
     vertex -1.861224e+01  1.475199e+00  0.000000e+00
   endloop
 endfacet
 facet normal  0.000000e+00  0.000000e+00 -1.000000e+00
   outer loop
     vertex -4.000000e+01  3.200000e+01  0.000000e+00
     vertex -1.200000e+01  1.200000e+01  0.000000e+00
     vertex -1.796458e+01  2.267249e+00  0.000000e+00
   endloop
 endfacet
 facet normal  0.000000e+00  0.000000e+00 -1.000000e+00
   outer loop
     vertex -4.000000e+01  3.200000e+01  0.000000e+00
     vertex -1.861224e+01  1.475199e+00  0.000000e+00
     vertex -1.876337e+01  1.167810e+00  0.000000e+00
   endloop
 endfacet
 facet normal  0.000000e+00  0.000000e+00 -1.000000e+00
   outer loop
     vertex -4.000000e+01  3.200000e+01  0.000000e+00
     vertex -1.876337e+01  1.167810e+00  0.000000e+00
     vertex -1.887848e+01  8.451977e-01  0.000000e+00
   endloop
 endfacet
 facet normal  0.000000e+00  0.000000e+00 -1.000000e+00
   outer loop
     vertex -4.000000e+01  3.200000e+01  0.000000e+00
     vertex -1.887848e+01  8.451977e-01  0.000000e+00
     vertex -1.895606e+01  5.115666e-01  0.000000e+00
   endloop
 endfacet
 facet normal  0.000000e+00  0.000000e+00 -1.000000e+00
   outer loop
     vertex -4.000000e+01  3.200000e+01  0.000000e+00
     vertex -1.895606e+01  5.115666e-01  0.000000e+00
     vertex -1.899511e+01  1.712664e-01  0.000000e+00
   endloop
 endfacet
 facet normal  0.000000e+00  0.000000e+00 -1.000000e+00
   outer loop
     vertex -4.000000e+01  3.200000e+01  0.000000e+00
     vertex -3.200000e+01  4.000000e+01  0.000000e+00
     vertex -1.200000e+01  1.200000e+01  0.000000e+00
   endloop
 endfacet
 facet normal  0.000000e+00  0.000000e+00 -1.000000e+00
   outer loop
     vertex -3.254594e+01  3.998135e+01  0.000000e+00
     vertex -4.000000e+01  3.200000e+01  0.000000e+00
     vertex -3.998135e+01  3.254594e+01  0.000000e+00
   endloop
 endfacet
 facet normal  0.000000e+00 -0.000000e+00 -1.000000e+00
   outer loop
     vertex -3.254594e+01  3.998135e+01  0.000000e+00
     vertex -3.200000e+01  4.000000e+01  0.000000e+00
     vertex -4.000000e+01  3.200000e+01  0.000000e+00
   endloop
 endfacet
 facet normal  0.000000e+00 -0.000000e+00 -1.000000e+00
   outer loop
     vertex -3.308933e+01  3.992549e+01  0.000000e+00
     vertex -3.254594e+01  3.998135e+01  0.000000e+00
     vertex -3.998135e+01  3.254594e+01  0.000000e+00
   endloop
 endfacet
 facet normal  0.000000e+00 -0.000000e+00 -1.000000e+00
   outer loop
     vertex -3.992549e+01  3.308933e+01  0.000000e+00
     vertex -3.308933e+01  3.992549e+01  0.000000e+00
     vertex -3.998135e+01  3.254594e+01  0.000000e+00
   endloop
 endfacet
 facet normal  0.000000e+00 -0.000000e+00 -1.000000e+00
   outer loop
     vertex -3.983267e+01  3.362765e+01  0.000000e+00
     vertex -3.308933e+01  3.992549e+01  0.000000e+00
     vertex -3.992549e+01  3.308933e+01  0.000000e+00
   endloop
 endfacet
 facet normal  0.000000e+00 -0.000000e+00 -1.000000e+00
   outer loop
     vertex -3.415837e+01  3.970334e+01  0.000000e+00
     vertex -3.308933e+01  3.992549e+01  0.000000e+00
     vertex -3.983267e+01  3.362765e+01  0.000000e+00
   endloop
 endfacet
 facet normal  0.000000e+00  0.000000e+00 -1.000000e+00
   outer loop
     vertex -3.415837e+01  3.970334e+01  0.000000e+00
     vertex -3.362765e+01  3.983267e+01  0.000000e+00
     vertex -3.308933e+01  3.992549e+01  0.000000e+00
   endloop
 endfacet
 facet normal  0.000000e+00  0.000000e+00 -1.000000e+00
   outer loop
     vertex -3.415837e+01  3.970334e+01  0.000000e+00
     vertex -3.983267e+01  3.362765e+01  0.000000e+00
     vertex -3.970334e+01  3.415837e+01  0.000000e+00
   endloop
 endfacet
 facet normal  0.000000e+00 -0.000000e+00 -1.000000e+00
   outer loop
     vertex -3.933769e+01  3.518721e+01  0.000000e+00
     vertex -3.415837e+01  3.970334e+01  0.000000e+00
     vertex -3.970334e+01  3.415837e+01  0.000000e+00
   endloop
 endfacet
 facet normal  0.000000e+00  0.000000e+00 -1.000000e+00
   outer loop
     vertex -3.933769e+01  3.518721e+01  0.000000e+00
     vertex -3.467904e+01  3.953809e+01  0.000000e+00
     vertex -3.415837e+01  3.970334e+01  0.000000e+00
   endloop
 endfacet
 facet normal  0.000000e+00  0.000000e+00 -1.000000e+00
   outer loop
     vertex -3.933769e+01  3.518721e+01  0.000000e+00
     vertex -3.970334e+01  3.415837e+01  0.000000e+00
     vertex -3.953809e+01  3.467904e+01  0.000000e+00
   endloop
 endfacet
 facet normal  0.000000e+00 -0.000000e+00 -1.000000e+00
   outer loop
     vertex -3.615667e+01  3.883536e+01  0.000000e+00
     vertex -3.467904e+01  3.953809e+01  0.000000e+00
     vertex -3.933769e+01  3.518721e+01  0.000000e+00
   endloop
 endfacet
 facet normal  0.000000e+00  0.000000e+00 -1.000000e+00
   outer loop
     vertex -3.615667e+01  3.883536e+01  0.000000e+00
     vertex -3.518721e+01  3.933769e+01  0.000000e+00
     vertex -3.467904e+01  3.953809e+01  0.000000e+00
   endloop
 endfacet
 facet normal  0.000000e+00  0.000000e+00 -1.000000e+00
   outer loop
     vertex -3.615667e+01  3.883536e+01  0.000000e+00
     vertex -3.568052e+01  3.910308e+01  0.000000e+00
     vertex -3.518721e+01  3.933769e+01  0.000000e+00
   endloop
 endfacet
 facet normal  0.000000e+00  0.000000e+00 -1.000000e+00
   outer loop
     vertex -3.615667e+01  3.883536e+01  0.000000e+00
     vertex -3.933769e+01  3.518721e+01  0.000000e+00
     vertex -3.910308e+01  3.568052e+01  0.000000e+00
   endloop
 endfacet
 facet normal  0.000000e+00  0.000000e+00 -1.000000e+00
   outer loop
     vertex -3.820569e+01  3.704870e+01  0.000000e+00
     vertex -3.883536e+01  3.615667e+01  0.000000e+00
     vertex -3.853576e+01  3.661344e+01  0.000000e+00
   endloop
 endfacet
 facet normal  0.000000e+00  0.000000e+00 -1.000000e+00
   outer loop
     vertex -3.820569e+01  3.704870e+01  0.000000e+00
     vertex -3.910308e+01  3.568052e+01  0.000000e+00
     vertex -3.883536e+01  3.615667e+01  0.000000e+00
   endloop
 endfacet
 facet normal  0.000000e+00  0.000000e+00 -1.000000e+00
   outer loop
     vertex -3.704870e+01  3.820569e+01  0.000000e+00
     vertex -3.661344e+01  3.853576e+01  0.000000e+00
     vertex -3.615667e+01  3.883536e+01  0.000000e+00
   endloop
 endfacet
 facet normal  0.000000e+00 -0.000000e+00 -1.000000e+00
   outer loop
     vertex -3.784669e+01  3.746043e+01  0.000000e+00
     vertex -3.615667e+01  3.883536e+01  0.000000e+00
     vertex -3.910308e+01  3.568052e+01  0.000000e+00
   endloop
 endfacet
 facet normal  0.000000e+00  0.000000e+00 -1.000000e+00
   outer loop
     vertex -3.784669e+01  3.746043e+01  0.000000e+00
     vertex -3.910308e+01  3.568052e+01  0.000000e+00
     vertex -3.820569e+01  3.704870e+01  0.000000e+00
   endloop
 endfacet
 facet normal  0.000000e+00  0.000000e+00 -1.000000e+00
   outer loop
     vertex -3.784669e+01  3.746043e+01  0.000000e+00
     vertex -3.704870e+01  3.820569e+01  0.000000e+00
     vertex -3.615667e+01  3.883536e+01  0.000000e+00
   endloop
 endfacet
 facet normal  0.000000e+00 -0.000000e+00 -1.000000e+00
   outer loop
     vertex -3.746043e+01  3.784669e+01  0.000000e+00
     vertex -3.704870e+01  3.820569e+01  0.000000e+00
     vertex -3.784669e+01  3.746043e+01  0.000000e+00
   endloop
 endfacet
 facet normal  0.000000e+00 -0.000000e+00 -1.000000e+00
   outer loop
     vertex -1.200000e+01  1.200000e+01  0.000000e+00
     vertex -1.200000e+01 -1.200000e+01  0.000000e+00
     vertex -1.300000e+01  0.000000e+00  0.000000e+00
   endloop
 endfacet
 facet normal  0.000000e+00 -0.000000e+00 -1.000000e+00
   outer loop
     vertex -1.300000e+01  0.000000e+00  0.000000e+00
     vertex -1.200000e+01 -1.200000e+01  0.000000e+00
     vertex -1.301955e+01 -3.419742e-01  0.000000e+00
   endloop
 endfacet
 facet normal  0.000000e+00 -0.000000e+00 -1.000000e+00
   outer loop
     vertex -1.301955e+01 -3.419742e-01  0.000000e+00
     vertex -1.200000e+01 -1.200000e+01  0.000000e+00
     vertex -1.307796e+01 -6.794903e-01  0.000000e+00
   endloop
 endfacet
 facet normal  0.000000e+00 -0.000000e+00 -1.000000e+00
   outer loop
     vertex -1.307796e+01 -6.794903e-01  0.000000e+00
     vertex -1.200000e+01 -1.200000e+01  0.000000e+00
     vertex -1.317447e+01 -1.008148e+00  0.000000e+00
   endloop
 endfacet
 facet normal  0.000000e+00  0.000000e+00 -1.000000e+00
   outer loop
     vertex -1.200000e+01  1.200000e+01  0.000000e+00
     vertex -1.300000e+01  0.000000e+00  0.000000e+00
     vertex -1.301955e+01  3.419742e-01  0.000000e+00
   endloop
 endfacet
 facet normal  0.000000e+00  0.000000e+00 -1.000000e+00
   outer loop
     vertex -1.200000e+01  1.200000e+01  0.000000e+00
     vertex -1.301955e+01  3.419742e-01  0.000000e+00
     vertex -1.307796e+01  6.794903e-01  0.000000e+00
   endloop
 endfacet
 facet normal  0.000000e+00  0.000000e+00 -1.000000e+00
   outer loop
     vertex -1.200000e+01  1.200000e+01  0.000000e+00
     vertex -1.307796e+01  6.794903e-01  0.000000e+00
     vertex -1.317447e+01  1.008148e+00  0.000000e+00
   endloop
 endfacet
 facet normal  0.000000e+00  0.000000e+00 -1.000000e+00
   outer loop
     vertex  1.200000e+01 -1.200000e+01  0.000000e+00
     vertex  1.200000e+01  1.200000e+01  0.000000e+00
     vertex  1.300489e+01  1.712664e-01  0.000000e+00
   endloop
 endfacet
 facet normal  0.000000e+00  0.000000e+00 -1.000000e+00
   outer loop
     vertex  1.300489e+01  1.712664e-01  0.000000e+00
     vertex  1.200000e+01  1.200000e+01  0.000000e+00
     vertex  1.304394e+01  5.115666e-01  0.000000e+00
   endloop
 endfacet
 facet normal  0.000000e+00  0.000000e+00 -1.000000e+00
   outer loop
     vertex  1.304394e+01  5.115666e-01  0.000000e+00
     vertex  1.200000e+01  1.200000e+01  0.000000e+00
     vertex  1.312152e+01  8.451977e-01  0.000000e+00
   endloop
 endfacet
 facet normal  0.000000e+00  0.000000e+00 -1.000000e+00
   outer loop
     vertex  1.312152e+01  8.451977e-01  0.000000e+00
     vertex  1.200000e+01  1.200000e+01  0.000000e+00
     vertex  1.323663e+01  1.167810e+00  0.000000e+00
   endloop
 endfacet
 facet normal  0.000000e+00  0.000000e+00 -1.000000e+00
   outer loop
     vertex  1.200000e+01 -1.200000e+01  0.000000e+00
     vertex  1.300489e+01  1.712664e-01  0.000000e+00
     vertex  1.300489e+01 -1.712664e-01  0.000000e+00
   endloop
 endfacet
 facet normal  0.000000e+00  0.000000e+00 -1.000000e+00
   outer loop
     vertex  1.200000e+01 -1.200000e+01  0.000000e+00
     vertex  1.300489e+01 -1.712664e-01  0.000000e+00
     vertex  1.304394e+01 -5.115666e-01  0.000000e+00
   endloop
 endfacet
 facet normal  0.000000e+00  0.000000e+00 -1.000000e+00
   outer loop
     vertex  1.200000e+01 -1.200000e+01  0.000000e+00
     vertex  1.304394e+01 -5.115666e-01  0.000000e+00
     vertex  1.312152e+01 -8.451977e-01  0.000000e+00
   endloop
 endfacet
 facet normal  0.000000e+00  0.000000e+00 -1.000000e+00
   outer loop
     vertex  1.200000e+01 -1.200000e+01  0.000000e+00
     vertex  1.312152e+01 -8.451977e-01  0.000000e+00
     vertex  1.323663e+01 -1.167810e+00  0.000000e+00
   endloop
 endfacet
 facet normal  0.000000e+00 -1.000000e+00  0.000000e+00
   outer loop
     vertex -3.200000e+01 -4.000000e+01  0.000000e+00
     vertex  3.200000e+01 -4.000000e+01  0.000000e+00
     vertex  3.200000e+01 -4.000000e+01  3.000000e+00
   endloop
 endfacet
 facet normal  0.000000e+00 -1.000000e+00  0.000000e+00
   outer loop
     vertex -3.200000e+01 -4.000000e+01  0.000000e+00
     vertex  3.200000e+01 -4.000000e+01  3.000000e+00
     vertex -3.200000e+01 -4.000000e+01  3.000000e+00
   endloop
 endfacet
 facet normal  3.414111e-02 -9.994170e-01  0.000000e+00
   outer loop
     vertex  3.254594e+01 -3.998135e+01  3.000000e+00
     vertex  3.200000e+01 -4.000000e+01  0.000000e+00
     vertex  3.254594e+01 -3.998135e+01  0.000000e+00
   endloop
 endfacet
 facet normal  3.414111e-02 -9.994170e-01  0.000000e+00
   outer loop
     vertex  3.254594e+01 -3.998135e+01  3.000000e+00
     vertex  3.200000e+01 -4.000000e+01  3.000000e+00
     vertex  3.200000e+01 -4.000000e+01  0.000000e+00
   endloop
 endfacet
 facet normal  1.022641e-01 -9.947573e-01  0.000000e+00
   outer loop
     vertex  3.308933e+01 -3.992549e+01  3.000000e+00
     vertex  3.254594e+01 -3.998135e+01  0.000000e+00
     vertex  3.308933e+01 -3.992549e+01  0.000000e+00
   endloop
 endfacet
 facet normal  1.022641e-01 -9.947573e-01  0.000000e+00
   outer loop
     vertex  3.308933e+01 -3.992549e+01  3.000000e+00
     vertex  3.254594e+01 -3.998135e+01  3.000000e+00
     vertex  3.254594e+01 -3.998135e+01  0.000000e+00
   endloop
 endfacet
 facet normal  1.699104e-01 -9.854595e-01  0.000000e+00
   outer loop
     vertex  3.362765e+01 -3.983267e+01  3.000000e+00
     vertex  3.308933e+01 -3.992549e+01  0.000000e+00
     vertex  3.362765e+01 -3.983267e+01  0.000000e+00
   endloop
 endfacet
 facet normal  1.699104e-01 -9.854595e-01  0.000000e+00
   outer loop
     vertex  3.362765e+01 -3.983267e+01  3.000000e+00
     vertex  3.308933e+01 -3.992549e+01  3.000000e+00
     vertex  3.308933e+01 -3.992549e+01  0.000000e+00
   endloop
 endfacet
 facet normal  2.367644e-01 -9.715671e-01  0.000000e+00
   outer loop
     vertex  3.415837e+01 -3.970334e+01  3.000000e+00
     vertex  3.362765e+01 -3.983267e+01  0.000000e+00
     vertex  3.415837e+01 -3.970334e+01  0.000000e+00
   endloop
 endfacet
 facet normal  2.367644e-01 -9.715671e-01  0.000000e+00
   outer loop
     vertex  3.415837e+01 -3.970334e+01  3.000000e+00
     vertex  3.362765e+01 -3.983267e+01  3.000000e+00
     vertex  3.362765e+01 -3.983267e+01  0.000000e+00
   endloop
 endfacet
 facet normal  3.025146e-01 -9.531448e-01  0.000000e+00
   outer loop
     vertex  3.467904e+01 -3.953809e+01  3.000000e+00
     vertex  3.415837e+01 -3.970334e+01  0.000000e+00
     vertex  3.467904e+01 -3.953809e+01  0.000000e+00
   endloop
 endfacet
 facet normal  3.025146e-01 -9.531448e-01  0.000000e+00
   outer loop
     vertex  3.467904e+01 -3.953809e+01  3.000000e+00
     vertex  3.415837e+01 -3.970334e+01  3.000000e+00
     vertex  3.415837e+01 -3.970334e+01  0.000000e+00
   endloop
 endfacet
 facet normal  3.668542e-01 -9.302784e-01  0.000000e+00
   outer loop
     vertex  3.518721e+01 -3.933769e+01  3.000000e+00
     vertex  3.467904e+01 -3.953809e+01  0.000000e+00
     vertex  3.518721e+01 -3.933769e+01  0.000000e+00
   endloop
 endfacet
 facet normal  3.668542e-01 -9.302784e-01  0.000000e+00
   outer loop
     vertex  3.518721e+01 -3.933769e+01  3.000000e+00
     vertex  3.467904e+01 -3.953809e+01  3.000000e+00
     vertex  3.467904e+01 -3.953809e+01  0.000000e+00
   endloop
 endfacet
 facet normal  4.294834e-01 -9.030747e-01  0.000000e+00
   outer loop
     vertex  3.568052e+01 -3.910308e+01  3.000000e+00
     vertex  3.518721e+01 -3.933769e+01  0.000000e+00
     vertex  3.568052e+01 -3.910308e+01  0.000000e+00
   endloop
 endfacet
 facet normal  4.901102e-01 -8.716605e-01  0.000000e+00
   outer loop
     vertex  3.568052e+01 -3.910308e+01  3.000000e+00
     vertex  3.568052e+01 -3.910308e+01  0.000000e+00
     vertex  3.615667e+01 -3.883536e+01  0.000000e+00
   endloop
 endfacet
 facet normal  4.294834e-01 -9.030747e-01  0.000000e+00
   outer loop
     vertex  3.568052e+01 -3.910308e+01  3.000000e+00
     vertex  3.518721e+01 -3.933769e+01  3.000000e+00
     vertex  3.518721e+01 -3.933769e+01  0.000000e+00
   endloop
 endfacet
 facet normal  4.901102e-01 -8.716605e-01  0.000000e+00
   outer loop
     vertex  3.615667e+01 -3.883536e+01  3.000000e+00
     vertex  3.568052e+01 -3.910308e+01  3.000000e+00
     vertex  3.615667e+01 -3.883536e+01  0.000000e+00
   endloop
 endfacet
 facet normal  5.484519e-01 -8.361821e-01  0.000000e+00
   outer loop
     vertex  3.661344e+01 -3.853576e+01  3.000000e+00
     vertex  3.615667e+01 -3.883536e+01  0.000000e+00
     vertex  3.661344e+01 -3.853576e+01  0.000000e+00
   endloop
 endfacet
 facet normal  5.484519e-01 -8.361821e-01  0.000000e+00
   outer loop
     vertex  3.661344e+01 -3.853576e+01  3.000000e+00
     vertex  3.615667e+01 -3.883536e+01  3.000000e+00
     vertex  3.615667e+01 -3.883536e+01  0.000000e+00
   endloop
 endfacet
 facet normal  6.042364e-01 -7.968051e-01  0.000000e+00
   outer loop
     vertex  3.704870e+01 -3.820569e+01  3.000000e+00
     vertex  3.661344e+01 -3.853576e+01  0.000000e+00
     vertex  3.704870e+01 -3.820569e+01  0.000000e+00
   endloop
 endfacet
 facet normal  6.042364e-01 -7.968051e-01  0.000000e+00
   outer loop
     vertex  3.704870e+01 -3.820569e+01  3.000000e+00
     vertex  3.661344e+01 -3.853576e+01  3.000000e+00
     vertex  3.661344e+01 -3.853576e+01  0.000000e+00
   endloop
 endfacet
 facet normal  6.572037e-01 -7.537130e-01  0.000000e+00
   outer loop
     vertex  3.746043e+01 -3.784669e+01  3.000000e+00
     vertex  3.704870e+01 -3.820569e+01  0.000000e+00
     vertex  3.746043e+01 -3.784669e+01  0.000000e+00
   endloop
 endfacet
 facet normal  6.572037e-01 -7.537130e-01  0.000000e+00
   outer loop
     vertex  3.746043e+01 -3.784669e+01  3.000000e+00
     vertex  3.704870e+01 -3.820569e+01  3.000000e+00
     vertex  3.704870e+01 -3.820569e+01  0.000000e+00
   endloop
 endfacet
 facet normal  7.071068e-01 -7.071068e-01  0.000000e+00
   outer loop
     vertex  3.784669e+01 -3.746043e+01  3.000000e+00
     vertex  3.746043e+01 -3.784669e+01  0.000000e+00
     vertex  3.784669e+01 -3.746043e+01  0.000000e+00
   endloop
 endfacet
 facet normal  7.071068e-01 -7.071068e-01  0.000000e+00
   outer loop
     vertex  3.784669e+01 -3.746043e+01  3.000000e+00
     vertex  3.746043e+01 -3.784669e+01  3.000000e+00
     vertex  3.746043e+01 -3.784669e+01  0.000000e+00
   endloop
 endfacet
 facet normal  7.537130e-01 -6.572037e-01  0.000000e+00
   outer loop
     vertex  3.820569e+01 -3.704870e+01  3.000000e+00
     vertex  3.784669e+01 -3.746043e+01  3.000000e+00
     vertex  3.784669e+01 -3.746043e+01  0.000000e+00
   endloop
 endfacet
 facet normal  7.537130e-01 -6.572037e-01  0.000000e+00
   outer loop
     vertex  3.820569e+01 -3.704870e+01  3.000000e+00
     vertex  3.784669e+01 -3.746043e+01  0.000000e+00
     vertex  3.820569e+01 -3.704870e+01  0.000000e+00
   endloop
 endfacet
 facet normal  7.968051e-01 -6.042364e-01  0.000000e+00
   outer loop
     vertex  3.853576e+01 -3.661344e+01  3.000000e+00
     vertex  3.820569e+01 -3.704870e+01  3.000000e+00
     vertex  3.820569e+01 -3.704870e+01  0.000000e+00
   endloop
 endfacet
 facet normal  7.968051e-01 -6.042364e-01  0.000000e+00
   outer loop
     vertex  3.853576e+01 -3.661344e+01  3.000000e+00
     vertex  3.820569e+01 -3.704870e+01  0.000000e+00
     vertex  3.853576e+01 -3.661344e+01  0.000000e+00
   endloop
 endfacet
 facet normal  8.361821e-01 -5.484519e-01  0.000000e+00
   outer loop
     vertex  3.883536e+01 -3.615667e+01  3.000000e+00
     vertex  3.853576e+01 -3.661344e+01  3.000000e+00
     vertex  3.853576e+01 -3.661344e+01  0.000000e+00
   endloop
 endfacet
 facet normal  8.361821e-01 -5.484519e-01  0.000000e+00
   outer loop
     vertex  3.883536e+01 -3.615667e+01  3.000000e+00
     vertex  3.853576e+01 -3.661344e+01  0.000000e+00
     vertex  3.883536e+01 -3.615667e+01  0.000000e+00
   endloop
 endfacet
 facet normal  8.716605e-01 -4.901102e-01  0.000000e+00
   outer loop
     vertex  3.910308e+01 -3.568052e+01  3.000000e+00
     vertex  3.883536e+01 -3.615667e+01  0.000000e+00
     vertex  3.910308e+01 -3.568052e+01  0.000000e+00
   endloop
 endfacet
 facet normal  8.716605e-01 -4.901102e-01  0.000000e+00
   outer loop
     vertex  3.910308e+01 -3.568052e+01  3.000000e+00
     vertex  3.883536e+01 -3.615667e+01  3.000000e+00
     vertex  3.883536e+01 -3.615667e+01  0.000000e+00
   endloop
 endfacet
 facet normal  9.030747e-01 -4.294834e-01  0.000000e+00
   outer loop
     vertex  3.933769e+01 -3.518721e+01  3.000000e+00
     vertex  3.910308e+01 -3.568052e+01  3.000000e+00
     vertex  3.910308e+01 -3.568052e+01  0.000000e+00
   endloop
 endfacet
 facet normal  9.030747e-01 -4.294834e-01  0.000000e+00
   outer loop
     vertex  3.933769e+01 -3.518721e+01  3.000000e+00
     vertex  3.910308e+01 -3.568052e+01  0.000000e+00
     vertex  3.933769e+01 -3.518721e+01  0.000000e+00
   endloop
 endfacet
 facet normal  9.302784e-01 -3.668542e-01  0.000000e+00
   outer loop
     vertex  3.953809e+01 -3.467904e+01  3.000000e+00
     vertex  3.933769e+01 -3.518721e+01  0.000000e+00
     vertex  3.953809e+01 -3.467904e+01  0.000000e+00
   endloop
 endfacet
 facet normal  9.302784e-01 -3.668542e-01  0.000000e+00
   outer loop
     vertex  3.953809e+01 -3.467904e+01  3.000000e+00
     vertex  3.933769e+01 -3.518721e+01  3.000000e+00
     vertex  3.933769e+01 -3.518721e+01  0.000000e+00
   endloop
 endfacet
 facet normal  9.531448e-01 -3.025146e-01  0.000000e+00
   outer loop
     vertex  3.970334e+01 -3.415837e+01  3.000000e+00
     vertex  3.953809e+01 -3.467904e+01  0.000000e+00
     vertex  3.970334e+01 -3.415837e+01  0.000000e+00
   endloop
 endfacet
 facet normal  9.531448e-01 -3.025146e-01  0.000000e+00
   outer loop
     vertex  3.970334e+01 -3.415837e+01  3.000000e+00
     vertex  3.953809e+01 -3.467904e+01  3.000000e+00
     vertex  3.953809e+01 -3.467904e+01  0.000000e+00
   endloop
 endfacet
 facet normal  9.715671e-01 -2.367644e-01  0.000000e+00
   outer loop
     vertex  3.983267e+01 -3.362765e+01  3.000000e+00
     vertex  3.970334e+01 -3.415837e+01  0.000000e+00
     vertex  3.983267e+01 -3.362765e+01  0.000000e+00
   endloop
 endfacet
 facet normal  9.715671e-01 -2.367644e-01  0.000000e+00
   outer loop
     vertex  3.983267e+01 -3.362765e+01  3.000000e+00
     vertex  3.970334e+01 -3.415837e+01  3.000000e+00
     vertex  3.970334e+01 -3.415837e+01  0.000000e+00
   endloop
 endfacet
 facet normal  9.854595e-01 -1.699104e-01  0.000000e+00
   outer loop
     vertex  3.992549e+01 -3.308933e+01  3.000000e+00
     vertex  3.983267e+01 -3.362765e+01  0.000000e+00
     vertex  3.992549e+01 -3.308933e+01  0.000000e+00
   endloop
 endfacet
 facet normal  9.854595e-01 -1.699104e-01  0.000000e+00
   outer loop
     vertex  3.992549e+01 -3.308933e+01  3.000000e+00
     vertex  3.983267e+01 -3.362765e+01  3.000000e+00
     vertex  3.983267e+01 -3.362765e+01  0.000000e+00
   endloop
 endfacet
 facet normal  9.947573e-01 -1.022641e-01  0.000000e+00
   outer loop
     vertex  3.998135e+01 -3.254594e+01  3.000000e+00
     vertex  3.992549e+01 -3.308933e+01  0.000000e+00
     vertex  3.998135e+01 -3.254594e+01  0.000000e+00
   endloop
 endfacet
 facet normal  9.947573e-01 -1.022641e-01  0.000000e+00
   outer loop
     vertex  3.998135e+01 -3.254594e+01  3.000000e+00
     vertex  3.992549e+01 -3.308933e+01  3.000000e+00
     vertex  3.992549e+01 -3.308933e+01  0.000000e+00
   endloop
 endfacet
 facet normal  9.994170e-01 -3.414111e-02  0.000000e+00
   outer loop
     vertex  4.000000e+01 -3.200000e+01  3.000000e+00
     vertex  3.998135e+01 -3.254594e+01  0.000000e+00
     vertex  4.000000e+01 -3.200000e+01  0.000000e+00
   endloop
 endfacet
 facet normal  9.994170e-01 -3.414111e-02  0.000000e+00
   outer loop
     vertex  4.000000e+01 -3.200000e+01  3.000000e+00
     vertex  3.998135e+01 -3.254594e+01  3.000000e+00
     vertex  3.998135e+01 -3.254594e+01  0.000000e+00
   endloop
 endfacet
 facet normal -9.994170e-01 -3.414111e-02 -0.000000e+00
   outer loop
     vertex -3.998135e+01 -3.254594e+01  3.000000e+00
     vertex -4.000000e+01 -3.200000e+01  0.000000e+00
     vertex -3.998135e+01 -3.254594e+01  0.000000e+00
   endloop
 endfacet
 facet normal -9.994170e-01 -3.414111e-02  0.000000e+00
   outer loop
     vertex -3.998135e+01 -3.254594e+01  3.000000e+00
     vertex -4.000000e+01 -3.200000e+01  3.000000e+00
     vertex -4.000000e+01 -3.200000e+01  0.000000e+00
   endloop
 endfacet
 facet normal -9.947573e-01 -1.022641e-01 -0.000000e+00
   outer loop
     vertex -3.992549e+01 -3.308933e+01  3.000000e+00
     vertex -3.998135e+01 -3.254594e+01  0.000000e+00
     vertex -3.992549e+01 -3.308933e+01  0.000000e+00
   endloop
 endfacet
 facet normal -9.947573e-01 -1.022641e-01  0.000000e+00
   outer loop
     vertex -3.992549e+01 -3.308933e+01  3.000000e+00
     vertex -3.998135e+01 -3.254594e+01  3.000000e+00
     vertex -3.998135e+01 -3.254594e+01  0.000000e+00
   endloop
 endfacet
 facet normal -9.854595e-01 -1.699104e-01 -0.000000e+00
   outer loop
     vertex -3.983267e+01 -3.362765e+01  3.000000e+00
     vertex -3.992549e+01 -3.308933e+01  0.000000e+00
     vertex -3.983267e+01 -3.362765e+01  0.000000e+00
   endloop
 endfacet
 facet normal -9.854595e-01 -1.699104e-01  0.000000e+00
   outer loop
     vertex -3.983267e+01 -3.362765e+01  3.000000e+00
     vertex -3.992549e+01 -3.308933e+01  3.000000e+00
     vertex -3.992549e+01 -3.308933e+01  0.000000e+00
   endloop
 endfacet
 facet normal -9.715671e-01 -2.367644e-01 -0.000000e+00
   outer loop
     vertex -3.970334e+01 -3.415837e+01  3.000000e+00
     vertex -3.983267e+01 -3.362765e+01  0.000000e+00
     vertex -3.970334e+01 -3.415837e+01  0.000000e+00
   endloop
 endfacet
 facet normal -9.715671e-01 -2.367644e-01  0.000000e+00
   outer loop
     vertex -3.970334e+01 -3.415837e+01  3.000000e+00
     vertex -3.983267e+01 -3.362765e+01  3.000000e+00
     vertex -3.983267e+01 -3.362765e+01  0.000000e+00
   endloop
 endfacet
 facet normal -9.531448e-01 -3.025146e-01 -0.000000e+00
   outer loop
     vertex -3.953809e+01 -3.467904e+01  3.000000e+00
     vertex -3.970334e+01 -3.415837e+01  0.000000e+00
     vertex -3.953809e+01 -3.467904e+01  0.000000e+00
   endloop
 endfacet
 facet normal -9.531448e-01 -3.025146e-01  0.000000e+00
   outer loop
     vertex -3.953809e+01 -3.467904e+01  3.000000e+00
     vertex -3.970334e+01 -3.415837e+01  3.000000e+00
     vertex -3.970334e+01 -3.415837e+01  0.000000e+00
   endloop
 endfacet
 facet normal -9.302784e-01 -3.668542e-01 -0.000000e+00
   outer loop
     vertex -3.933769e+01 -3.518721e+01  3.000000e+00
     vertex -3.953809e+01 -3.467904e+01  0.000000e+00
     vertex -3.933769e+01 -3.518721e+01  0.000000e+00
   endloop
 endfacet
 facet normal -9.302784e-01 -3.668542e-01  0.000000e+00
   outer loop
     vertex -3.933769e+01 -3.518721e+01  3.000000e+00
     vertex -3.953809e+01 -3.467904e+01  3.000000e+00
     vertex -3.953809e+01 -3.467904e+01  0.000000e+00
   endloop
 endfacet
 facet normal -9.030747e-01 -4.294834e-01 -0.000000e+00
   outer loop
     vertex -3.910308e+01 -3.568052e+01  3.000000e+00
     vertex -3.933769e+01 -3.518721e+01  0.000000e+00
     vertex -3.910308e+01 -3.568052e+01  0.000000e+00
   endloop
 endfacet
 facet normal -9.030747e-01 -4.294834e-01  0.000000e+00
   outer loop
     vertex -3.910308e+01 -3.568052e+01  3.000000e+00
     vertex -3.933769e+01 -3.518721e+01  3.000000e+00
     vertex -3.933769e+01 -3.518721e+01  0.000000e+00
   endloop
 endfacet
 facet normal -8.716605e-01 -4.901102e-01 -0.000000e+00
   outer loop
     vertex -3.883536e+01 -3.615667e+01  3.000000e+00
     vertex -3.910308e+01 -3.568052e+01  0.000000e+00
     vertex -3.883536e+01 -3.615667e+01  0.000000e+00
   endloop
 endfacet
 facet normal -8.716605e-01 -4.901102e-01  0.000000e+00
   outer loop
     vertex -3.883536e+01 -3.615667e+01  3.000000e+00
     vertex -3.910308e+01 -3.568052e+01  3.000000e+00
     vertex -3.910308e+01 -3.568052e+01  0.000000e+00
   endloop
 endfacet
 facet normal -8.361821e-01 -5.484519e-01 -0.000000e+00
   outer loop
     vertex -3.853576e+01 -3.661344e+01  3.000000e+00
     vertex -3.883536e+01 -3.615667e+01  0.000000e+00
     vertex -3.853576e+01 -3.661344e+01  0.000000e+00
   endloop
 endfacet
 facet normal -8.361821e-01 -5.484519e-01  0.000000e+00
   outer loop
     vertex -3.853576e+01 -3.661344e+01  3.000000e+00
     vertex -3.883536e+01 -3.615667e+01  3.000000e+00
     vertex -3.883536e+01 -3.615667e+01  0.000000e+00
   endloop
 endfacet
 facet normal -7.968051e-01 -6.042364e-01 -0.000000e+00
   outer loop
     vertex -3.820569e+01 -3.704870e+01  3.000000e+00
     vertex -3.853576e+01 -3.661344e+01  0.000000e+00
     vertex -3.820569e+01 -3.704870e+01  0.000000e+00
   endloop
 endfacet
 facet normal -7.537130e-01 -6.572037e-01 -0.000000e+00
   outer loop
     vertex -3.820569e+01 -3.704870e+01  3.000000e+00
     vertex -3.820569e+01 -3.704870e+01  0.000000e+00
     vertex -3.784669e+01 -3.746043e+01  0.000000e+00
   endloop
 endfacet
 facet normal -7.968051e-01 -6.042364e-01  0.000000e+00
   outer loop
     vertex -3.820569e+01 -3.704870e+01  3.000000e+00
     vertex -3.853576e+01 -3.661344e+01  3.000000e+00
     vertex -3.853576e+01 -3.661344e+01  0.000000e+00
   endloop
 endfacet
 facet normal -7.537130e-01 -6.572037e-01 -0.000000e+00
   outer loop
     vertex -3.784669e+01 -3.746043e+01  3.000000e+00
     vertex -3.820569e+01 -3.704870e+01  3.000000e+00
     vertex -3.784669e+01 -3.746043e+01  0.000000e+00
   endloop
 endfacet
 facet normal -7.071068e-01 -7.071068e-01 -0.000000e+00
   outer loop
     vertex -3.746043e+01 -3.784669e+01  3.000000e+00
     vertex -3.784669e+01 -3.746043e+01  0.000000e+00
     vertex -3.746043e+01 -3.784669e+01  0.000000e+00
   endloop
 endfacet
 facet normal -6.572037e-01 -7.537130e-01 -0.000000e+00
   outer loop
     vertex -3.746043e+01 -3.784669e+01  3.000000e+00
     vertex -3.746043e+01 -3.784669e+01  0.000000e+00
     vertex -3.704870e+01 -3.820569e+01  0.000000e+00
   endloop
 endfacet
 facet normal -7.071068e-01 -7.071068e-01  0.000000e+00
   outer loop
     vertex -3.746043e+01 -3.784669e+01  3.000000e+00
     vertex -3.784669e+01 -3.746043e+01  3.000000e+00
     vertex -3.784669e+01 -3.746043e+01  0.000000e+00
   endloop
 endfacet
 facet normal -6.572037e-01 -7.537130e-01 -0.000000e+00
   outer loop
     vertex -3.704870e+01 -3.820569e+01  3.000000e+00
     vertex -3.746043e+01 -3.784669e+01  3.000000e+00
     vertex -3.704870e+01 -3.820569e+01  0.000000e+00
   endloop
 endfacet
 facet normal -6.042364e-01 -7.968051e-01  0.000000e+00
   outer loop
     vertex -3.661344e+01 -3.853576e+01  3.000000e+00
     vertex -3.704870e+01 -3.820569e+01  3.000000e+00
     vertex -3.704870e+01 -3.820569e+01  0.000000e+00
   endloop
 endfacet
 facet normal -6.042364e-01 -7.968051e-01 -0.000000e+00
   outer loop
     vertex -3.661344e+01 -3.853576e+01  3.000000e+00
     vertex -3.704870e+01 -3.820569e+01  0.000000e+00
     vertex -3.661344e+01 -3.853576e+01  0.000000e+00
   endloop
 endfacet
 facet normal -5.484519e-01 -8.361821e-01  0.000000e+00
   outer loop
     vertex -3.615667e+01 -3.883536e+01  3.000000e+00
     vertex -3.661344e+01 -3.853576e+01  3.000000e+00
     vertex -3.661344e+01 -3.853576e+01  0.000000e+00
   endloop
 endfacet
 facet normal -5.484519e-01 -8.361821e-01 -0.000000e+00
   outer loop
     vertex -3.615667e+01 -3.883536e+01  3.000000e+00
     vertex -3.661344e+01 -3.853576e+01  0.000000e+00
     vertex -3.615667e+01 -3.883536e+01  0.000000e+00
   endloop
 endfacet
 facet normal -4.901102e-01 -8.716605e-01  0.000000e+00
   outer loop
     vertex -3.568052e+01 -3.910308e+01  3.000000e+00
     vertex -3.615667e+01 -3.883536e+01  3.000000e+00
     vertex -3.615667e+01 -3.883536e+01  0.000000e+00
   endloop
 endfacet
 facet normal -4.901102e-01 -8.716605e-01 -0.000000e+00
   outer loop
     vertex -3.568052e+01 -3.910308e+01  3.000000e+00
     vertex -3.615667e+01 -3.883536e+01  0.000000e+00
     vertex -3.568052e+01 -3.910308e+01  0.000000e+00
   endloop
 endfacet
 facet normal -4.294834e-01 -9.030747e-01 -0.000000e+00
   outer loop
     vertex -3.568052e+01 -3.910308e+01  3.000000e+00
     vertex -3.568052e+01 -3.910308e+01  0.000000e+00
     vertex -3.518721e+01 -3.933769e+01  0.000000e+00
   endloop
 endfacet
 facet normal -4.294834e-01 -9.030747e-01 -0.000000e+00
   outer loop
     vertex -3.518721e+01 -3.933769e+01  3.000000e+00
     vertex -3.568052e+01 -3.910308e+01  3.000000e+00
     vertex -3.518721e+01 -3.933769e+01  0.000000e+00
   endloop
 endfacet
 facet normal -3.668542e-01 -9.302784e-01 -0.000000e+00
   outer loop
     vertex -3.467904e+01 -3.953809e+01  3.000000e+00
     vertex -3.518721e+01 -3.933769e+01  0.000000e+00
     vertex -3.467904e+01 -3.953809e+01  0.000000e+00
   endloop
 endfacet
 facet normal -3.025146e-01 -9.531448e-01 -0.000000e+00
   outer loop
     vertex -3.467904e+01 -3.953809e+01  3.000000e+00
     vertex -3.467904e+01 -3.953809e+01  0.000000e+00
     vertex -3.415837e+01 -3.970334e+01  0.000000e+00
   endloop
 endfacet
 facet normal -3.668542e-01 -9.302784e-01  0.000000e+00
   outer loop
     vertex -3.467904e+01 -3.953809e+01  3.000000e+00
     vertex -3.518721e+01 -3.933769e+01  3.000000e+00
     vertex -3.518721e+01 -3.933769e+01  0.000000e+00
   endloop
 endfacet
 facet normal -3.025146e-01 -9.531448e-01 -0.000000e+00
   outer loop
     vertex -3.415837e+01 -3.970334e+01  3.000000e+00
     vertex -3.467904e+01 -3.953809e+01  3.000000e+00
     vertex -3.415837e+01 -3.970334e+01  0.000000e+00
   endloop
 endfacet
 facet normal -2.367644e-01 -9.715671e-01 -0.000000e+00
   outer loop
     vertex -3.362765e+01 -3.983267e+01  3.000000e+00
     vertex -3.415837e+01 -3.970334e+01  0.000000e+00
     vertex -3.362765e+01 -3.983267e+01  0.000000e+00
   endloop
 endfacet
 facet normal -1.699104e-01 -9.854595e-01 -0.000000e+00
   outer loop
     vertex -3.362765e+01 -3.983267e+01  3.000000e+00
     vertex -3.362765e+01 -3.983267e+01  0.000000e+00
     vertex -3.308933e+01 -3.992549e+01  0.000000e+00
   endloop
 endfacet
 facet normal -2.367644e-01 -9.715671e-01  0.000000e+00
   outer loop
     vertex -3.362765e+01 -3.983267e+01  3.000000e+00
     vertex -3.415837e+01 -3.970334e+01  3.000000e+00
     vertex -3.415837e+01 -3.970334e+01  0.000000e+00
   endloop
 endfacet
 facet normal -1.699104e-01 -9.854595e-01 -0.000000e+00
   outer loop
     vertex -3.308933e+01 -3.992549e+01  3.000000e+00
     vertex -3.362765e+01 -3.983267e+01  3.000000e+00
     vertex -3.308933e+01 -3.992549e+01  0.000000e+00
   endloop
 endfacet
 facet normal -1.022641e-01 -9.947573e-01 -0.000000e+00
   outer loop
     vertex -3.254594e+01 -3.998135e+01  3.000000e+00
     vertex -3.308933e+01 -3.992549e+01  0.000000e+00
     vertex -3.254594e+01 -3.998135e+01  0.000000e+00
   endloop
 endfacet
 facet normal -1.022641e-01 -9.947573e-01  0.000000e+00
   outer loop
     vertex -3.254594e+01 -3.998135e+01  3.000000e+00
     vertex -3.308933e+01 -3.992549e+01  3.000000e+00
     vertex -3.308933e+01 -3.992549e+01  0.000000e+00
   endloop
 endfacet
 facet normal -3.414111e-02 -9.994170e-01 -0.000000e+00
   outer loop
     vertex -3.200000e+01 -4.000000e+01  3.000000e+00
     vertex -3.254594e+01 -3.998135e+01  0.000000e+00
     vertex -3.200000e+01 -4.000000e+01  0.000000e+00
   endloop
 endfacet
 facet normal -3.414111e-02 -9.994170e-01  0.000000e+00
   outer loop
     vertex -3.200000e+01 -4.000000e+01  3.000000e+00
     vertex -3.254594e+01 -3.998135e+01  3.000000e+00
     vertex -3.254594e+01 -3.998135e+01  0.000000e+00
   endloop
 endfacet
 facet normal  1.000000e+00  0.000000e+00  0.000000e+00
   outer loop
     vertex  4.000000e+01 -3.200000e+01  0.000000e+00
     vertex  4.000000e+01  3.200000e+01  0.000000e+00
     vertex  4.000000e+01  3.200000e+01  3.000000e+00
   endloop
 endfacet
 facet normal  1.000000e+00  0.000000e+00  0.000000e+00
   outer loop
     vertex  4.000000e+01 -3.200000e+01  0.000000e+00
     vertex  4.000000e+01  3.200000e+01  3.000000e+00
     vertex  4.000000e+01 -3.200000e+01  3.000000e+00
   endloop
 endfacet
 facet normal -1.000000e+00  0.000000e+00  0.000000e+00
   outer loop
     vertex -4.000000e+01  3.200000e+01  0.000000e+00
     vertex -4.000000e+01 -3.200000e+01  0.000000e+00
     vertex -4.000000e+01 -3.200000e+01  3.000000e+00
   endloop
 endfacet
 facet normal -1.000000e+00  0.000000e+00  0.000000e+00
   outer loop
     vertex -4.000000e+01  3.200000e+01  0.000000e+00
     vertex -4.000000e+01 -3.200000e+01  3.000000e+00
     vertex -4.000000e+01  3.200000e+01  3.000000e+00
   endloop
 endfacet
 facet normal  3.414111e-02  9.994170e-01  0.000000e+00
   outer loop
     vertex  3.254594e+01  3.998135e+01  3.000000e+00
     vertex  3.254594e+01  3.998135e+01  0.000000e+00
     vertex  3.200000e+01  4.000000e+01  0.000000e+00
   endloop
 endfacet
 facet normal  3.414111e-02  9.994170e-01  0.000000e+00
   outer loop
     vertex  3.254594e+01  3.998135e+01  3.000000e+00
     vertex  3.200000e+01  4.000000e+01  0.000000e+00
     vertex  3.200000e+01  4.000000e+01  3.000000e+00
   endloop
 endfacet
 facet normal  1.022641e-01  9.947573e-01  0.000000e+00
   outer loop
     vertex  3.308933e+01  3.992549e+01  3.000000e+00
     vertex  3.308933e+01  3.992549e+01  0.000000e+00
     vertex  3.254594e+01  3.998135e+01  0.000000e+00
   endloop
 endfacet
 facet normal  1.022641e-01  9.947573e-01  0.000000e+00
   outer loop
     vertex  3.308933e+01  3.992549e+01  3.000000e+00
     vertex  3.254594e+01  3.998135e+01  0.000000e+00
     vertex  3.254594e+01  3.998135e+01  3.000000e+00
   endloop
 endfacet
 facet normal  1.699104e-01  9.854595e-01  0.000000e+00
   outer loop
     vertex  3.362765e+01  3.983267e+01  3.000000e+00
     vertex  3.362765e+01  3.983267e+01  0.000000e+00
     vertex  3.308933e+01  3.992549e+01  0.000000e+00
   endloop
 endfacet
 facet normal  1.699104e-01  9.854595e-01  0.000000e+00
   outer loop
     vertex  3.362765e+01  3.983267e+01  3.000000e+00
     vertex  3.308933e+01  3.992549e+01  0.000000e+00
     vertex  3.308933e+01  3.992549e+01  3.000000e+00
   endloop
 endfacet
 facet normal  2.367644e-01  9.715671e-01  0.000000e+00
   outer loop
     vertex  3.415837e+01  3.970334e+01  3.000000e+00
     vertex  3.415837e+01  3.970334e+01  0.000000e+00
     vertex  3.362765e+01  3.983267e+01  0.000000e+00
   endloop
 endfacet
 facet normal  2.367644e-01  9.715671e-01  0.000000e+00
   outer loop
     vertex  3.415837e+01  3.970334e+01  3.000000e+00
     vertex  3.362765e+01  3.983267e+01  0.000000e+00
     vertex  3.362765e+01  3.983267e+01  3.000000e+00
   endloop
 endfacet
 facet normal  3.025146e-01  9.531448e-01  0.000000e+00
   outer loop
     vertex  3.467904e+01  3.953809e+01  3.000000e+00
     vertex  3.467904e+01  3.953809e+01  0.000000e+00
     vertex  3.415837e+01  3.970334e+01  0.000000e+00
   endloop
 endfacet
 facet normal  3.025146e-01  9.531448e-01  0.000000e+00
   outer loop
     vertex  3.467904e+01  3.953809e+01  3.000000e+00
     vertex  3.415837e+01  3.970334e+01  0.000000e+00
     vertex  3.415837e+01  3.970334e+01  3.000000e+00
   endloop
 endfacet
 facet normal  3.668542e-01  9.302784e-01  0.000000e+00
   outer loop
     vertex  3.518721e+01  3.933769e+01  3.000000e+00
     vertex  3.518721e+01  3.933769e+01  0.000000e+00
     vertex  3.467904e+01  3.953809e+01  0.000000e+00
   endloop
 endfacet
 facet normal  3.668542e-01  9.302784e-01  0.000000e+00
   outer loop
     vertex  3.518721e+01  3.933769e+01  3.000000e+00
     vertex  3.467904e+01  3.953809e+01  0.000000e+00
     vertex  3.467904e+01  3.953809e+01  3.000000e+00
   endloop
 endfacet
 facet normal  4.294834e-01  9.030747e-01  0.000000e+00
   outer loop
     vertex  3.568052e+01  3.910308e+01  3.000000e+00
     vertex  3.568052e+01  3.910308e+01  0.000000e+00
     vertex  3.518721e+01  3.933769e+01  0.000000e+00
   endloop
 endfacet
 facet normal  4.294834e-01  9.030747e-01  0.000000e+00
   outer loop
     vertex  3.568052e+01  3.910308e+01  3.000000e+00
     vertex  3.518721e+01  3.933769e+01  0.000000e+00
     vertex  3.518721e+01  3.933769e+01  3.000000e+00
   endloop
 endfacet
 facet normal  4.901102e-01  8.716605e-01  0.000000e+00
   outer loop
     vertex  3.615667e+01  3.883536e+01  3.000000e+00
     vertex  3.615667e+01  3.883536e+01  0.000000e+00
     vertex  3.568052e+01  3.910308e+01  0.000000e+00
   endloop
 endfacet
 facet normal  4.901102e-01  8.716605e-01  0.000000e+00
   outer loop
     vertex  3.615667e+01  3.883536e+01  3.000000e+00
     vertex  3.568052e+01  3.910308e+01  0.000000e+00
     vertex  3.568052e+01  3.910308e+01  3.000000e+00
   endloop
 endfacet
 facet normal  5.484519e-01  8.361821e-01  0.000000e+00
   outer loop
     vertex  3.661344e+01  3.853576e+01  3.000000e+00
     vertex  3.661344e+01  3.853576e+01  0.000000e+00
     vertex  3.615667e+01  3.883536e+01  0.000000e+00
   endloop
 endfacet
 facet normal  5.484519e-01  8.361821e-01  0.000000e+00
   outer loop
     vertex  3.661344e+01  3.853576e+01  3.000000e+00
     vertex  3.615667e+01  3.883536e+01  0.000000e+00
     vertex  3.615667e+01  3.883536e+01  3.000000e+00
   endloop
 endfacet
 facet normal  6.042364e-01  7.968051e-01  0.000000e+00
   outer loop
     vertex  3.704870e+01  3.820569e+01  3.000000e+00
     vertex  3.704870e+01  3.820569e+01  0.000000e+00
     vertex  3.661344e+01  3.853576e+01  0.000000e+00
   endloop
 endfacet
 facet normal  6.572037e-01  7.537130e-01  0.000000e+00
   outer loop
     vertex  3.704870e+01  3.820569e+01  3.000000e+00
     vertex  3.746043e+01  3.784669e+01  0.000000e+00
     vertex  3.704870e+01  3.820569e+01  0.000000e+00
   endloop
 endfacet
 facet normal  6.042364e-01  7.968051e-01  0.000000e+00
   outer loop
     vertex  3.704870e+01  3.820569e+01  3.000000e+00
     vertex  3.661344e+01  3.853576e+01  0.000000e+00
     vertex  3.661344e+01  3.853576e+01  3.000000e+00
   endloop
 endfacet
 facet normal  6.572037e-01  7.537130e-01  0.000000e+00
   outer loop
     vertex  3.746043e+01  3.784669e+01  3.000000e+00
     vertex  3.746043e+01  3.784669e+01  0.000000e+00
     vertex  3.704870e+01  3.820569e+01  3.000000e+00
   endloop
 endfacet
 facet normal  7.071068e-01  7.071068e-01  0.000000e+00
   outer loop
     vertex  3.784669e+01  3.746043e+01  3.000000e+00
     vertex  3.784669e+01  3.746043e+01  0.000000e+00
     vertex  3.746043e+01  3.784669e+01  0.000000e+00
   endloop
 endfacet
 facet normal  7.537130e-01  6.572037e-01  0.000000e+00
   outer loop
     vertex  3.784669e+01  3.746043e+01  3.000000e+00
     vertex  3.820569e+01  3.704870e+01  0.000000e+00
     vertex  3.784669e+01  3.746043e+01  0.000000e+00
   endloop
 endfacet
 facet normal  7.071068e-01  7.071068e-01  0.000000e+00
   outer loop
     vertex  3.784669e+01  3.746043e+01  3.000000e+00
     vertex  3.746043e+01  3.784669e+01  0.000000e+00
     vertex  3.746043e+01  3.784669e+01  3.000000e+00
   endloop
 endfacet
 facet normal  7.537130e-01  6.572037e-01  0.000000e+00
   outer loop
     vertex  3.820569e+01  3.704870e+01  3.000000e+00
     vertex  3.820569e+01  3.704870e+01  0.000000e+00
     vertex  3.784669e+01  3.746043e+01  3.000000e+00
   endloop
 endfacet
 facet normal  7.968051e-01  6.042364e-01  0.000000e+00
   outer loop
     vertex  3.853576e+01  3.661344e+01  3.000000e+00
     vertex  3.820569e+01  3.704870e+01  0.000000e+00
     vertex  3.820569e+01  3.704870e+01  3.000000e+00
   endloop
 endfacet
 facet normal  7.968051e-01  6.042364e-01  0.000000e+00
   outer loop
     vertex  3.853576e+01  3.661344e+01  3.000000e+00
     vertex  3.853576e+01  3.661344e+01  0.000000e+00
     vertex  3.820569e+01  3.704870e+01  0.000000e+00
   endloop
 endfacet
 facet normal  8.361821e-01  5.484519e-01  0.000000e+00
   outer loop
     vertex  3.883536e+01  3.615667e+01  3.000000e+00
     vertex  3.853576e+01  3.661344e+01  0.000000e+00
     vertex  3.853576e+01  3.661344e+01  3.000000e+00
   endloop
 endfacet
 facet normal  8.361821e-01  5.484519e-01  0.000000e+00
   outer loop
     vertex  3.883536e+01  3.615667e+01  3.000000e+00
     vertex  3.883536e+01  3.615667e+01  0.000000e+00
     vertex  3.853576e+01  3.661344e+01  0.000000e+00
   endloop
 endfacet
 facet normal  8.716605e-01  4.901102e-01  0.000000e+00
   outer loop
     vertex  3.910308e+01  3.568052e+01  3.000000e+00
     vertex  3.883536e+01  3.615667e+01  0.000000e+00
     vertex  3.883536e+01  3.615667e+01  3.000000e+00
   endloop
 endfacet
 facet normal  8.716605e-01  4.901102e-01  0.000000e+00
   outer loop
     vertex  3.910308e+01  3.568052e+01  3.000000e+00
     vertex  3.910308e+01  3.568052e+01  0.000000e+00
     vertex  3.883536e+01  3.615667e+01  0.000000e+00
   endloop
 endfacet
 facet normal  9.030747e-01  4.294834e-01  0.000000e+00
   outer loop
     vertex  3.910308e+01  3.568052e+01  3.000000e+00
     vertex  3.933769e+01  3.518721e+01  0.000000e+00
     vertex  3.910308e+01  3.568052e+01  0.000000e+00
   endloop
 endfacet
 facet normal  9.030747e-01  4.294834e-01  0.000000e+00
   outer loop
     vertex  3.933769e+01  3.518721e+01  3.000000e+00
     vertex  3.933769e+01  3.518721e+01  0.000000e+00
     vertex  3.910308e+01  3.568052e+01  3.000000e+00
   endloop
 endfacet
 facet normal  9.302784e-01  3.668542e-01  0.000000e+00
   outer loop
     vertex  3.953809e+01  3.467904e+01  3.000000e+00
     vertex  3.953809e+01  3.467904e+01  0.000000e+00
     vertex  3.933769e+01  3.518721e+01  0.000000e+00
   endloop
 endfacet
 facet normal  9.531448e-01  3.025146e-01  0.000000e+00
   outer loop
     vertex  3.953809e+01  3.467904e+01  3.000000e+00
     vertex  3.970334e+01  3.415837e+01  0.000000e+00
     vertex  3.953809e+01  3.467904e+01  0.000000e+00
   endloop
 endfacet
 facet normal  9.302784e-01  3.668542e-01  0.000000e+00
   outer loop
     vertex  3.953809e+01  3.467904e+01  3.000000e+00
     vertex  3.933769e+01  3.518721e+01  0.000000e+00
     vertex  3.933769e+01  3.518721e+01  3.000000e+00
   endloop
 endfacet
 facet normal  9.531448e-01  3.025146e-01  0.000000e+00
   outer loop
     vertex  3.970334e+01  3.415837e+01  3.000000e+00
     vertex  3.970334e+01  3.415837e+01  0.000000e+00
     vertex  3.953809e+01  3.467904e+01  3.000000e+00
   endloop
 endfacet
 facet normal  9.715671e-01  2.367644e-01  0.000000e+00
   outer loop
     vertex  3.983267e+01  3.362765e+01  3.000000e+00
     vertex  3.983267e+01  3.362765e+01  0.000000e+00
     vertex  3.970334e+01  3.415837e+01  0.000000e+00
   endloop
 endfacet
 facet normal  9.854595e-01  1.699104e-01  0.000000e+00
   outer loop
     vertex  3.983267e+01  3.362765e+01  3.000000e+00
     vertex  3.992549e+01  3.308933e+01  0.000000e+00
     vertex  3.983267e+01  3.362765e+01  0.000000e+00
   endloop
 endfacet
 facet normal  9.715671e-01  2.367644e-01  0.000000e+00
   outer loop
     vertex  3.983267e+01  3.362765e+01  3.000000e+00
     vertex  3.970334e+01  3.415837e+01  0.000000e+00
     vertex  3.970334e+01  3.415837e+01  3.000000e+00
   endloop
 endfacet
 facet normal  9.854595e-01  1.699104e-01  0.000000e+00
   outer loop
     vertex  3.992549e+01  3.308933e+01  3.000000e+00
     vertex  3.992549e+01  3.308933e+01  0.000000e+00
     vertex  3.983267e+01  3.362765e+01  3.000000e+00
   endloop
 endfacet
 facet normal  9.947573e-01  1.022641e-01  0.000000e+00
   outer loop
     vertex  3.998135e+01  3.254594e+01  3.000000e+00
     vertex  3.998135e+01  3.254594e+01  0.000000e+00
     vertex  3.992549e+01  3.308933e+01  0.000000e+00
   endloop
 endfacet
 facet normal  9.947573e-01  1.022641e-01  0.000000e+00
   outer loop
     vertex  3.998135e+01  3.254594e+01  3.000000e+00
     vertex  3.992549e+01  3.308933e+01  0.000000e+00
     vertex  3.992549e+01  3.308933e+01  3.000000e+00
   endloop
 endfacet
 facet normal  9.994170e-01  3.414111e-02  0.000000e+00
   outer loop
     vertex  4.000000e+01  3.200000e+01  3.000000e+00
     vertex  4.000000e+01  3.200000e+01  0.000000e+00
     vertex  3.998135e+01  3.254594e+01  0.000000e+00
   endloop
 endfacet
 facet normal  9.994170e-01  3.414111e-02  0.000000e+00
   outer loop
     vertex  4.000000e+01  3.200000e+01  3.000000e+00
     vertex  3.998135e+01  3.254594e+01  0.000000e+00
     vertex  3.998135e+01  3.254594e+01  3.000000e+00
   endloop
 endfacet
 facet normal -3.414111e-02  9.994170e-01  0.000000e+00
   outer loop
     vertex -3.254594e+01  3.998135e+01  3.000000e+00
     vertex -3.200000e+01  4.000000e+01  0.000000e+00
     vertex -3.254594e+01  3.998135e+01  0.000000e+00
   endloop
 endfacet
 facet normal -3.414111e-02  9.994170e-01  0.000000e+00
   outer loop
     vertex -3.254594e+01  3.998135e+01  3.000000e+00
     vertex -3.200000e+01  4.000000e+01  3.000000e+00
     vertex -3.200000e+01  4.000000e+01  0.000000e+00
   endloop
 endfacet
 facet normal -1.022641e-01  9.947573e-01  0.000000e+00
   outer loop
     vertex -3.308933e+01  3.992549e+01  3.000000e+00
     vertex -3.254594e+01  3.998135e+01  0.000000e+00
     vertex -3.308933e+01  3.992549e+01  0.000000e+00
   endloop
 endfacet
 facet normal -1.022641e-01  9.947573e-01  0.000000e+00
   outer loop
     vertex -3.308933e+01  3.992549e+01  3.000000e+00
     vertex -3.254594e+01  3.998135e+01  3.000000e+00
     vertex -3.254594e+01  3.998135e+01  0.000000e+00
   endloop
 endfacet
 facet normal -1.699104e-01  9.854595e-01  0.000000e+00
   outer loop
     vertex -3.362765e+01  3.983267e+01  3.000000e+00
     vertex -3.308933e+01  3.992549e+01  0.000000e+00
     vertex -3.362765e+01  3.983267e+01  0.000000e+00
   endloop
 endfacet
 facet normal -1.699104e-01  9.854595e-01  0.000000e+00
   outer loop
     vertex -3.362765e+01  3.983267e+01  3.000000e+00
     vertex -3.308933e+01  3.992549e+01  3.000000e+00
     vertex -3.308933e+01  3.992549e+01  0.000000e+00
   endloop
 endfacet
 facet normal -2.367644e-01  9.715671e-01  0.000000e+00
   outer loop
     vertex -3.415837e+01  3.970334e+01  3.000000e+00
     vertex -3.362765e+01  3.983267e+01  0.000000e+00
     vertex -3.415837e+01  3.970334e+01  0.000000e+00
   endloop
 endfacet
 facet normal -2.367644e-01  9.715671e-01  0.000000e+00
   outer loop
     vertex -3.415837e+01  3.970334e+01  3.000000e+00
     vertex -3.362765e+01  3.983267e+01  3.000000e+00
     vertex -3.362765e+01  3.983267e+01  0.000000e+00
   endloop
 endfacet
 facet normal -3.025146e-01  9.531448e-01  0.000000e+00
   outer loop
     vertex -3.467904e+01  3.953809e+01  3.000000e+00
     vertex -3.415837e+01  3.970334e+01  0.000000e+00
     vertex -3.467904e+01  3.953809e+01  0.000000e+00
   endloop
 endfacet
 facet normal -3.025146e-01  9.531448e-01  0.000000e+00
   outer loop
     vertex -3.467904e+01  3.953809e+01  3.000000e+00
     vertex -3.415837e+01  3.970334e+01  3.000000e+00
     vertex -3.415837e+01  3.970334e+01  0.000000e+00
   endloop
 endfacet
 facet normal -3.668542e-01  9.302784e-01  0.000000e+00
   outer loop
     vertex -3.518721e+01  3.933769e+01  3.000000e+00
     vertex -3.467904e+01  3.953809e+01  0.000000e+00
     vertex -3.518721e+01  3.933769e+01  0.000000e+00
   endloop
 endfacet
 facet normal -3.668542e-01  9.302784e-01  0.000000e+00
   outer loop
     vertex -3.518721e+01  3.933769e+01  3.000000e+00
     vertex -3.467904e+01  3.953809e+01  3.000000e+00
     vertex -3.467904e+01  3.953809e+01  0.000000e+00
   endloop
 endfacet
 facet normal -4.294834e-01  9.030747e-01  0.000000e+00
   outer loop
     vertex -3.568052e+01  3.910308e+01  3.000000e+00
     vertex -3.518721e+01  3.933769e+01  0.000000e+00
     vertex -3.568052e+01  3.910308e+01  0.000000e+00
   endloop
 endfacet
 facet normal -4.294834e-01  9.030747e-01  0.000000e+00
   outer loop
     vertex -3.568052e+01  3.910308e+01  3.000000e+00
     vertex -3.518721e+01  3.933769e+01  3.000000e+00
     vertex -3.518721e+01  3.933769e+01  0.000000e+00
   endloop
 endfacet
 facet normal -4.901102e-01  8.716605e-01  0.000000e+00
   outer loop
     vertex -3.615667e+01  3.883536e+01  3.000000e+00
     vertex -3.568052e+01  3.910308e+01  0.000000e+00
     vertex -3.615667e+01  3.883536e+01  0.000000e+00
   endloop
 endfacet
 facet normal -4.901102e-01  8.716605e-01  0.000000e+00
   outer loop
     vertex -3.615667e+01  3.883536e+01  3.000000e+00
     vertex -3.568052e+01  3.910308e+01  3.000000e+00
     vertex -3.568052e+01  3.910308e+01  0.000000e+00
   endloop
 endfacet
 facet normal -5.484519e-01  8.361821e-01  0.000000e+00
   outer loop
     vertex -3.661344e+01  3.853576e+01  3.000000e+00
     vertex -3.615667e+01  3.883536e+01  0.000000e+00
     vertex -3.661344e+01  3.853576e+01  0.000000e+00
   endloop
 endfacet
 facet normal -5.484519e-01  8.361821e-01  0.000000e+00
   outer loop
     vertex -3.661344e+01  3.853576e+01  3.000000e+00
     vertex -3.615667e+01  3.883536e+01  3.000000e+00
     vertex -3.615667e+01  3.883536e+01  0.000000e+00
   endloop
 endfacet
 facet normal -6.042364e-01  7.968051e-01  0.000000e+00
   outer loop
     vertex -3.704870e+01  3.820569e+01  3.000000e+00
     vertex -3.661344e+01  3.853576e+01  0.000000e+00
     vertex -3.704870e+01  3.820569e+01  0.000000e+00
   endloop
 endfacet
 facet normal -6.572037e-01  7.537130e-01  0.000000e+00
   outer loop
     vertex -3.704870e+01  3.820569e+01  3.000000e+00
     vertex -3.704870e+01  3.820569e+01  0.000000e+00
     vertex -3.746043e+01  3.784669e+01  0.000000e+00
   endloop
 endfacet
 facet normal -6.042364e-01  7.968051e-01  0.000000e+00
   outer loop
     vertex -3.704870e+01  3.820569e+01  3.000000e+00
     vertex -3.661344e+01  3.853576e+01  3.000000e+00
     vertex -3.661344e+01  3.853576e+01  0.000000e+00
   endloop
 endfacet
 facet normal -6.572037e-01  7.537130e-01  0.000000e+00
   outer loop
     vertex -3.746043e+01  3.784669e+01  3.000000e+00
     vertex -3.704870e+01  3.820569e+01  3.000000e+00
     vertex -3.746043e+01  3.784669e+01  0.000000e+00
   endloop
 endfacet
 facet normal -7.071068e-01  7.071068e-01  0.000000e+00
   outer loop
     vertex -3.784669e+01  3.746043e+01  3.000000e+00
     vertex -3.746043e+01  3.784669e+01  0.000000e+00
     vertex -3.784669e+01  3.746043e+01  0.000000e+00
   endloop
 endfacet
 facet normal -7.537130e-01  6.572037e-01  0.000000e+00
   outer loop
     vertex -3.784669e+01  3.746043e+01  3.000000e+00
     vertex -3.784669e+01  3.746043e+01  0.000000e+00
     vertex -3.820569e+01  3.704870e+01  0.000000e+00
   endloop
 endfacet
 facet normal -7.071068e-01  7.071068e-01  0.000000e+00
   outer loop
     vertex -3.784669e+01  3.746043e+01  3.000000e+00
     vertex -3.746043e+01  3.784669e+01  3.000000e+00
     vertex -3.746043e+01  3.784669e+01  0.000000e+00
   endloop
 endfacet
 facet normal -7.537130e-01  6.572037e-01  0.000000e+00
   outer loop
     vertex -3.820569e+01  3.704870e+01  3.000000e+00
     vertex -3.784669e+01  3.746043e+01  3.000000e+00
     vertex -3.820569e+01  3.704870e+01  0.000000e+00
   endloop
 endfacet
 facet normal -7.968051e-01  6.042364e-01  0.000000e+00
   outer loop
     vertex -3.853576e+01  3.661344e+01  3.000000e+00
     vertex -3.820569e+01  3.704870e+01  3.000000e+00
     vertex -3.820569e+01  3.704870e+01  0.000000e+00
   endloop
 endfacet
 facet normal -7.968051e-01  6.042364e-01  0.000000e+00
   outer loop
     vertex -3.853576e+01  3.661344e+01  3.000000e+00
     vertex -3.820569e+01  3.704870e+01  0.000000e+00
     vertex -3.853576e+01  3.661344e+01  0.000000e+00
   endloop
 endfacet
 facet normal -8.361821e-01  5.484519e-01  0.000000e+00
   outer loop
     vertex -3.883536e+01  3.615667e+01  3.000000e+00
     vertex -3.853576e+01  3.661344e+01  3.000000e+00
     vertex -3.853576e+01  3.661344e+01  0.000000e+00
   endloop
 endfacet
 facet normal -8.361821e-01  5.484519e-01  0.000000e+00
   outer loop
     vertex -3.883536e+01  3.615667e+01  3.000000e+00
     vertex -3.853576e+01  3.661344e+01  0.000000e+00
     vertex -3.883536e+01  3.615667e+01  0.000000e+00
   endloop
 endfacet
 facet normal -8.716605e-01  4.901102e-01  0.000000e+00
   outer loop
     vertex -3.910308e+01  3.568052e+01  3.000000e+00
     vertex -3.883536e+01  3.615667e+01  3.000000e+00
     vertex -3.883536e+01  3.615667e+01  0.000000e+00
   endloop
 endfacet
 facet normal -8.716605e-01  4.901102e-01  0.000000e+00
   outer loop
     vertex -3.910308e+01  3.568052e+01  3.000000e+00
     vertex -3.883536e+01  3.615667e+01  0.000000e+00
     vertex -3.910308e+01  3.568052e+01  0.000000e+00
   endloop
 endfacet
 facet normal -9.030747e-01  4.294834e-01  0.000000e+00
   outer loop
     vertex -3.910308e+01  3.568052e+01  3.000000e+00
     vertex -3.910308e+01  3.568052e+01  0.000000e+00
     vertex -3.933769e+01  3.518721e+01  0.000000e+00
   endloop
 endfacet
 facet normal -9.030747e-01  4.294834e-01  0.000000e+00
   outer loop
     vertex -3.933769e+01  3.518721e+01  3.000000e+00
     vertex -3.910308e+01  3.568052e+01  3.000000e+00
     vertex -3.933769e+01  3.518721e+01  0.000000e+00
   endloop
 endfacet
 facet normal -9.302784e-01  3.668542e-01  0.000000e+00
   outer loop
     vertex -3.953809e+01  3.467904e+01  3.000000e+00
     vertex -3.933769e+01  3.518721e+01  0.000000e+00
     vertex -3.953809e+01  3.467904e+01  0.000000e+00
   endloop
 endfacet
 facet normal -9.531448e-01  3.025146e-01  0.000000e+00
   outer loop
     vertex -3.953809e+01  3.467904e+01  3.000000e+00
     vertex -3.953809e+01  3.467904e+01  0.000000e+00
     vertex -3.970334e+01  3.415837e+01  0.000000e+00
   endloop
 endfacet
 facet normal -9.302784e-01  3.668542e-01  0.000000e+00
   outer loop
     vertex -3.953809e+01  3.467904e+01  3.000000e+00
     vertex -3.933769e+01  3.518721e+01  3.000000e+00
     vertex -3.933769e+01  3.518721e+01  0.000000e+00
   endloop
 endfacet
 facet normal -9.531448e-01  3.025146e-01  0.000000e+00
   outer loop
     vertex -3.970334e+01  3.415837e+01  3.000000e+00
     vertex -3.953809e+01  3.467904e+01  3.000000e+00
     vertex -3.970334e+01  3.415837e+01  0.000000e+00
   endloop
 endfacet
 facet normal -9.715671e-01  2.367644e-01  0.000000e+00
   outer loop
     vertex -3.983267e+01  3.362765e+01  3.000000e+00
     vertex -3.970334e+01  3.415837e+01  0.000000e+00
     vertex -3.983267e+01  3.362765e+01  0.000000e+00
   endloop
 endfacet
 facet normal -9.854595e-01  1.699104e-01  0.000000e+00
   outer loop
     vertex -3.983267e+01  3.362765e+01  3.000000e+00
     vertex -3.983267e+01  3.362765e+01  0.000000e+00
     vertex -3.992549e+01  3.308933e+01  0.000000e+00
   endloop
 endfacet
 facet normal -9.715671e-01  2.367644e-01  0.000000e+00
   outer loop
     vertex -3.983267e+01  3.362765e+01  3.000000e+00
     vertex -3.970334e+01  3.415837e+01  3.000000e+00
     vertex -3.970334e+01  3.415837e+01  0.000000e+00
   endloop
 endfacet
 facet normal -9.854595e-01  1.699104e-01  0.000000e+00
   outer loop
     vertex -3.992549e+01  3.308933e+01  3.000000e+00
     vertex -3.983267e+01  3.362765e+01  3.000000e+00
     vertex -3.992549e+01  3.308933e+01  0.000000e+00
   endloop
 endfacet
 facet normal -9.947573e-01  1.022641e-01  0.000000e+00
   outer loop
     vertex -3.998135e+01  3.254594e+01  3.000000e+00
     vertex -3.992549e+01  3.308933e+01  0.000000e+00
     vertex -3.998135e+01  3.254594e+01  0.000000e+00
   endloop
 endfacet
 facet normal -9.947573e-01  1.022641e-01  0.000000e+00
   outer loop
     vertex -3.998135e+01  3.254594e+01  3.000000e+00
     vertex -3.992549e+01  3.308933e+01  3.000000e+00
     vertex -3.992549e+01  3.308933e+01  0.000000e+00
   endloop
 endfacet
 facet normal -9.994170e-01  3.414111e-02  0.000000e+00
   outer loop
     vertex -4.000000e+01  3.200000e+01  3.000000e+00
     vertex -3.998135e+01  3.254594e+01  0.000000e+00
     vertex -4.000000e+01  3.200000e+01  0.000000e+00
   endloop
 endfacet
 facet normal -9.994170e-01  3.414111e-02  0.000000e+00
   outer loop
     vertex -4.000000e+01  3.200000e+01  3.000000e+00
     vertex -3.998135e+01  3.254594e+01  3.000000e+00
     vertex -3.998135e+01  3.254594e+01  0.000000e+00
   endloop
 endfacet
 facet normal  0.000000e+00  1.000000e+00  0.000000e+00
   outer loop
     vertex  3.200000e+01  4.000000e+01  0.000000e+00
     vertex -3.200000e+01  4.000000e+01  0.000000e+00
     vertex -3.200000e+01  4.000000e+01  3.000000e+00
   endloop
 endfacet
 facet normal  0.000000e+00  1.000000e+00 -0.000000e+00
   outer loop
     vertex  3.200000e+01  4.000000e+01  0.000000e+00
     vertex -3.200000e+01  4.000000e+01  3.000000e+00
     vertex  3.200000e+01  4.000000e+01  3.000000e+00
   endloop
 endfacet
 facet normal -7.065295e-01 -4.040082e-02 -7.065295e-01
   outer loop
     vertex  1.870000e+01  0.000000e+00  3.000000e-01
     vertex  1.898045e+01  3.419742e-01  0.000000e+00
     vertex  1.900000e+01  0.000000e+00  0.000000e+00
   endloop
 endfacet
 facet normal -7.065295e-01  4.040082e-02 -7.065295e-01
   outer loop
     vertex  1.870000e+01  0.000000e+00  3.000000e-01
     vertex  1.900000e+01  0.000000e+00  0.000000e+00
     vertex  1.898045e+01 -3.419742e-01  0.000000e+00
   endloop
 endfacet
 facet normal -6.965777e-01 -5.623356e-02 -7.152743e-01
   outer loop
     vertex  1.866504e+01  4.331105e-01  3.000000e-01
     vertex  1.898045e+01  3.419742e-01  0.000000e+00
     vertex  1.870000e+01  0.000000e+00  3.000000e-01
   endloop
 endfacet
 facet normal -7.022889e-01 -1.215359e-01 -7.014409e-01
   outer loop
     vertex  1.866504e+01  4.331105e-01  3.000000e-01
     vertex  1.892204e+01  6.794903e-01  0.000000e+00
     vertex  1.898045e+01  3.419742e-01  0.000000e+00
   endloop
 endfacet
 facet normal -6.819590e-01 -2.002412e-01 -7.034453e-01
   outer loop
     vertex  1.856105e+01  8.550036e-01  3.000000e-01
     vertex  1.882553e+01  1.008148e+00  0.000000e+00
     vertex  1.892204e+01  6.794903e-01  0.000000e+00
   endloop
 endfacet
 facet normal -6.478276e-01 -2.737742e-01 -7.108918e-01
   outer loop
     vertex  1.856105e+01  8.550036e-01  3.000000e-01
     vertex  1.869220e+01  1.323663e+00  0.000000e+00
     vertex  1.882553e+01  1.008148e+00  0.000000e+00
   endloop
 endfacet
 facet normal -6.769091e-01 -1.668431e-01 -7.169082e-01
   outer loop
     vertex  1.856105e+01  8.550036e-01  3.000000e-01
     vertex  1.892204e+01  6.794903e-01  0.000000e+00
     vertex  1.866504e+01  4.331105e-01  3.000000e-01
   endloop
 endfacet
 facet normal -7.059575e-01 -5.699078e-02 -7.059575e-01
   outer loop
     vertex  1.836892e+01  3.849871e-01  6.000000e-01
     vertex  1.866504e+01  4.331105e-01  3.000000e-01
     vertex  1.870000e+01  0.000000e+00  3.000000e-01
   endloop
 endfacet
 facet normal -7.059575e-01 -5.699078e-02 -7.059575e-01
   outer loop
     vertex  1.836892e+01  3.849871e-01  6.000000e-01
     vertex  1.870000e+01  0.000000e+00  3.000000e-01
     vertex  1.840000e+01  0.000000e+00  6.000000e-01
   endloop
 endfacet
 facet normal -6.458231e-01 -2.751595e-01 -7.121796e-01
   outer loop
     vertex  1.839073e+01  1.254753e+00  3.000000e-01
     vertex  1.869220e+01  1.323663e+00  0.000000e+00
     vertex  1.856105e+01  8.550036e-01  3.000000e-01
   endloop
 endfacet
 facet normal -6.194320e-01 -3.498093e-01 -7.028069e-01
   outer loop
     vertex  1.839073e+01  1.254753e+00  3.000000e-01
     vertex  1.852376e+01  1.621922e+00  0.000000e+00
     vertex  1.869220e+01  1.323663e+00  0.000000e+00
   endloop
 endfacet
 facet normal -6.876736e-01 -1.694963e-01 -7.059575e-01
   outer loop
     vertex  1.827649e+01  7.600032e-01  6.000000e-01
     vertex  1.856105e+01  8.550036e-01  3.000000e-01
     vertex  1.866504e+01  4.331105e-01  3.000000e-01
   endloop
 endfacet
 facet normal -6.876736e-01 -1.694963e-01 -7.059575e-01
   outer loop
     vertex  1.827649e+01  7.600032e-01  6.000000e-01
     vertex  1.866504e+01  4.331105e-01  3.000000e-01
     vertex  1.836892e+01  3.849871e-01  6.000000e-01
   endloop
 endfacet
 facet normal -7.059575e-01 -5.699078e-02 -7.059575e-01
   outer loop
     vertex  1.807281e+01  3.368637e-01  9.000000e-01
     vertex  1.840000e+01  0.000000e+00  6.000000e-01
     vertex  1.810000e+01  0.000000e+00  9.000000e-01
   endloop
 endfacet
 facet normal -7.059575e-01 -5.699078e-02 -7.059575e-01
   outer loop
     vertex  1.807281e+01  3.368637e-01  9.000000e-01
     vertex  1.836892e+01  3.849871e-01  6.000000e-01
     vertex  1.840000e+01  0.000000e+00  6.000000e-01
   endloop
 endfacet
 facet normal -5.764085e-01 -4.187853e-01 -7.016924e-01
   outer loop
     vertex  1.815850e+01  1.622004e+00  3.000000e-01
     vertex  1.832242e+01  1.899037e+00  0.000000e+00
     vertex  1.852376e+01  1.621922e+00  0.000000e+00
   endloop
 endfacet
 facet normal -5.890623e-01 -3.725004e-01 -7.171116e-01
   outer loop
     vertex  1.815850e+01  1.622004e+00  3.000000e-01
     vertex  1.852376e+01  1.621922e+00  0.000000e+00
     vertex  1.839073e+01  1.254753e+00  3.000000e-01
   endloop
 endfacet
 facet normal -6.515793e-01 -2.776120e-01 -7.059575e-01
   outer loop
     vertex  1.812509e+01  1.115336e+00  6.000000e-01
     vertex  1.856105e+01  8.550036e-01  3.000000e-01
     vertex  1.827649e+01  7.600032e-01  6.000000e-01
   endloop
 endfacet
 facet normal -6.515793e-01 -2.776120e-01 -7.059575e-01
   outer loop
     vertex  1.812509e+01  1.115336e+00  6.000000e-01
     vertex  1.839073e+01  1.254753e+00  3.000000e-01
     vertex  1.856105e+01  8.550036e-01  3.000000e-01
   endloop
 endfacet
 facet normal -6.876736e-01 -1.694963e-01 -7.059575e-01
   outer loop
     vertex  1.799193e+01  6.650028e-01  9.000000e-01
     vertex  1.827649e+01  7.600032e-01  6.000000e-01
     vertex  1.836892e+01  3.849871e-01  6.000000e-01
   endloop
 endfacet
 facet normal -6.876736e-01 -1.694963e-01 -7.059575e-01
   outer loop
     vertex  1.799193e+01  6.650028e-01  9.000000e-01
     vertex  1.836892e+01  3.849871e-01  6.000000e-01
     vertex  1.807281e+01  3.368637e-01  9.000000e-01
   endloop
 endfacet
 facet normal -7.059575e-01 -5.699078e-02 -7.059575e-01
   outer loop
     vertex  1.777669e+01  2.887403e-01  1.200000e+00
     vertex  1.750000e+01 -1.836970e-16  1.500000e+00
     vertex  1.748058e+01  2.406169e-01  1.500000e+00
   endloop
 endfacet
 facet normal -6.876736e-01 -1.694963e-01 -7.059575e-01
   outer loop
     vertex  1.777669e+01  2.887403e-01  1.200000e+00
     vertex  1.748058e+01  2.406169e-01  1.500000e+00
     vertex  1.742280e+01  4.750020e-01  1.500000e+00
   endloop
 endfacet
 facet normal -7.059575e-01 -5.699078e-02 -7.059575e-01
   outer loop
     vertex  1.777669e+01  2.887403e-01  1.200000e+00
     vertex  1.807281e+01  3.368637e-01  9.000000e-01
     vertex  1.810000e+01  0.000000e+00  9.000000e-01
   endloop
 endfacet
 facet normal -7.059575e-01 -5.699078e-02 -7.059575e-01
   outer loop
     vertex  1.777669e+01  2.887403e-01  1.200000e+00
     vertex  1.810000e+01  0.000000e+00  9.000000e-01
     vertex  1.780000e+01  0.000000e+00  1.200000e+00
   endloop
 endfacet
 facet normal -7.059575e-01 -5.699078e-02 -7.059575e-01
   outer loop
     vertex  1.777669e+01  2.887403e-01  1.200000e+00
     vertex  1.780000e+01  0.000000e+00  1.200000e+00
     vertex  1.750000e+01 -1.836970e-16  1.500000e+00
   endloop
 endfacet
 facet normal -5.205554e-01 -4.777614e-01 -7.076483e-01
   outer loop
     vertex  1.787036e+01  1.947247e+00  3.000000e-01
     vertex  1.809081e+01  2.151395e+00  0.000000e+00
     vertex  1.832242e+01  1.899037e+00  0.000000e+00
   endloop
 endfacet
 facet normal -4.640964e-01 -5.355958e-01 -7.055151e-01
   outer loop
     vertex  1.787036e+01  1.947247e+00  3.000000e-01
     vertex  1.783194e+01  2.375707e+00  0.000000e+00
     vertex  1.809081e+01  2.151395e+00  0.000000e+00
   endloop
 endfacet
 facet normal -5.236532e-01 -4.639162e-01 -7.145412e-01
   outer loop
     vertex  1.787036e+01  1.947247e+00  3.000000e-01
     vertex  1.832242e+01  1.899037e+00  0.000000e+00
     vertex  1.815850e+01  1.622004e+00  3.000000e-01
   endloop
 endfacet
 facet normal -5.986094e-01 -3.785377e-01 -7.059575e-01
   outer loop
     vertex  1.791866e+01  1.441781e+00  6.000000e-01
     vertex  1.839073e+01  1.254753e+00  3.000000e-01
     vertex  1.812509e+01  1.115336e+00  6.000000e-01
   endloop
 endfacet
 facet normal -5.986094e-01 -3.785377e-01 -7.059575e-01
   outer loop
     vertex  1.791866e+01  1.441781e+00  6.000000e-01
     vertex  1.815850e+01  1.622004e+00  3.000000e-01
     vertex  1.839073e+01  1.254753e+00  3.000000e-01
   endloop
 endfacet
 facet normal -6.515793e-01 -2.776120e-01 -7.059575e-01
   outer loop
     vertex  1.785946e+01  9.759187e-01  9.000000e-01
     vertex  1.827649e+01  7.600032e-01  6.000000e-01
     vertex  1.799193e+01  6.650028e-01  9.000000e-01
   endloop
 endfacet
 facet normal -6.515793e-01 -2.776120e-01 -7.059575e-01
   outer loop
     vertex  1.785946e+01  9.759187e-01  9.000000e-01
     vertex  1.812509e+01  1.115336e+00  6.000000e-01
     vertex  1.827649e+01  7.600032e-01  6.000000e-01
   endloop
 endfacet
 facet normal -6.515793e-01 -2.776120e-01 -7.059575e-01
   outer loop
     vertex  1.770737e+01  5.700024e-01  1.200000e+00
     vertex  1.742280e+01  4.750020e-01  1.500000e+00
     vertex  1.732818e+01  6.970848e-01  1.500000e+00
   endloop
 endfacet
 facet normal -6.876736e-01 -1.694963e-01 -7.059575e-01
   outer loop
     vertex  1.770737e+01  5.700024e-01  1.200000e+00
     vertex  1.799193e+01  6.650028e-01  9.000000e-01
     vertex  1.807281e+01  3.368637e-01  9.000000e-01
   endloop
 endfacet
 facet normal -6.876736e-01 -1.694963e-01 -7.059575e-01
   outer loop
     vertex  1.770737e+01  5.700024e-01  1.200000e+00
     vertex  1.777669e+01  2.887403e-01  1.200000e+00
     vertex  1.742280e+01  4.750020e-01  1.500000e+00
   endloop
 endfacet
 facet normal -6.876736e-01 -1.694963e-01 -7.059575e-01
   outer loop
     vertex  1.770737e+01  5.700024e-01  1.200000e+00
     vertex  1.807281e+01  3.368637e-01  9.000000e-01
     vertex  1.777669e+01  2.887403e-01  1.200000e+00
   endloop
 endfacet
 facet normal -4.023719e-01 -5.884502e-01 -7.013011e-01
   outer loop
     vertex  1.753377e+01  2.222056e+00  3.000000e-01
     vertex  1.754919e+01  2.569047e+00  0.000000e+00
     vertex  1.783194e+01  2.375707e+00  0.000000e+00
   endloop
 endfacet
 facet normal -4.415827e-01 -5.408406e-01 -7.158884e-01
   outer loop
     vertex  1.753377e+01  2.222056e+00  3.000000e-01
     vertex  1.783194e+01  2.375707e+00  0.000000e+00
     vertex  1.787036e+01  1.947247e+00  3.000000e-01
   endloop
 endfacet
 facet normal -5.301359e-01 -4.696594e-01 -7.059575e-01
   outer loop
     vertex  1.766254e+01  1.730886e+00  6.000000e-01
     vertex  1.815850e+01  1.622004e+00  3.000000e-01
     vertex  1.791866e+01  1.441781e+00  6.000000e-01
   endloop
 endfacet
 facet normal -5.301359e-01 -4.696594e-01 -7.059575e-01
   outer loop
     vertex  1.766254e+01  1.730886e+00  6.000000e-01
     vertex  1.787036e+01  1.947247e+00  3.000000e-01
     vertex  1.815850e+01  1.622004e+00  3.000000e-01
   endloop
 endfacet
 facet normal -5.986094e-01 -3.785377e-01 -7.059575e-01
   outer loop
     vertex  1.767883e+01  1.261559e+00  9.000000e-01
     vertex  1.791866e+01  1.441781e+00  6.000000e-01
     vertex  1.812509e+01  1.115336e+00  6.000000e-01
   endloop
 endfacet
 facet normal -5.986094e-01 -3.785377e-01 -7.059575e-01
   outer loop
     vertex  1.767883e+01  1.261559e+00  9.000000e-01
     vertex  1.812509e+01  1.115336e+00  6.000000e-01
     vertex  1.785946e+01  9.759187e-01  9.000000e-01
   endloop
 endfacet
 facet normal -6.515793e-01 -2.776120e-01 -7.059575e-01
   outer loop
     vertex  1.759382e+01  8.365017e-01  1.200000e+00
     vertex  1.785946e+01  9.759187e-01  9.000000e-01
     vertex  1.799193e+01  6.650028e-01  9.000000e-01
   endloop
 endfacet
 facet normal -6.515793e-01 -2.776120e-01 -7.059575e-01
   outer loop
     vertex  1.759382e+01  8.365017e-01  1.200000e+00
     vertex  1.799193e+01  6.650028e-01  9.000000e-01
     vertex  1.770737e+01  5.700024e-01  1.200000e+00
   endloop
 endfacet
 facet normal -6.515793e-01 -2.776120e-01 -7.059575e-01
   outer loop
     vertex  1.759382e+01  8.365017e-01  1.200000e+00
     vertex  1.770737e+01  5.700024e-01  1.200000e+00
     vertex  1.732818e+01  6.970848e-01  1.500000e+00
   endloop
 endfacet
 facet normal -3.487483e-01 -6.040497e-01 -7.165882e-01
   outer loop
     vertex  1.715747e+01  2.439316e+00  3.000000e-01
     vertex  1.754919e+01  2.569047e+00  0.000000e+00
     vertex  1.753377e+01  2.222056e+00  3.000000e-01
   endloop
 endfacet
 facet normal -3.313380e-01 -6.279554e-01 -7.041926e-01
   outer loop
     vertex  1.715747e+01  2.439316e+00  3.000000e-01
     vertex  1.724625e+01  2.728896e+00  0.000000e+00
     vertex  1.754919e+01  2.569047e+00  0.000000e+00
   endloop
 endfacet
 facet normal -2.556657e-01 -6.566719e-01 -7.095189e-01
   outer loop
     vertex  1.715747e+01  2.439316e+00  3.000000e-01
     vertex  1.692705e+01  2.853170e+00  0.000000e+00
     vertex  1.724625e+01  2.728896e+00  0.000000e+00
   endloop
 endfacet
 facet normal -4.479321e-01 -5.486172e-01 -7.059575e-01
   outer loop
     vertex  1.736336e+01  1.975161e+00  6.000000e-01
     vertex  1.753377e+01  2.222056e+00  3.000000e-01
     vertex  1.787036e+01  1.947247e+00  3.000000e-01
   endloop
 endfacet
 facet normal -4.479321e-01 -5.486172e-01 -7.059575e-01
   outer loop
     vertex  1.736336e+01  1.975161e+00  6.000000e-01
     vertex  1.787036e+01  1.947247e+00  3.000000e-01
     vertex  1.766254e+01  1.730886e+00  6.000000e-01
   endloop
 endfacet
 facet normal -5.301359e-01 -4.696594e-01 -7.059575e-01
   outer loop
     vertex  1.745472e+01  1.514525e+00  9.000000e-01
     vertex  1.791866e+01  1.441781e+00  6.000000e-01
     vertex  1.767883e+01  1.261559e+00  9.000000e-01
   endloop
 endfacet
 facet normal -5.301359e-01 -4.696594e-01 -7.059575e-01
   outer loop
     vertex  1.745472e+01  1.514525e+00  9.000000e-01
     vertex  1.766254e+01  1.730886e+00  6.000000e-01
     vertex  1.791866e+01  1.441781e+00  6.000000e-01
   endloop
 endfacet
 facet normal -5.986094e-01 -3.785377e-01 -7.059575e-01
   outer loop
     vertex  1.743900e+01  1.081336e+00  1.200000e+00
     vertex  1.732818e+01  6.970848e-01  1.500000e+00
     vertex  1.719916e+01  9.011134e-01  1.500000e+00
   endloop
 endfacet
 facet normal -5.986094e-01 -3.785377e-01 -7.059575e-01
   outer loop
     vertex  1.743900e+01  1.081336e+00  1.200000e+00
     vertex  1.785946e+01  9.759187e-01  9.000000e-01
     vertex  1.759382e+01  8.365017e-01  1.200000e+00
   endloop
 endfacet
 facet normal -5.986094e-01 -3.785377e-01 -7.059575e-01
   outer loop
     vertex  1.743900e+01  1.081336e+00  1.200000e+00
     vertex  1.767883e+01  1.261559e+00  9.000000e-01
     vertex  1.785946e+01  9.759187e-01  9.000000e-01
   endloop
 endfacet
 facet normal -5.986094e-01 -3.785377e-01 -7.059575e-01
   outer loop
     vertex  1.743900e+01  1.081336e+00  1.200000e+00
     vertex  1.759382e+01  8.365017e-01  1.200000e+00
     vertex  1.732818e+01  6.970848e-01  1.500000e+00
   endloop
 endfacet
 facet normal -2.485584e-01 -6.553946e-01 -7.132157e-01
   outer loop
     vertex  1.675119e+01  2.593399e+00  3.000000e-01
     vertex  1.692705e+01  2.853170e+00  0.000000e+00
     vertex  1.715747e+01  2.439316e+00  3.000000e-01
   endloop
 endfacet
 facet normal -1.809787e-01 -6.885144e-01 -7.022782e-01
   outer loop
     vertex  1.675119e+01  2.593399e+00  3.000000e-01
     vertex  1.659577e+01  2.940248e+00  0.000000e+00
     vertex  1.692705e+01  2.853170e+00  0.000000e+00
   endloop
 endfacet
 facet normal -3.541271e-01 -6.133661e-01 -7.059575e-01
   outer loop
     vertex  1.702886e+01  2.168281e+00  6.000000e-01
     vertex  1.753377e+01  2.222056e+00  3.000000e-01
     vertex  1.736336e+01  1.975161e+00  6.000000e-01
   endloop
 endfacet
 facet normal -3.541271e-01 -6.133661e-01 -7.059575e-01
   outer loop
     vertex  1.702886e+01  2.168281e+00  6.000000e-01
     vertex  1.715747e+01  2.439316e+00  3.000000e-01
     vertex  1.753377e+01  2.222056e+00  3.000000e-01
   endloop
 endfacet
 facet normal -4.479321e-01 -5.486172e-01 -7.059575e-01
   outer loop
     vertex  1.719294e+01  1.728266e+00  9.000000e-01
     vertex  1.736336e+01  1.975161e+00  6.000000e-01
     vertex  1.766254e+01  1.730886e+00  6.000000e-01
   endloop
 endfacet
 facet normal -4.479321e-01 -5.486172e-01 -7.059575e-01
   outer loop
     vertex  1.719294e+01  1.728266e+00  9.000000e-01
     vertex  1.766254e+01  1.730886e+00  6.000000e-01
     vertex  1.745472e+01  1.514525e+00  9.000000e-01
   endloop
 endfacet
 facet normal -5.301359e-01 -4.696594e-01 -7.059575e-01
   outer loop
     vertex  1.724690e+01  1.298164e+00  1.200000e+00
     vertex  1.719916e+01  9.011134e-01  1.500000e+00
     vertex  1.703909e+01  1.081804e+00  1.500000e+00
   endloop
 endfacet
 facet normal -5.301359e-01 -4.696594e-01 -7.059575e-01
   outer loop
     vertex  1.724690e+01  1.298164e+00  1.200000e+00
     vertex  1.767883e+01  1.261559e+00  9.000000e-01
     vertex  1.743900e+01  1.081336e+00  1.200000e+00
   endloop
 endfacet
 facet normal -5.301359e-01 -4.696594e-01 -7.059575e-01
   outer loop
     vertex  1.724690e+01  1.298164e+00  1.200000e+00
     vertex  1.745472e+01  1.514525e+00  9.000000e-01
     vertex  1.767883e+01  1.261559e+00  9.000000e-01
   endloop
 endfacet
 facet normal -5.301359e-01 -4.696594e-01 -7.059575e-01
   outer loop
     vertex  1.724690e+01  1.298164e+00  1.200000e+00
     vertex  1.743900e+01  1.081336e+00  1.200000e+00
     vertex  1.719916e+01  9.011134e-01  1.500000e+00
   endloop
 endfacet
 facet normal -1.013456e-01 -7.048742e-01 -7.020552e-01
   outer loop
     vertex  1.632545e+01  2.680314e+00  3.000000e-01
     vertex  1.625673e+01  2.988995e+00  0.000000e+00
     vertex  1.659577e+01  2.940248e+00  0.000000e+00
   endloop
 endfacet
 facet normal -1.393916e-01 -6.827854e-01 -7.171988e-01
   outer loop
     vertex  1.632545e+01  2.680314e+00  3.000000e-01
     vertex  1.659577e+01  2.940248e+00  0.000000e+00
     vertex  1.675119e+01  2.593399e+00  3.000000e-01
   endloop
 endfacet
 facet normal -2.511504e-01 -6.622292e-01 -7.059575e-01
   outer loop
     vertex  1.666772e+01  2.305243e+00  6.000000e-01
     vertex  1.675119e+01  2.593399e+00  3.000000e-01
     vertex  1.715747e+01  2.439316e+00  3.000000e-01
   endloop
 endfacet
 facet normal -2.511504e-01 -6.622292e-01 -7.059575e-01
   outer loop
     vertex  1.666772e+01  2.305243e+00  6.000000e-01
     vertex  1.715747e+01  2.439316e+00  3.000000e-01
     vertex  1.702886e+01  2.168281e+00  6.000000e-01
   endloop
 endfacet
 facet normal -3.541271e-01 -6.133661e-01 -7.059575e-01
   outer loop
     vertex  1.690025e+01  1.897246e+00  9.000000e-01
     vertex  1.702886e+01  2.168281e+00  6.000000e-01
     vertex  1.736336e+01  1.975161e+00  6.000000e-01
   endloop
 endfacet
 facet normal -3.541271e-01 -6.133661e-01 -7.059575e-01
   outer loop
     vertex  1.690025e+01  1.897246e+00  9.000000e-01
     vertex  1.736336e+01  1.975161e+00  6.000000e-01
     vertex  1.719294e+01  1.728266e+00  9.000000e-01
   endloop
 endfacet
 facet normal -4.479321e-01 -5.486172e-01 -7.059575e-01
   outer loop
     vertex  1.702252e+01  1.481371e+00  1.200000e+00
     vertex  1.703909e+01  1.081804e+00  1.500000e+00
     vertex  1.685210e+01  1.234476e+00  1.500000e+00
   endloop
 endfacet
 facet normal -4.479321e-01 -5.486172e-01 -7.059575e-01
   outer loop
     vertex  1.702252e+01  1.481371e+00  1.200000e+00
     vertex  1.724690e+01  1.298164e+00  1.200000e+00
     vertex  1.703909e+01  1.081804e+00  1.500000e+00
   endloop
 endfacet
 facet normal -4.479321e-01 -5.486172e-01 -7.059575e-01
   outer loop
     vertex  1.702252e+01  1.481371e+00  1.200000e+00
     vertex  1.745472e+01  1.514525e+00  9.000000e-01
     vertex  1.724690e+01  1.298164e+00  1.200000e+00
   endloop
 endfacet
 facet normal -4.479321e-01 -5.486172e-01 -7.059575e-01
   outer loop
     vertex  1.702252e+01  1.481371e+00  1.200000e+00
     vertex  1.719294e+01  1.728266e+00  9.000000e-01
     vertex  1.745472e+01  1.514525e+00  9.000000e-01
   endloop
 endfacet
 facet normal -2.820484e-02 -6.998958e-01 -7.136878e-01
   outer loop
     vertex  1.589128e+01  2.697810e+00  3.000000e-01
     vertex  1.625673e+01  2.988995e+00  0.000000e+00
     vertex  1.632545e+01  2.680314e+00  3.000000e-01
   endloop
 endfacet
 facet normal -2.014170e-02 -7.050515e-01 -7.088700e-01
   outer loop
     vertex  1.589128e+01  2.697810e+00  3.000000e-01
     vertex  1.591433e+01  2.998777e+00  0.000000e+00
     vertex  1.625673e+01  2.988995e+00  0.000000e+00
   endloop
 endfacet
 facet normal  6.072386e-02 -7.069951e-01 -7.046067e-01
   outer loop
     vertex  1.589128e+01  2.697810e+00  3.000000e-01
     vertex  1.557306e+01  2.969464e+00  0.000000e+00
     vertex  1.591433e+01  2.998777e+00  0.000000e+00
   endloop
 endfacet
 facet normal -1.416690e-01 -6.939408e-01 -7.059575e-01
   outer loop
     vertex  1.628929e+01  2.382501e+00  6.000000e-01
     vertex  1.675119e+01  2.593399e+00  3.000000e-01
     vertex  1.666772e+01  2.305243e+00  6.000000e-01
   endloop
 endfacet
 facet normal -1.416690e-01 -6.939408e-01 -7.059575e-01
   outer loop
     vertex  1.628929e+01  2.382501e+00  6.000000e-01
     vertex  1.632545e+01  2.680314e+00  3.000000e-01
     vertex  1.675119e+01  2.593399e+00  3.000000e-01
   endloop
 endfacet
 facet normal -2.511504e-01 -6.622292e-01 -7.059575e-01
   outer loop
     vertex  1.658426e+01  2.017088e+00  9.000000e-01
     vertex  1.702886e+01  2.168281e+00  6.000000e-01
     vertex  1.690025e+01  1.897246e+00  9.000000e-01
   endloop
 endfacet
 facet normal -2.511504e-01 -6.622292e-01 -7.059575e-01
   outer loop
     vertex  1.658426e+01  2.017088e+00  9.000000e-01
     vertex  1.666772e+01  2.305243e+00  6.000000e-01
     vertex  1.702886e+01  2.168281e+00  6.000000e-01
   endloop
 endfacet
 facet normal -3.541271e-01 -6.133661e-01 -7.059575e-01
   outer loop
     vertex  1.677165e+01  1.626211e+00  1.200000e+00
     vertex  1.685210e+01  1.234476e+00  1.500000e+00
     vertex  1.664304e+01  1.355176e+00  1.500000e+00
   endloop
 endfacet
 facet normal -3.541271e-01 -6.133661e-01 -7.059575e-01
   outer loop
     vertex  1.677165e+01  1.626211e+00  1.200000e+00
     vertex  1.702252e+01  1.481371e+00  1.200000e+00
     vertex  1.685210e+01  1.234476e+00  1.500000e+00
   endloop
 endfacet
 facet normal -3.541271e-01 -6.133661e-01 -7.059575e-01
   outer loop
     vertex  1.677165e+01  1.626211e+00  1.200000e+00
     vertex  1.719294e+01  1.728266e+00  9.000000e-01
     vertex  1.702252e+01  1.481371e+00  1.200000e+00
   endloop
 endfacet
 facet normal -3.541271e-01 -6.133661e-01 -7.059575e-01
   outer loop
     vertex  1.677165e+01  1.626211e+00  1.200000e+00
     vertex  1.690025e+01  1.897246e+00  9.000000e-01
     vertex  1.719294e+01  1.728266e+00  9.000000e-01
   endloop
 endfacet
 facet normal  8.409916e-02 -6.926189e-01 -7.163843e-01
   outer loop
     vertex  1.545993e+01  2.645435e+00  3.000000e-01
     vertex  1.557306e+01  2.969464e+00  0.000000e+00
     vertex  1.589128e+01  2.697810e+00  3.000000e-01
   endloop
 endfacet
 facet normal  1.415737e-01 -6.986937e-01 -7.012731e-01
   outer loop
     vertex  1.545993e+01  2.645435e+00  3.000000e-01
     vertex  1.523734e+01  2.901441e+00  0.000000e+00
     vertex  1.557306e+01  2.969464e+00  0.000000e+00
   endloop
 endfacet
 facet normal -2.851852e-02 -7.076798e-01 -7.059575e-01
   outer loop
     vertex  1.590336e+01  2.398054e+00  6.000000e-01
     vertex  1.589128e+01  2.697810e+00  3.000000e-01
     vertex  1.632545e+01  2.680314e+00  3.000000e-01
   endloop
 endfacet
 facet normal -2.851852e-02 -7.076798e-01 -7.059575e-01
   outer loop
     vertex  1.590336e+01  2.398054e+00  6.000000e-01
     vertex  1.632545e+01  2.680314e+00  3.000000e-01
     vertex  1.628929e+01  2.382501e+00  6.000000e-01
   endloop
 endfacet
 facet normal -1.416690e-01 -6.939408e-01 -7.059575e-01
   outer loop
     vertex  1.625313e+01  2.084689e+00  9.000000e-01
     vertex  1.628929e+01  2.382501e+00  6.000000e-01
     vertex  1.666772e+01  2.305243e+00  6.000000e-01
   endloop
 endfacet
 facet normal -2.851852e-02 -7.076798e-01 -7.059575e-01
   outer loop
     vertex  1.625313e+01  2.084689e+00  9.000000e-01
     vertex  1.590336e+01  2.398054e+00  6.000000e-01
     vertex  1.628929e+01  2.382501e+00  6.000000e-01
   endloop
 endfacet
 facet normal -1.416690e-01 -6.939408e-01 -7.059575e-01
   outer loop
     vertex  1.625313e+01  2.084689e+00  9.000000e-01
     vertex  1.666772e+01  2.305243e+00  6.000000e-01
     vertex  1.658426e+01  2.017088e+00  9.000000e-01
   endloop
 endfacet
 facet normal -2.511504e-01 -6.622292e-01 -7.059575e-01
   outer loop
     vertex  1.650079e+01  1.728933e+00  1.200000e+00
     vertex  1.664304e+01  1.355176e+00  1.500000e+00
     vertex  1.641733e+01  1.440777e+00  1.500000e+00
   endloop
 endfacet
 facet normal -2.511504e-01 -6.622292e-01 -7.059575e-01
   outer loop
     vertex  1.650079e+01  1.728933e+00  1.200000e+00
     vertex  1.690025e+01  1.897246e+00  9.000000e-01
     vertex  1.677165e+01  1.626211e+00  1.200000e+00
   endloop
 endfacet
 facet normal -2.511504e-01 -6.622292e-01 -7.059575e-01
   outer loop
     vertex  1.650079e+01  1.728933e+00  1.200000e+00
     vertex  1.658426e+01  2.017088e+00  9.000000e-01
     vertex  1.690025e+01  1.897246e+00  9.000000e-01
   endloop
 endfacet
 facet normal -2.511504e-01 -6.622292e-01 -7.059575e-01
   outer loop
     vertex  1.650079e+01  1.728933e+00  1.200000e+00
     vertex  1.677165e+01  1.626211e+00  1.200000e+00
     vertex  1.664304e+01  1.355176e+00  1.500000e+00
   endloop
 endfacet
 facet normal  2.191425e-01 -6.744512e-01 -7.050476e-01
   outer loop
     vertex  1.504257e+01  2.524544e+00  3.000000e-01
     vertex  1.491158e+01  2.795592e+00  0.000000e+00
     vertex  1.523734e+01  2.901441e+00  0.000000e+00
   endloop
 endfacet
 facet normal  2.932686e-01 -6.421687e-01 -7.082464e-01
   outer loop
     vertex  1.504257e+01  2.524544e+00  3.000000e-01
     vertex  1.460000e+01  2.653299e+00  0.000000e+00
     vertex  1.491158e+01  2.795592e+00  0.000000e+00
   endloop
 endfacet
 facet normal  1.941806e-01 -6.703891e-01 -7.161510e-01
   outer loop
     vertex  1.504257e+01  2.524544e+00  3.000000e-01
     vertex  1.523734e+01  2.901441e+00  0.000000e+00
     vertex  1.545993e+01  2.645435e+00  3.000000e-01
   endloop
 endfacet
 facet normal  8.537061e-02 -7.030902e-01 -7.059575e-01
   outer loop
     vertex  1.551994e+01  2.351498e+00  6.000000e-01
     vertex  1.545993e+01  2.645435e+00  3.000000e-01
     vertex  1.589128e+01  2.697810e+00  3.000000e-01
   endloop
 endfacet
 facet normal  1.970487e-01 -6.802910e-01 -7.059575e-01
   outer loop
     vertex  1.551994e+01  2.351498e+00  6.000000e-01
     vertex  1.504257e+01  2.524544e+00  3.000000e-01
     vertex  1.545993e+01  2.645435e+00  3.000000e-01
   endloop
 endfacet
 facet normal  8.537061e-02 -7.030902e-01 -7.059575e-01
   outer loop
     vertex  1.551994e+01  2.351498e+00  6.000000e-01
     vertex  1.589128e+01  2.697810e+00  3.000000e-01
     vertex  1.590336e+01  2.398054e+00  6.000000e-01
   endloop
 endfacet
 facet normal -2.851852e-02 -7.076798e-01 -7.059575e-01
   outer loop
     vertex  1.591544e+01  2.098297e+00  9.000000e-01
     vertex  1.590336e+01  2.398054e+00  6.000000e-01
     vertex  1.625313e+01  2.084689e+00  9.000000e-01
   endloop
 endfacet
 facet normal -1.416690e-01 -6.939408e-01 -7.059575e-01
   outer loop
     vertex  1.621697e+01  1.786876e+00  1.200000e+00
     vertex  1.641733e+01  1.440777e+00  1.500000e+00
     vertex  1.618081e+01  1.489063e+00  1.500000e+00
   endloop
 endfacet
 facet normal -1.416690e-01 -6.939408e-01 -7.059575e-01
   outer loop
     vertex  1.621697e+01  1.786876e+00  1.200000e+00
     vertex  1.625313e+01  2.084689e+00  9.000000e-01
     vertex  1.658426e+01  2.017088e+00  9.000000e-01
   endloop
 endfacet
 facet normal -1.416690e-01 -6.939408e-01 -7.059575e-01
   outer loop
     vertex  1.621697e+01  1.786876e+00  1.200000e+00
     vertex  1.658426e+01  2.017088e+00  9.000000e-01
     vertex  1.650079e+01  1.728933e+00  1.200000e+00
   endloop
 endfacet
 facet normal -1.416690e-01 -6.939408e-01 -7.059575e-01
   outer loop
     vertex  1.621697e+01  1.786876e+00  1.200000e+00
     vertex  1.650079e+01  1.728933e+00  1.200000e+00
     vertex  1.641733e+01  1.440777e+00  1.500000e+00
   endloop
 endfacet
 facet normal  3.000906e-01 -6.324275e-01 -7.141296e-01
   outer loop
     vertex  1.465000e+01  2.338269e+00  3.000000e-01
     vertex  1.460000e+01  2.653299e+00  0.000000e+00
     vertex  1.504257e+01  2.524544e+00  3.000000e-01
   endloop
 endfacet
 facet normal  3.678377e-01 -6.099903e-01 -7.018599e-01
   outer loop
     vertex  1.465000e+01  2.338269e+00  3.000000e-01
     vertex  1.430667e+01  2.476416e+00  0.000000e+00
     vertex  1.460000e+01  2.653299e+00  0.000000e+00
   endloop
 endfacet
 facet normal  1.970487e-01 -6.802910e-01 -7.059575e-01
   outer loop
     vertex  1.514895e+01  2.244039e+00  6.000000e-01
     vertex  1.504257e+01  2.524544e+00  3.000000e-01
     vertex  1.551994e+01  2.351498e+00  6.000000e-01
   endloop
 endfacet
 facet normal  8.537061e-02 -7.030902e-01 -7.059575e-01
   outer loop
     vertex  1.557995e+01  2.057560e+00  9.000000e-01
     vertex  1.551994e+01  2.351498e+00  6.000000e-01
     vertex  1.590336e+01  2.398054e+00  6.000000e-01
   endloop
 endfacet
 facet normal  8.537061e-02 -7.030902e-01 -7.059575e-01
   outer loop
     vertex  1.557995e+01  2.057560e+00  9.000000e-01
     vertex  1.590336e+01  2.398054e+00  6.000000e-01
     vertex  1.591544e+01  2.098297e+00  9.000000e-01
   endloop
 endfacet
 facet normal -2.851852e-02 -7.076798e-01 -7.059575e-01
   outer loop
     vertex  1.592752e+01  1.798540e+00  1.200000e+00
     vertex  1.618081e+01  1.489063e+00  1.500000e+00
     vertex  1.593960e+01  1.498783e+00  1.500000e+00
   endloop
 endfacet
 facet normal -2.851852e-02 -7.076798e-01 -7.059575e-01
   outer loop
     vertex  1.592752e+01  1.798540e+00  1.200000e+00
     vertex  1.591544e+01  2.098297e+00  9.000000e-01
     vertex  1.625313e+01  2.084689e+00  9.000000e-01
   endloop
 endfacet
 facet normal -2.851852e-02 -7.076798e-01 -7.059575e-01
   outer loop
     vertex  1.592752e+01  1.798540e+00  1.200000e+00
     vertex  1.625313e+01  2.084689e+00  9.000000e-01
     vertex  1.621697e+01  1.786876e+00  1.200000e+00
   endloop
 endfacet
 facet normal -2.851852e-02 -7.076798e-01 -7.059575e-01
   outer loop
     vertex  1.592752e+01  1.798540e+00  1.200000e+00
     vertex  1.621697e+01  1.786876e+00  1.200000e+00
     vertex  1.618081e+01  1.489063e+00  1.500000e+00
   endloop
 endfacet
 facet normal  3.958835e-01 -5.735363e-01 -7.171697e-01
   outer loop
     vertex  1.429240e+01  2.091433e+00  3.000000e-01
     vertex  1.430667e+01  2.476416e+00  0.000000e+00
     vertex  1.465000e+01  2.338269e+00  3.000000e-01
   endloop
 endfacet
 facet normal  4.345708e-01 -5.635615e-01 -7.025287e-01
   outer loop
     vertex  1.429240e+01  2.091433e+00  3.000000e-01
     vertex  1.403542e+01  2.267249e+00  0.000000e+00
     vertex  1.430667e+01  2.476416e+00  0.000000e+00
   endloop
 endfacet
 facet normal  3.036233e-01 -6.398725e-01 -7.059575e-01
   outer loop
     vertex  1.480000e+01  2.078461e+00  6.000000e-01
     vertex  1.465000e+01  2.338269e+00  3.000000e-01
     vertex  1.504257e+01  2.524544e+00  3.000000e-01
   endloop
 endfacet
 facet normal  4.023342e-01 -5.828818e-01 -7.059575e-01
   outer loop
     vertex  1.480000e+01  2.078461e+00  6.000000e-01
     vertex  1.429240e+01  2.091433e+00  3.000000e-01
     vertex  1.465000e+01  2.338269e+00  3.000000e-01
   endloop
 endfacet
 facet normal  3.036233e-01 -6.398725e-01 -7.059575e-01
   outer loop
     vertex  1.480000e+01  2.078461e+00  6.000000e-01
     vertex  1.504257e+01  2.524544e+00  3.000000e-01
     vertex  1.514895e+01  2.244039e+00  6.000000e-01
   endloop
 endfacet
 facet normal  1.970487e-01 -6.802910e-01 -7.059575e-01
   outer loop
     vertex  1.525533e+01  1.963534e+00  9.000000e-01
     vertex  1.514895e+01  2.244039e+00  6.000000e-01
     vertex  1.551994e+01  2.351498e+00  6.000000e-01
   endloop
 endfacet
 facet normal  1.970487e-01 -6.802910e-01 -7.059575e-01
   outer loop
     vertex  1.525533e+01  1.963534e+00  9.000000e-01
     vertex  1.551994e+01  2.351498e+00  6.000000e-01
     vertex  1.557995e+01  2.057560e+00  9.000000e-01
   endloop
 endfacet
 facet normal  8.537061e-02 -7.030902e-01 -7.059575e-01
   outer loop
     vertex  1.563995e+01  1.763623e+00  1.200000e+00
     vertex  1.593960e+01  1.498783e+00  1.500000e+00
     vertex  1.569996e+01  1.469686e+00  1.500000e+00
   endloop
 endfacet
 facet normal  8.537061e-02 -7.030902e-01 -7.059575e-01
   outer loop
     vertex  1.563995e+01  1.763623e+00  1.200000e+00
     vertex  1.592752e+01  1.798540e+00  1.200000e+00
     vertex  1.593960e+01  1.498783e+00  1.500000e+00
   endloop
 endfacet
 facet normal  8.537061e-02 -7.030902e-01 -7.059575e-01
   outer loop
     vertex  1.563995e+01  1.763623e+00  1.200000e+00
     vertex  1.591544e+01  2.098297e+00  9.000000e-01
     vertex  1.592752e+01  1.798540e+00  1.200000e+00
   endloop
 endfacet
 facet normal  1.970487e-01 -6.802910e-01 -7.059575e-01
   outer loop
     vertex  1.563995e+01  1.763623e+00  1.200000e+00
     vertex  1.525533e+01  1.963534e+00  9.000000e-01
     vertex  1.557995e+01  2.057560e+00  9.000000e-01
   endloop
 endfacet
 facet normal  8.537061e-02 -7.030902e-01 -7.059575e-01
   outer loop
     vertex  1.563995e+01  1.763623e+00  1.200000e+00
     vertex  1.557995e+01  2.057560e+00  9.000000e-01
     vertex  1.591544e+01  2.098297e+00  9.000000e-01
   endloop
 endfacet
 facet normal  4.859155e-01 -5.058916e-01 -7.127130e-01
   outer loop
     vertex  1.397902e+01  1.790431e+00  3.000000e-01
     vertex  1.403542e+01  2.267249e+00  0.000000e+00
     vertex  1.429240e+01  2.091433e+00  3.000000e-01
   endloop
 endfacet
 facet normal  4.906490e-01 -5.048659e-01 -7.101929e-01
   outer loop
     vertex  1.397902e+01  1.790431e+00  3.000000e-01
     vertex  1.378978e+01  2.028525e+00  0.000000e+00
     vertex  1.403542e+01  2.267249e+00  0.000000e+00
   endloop
 endfacet
 facet normal  5.499446e-01 -4.496875e-01 -7.038054e-01
   outer loop
     vertex  1.397902e+01  1.790431e+00  3.000000e-01
     vertex  1.357295e+01  1.763356e+00  0.000000e+00
     vertex  1.378978e+01  2.028525e+00  0.000000e+00
   endloop
 endfacet
 facet normal  4.023342e-01 -5.828818e-01 -7.059575e-01
   outer loop
     vertex  1.448213e+01  1.859052e+00  6.000000e-01
     vertex  1.429240e+01  2.091433e+00  3.000000e-01
     vertex  1.480000e+01  2.078461e+00  6.000000e-01
   endloop
 endfacet
 facet normal  3.036233e-01 -6.398725e-01 -7.059575e-01
   outer loop
     vertex  1.495000e+01  1.818653e+00  9.000000e-01
     vertex  1.480000e+01  2.078461e+00  6.000000e-01
     vertex  1.514895e+01  2.244039e+00  6.000000e-01
   endloop
 endfacet
 facet normal  3.036233e-01 -6.398725e-01 -7.059575e-01
   outer loop
     vertex  1.495000e+01  1.818653e+00  9.000000e-01
     vertex  1.514895e+01  2.244039e+00  6.000000e-01
     vertex  1.525533e+01  1.963534e+00  9.000000e-01
   endloop
 endfacet
 facet normal  1.970487e-01 -6.802910e-01 -7.059575e-01
   outer loop
     vertex  1.536171e+01  1.683029e+00  1.200000e+00
     vertex  1.569996e+01  1.469686e+00  1.500000e+00
     vertex  1.546809e+01  1.402524e+00  1.500000e+00
   endloop
 endfacet
 facet normal  1.970487e-01 -6.802910e-01 -7.059575e-01
   outer loop
     vertex  1.536171e+01  1.683029e+00  1.200000e+00
     vertex  1.563995e+01  1.763623e+00  1.200000e+00
     vertex  1.569996e+01  1.469686e+00  1.500000e+00
   endloop
 endfacet
 facet normal  1.970487e-01 -6.802910e-01 -7.059575e-01
   outer loop
     vertex  1.536171e+01  1.683029e+00  1.200000e+00
     vertex  1.525533e+01  1.963534e+00  9.000000e-01
     vertex  1.563995e+01  1.763623e+00  1.200000e+00
   endloop
 endfacet
 facet normal  5.574651e-01 -4.189078e-01 -7.167628e-01
   outer loop
     vertex  1.371799e+01  1.443058e+00  3.000000e-01
     vertex  1.357295e+01  1.763356e+00  0.000000e+00
     vertex  1.397902e+01  1.790431e+00  3.000000e-01
   endloop
 endfacet
 facet normal  5.996541e-01 -3.853743e-01 -7.013570e-01
   outer loop
     vertex  1.371799e+01  1.443058e+00  3.000000e-01
     vertex  1.338776e+01  1.475199e+00  0.000000e+00
     vertex  1.357295e+01  1.763356e+00  0.000000e+00
   endloop
 endfacet
 facet normal  4.906249e-01 -5.107946e-01 -7.059575e-01
   outer loop
     vertex  1.420357e+01  1.591494e+00  6.000000e-01
     vertex  1.397902e+01  1.790431e+00  3.000000e-01
     vertex  1.429240e+01  2.091433e+00  3.000000e-01
   endloop
 endfacet
 facet normal  4.906249e-01 -5.107946e-01 -7.059575e-01
   outer loop
     vertex  1.420357e+01  1.591494e+00  6.000000e-01
     vertex  1.429240e+01  2.091433e+00  3.000000e-01
     vertex  1.448213e+01  1.859052e+00  6.000000e-01
   endloop
 endfacet
 facet normal  4.023342e-01 -5.828818e-01 -7.059575e-01
   outer loop
     vertex  1.467186e+01  1.626670e+00  9.000000e-01
     vertex  1.448213e+01  1.859052e+00  6.000000e-01
     vertex  1.480000e+01  2.078461e+00  6.000000e-01
   endloop
 endfacet
 facet normal  4.023342e-01 -5.828818e-01 -7.059575e-01
   outer loop
     vertex  1.467186e+01  1.626670e+00  9.000000e-01
     vertex  1.480000e+01  2.078461e+00  6.000000e-01
     vertex  1.495000e+01  1.818653e+00  9.000000e-01
   endloop
 endfacet
 facet normal  4.906249e-01 -5.107946e-01 -7.059575e-01
   outer loop
     vertex  1.467186e+01  1.626670e+00  9.000000e-01
     vertex  1.420357e+01  1.591494e+00  6.000000e-01
     vertex  1.448213e+01  1.859052e+00  6.000000e-01
   endloop
 endfacet
 facet normal  3.036233e-01 -6.398725e-01 -7.059575e-01
   outer loop
     vertex  1.510000e+01  1.558846e+00  1.200000e+00
     vertex  1.546809e+01  1.402524e+00  1.500000e+00
     vertex  1.525000e+01  1.299038e+00  1.500000e+00
   endloop
 endfacet
 facet normal  3.036233e-01 -6.398725e-01 -7.059575e-01
   outer loop
     vertex  1.510000e+01  1.558846e+00  1.200000e+00
     vertex  1.536171e+01  1.683029e+00  1.200000e+00
     vertex  1.546809e+01  1.402524e+00  1.500000e+00
   endloop
 endfacet
 facet normal  3.036233e-01 -6.398725e-01 -7.059575e-01
   outer loop
     vertex  1.510000e+01  1.558846e+00  1.200000e+00
     vertex  1.495000e+01  1.818653e+00  9.000000e-01
     vertex  1.525533e+01  1.963534e+00  9.000000e-01
   endloop
 endfacet
 facet normal  3.036233e-01 -6.398725e-01 -7.059575e-01
   outer loop
     vertex  1.510000e+01  1.558846e+00  1.200000e+00
     vertex  1.525533e+01  1.963534e+00  9.000000e-01
     vertex  1.536171e+01  1.683029e+00  1.200000e+00
   endloop
 endfacet
 facet normal  6.185036e-01 -3.246157e-01 -7.155962e-01
   outer loop
     vertex  1.351606e+01  1.058310e+00  3.000000e-01
     vertex  1.338776e+01  1.475199e+00  0.000000e+00
     vertex  1.371799e+01  1.443058e+00  3.000000e-01
   endloop
 endfacet
 facet normal  6.355400e-01 -3.124740e-01 -7.060091e-01
   outer loop
     vertex  1.351606e+01  1.058310e+00  3.000000e-01
     vertex  1.323663e+01  1.167810e+00  0.000000e+00
     vertex  1.338776e+01  1.475199e+00  0.000000e+00
   endloop
 endfacet
 facet normal  6.660136e-01 -2.376332e-01 -7.070759e-01
   outer loop
     vertex  1.351606e+01  1.058310e+00  3.000000e-01
     vertex  1.312152e+01  8.451977e-01  0.000000e+00
     vertex  1.323663e+01  1.167810e+00  0.000000e+00
   endloop
 endfacet
 facet normal  5.662087e-01 -4.254782e-01 -7.059575e-01
   outer loop
     vertex  1.397154e+01  1.282718e+00  6.000000e-01
     vertex  1.371799e+01  1.443058e+00  3.000000e-01
     vertex  1.397902e+01  1.790431e+00  3.000000e-01
   endloop
 endfacet
 facet normal  6.271279e-01 -3.291421e-01 -7.059575e-01
   outer loop
     vertex  1.397154e+01  1.282718e+00  6.000000e-01
     vertex  1.351606e+01  1.058310e+00  3.000000e-01
     vertex  1.371799e+01  1.443058e+00  3.000000e-01
   endloop
 endfacet
 facet normal  5.662087e-01 -4.254782e-01 -7.059575e-01
   outer loop
     vertex  1.397154e+01  1.282718e+00  6.000000e-01
     vertex  1.397902e+01  1.790431e+00  3.000000e-01
     vertex  1.420357e+01  1.591494e+00  6.000000e-01
   endloop
 endfacet
 facet normal  4.906249e-01 -5.107946e-01 -7.059575e-01
   outer loop
     vertex  1.442813e+01  1.392558e+00  9.000000e-01
     vertex  1.420357e+01  1.591494e+00  6.000000e-01
     vertex  1.467186e+01  1.626670e+00  9.000000e-01
   endloop
 endfacet
 facet normal  4.023342e-01 -5.828818e-01 -7.059575e-01
   outer loop
     vertex  1.486160e+01  1.394289e+00  1.200000e+00
     vertex  1.525000e+01  1.299038e+00  1.500000e+00
     vertex  1.505133e+01  1.161907e+00  1.500000e+00
   endloop
 endfacet
 facet normal  4.906249e-01 -5.107946e-01 -7.059575e-01
   outer loop
     vertex  1.486160e+01  1.394289e+00  1.200000e+00
     vertex  1.505133e+01  1.161907e+00  1.500000e+00
     vertex  1.487723e+01  9.946840e-01  1.500000e+00
   endloop
 endfacet
 facet normal  4.023342e-01 -5.828818e-01 -7.059575e-01
   outer loop
     vertex  1.486160e+01  1.394289e+00  1.200000e+00
     vertex  1.510000e+01  1.558846e+00  1.200000e+00
     vertex  1.525000e+01  1.299038e+00  1.500000e+00
   endloop
 endfacet
 facet normal  4.023342e-01 -5.828818e-01 -7.059575e-01
   outer loop
     vertex  1.486160e+01  1.394289e+00  1.200000e+00
     vertex  1.467186e+01  1.626670e+00  9.000000e-01
     vertex  1.495000e+01  1.818653e+00  9.000000e-01
   endloop
 endfacet
 facet normal  4.023342e-01 -5.828818e-01 -7.059575e-01
   outer loop
     vertex  1.486160e+01  1.394289e+00  1.200000e+00
     vertex  1.495000e+01  1.818653e+00  9.000000e-01
     vertex  1.510000e+01  1.558846e+00  1.200000e+00
   endloop
 endfacet
 facet normal  4.906249e-01 -5.107946e-01 -7.059575e-01
   outer loop
     vertex  1.486160e+01  1.394289e+00  1.200000e+00
     vertex  1.442813e+01  1.392558e+00  9.000000e-01
     vertex  1.467186e+01  1.626670e+00  9.000000e-01
   endloop
 endfacet
 facet normal  6.940980e-01 -1.614056e-01 -7.015527e-01
   outer loop
     vertex  1.337846e+01  6.461523e-01  3.000000e-01
     vertex  1.304394e+01  5.115666e-01  0.000000e+00
     vertex  1.312152e+01  8.451977e-01  0.000000e+00
   endloop
 endfacet
 facet normal  6.632200e-01 -2.214154e-01 -7.149227e-01
   outer loop
     vertex  1.337846e+01  6.461523e-01  3.000000e-01
     vertex  1.312152e+01  8.451977e-01  0.000000e+00
     vertex  1.351606e+01  1.058310e+00  3.000000e-01
   endloop
 endfacet
 facet normal  6.271279e-01 -3.291421e-01 -7.059575e-01
   outer loop
     vertex  1.379205e+01  9.407199e-01  6.000000e-01
     vertex  1.351606e+01  1.058310e+00  3.000000e-01
     vertex  1.397154e+01  1.282718e+00  6.000000e-01
   endloop
 endfacet
 facet normal  5.662087e-01 -4.254782e-01 -7.059575e-01
   outer loop
     vertex  1.422510e+01  1.122378e+00  9.000000e-01
     vertex  1.397154e+01  1.282718e+00  6.000000e-01
     vertex  1.420357e+01  1.591494e+00  6.000000e-01
   endloop
 endfacet
 facet normal  5.662087e-01 -4.254782e-01 -7.059575e-01
   outer loop
     vertex  1.422510e+01  1.122378e+00  9.000000e-01
     vertex  1.420357e+01  1.591494e+00  6.000000e-01
     vertex  1.442813e+01  1.392558e+00  9.000000e-01
   endloop
 endfacet
 facet normal  4.906249e-01 -5.107946e-01 -7.059575e-01
   outer loop
     vertex  1.465268e+01  1.193621e+00  1.200000e+00
     vertex  1.486160e+01  1.394289e+00  1.200000e+00
     vertex  1.487723e+01  9.946840e-01  1.500000e+00
   endloop
 endfacet
 facet normal  4.906249e-01 -5.107946e-01 -7.059575e-01
   outer loop
     vertex  1.465268e+01  1.193621e+00  1.200000e+00
     vertex  1.442813e+01  1.392558e+00  9.000000e-01
     vertex  1.486160e+01  1.394289e+00  1.200000e+00
   endloop
 endfacet
 facet normal  5.662087e-01 -4.254782e-01 -7.059575e-01
   outer loop
     vertex  1.465268e+01  1.193621e+00  1.200000e+00
     vertex  1.422510e+01  1.122378e+00  9.000000e-01
     vertex  1.442813e+01  1.392558e+00  9.000000e-01
   endloop
 endfacet
 facet normal  6.880214e-01 -1.118144e-01 -7.170245e-01
   outer loop
     vertex  1.330876e+01  2.172597e-01  3.000000e-01
     vertex  1.304394e+01  5.115666e-01  0.000000e+00
     vertex  1.337846e+01  6.461523e-01  3.000000e-01
   endloop
 endfacet
 facet normal  7.064437e-01 -8.105686e-02 -7.031124e-01
   outer loop
     vertex  1.330876e+01  2.172597e-01  3.000000e-01
     vertex  1.300489e+01  1.712664e-01  0.000000e+00
     vertex  1.304394e+01  5.115666e-01  0.000000e+00
   endloop
 endfacet
 facet normal  6.718049e-01 -2.242814e-01 -7.059575e-01
   outer loop
     vertex  1.366974e+01  5.743576e-01  6.000000e-01
     vertex  1.351606e+01  1.058310e+00  3.000000e-01
     vertex  1.379205e+01  9.407199e-01  6.000000e-01
   endloop
 endfacet
 facet normal  6.718049e-01 -2.242814e-01 -7.059575e-01
   outer loop
     vertex  1.366974e+01  5.743576e-01  6.000000e-01
     vertex  1.337846e+01  6.461523e-01  3.000000e-01
     vertex  1.351606e+01  1.058310e+00  3.000000e-01
   endloop
 endfacet
 facet normal  6.271279e-01 -3.291421e-01 -7.059575e-01
   outer loop
     vertex  1.406804e+01  8.231299e-01  9.000000e-01
     vertex  1.379205e+01  9.407199e-01  6.000000e-01
     vertex  1.397154e+01  1.282718e+00  6.000000e-01
   endloop
 endfacet
 facet normal  6.271279e-01 -3.291421e-01 -7.059575e-01
   outer loop
     vertex  1.406804e+01  8.231299e-01  9.000000e-01
     vertex  1.397154e+01  1.282718e+00  6.000000e-01
     vertex  1.422510e+01  1.122378e+00  9.000000e-01
   endloop
 endfacet
 facet normal  5.662087e-01 -4.254782e-01 -7.059575e-01
   outer loop
     vertex  1.447866e+01  9.620385e-01  1.200000e+00
     vertex  1.487723e+01  9.946840e-01  1.500000e+00
     vertex  1.473221e+01  8.016987e-01  1.500000e+00
   endloop
 endfacet
 facet normal  6.271279e-01 -3.291421e-01 -7.059575e-01
   outer loop
     vertex  1.447866e+01  9.620385e-01  1.200000e+00
     vertex  1.473221e+01  8.016987e-01  1.500000e+00
     vertex  1.462003e+01  5.879499e-01  1.500000e+00
   endloop
 endfacet
 facet normal  5.662087e-01 -4.254782e-01 -7.059575e-01
   outer loop
     vertex  1.447866e+01  9.620385e-01  1.200000e+00
     vertex  1.465268e+01  1.193621e+00  1.200000e+00
     vertex  1.487723e+01  9.946840e-01  1.500000e+00
   endloop
 endfacet
 facet normal  5.662087e-01 -4.254782e-01 -7.059575e-01
   outer loop
     vertex  1.447866e+01  9.620385e-01  1.200000e+00
     vertex  1.422510e+01  1.122378e+00  9.000000e-01
     vertex  1.465268e+01  1.193621e+00  1.200000e+00
   endloop
 endfacet
 facet normal  7.025694e-01  0.000000e+00 -7.116152e-01
   outer loop
     vertex  1.330876e+01 -2.172597e-01  3.000000e-01
     vertex  1.300489e+01  1.712664e-01  0.000000e+00
     vertex  1.330876e+01  2.172597e-01  3.000000e-01
   endloop
 endfacet
 facet normal  7.025694e-01  0.000000e+00 -7.116152e-01
   outer loop
     vertex  1.330876e+01 -2.172597e-01  3.000000e-01
     vertex  1.300489e+01 -1.712664e-01  0.000000e+00
     vertex  1.300489e+01  1.712664e-01  0.000000e+00
   endloop
 endfacet
 facet normal  7.064437e-01  8.105686e-02 -7.031124e-01
   outer loop
     vertex  1.330876e+01 -2.172597e-01  3.000000e-01
     vertex  1.304394e+01 -5.115666e-01  0.000000e+00
     vertex  1.300489e+01 -1.712664e-01  0.000000e+00
   endloop
 endfacet
 facet normal  7.082542e-01  0.000000e+00 -7.059575e-01
   outer loop
     vertex  1.360778e+01  1.931198e-01  6.000000e-01
     vertex  1.330876e+01 -2.172597e-01  3.000000e-01
     vertex  1.330876e+01  2.172597e-01  3.000000e-01
   endloop
 endfacet
 facet normal  6.990825e-01 -1.136120e-01 -7.059575e-01
   outer loop
     vertex  1.360778e+01  1.931198e-01  6.000000e-01
     vertex  1.337846e+01  6.461523e-01  3.000000e-01
     vertex  1.366974e+01  5.743576e-01  6.000000e-01
   endloop
 endfacet
 facet normal  6.990825e-01 -1.136120e-01 -7.059575e-01
   outer loop
     vertex  1.360778e+01  1.931198e-01  6.000000e-01
     vertex  1.330876e+01  2.172597e-01  3.000000e-01
     vertex  1.337846e+01  6.461523e-01  3.000000e-01
   endloop
 endfacet
 facet normal  6.718049e-01 -2.242814e-01 -7.059575e-01
   outer loop
     vertex  1.396102e+01  5.025629e-01  9.000000e-01
     vertex  1.366974e+01  5.743576e-01  6.000000e-01
     vertex  1.379205e+01  9.407199e-01  6.000000e-01
   endloop
 endfacet
 facet normal  6.718049e-01 -2.242814e-01 -7.059575e-01
   outer loop
     vertex  1.396102e+01  5.025629e-01  9.000000e-01
     vertex  1.379205e+01  9.407199e-01  6.000000e-01
     vertex  1.406804e+01  8.231299e-01  9.000000e-01
   endloop
 endfacet
 facet normal  6.990825e-01 -1.136120e-01 -7.059575e-01
   outer loop
     vertex  1.396102e+01  5.025629e-01  9.000000e-01
     vertex  1.360778e+01  1.931198e-01  6.000000e-01
     vertex  1.366974e+01  5.743576e-01  6.000000e-01
   endloop
 endfacet
 facet normal  6.718049e-01 -2.242814e-01 -7.059575e-01
   outer loop
     vertex  1.434404e+01  7.055399e-01  1.200000e+00
     vertex  1.396102e+01  5.025629e-01  9.000000e-01
     vertex  1.406804e+01  8.231299e-01  9.000000e-01
   endloop
 endfacet
 facet normal  6.271279e-01 -3.291421e-01 -7.059575e-01
   outer loop
     vertex  1.434404e+01  7.055399e-01  1.200000e+00
     vertex  1.406804e+01  8.231299e-01  9.000000e-01
     vertex  1.422510e+01  1.122378e+00  9.000000e-01
   endloop
 endfacet
 facet normal  6.271279e-01 -3.291421e-01 -7.059575e-01
   outer loop
     vertex  1.434404e+01  7.055399e-01  1.200000e+00
     vertex  1.447866e+01  9.620385e-01  1.200000e+00
     vertex  1.462003e+01  5.879499e-01  1.500000e+00
   endloop
 endfacet
 facet normal  6.271279e-01 -3.291421e-01 -7.059575e-01
   outer loop
     vertex  1.434404e+01  7.055399e-01  1.200000e+00
     vertex  1.422510e+01  1.122378e+00  9.000000e-01
     vertex  1.447866e+01  9.620385e-01  1.200000e+00
   endloop
 endfacet
 facet normal  6.880214e-01  1.118144e-01 -7.170245e-01
   outer loop
     vertex  1.337846e+01 -6.461523e-01  3.000000e-01
     vertex  1.304394e+01 -5.115666e-01  0.000000e+00
     vertex  1.330876e+01 -2.172597e-01  3.000000e-01
   endloop
 endfacet
 facet normal  6.940980e-01  1.614056e-01 -7.015527e-01
   outer loop
     vertex  1.337846e+01 -6.461523e-01  3.000000e-01
     vertex  1.312152e+01 -8.451977e-01  0.000000e+00
     vertex  1.304394e+01 -5.115666e-01  0.000000e+00
   endloop
 endfacet
 facet normal  7.082542e-01  0.000000e+00 -7.059575e-01
   outer loop
     vertex  1.360778e+01 -1.931198e-01  6.000000e-01
     vertex  1.330876e+01 -2.172597e-01  3.000000e-01
     vertex  1.360778e+01  1.931198e-01  6.000000e-01
   endloop
 endfacet
 facet normal  6.990825e-01  1.136120e-01 -7.059575e-01
   outer loop
     vertex  1.360778e+01 -1.931198e-01  6.000000e-01
     vertex  1.337846e+01 -6.461523e-01  3.000000e-01
     vertex  1.330876e+01 -2.172597e-01  3.000000e-01
   endloop
 endfacet
 facet normal  6.990825e-01 -1.136120e-01 -7.059575e-01
   outer loop
     vertex  1.390681e+01  1.689798e-01  9.000000e-01
     vertex  1.360778e+01  1.931198e-01  6.000000e-01
     vertex  1.396102e+01  5.025629e-01  9.000000e-01
   endloop
 endfacet
 facet normal  6.718049e-01 -2.242814e-01 -7.059575e-01
   outer loop
     vertex  1.425230e+01  4.307682e-01  1.200000e+00
     vertex  1.462003e+01  5.879499e-01  1.500000e+00
     vertex  1.454359e+01  3.589735e-01  1.500000e+00
   endloop
 endfacet
 facet normal  6.718049e-01 -2.242814e-01 -7.059575e-01
   outer loop
     vertex  1.425230e+01  4.307682e-01  1.200000e+00
     vertex  1.396102e+01  5.025629e-01  9.000000e-01
     vertex  1.434404e+01  7.055399e-01  1.200000e+00
   endloop
 endfacet
 facet normal  6.718049e-01 -2.242814e-01 -7.059575e-01
   outer loop
     vertex  1.425230e+01  4.307682e-01  1.200000e+00
     vertex  1.434404e+01  7.055399e-01  1.200000e+00
     vertex  1.462003e+01  5.879499e-01  1.500000e+00
   endloop
 endfacet
 facet normal  6.632200e-01  2.214154e-01 -7.149227e-01
   outer loop
     vertex  1.351606e+01 -1.058310e+00  3.000000e-01
     vertex  1.312152e+01 -8.451977e-01  0.000000e+00
     vertex  1.337846e+01 -6.461523e-01  3.000000e-01
   endloop
 endfacet
 facet normal  6.660136e-01  2.376332e-01 -7.070759e-01
   outer loop
     vertex  1.351606e+01 -1.058310e+00  3.000000e-01
     vertex  1.323663e+01 -1.167810e+00  0.000000e+00
     vertex  1.312152e+01 -8.451977e-01  0.000000e+00
   endloop
 endfacet
 facet normal  6.355400e-01  3.124740e-01 -7.060091e-01
   outer loop
     vertex  1.351606e+01 -1.058310e+00  3.000000e-01
     vertex  1.338776e+01 -1.475199e+00  0.000000e+00
     vertex  1.323663e+01 -1.167810e+00  0.000000e+00
   endloop
 endfacet
 facet normal  6.990825e-01  1.136120e-01 -7.059575e-01
   outer loop
     vertex  1.366974e+01 -5.743576e-01  6.000000e-01
     vertex  1.337846e+01 -6.461523e-01  3.000000e-01
     vertex  1.360778e+01 -1.931198e-01  6.000000e-01
   endloop
 endfacet
 facet normal  7.082542e-01  0.000000e+00 -7.059575e-01
   outer loop
     vertex  1.390681e+01 -1.689798e-01  9.000000e-01
     vertex  1.360778e+01  1.931198e-01  6.000000e-01
     vertex  1.390681e+01  1.689798e-01  9.000000e-01
   endloop
 endfacet
 facet normal  7.082542e-01  0.000000e+00 -7.059575e-01
   outer loop
     vertex  1.390681e+01 -1.689798e-01  9.000000e-01
     vertex  1.360778e+01 -1.931198e-01  6.000000e-01
     vertex  1.360778e+01  1.931198e-01  6.000000e-01
   endloop
 endfacet
 facet normal  6.990825e-01 -1.136120e-01 -7.059575e-01
   outer loop
     vertex  1.420584e+01  1.448398e-01  1.200000e+00
     vertex  1.454359e+01  3.589735e-01  1.500000e+00
     vertex  1.450486e+01  1.206999e-01  1.500000e+00
   endloop
 endfacet
 facet normal  7.082542e-01  0.000000e+00 -7.059575e-01
   outer loop
     vertex  1.420584e+01  1.448398e-01  1.200000e+00
     vertex  1.390681e+01 -1.689798e-01  9.000000e-01
     vertex  1.390681e+01  1.689798e-01  9.000000e-01
   endloop
 endfacet
 facet normal  6.990825e-01 -1.136120e-01 -7.059575e-01
   outer loop
     vertex  1.420584e+01  1.448398e-01  1.200000e+00
     vertex  1.390681e+01  1.689798e-01  9.000000e-01
     vertex  1.396102e+01  5.025629e-01  9.000000e-01
   endloop
 endfacet
 facet normal  6.990825e-01 -1.136120e-01 -7.059575e-01
   outer loop
     vertex  1.420584e+01  1.448398e-01  1.200000e+00
     vertex  1.396102e+01  5.025629e-01  9.000000e-01
     vertex  1.425230e+01  4.307682e-01  1.200000e+00
   endloop
 endfacet
 facet normal  6.990825e-01 -1.136120e-01 -7.059575e-01
   outer loop
     vertex  1.420584e+01  1.448398e-01  1.200000e+00
     vertex  1.425230e+01  4.307682e-01  1.200000e+00
     vertex  1.454359e+01  3.589735e-01  1.500000e+00
   endloop
 endfacet
 facet normal  6.185036e-01  3.246157e-01 -7.155962e-01
   outer loop
     vertex  1.371799e+01 -1.443058e+00  3.000000e-01
     vertex  1.338776e+01 -1.475199e+00  0.000000e+00
     vertex  1.351606e+01 -1.058310e+00  3.000000e-01
   endloop
 endfacet
 facet normal  5.996541e-01  3.853743e-01 -7.013570e-01
   outer loop
     vertex  1.371799e+01 -1.443058e+00  3.000000e-01
     vertex  1.357295e+01 -1.763356e+00  0.000000e+00
     vertex  1.338776e+01 -1.475199e+00  0.000000e+00
   endloop
 endfacet
 facet normal  6.718049e-01  2.242814e-01 -7.059575e-01
   outer loop
     vertex  1.379205e+01 -9.407199e-01  6.000000e-01
     vertex  1.351606e+01 -1.058310e+00  3.000000e-01
     vertex  1.337846e+01 -6.461523e-01  3.000000e-01
   endloop
 endfacet
 facet normal  6.718049e-01  2.242814e-01 -7.059575e-01
   outer loop
     vertex  1.379205e+01 -9.407199e-01  6.000000e-01
     vertex  1.337846e+01 -6.461523e-01  3.000000e-01
     vertex  1.366974e+01 -5.743576e-01  6.000000e-01
   endloop
 endfacet
 facet normal  6.990825e-01  1.136120e-01 -7.059575e-01
   outer loop
     vertex  1.396102e+01 -5.025629e-01  9.000000e-01
     vertex  1.366974e+01 -5.743576e-01  6.000000e-01
     vertex  1.360778e+01 -1.931198e-01  6.000000e-01
   endloop
 endfacet
 facet normal  6.990825e-01  1.136120e-01 -7.059575e-01
   outer loop
     vertex  1.396102e+01 -5.025629e-01  9.000000e-01
     vertex  1.360778e+01 -1.931198e-01  6.000000e-01
     vertex  1.390681e+01 -1.689798e-01  9.000000e-01
   endloop
 endfacet
 facet normal  6.718049e-01  2.242814e-01 -7.059575e-01
   outer loop
     vertex  1.396102e+01 -5.025629e-01  9.000000e-01
     vertex  1.379205e+01 -9.407199e-01  6.000000e-01
     vertex  1.366974e+01 -5.743576e-01  6.000000e-01
   endloop
 endfacet
 facet normal  7.082542e-01  0.000000e+00 -7.059575e-01
   outer loop
     vertex  1.420584e+01 -1.448398e-01  1.200000e+00
     vertex  1.450486e+01  1.206999e-01  1.500000e+00
     vertex  1.450486e+01 -1.206999e-01  1.500000e+00
   endloop
 endfacet
 facet normal  7.082542e-01  0.000000e+00 -7.059575e-01
   outer loop
     vertex  1.420584e+01 -1.448398e-01  1.200000e+00
     vertex  1.420584e+01  1.448398e-01  1.200000e+00
     vertex  1.450486e+01  1.206999e-01  1.500000e+00
   endloop
 endfacet
 facet normal  6.990825e-01  1.136120e-01 -7.059575e-01
   outer loop
     vertex  1.420584e+01 -1.448398e-01  1.200000e+00
     vertex  1.396102e+01 -5.025629e-01  9.000000e-01
     vertex  1.390681e+01 -1.689798e-01  9.000000e-01
   endloop
 endfacet
 facet normal  7.082542e-01  0.000000e+00 -7.059575e-01
   outer loop
     vertex  1.420584e+01 -1.448398e-01  1.200000e+00
     vertex  1.390681e+01 -1.689798e-01  9.000000e-01
     vertex  1.420584e+01  1.448398e-01  1.200000e+00
   endloop
 endfacet
 facet normal  5.574651e-01  4.189078e-01 -7.167628e-01
   outer loop
     vertex  1.397902e+01 -1.790431e+00  3.000000e-01
     vertex  1.357295e+01 -1.763356e+00  0.000000e+00
     vertex  1.371799e+01 -1.443058e+00  3.000000e-01
   endloop
 endfacet
 facet normal  5.499446e-01  4.496875e-01 -7.038054e-01
   outer loop
     vertex  1.397902e+01 -1.790431e+00  3.000000e-01
     vertex  1.378978e+01 -2.028525e+00  0.000000e+00
     vertex  1.357295e+01 -1.763356e+00  0.000000e+00
   endloop
 endfacet
 facet normal  4.906490e-01  5.048659e-01 -7.101929e-01
   outer loop
     vertex  1.397902e+01 -1.790431e+00  3.000000e-01
     vertex  1.403542e+01 -2.267249e+00  0.000000e+00
     vertex  1.378978e+01 -2.028525e+00  0.000000e+00
   endloop
 endfacet
 facet normal  6.271279e-01  3.291421e-01 -7.059575e-01
   outer loop
     vertex  1.397154e+01 -1.282718e+00  6.000000e-01
     vertex  1.371799e+01 -1.443058e+00  3.000000e-01
     vertex  1.351606e+01 -1.058310e+00  3.000000e-01
   endloop
 endfacet
 facet normal  6.271279e-01  3.291421e-01 -7.059575e-01
   outer loop
     vertex  1.397154e+01 -1.282718e+00  6.000000e-01
     vertex  1.351606e+01 -1.058310e+00  3.000000e-01
     vertex  1.379205e+01 -9.407199e-01  6.000000e-01
   endloop
 endfacet
 facet normal  6.718049e-01  2.242814e-01 -7.059575e-01
   outer loop
     vertex  1.406804e+01 -8.231299e-01  9.000000e-01
     vertex  1.379205e+01 -9.407199e-01  6.000000e-01
     vertex  1.396102e+01 -5.025629e-01  9.000000e-01
   endloop
 endfacet
 facet normal  6.990825e-01  1.136120e-01 -7.059575e-01
   outer loop
     vertex  1.425230e+01 -4.307682e-01  1.200000e+00
     vertex  1.450486e+01 -1.206999e-01  1.500000e+00
     vertex  1.454359e+01 -3.589735e-01  1.500000e+00
   endloop
 endfacet
 facet normal  6.990825e-01  1.136120e-01 -7.059575e-01
   outer loop
     vertex  1.425230e+01 -4.307682e-01  1.200000e+00
     vertex  1.420584e+01 -1.448398e-01  1.200000e+00
     vertex  1.450486e+01 -1.206999e-01  1.500000e+00
   endloop
 endfacet
 facet normal  6.990825e-01  1.136120e-01 -7.059575e-01
   outer loop
     vertex  1.425230e+01 -4.307682e-01  1.200000e+00
     vertex  1.396102e+01 -5.025629e-01  9.000000e-01
     vertex  1.420584e+01 -1.448398e-01  1.200000e+00
   endloop
 endfacet
 facet normal  4.859155e-01  5.058916e-01 -7.127130e-01
   outer loop
     vertex  1.429240e+01 -2.091433e+00  3.000000e-01
     vertex  1.403542e+01 -2.267249e+00  0.000000e+00
     vertex  1.397902e+01 -1.790431e+00  3.000000e-01
   endloop
 endfacet
 facet normal  4.345708e-01  5.635615e-01 -7.025287e-01
   outer loop
     vertex  1.429240e+01 -2.091433e+00  3.000000e-01
     vertex  1.430667e+01 -2.476416e+00  0.000000e+00
     vertex  1.403542e+01 -2.267249e+00  0.000000e+00
   endloop
 endfacet
 facet normal  5.662087e-01  4.254782e-01 -7.059575e-01
   outer loop
     vertex  1.420357e+01 -1.591494e+00  6.000000e-01
     vertex  1.371799e+01 -1.443058e+00  3.000000e-01
     vertex  1.397154e+01 -1.282718e+00  6.000000e-01
   endloop
 endfacet
 facet normal  5.662087e-01  4.254782e-01 -7.059575e-01
   outer loop
     vertex  1.420357e+01 -1.591494e+00  6.000000e-01
     vertex  1.397902e+01 -1.790431e+00  3.000000e-01
     vertex  1.371799e+01 -1.443058e+00  3.000000e-01
   endloop
 endfacet
 facet normal  5.662087e-01  4.254782e-01 -7.059575e-01
   outer loop
     vertex  1.422510e+01 -1.122378e+00  9.000000e-01
     vertex  1.420357e+01 -1.591494e+00  6.000000e-01
     vertex  1.397154e+01 -1.282718e+00  6.000000e-01
   endloop
 endfacet
 facet normal  6.271279e-01  3.291421e-01 -7.059575e-01
   outer loop
     vertex  1.422510e+01 -1.122378e+00  9.000000e-01
     vertex  1.397154e+01 -1.282718e+00  6.000000e-01
     vertex  1.379205e+01 -9.407199e-01  6.000000e-01
   endloop
 endfacet
 facet normal  6.271279e-01  3.291421e-01 -7.059575e-01
   outer loop
     vertex  1.422510e+01 -1.122378e+00  9.000000e-01
     vertex  1.379205e+01 -9.407199e-01  6.000000e-01
     vertex  1.406804e+01 -8.231299e-01  9.000000e-01
   endloop
 endfacet
 facet normal  6.718049e-01  2.242814e-01 -7.059575e-01
   outer loop
     vertex  1.434404e+01 -7.055399e-01  1.200000e+00
     vertex  1.454359e+01 -3.589735e-01  1.500000e+00
     vertex  1.462003e+01 -5.879499e-01  1.500000e+00
   endloop
 endfacet
 facet normal  6.271279e-01  3.291421e-01 -7.059575e-01
   outer loop
     vertex  1.434404e+01 -7.055399e-01  1.200000e+00
     vertex  1.462003e+01 -5.879499e-01  1.500000e+00
     vertex  1.473221e+01 -8.016987e-01  1.500000e+00
   endloop
 endfacet
 facet normal  6.718049e-01  2.242814e-01 -7.059575e-01
   outer loop
     vertex  1.434404e+01 -7.055399e-01  1.200000e+00
     vertex  1.425230e+01 -4.307682e-01  1.200000e+00
     vertex  1.454359e+01 -3.589735e-01  1.500000e+00
   endloop
 endfacet
 facet normal  6.718049e-01  2.242814e-01 -7.059575e-01
   outer loop
     vertex  1.434404e+01 -7.055399e-01  1.200000e+00
     vertex  1.406804e+01 -8.231299e-01  9.000000e-01
     vertex  1.396102e+01 -5.025629e-01  9.000000e-01
   endloop
 endfacet
 facet normal  6.718049e-01  2.242814e-01 -7.059575e-01
   outer loop
     vertex  1.434404e+01 -7.055399e-01  1.200000e+00
     vertex  1.396102e+01 -5.025629e-01  9.000000e-01
     vertex  1.425230e+01 -4.307682e-01  1.200000e+00
   endloop
 endfacet
 facet normal  3.958835e-01  5.735363e-01 -7.171697e-01
   outer loop
     vertex  1.465000e+01 -2.338269e+00  3.000000e-01
     vertex  1.430667e+01 -2.476416e+00  0.000000e+00
     vertex  1.429240e+01 -2.091433e+00  3.000000e-01
   endloop
 endfacet
 facet normal  3.678377e-01  6.099903e-01 -7.018599e-01
   outer loop
     vertex  1.465000e+01 -2.338269e+00  3.000000e-01
     vertex  1.460000e+01 -2.653299e+00  0.000000e+00
     vertex  1.430667e+01 -2.476416e+00  0.000000e+00
   endloop
 endfacet
 facet normal  4.906249e-01  5.107946e-01 -7.059575e-01
   outer loop
     vertex  1.448213e+01 -1.859052e+00  6.000000e-01
     vertex  1.429240e+01 -2.091433e+00  3.000000e-01
     vertex  1.397902e+01 -1.790431e+00  3.000000e-01
   endloop
 endfacet
 facet normal  4.906249e-01  5.107946e-01 -7.059575e-01
   outer loop
     vertex  1.448213e+01 -1.859052e+00  6.000000e-01
     vertex  1.397902e+01 -1.790431e+00  3.000000e-01
     vertex  1.420357e+01 -1.591494e+00  6.000000e-01
   endloop
 endfacet
 facet normal  5.662087e-01  4.254782e-01 -7.059575e-01
   outer loop
     vertex  1.442813e+01 -1.392558e+00  9.000000e-01
     vertex  1.420357e+01 -1.591494e+00  6.000000e-01
     vertex  1.422510e+01 -1.122378e+00  9.000000e-01
   endloop
 endfacet
 facet normal  6.271279e-01  3.291421e-01 -7.059575e-01
   outer loop
     vertex  1.447866e+01 -9.620385e-01  1.200000e+00
     vertex  1.422510e+01 -1.122378e+00  9.000000e-01
     vertex  1.406804e+01 -8.231299e-01  9.000000e-01
   endloop
 endfacet
 facet normal  6.271279e-01  3.291421e-01 -7.059575e-01
   outer loop
     vertex  1.447866e+01 -9.620385e-01  1.200000e+00
     vertex  1.406804e+01 -8.231299e-01  9.000000e-01
     vertex  1.434404e+01 -7.055399e-01  1.200000e+00
   endloop
 endfacet
 facet normal  6.271279e-01  3.291421e-01 -7.059575e-01
   outer loop
     vertex  1.447866e+01 -9.620385e-01  1.200000e+00
     vertex  1.434404e+01 -7.055399e-01  1.200000e+00
     vertex  1.473221e+01 -8.016987e-01  1.500000e+00
   endloop
 endfacet
 facet normal  2.932686e-01  6.421687e-01 -7.082464e-01
   outer loop
     vertex  1.504257e+01 -2.524544e+00  3.000000e-01
     vertex  1.491158e+01 -2.795592e+00  0.000000e+00
     vertex  1.460000e+01 -2.653299e+00  0.000000e+00
   endloop
 endfacet
 facet normal  2.191425e-01  6.744512e-01 -7.050476e-01
   outer loop
     vertex  1.504257e+01 -2.524544e+00  3.000000e-01
     vertex  1.523734e+01 -2.901441e+00  0.000000e+00
     vertex  1.491158e+01 -2.795592e+00  0.000000e+00
   endloop
 endfacet
 facet normal  3.000906e-01  6.324275e-01 -7.141296e-01
   outer loop
     vertex  1.504257e+01 -2.524544e+00  3.000000e-01
     vertex  1.460000e+01 -2.653299e+00  0.000000e+00
     vertex  1.465000e+01 -2.338269e+00  3.000000e-01
   endloop
 endfacet
 facet normal  4.023342e-01  5.828818e-01 -7.059575e-01
   outer loop
     vertex  1.480000e+01 -2.078461e+00  6.000000e-01
     vertex  1.465000e+01 -2.338269e+00  3.000000e-01
     vertex  1.429240e+01 -2.091433e+00  3.000000e-01
   endloop
 endfacet
 facet normal  4.023342e-01  5.828818e-01 -7.059575e-01
   outer loop
     vertex  1.480000e+01 -2.078461e+00  6.000000e-01
     vertex  1.429240e+01 -2.091433e+00  3.000000e-01
     vertex  1.448213e+01 -1.859052e+00  6.000000e-01
   endloop
 endfacet
 facet normal  4.906249e-01  5.107946e-01 -7.059575e-01
   outer loop
     vertex  1.467186e+01 -1.626670e+00  9.000000e-01
     vertex  1.448213e+01 -1.859052e+00  6.000000e-01
     vertex  1.420357e+01 -1.591494e+00  6.000000e-01
   endloop
 endfacet
 facet normal  4.906249e-01  5.107946e-01 -7.059575e-01
   outer loop
     vertex  1.467186e+01 -1.626670e+00  9.000000e-01
     vertex  1.420357e+01 -1.591494e+00  6.000000e-01
     vertex  1.442813e+01 -1.392558e+00  9.000000e-01
   endloop
 endfacet
 facet normal  5.662087e-01  4.254782e-01 -7.059575e-01
   outer loop
     vertex  1.465268e+01 -1.193621e+00  1.200000e+00
     vertex  1.473221e+01 -8.016987e-01  1.500000e+00
     vertex  1.487723e+01 -9.946840e-01  1.500000e+00
   endloop
 endfacet
 facet normal  5.662087e-01  4.254782e-01 -7.059575e-01
   outer loop
     vertex  1.465268e+01 -1.193621e+00  1.200000e+00
     vertex  1.422510e+01 -1.122378e+00  9.000000e-01
     vertex  1.447866e+01 -9.620385e-01  1.200000e+00
   endloop
 endfacet
 facet normal  5.662087e-01  4.254782e-01 -7.059575e-01
   outer loop
     vertex  1.465268e+01 -1.193621e+00  1.200000e+00
     vertex  1.442813e+01 -1.392558e+00  9.000000e-01
     vertex  1.422510e+01 -1.122378e+00  9.000000e-01
   endloop
 endfacet
 facet normal  5.662087e-01  4.254782e-01 -7.059575e-01
   outer loop
     vertex  1.465268e+01 -1.193621e+00  1.200000e+00
     vertex  1.447866e+01 -9.620385e-01  1.200000e+00
     vertex  1.473221e+01 -8.016987e-01  1.500000e+00
   endloop
 endfacet
 facet normal  1.415737e-01  6.986937e-01 -7.012731e-01
   outer loop
     vertex  1.545993e+01 -2.645435e+00  3.000000e-01
     vertex  1.557306e+01 -2.969464e+00  0.000000e+00
     vertex  1.523734e+01 -2.901441e+00  0.000000e+00
   endloop
 endfacet
 facet normal  1.941806e-01  6.703891e-01 -7.161510e-01
   outer loop
     vertex  1.545993e+01 -2.645435e+00  3.000000e-01
     vertex  1.523734e+01 -2.901441e+00  0.000000e+00
     vertex  1.504257e+01 -2.524544e+00  3.000000e-01
   endloop
 endfacet
 facet normal  3.036233e-01  6.398725e-01 -7.059575e-01
   outer loop
     vertex  1.514895e+01 -2.244039e+00  6.000000e-01
     vertex  1.465000e+01 -2.338269e+00  3.000000e-01
     vertex  1.480000e+01 -2.078461e+00  6.000000e-01
   endloop
 endfacet
 facet normal  3.036233e-01  6.398725e-01 -7.059575e-01
   outer loop
     vertex  1.514895e+01 -2.244039e+00  6.000000e-01
     vertex  1.504257e+01 -2.524544e+00  3.000000e-01
     vertex  1.465000e+01 -2.338269e+00  3.000000e-01
   endloop
 endfacet
 facet normal  4.023342e-01  5.828818e-01 -7.059575e-01
   outer loop
     vertex  1.495000e+01 -1.818653e+00  9.000000e-01
     vertex  1.480000e+01 -2.078461e+00  6.000000e-01
     vertex  1.448213e+01 -1.859052e+00  6.000000e-01
   endloop
 endfacet
 facet normal  4.023342e-01  5.828818e-01 -7.059575e-01
   outer loop
     vertex  1.495000e+01 -1.818653e+00  9.000000e-01
     vertex  1.448213e+01 -1.859052e+00  6.000000e-01
     vertex  1.467186e+01 -1.626670e+00  9.000000e-01
   endloop
 endfacet
 facet normal  4.906249e-01  5.107946e-01 -7.059575e-01
   outer loop
     vertex  1.486160e+01 -1.394289e+00  1.200000e+00
     vertex  1.467186e+01 -1.626670e+00  9.000000e-01
     vertex  1.442813e+01 -1.392558e+00  9.000000e-01
   endloop
 endfacet
 facet normal  4.906249e-01  5.107946e-01 -7.059575e-01
   outer loop
     vertex  1.486160e+01 -1.394289e+00  1.200000e+00
     vertex  1.487723e+01 -9.946840e-01  1.500000e+00
     vertex  1.505133e+01 -1.161907e+00  1.500000e+00
   endloop
 endfacet
 facet normal  4.906249e-01  5.107946e-01 -7.059575e-01
   outer loop
     vertex  1.486160e+01 -1.394289e+00  1.200000e+00
     vertex  1.442813e+01 -1.392558e+00  9.000000e-01
     vertex  1.465268e+01 -1.193621e+00  1.200000e+00
   endloop
 endfacet
 facet normal  4.906249e-01  5.107946e-01 -7.059575e-01
   outer loop
     vertex  1.486160e+01 -1.394289e+00  1.200000e+00
     vertex  1.465268e+01 -1.193621e+00  1.200000e+00
     vertex  1.487723e+01 -9.946840e-01  1.500000e+00
   endloop
 endfacet
 facet normal  8.409916e-02  6.926189e-01 -7.163843e-01
   outer loop
     vertex  1.589128e+01 -2.697810e+00  3.000000e-01
     vertex  1.557306e+01 -2.969464e+00  0.000000e+00
     vertex  1.545993e+01 -2.645435e+00  3.000000e-01
   endloop
 endfacet
 facet normal  6.072386e-02  7.069951e-01 -7.046067e-01
   outer loop
     vertex  1.589128e+01 -2.697810e+00  3.000000e-01
     vertex  1.591433e+01 -2.998777e+00  0.000000e+00
     vertex  1.557306e+01 -2.969464e+00  0.000000e+00
   endloop
 endfacet
 facet normal -2.014170e-02  7.050515e-01 -7.088700e-01
   outer loop
     vertex  1.589128e+01 -2.697810e+00  3.000000e-01
     vertex  1.625673e+01 -2.988995e+00  0.000000e+00
     vertex  1.591433e+01 -2.998777e+00  0.000000e+00
   endloop
 endfacet
 facet normal  1.970487e-01  6.802910e-01 -7.059575e-01
   outer loop
     vertex  1.551994e+01 -2.351498e+00  6.000000e-01
     vertex  1.504257e+01 -2.524544e+00  3.000000e-01
     vertex  1.514895e+01 -2.244039e+00  6.000000e-01
   endloop
 endfacet
 facet normal  1.970487e-01  6.802910e-01 -7.059575e-01
   outer loop
     vertex  1.551994e+01 -2.351498e+00  6.000000e-01
     vertex  1.545993e+01 -2.645435e+00  3.000000e-01
     vertex  1.504257e+01 -2.524544e+00  3.000000e-01
   endloop
 endfacet
 facet normal  3.036233e-01  6.398725e-01 -7.059575e-01
   outer loop
     vertex  1.525533e+01 -1.963534e+00  9.000000e-01
     vertex  1.480000e+01 -2.078461e+00  6.000000e-01
     vertex  1.495000e+01 -1.818653e+00  9.000000e-01
   endloop
 endfacet
 facet normal  1.970487e-01  6.802910e-01 -7.059575e-01
   outer loop
     vertex  1.525533e+01 -1.963534e+00  9.000000e-01
     vertex  1.551994e+01 -2.351498e+00  6.000000e-01
     vertex  1.514895e+01 -2.244039e+00  6.000000e-01
   endloop
 endfacet
 facet normal  3.036233e-01  6.398725e-01 -7.059575e-01
   outer loop
     vertex  1.525533e+01 -1.963534e+00  9.000000e-01
     vertex  1.514895e+01 -2.244039e+00  6.000000e-01
     vertex  1.480000e+01 -2.078461e+00  6.000000e-01
   endloop
 endfacet
 facet normal  4.023342e-01  5.828818e-01 -7.059575e-01
   outer loop
     vertex  1.510000e+01 -1.558846e+00  1.200000e+00
     vertex  1.495000e+01 -1.818653e+00  9.000000e-01
     vertex  1.467186e+01 -1.626670e+00  9.000000e-01
   endloop
 endfacet
 facet normal  4.023342e-01  5.828818e-01 -7.059575e-01
   outer loop
     vertex  1.510000e+01 -1.558846e+00  1.200000e+00
     vertex  1.486160e+01 -1.394289e+00  1.200000e+00
     vertex  1.505133e+01 -1.161907e+00  1.500000e+00
   endloop
 endfacet
 facet normal  4.023342e-01  5.828818e-01 -7.059575e-01
   outer loop
     vertex  1.510000e+01 -1.558846e+00  1.200000e+00
     vertex  1.505133e+01 -1.161907e+00  1.500000e+00
     vertex  1.525000e+01 -1.299038e+00  1.500000e+00
   endloop
 endfacet
 facet normal  3.036233e-01  6.398725e-01 -7.059575e-01
   outer loop
     vertex  1.510000e+01 -1.558846e+00  1.200000e+00
     vertex  1.525533e+01 -1.963534e+00  9.000000e-01
     vertex  1.495000e+01 -1.818653e+00  9.000000e-01
   endloop
 endfacet
 facet normal  4.023342e-01  5.828818e-01 -7.059575e-01
   outer loop
     vertex  1.510000e+01 -1.558846e+00  1.200000e+00
     vertex  1.467186e+01 -1.626670e+00  9.000000e-01
     vertex  1.486160e+01 -1.394289e+00  1.200000e+00
   endloop
 endfacet
 facet normal -2.820484e-02  6.998958e-01 -7.136878e-01
   outer loop
     vertex  1.632545e+01 -2.680314e+00  3.000000e-01
     vertex  1.625673e+01 -2.988995e+00  0.000000e+00
     vertex  1.589128e+01 -2.697810e+00  3.000000e-01
   endloop
 endfacet
 facet normal -1.013456e-01  7.048742e-01 -7.020552e-01
   outer loop
     vertex  1.632545e+01 -2.680314e+00  3.000000e-01
     vertex  1.659577e+01 -2.940248e+00  0.000000e+00
     vertex  1.625673e+01 -2.988995e+00  0.000000e+00
   endloop
 endfacet
 facet normal  8.537061e-02  7.030902e-01 -7.059575e-01
   outer loop
     vertex  1.590336e+01 -2.398054e+00  6.000000e-01
     vertex  1.545993e+01 -2.645435e+00  3.000000e-01
     vertex  1.551994e+01 -2.351498e+00  6.000000e-01
   endloop
 endfacet
 facet normal  8.537061e-02  7.030902e-01 -7.059575e-01
   outer loop
     vertex  1.590336e+01 -2.398054e+00  6.000000e-01
     vertex  1.589128e+01 -2.697810e+00  3.000000e-01
     vertex  1.545993e+01 -2.645435e+00  3.000000e-01
   endloop
 endfacet
 facet normal  1.970487e-01  6.802910e-01 -7.059575e-01
   outer loop
     vertex  1.557995e+01 -2.057560e+00  9.000000e-01
     vertex  1.551994e+01 -2.351498e+00  6.000000e-01
     vertex  1.525533e+01 -1.963534e+00  9.000000e-01
   endloop
 endfacet
 facet normal  8.537061e-02  7.030902e-01 -7.059575e-01
   outer loop
     vertex  1.557995e+01 -2.057560e+00  9.000000e-01
     vertex  1.590336e+01 -2.398054e+00  6.000000e-01
     vertex  1.551994e+01 -2.351498e+00  6.000000e-01
   endloop
 endfacet
 facet normal  3.036233e-01  6.398725e-01 -7.059575e-01
   outer loop
     vertex  1.536171e+01 -1.683029e+00  1.200000e+00
     vertex  1.525533e+01 -1.963534e+00  9.000000e-01
     vertex  1.510000e+01 -1.558846e+00  1.200000e+00
   endloop
 endfacet
 facet normal  1.970487e-01  6.802910e-01 -7.059575e-01
   outer loop
     vertex  1.536171e+01 -1.683029e+00  1.200000e+00
     vertex  1.557995e+01 -2.057560e+00  9.000000e-01
     vertex  1.525533e+01 -1.963534e+00  9.000000e-01
   endloop
 endfacet
 facet normal  3.036233e-01  6.398725e-01 -7.059575e-01
   outer loop
     vertex  1.536171e+01 -1.683029e+00  1.200000e+00
     vertex  1.525000e+01 -1.299038e+00  1.500000e+00
     vertex  1.546809e+01 -1.402524e+00  1.500000e+00
   endloop
 endfacet
 facet normal  3.036233e-01  6.398725e-01 -7.059575e-01
   outer loop
     vertex  1.536171e+01 -1.683029e+00  1.200000e+00
     vertex  1.510000e+01 -1.558846e+00  1.200000e+00
     vertex  1.525000e+01 -1.299038e+00  1.500000e+00
   endloop
 endfacet
 facet normal -1.393916e-01  6.827854e-01 -7.171988e-01
   outer loop
     vertex  1.675119e+01 -2.593399e+00  3.000000e-01
     vertex  1.659577e+01 -2.940248e+00  0.000000e+00
     vertex  1.632545e+01 -2.680314e+00  3.000000e-01
   endloop
 endfacet
 facet normal -1.809787e-01  6.885144e-01 -7.022782e-01
   outer loop
     vertex  1.675119e+01 -2.593399e+00  3.000000e-01
     vertex  1.692705e+01 -2.853170e+00  0.000000e+00
     vertex  1.659577e+01 -2.940248e+00  0.000000e+00
   endloop
 endfacet
 facet normal -2.851852e-02  7.076798e-01 -7.059575e-01
   outer loop
     vertex  1.628929e+01 -2.382501e+00  6.000000e-01
     vertex  1.589128e+01 -2.697810e+00  3.000000e-01
     vertex  1.590336e+01 -2.398054e+00  6.000000e-01
   endloop
 endfacet
 facet normal -2.851852e-02  7.076798e-01 -7.059575e-01
   outer loop
     vertex  1.628929e+01 -2.382501e+00  6.000000e-01
     vertex  1.632545e+01 -2.680314e+00  3.000000e-01
     vertex  1.589128e+01 -2.697810e+00  3.000000e-01
   endloop
 endfacet
 facet normal  8.537061e-02  7.030902e-01 -7.059575e-01
   outer loop
     vertex  1.591544e+01 -2.098297e+00  9.000000e-01
     vertex  1.590336e+01 -2.398054e+00  6.000000e-01
     vertex  1.557995e+01 -2.057560e+00  9.000000e-01
   endloop
 endfacet
 facet normal  1.970487e-01  6.802910e-01 -7.059575e-01
   outer loop
     vertex  1.563995e+01 -1.763623e+00  1.200000e+00
     vertex  1.557995e+01 -2.057560e+00  9.000000e-01
     vertex  1.536171e+01 -1.683029e+00  1.200000e+00
   endloop
 endfacet
 facet normal  1.970487e-01  6.802910e-01 -7.059575e-01
   outer loop
     vertex  1.563995e+01 -1.763623e+00  1.200000e+00
     vertex  1.546809e+01 -1.402524e+00  1.500000e+00
     vertex  1.569996e+01 -1.469686e+00  1.500000e+00
   endloop
 endfacet
 facet normal  1.970487e-01  6.802910e-01 -7.059575e-01
   outer loop
     vertex  1.563995e+01 -1.763623e+00  1.200000e+00
     vertex  1.536171e+01 -1.683029e+00  1.200000e+00
     vertex  1.546809e+01 -1.402524e+00  1.500000e+00
   endloop
 endfacet
 facet normal -2.485584e-01  6.553946e-01 -7.132157e-01
   outer loop
     vertex  1.715747e+01 -2.439316e+00  3.000000e-01
     vertex  1.692705e+01 -2.853170e+00  0.000000e+00
     vertex  1.675119e+01 -2.593399e+00  3.000000e-01
   endloop
 endfacet
 facet normal -2.556657e-01  6.566719e-01 -7.095189e-01
   outer loop
     vertex  1.715747e+01 -2.439316e+00  3.000000e-01
     vertex  1.724625e+01 -2.728896e+00  0.000000e+00
     vertex  1.692705e+01 -2.853170e+00  0.000000e+00
   endloop
 endfacet
 facet normal -3.313380e-01  6.279554e-01 -7.041926e-01
   outer loop
     vertex  1.715747e+01 -2.439316e+00  3.000000e-01
     vertex  1.754919e+01 -2.569047e+00  0.000000e+00
     vertex  1.724625e+01 -2.728896e+00  0.000000e+00
   endloop
 endfacet
 facet normal -1.416690e-01  6.939408e-01 -7.059575e-01
   outer loop
     vertex  1.666772e+01 -2.305243e+00  6.000000e-01
     vertex  1.632545e+01 -2.680314e+00  3.000000e-01
     vertex  1.628929e+01 -2.382501e+00  6.000000e-01
   endloop
 endfacet
 facet normal -1.416690e-01  6.939408e-01 -7.059575e-01
   outer loop
     vertex  1.666772e+01 -2.305243e+00  6.000000e-01
     vertex  1.675119e+01 -2.593399e+00  3.000000e-01
     vertex  1.632545e+01 -2.680314e+00  3.000000e-01
   endloop
 endfacet
 facet normal -2.851852e-02  7.076798e-01 -7.059575e-01
   outer loop
     vertex  1.625313e+01 -2.084689e+00  9.000000e-01
     vertex  1.628929e+01 -2.382501e+00  6.000000e-01
     vertex  1.590336e+01 -2.398054e+00  6.000000e-01
   endloop
 endfacet
 facet normal -2.851852e-02  7.076798e-01 -7.059575e-01
   outer loop
     vertex  1.625313e+01 -2.084689e+00  9.000000e-01
     vertex  1.590336e+01 -2.398054e+00  6.000000e-01
     vertex  1.591544e+01 -2.098297e+00  9.000000e-01
   endloop
 endfacet
 facet normal  8.537061e-02  7.030902e-01 -7.059575e-01
   outer loop
     vertex  1.592752e+01 -1.798540e+00  1.200000e+00
     vertex  1.569996e+01 -1.469686e+00  1.500000e+00
     vertex  1.593960e+01 -1.498783e+00  1.500000e+00
   endloop
 endfacet
 facet normal  8.537061e-02  7.030902e-01 -7.059575e-01
   outer loop
     vertex  1.592752e+01 -1.798540e+00  1.200000e+00
     vertex  1.563995e+01 -1.763623e+00  1.200000e+00
     vertex  1.569996e+01 -1.469686e+00  1.500000e+00
   endloop
 endfacet
 facet normal  8.537061e-02  7.030902e-01 -7.059575e-01
   outer loop
     vertex  1.592752e+01 -1.798540e+00  1.200000e+00
     vertex  1.591544e+01 -2.098297e+00  9.000000e-01
     vertex  1.557995e+01 -2.057560e+00  9.000000e-01
   endloop
 endfacet
 facet normal  8.537061e-02  7.030902e-01 -7.059575e-01
   outer loop
     vertex  1.592752e+01 -1.798540e+00  1.200000e+00
     vertex  1.557995e+01 -2.057560e+00  9.000000e-01
     vertex  1.563995e+01 -1.763623e+00  1.200000e+00
   endloop
 endfacet
 facet normal -3.487483e-01  6.040497e-01 -7.165882e-01
   outer loop
     vertex  1.753377e+01 -2.222056e+00  3.000000e-01
     vertex  1.754919e+01 -2.569047e+00  0.000000e+00
     vertex  1.715747e+01 -2.439316e+00  3.000000e-01
   endloop
 endfacet
 facet normal -4.023719e-01  5.884502e-01 -7.013011e-01
   outer loop
     vertex  1.753377e+01 -2.222056e+00  3.000000e-01
     vertex  1.783194e+01 -2.375707e+00  0.000000e+00
     vertex  1.754919e+01 -2.569047e+00  0.000000e+00
   endloop
 endfacet
 facet normal -2.511504e-01  6.622292e-01 -7.059575e-01
   outer loop
     vertex  1.702886e+01 -2.168281e+00  6.000000e-01
     vertex  1.715747e+01 -2.439316e+00  3.000000e-01
     vertex  1.675119e+01 -2.593399e+00  3.000000e-01
   endloop
 endfacet
 facet normal -2.511504e-01  6.622292e-01 -7.059575e-01
   outer loop
     vertex  1.702886e+01 -2.168281e+00  6.000000e-01
     vertex  1.675119e+01 -2.593399e+00  3.000000e-01
     vertex  1.666772e+01 -2.305243e+00  6.000000e-01
   endloop
 endfacet
 facet normal -1.416690e-01  6.939408e-01 -7.059575e-01
   outer loop
     vertex  1.658426e+01 -2.017088e+00  9.000000e-01
     vertex  1.666772e+01 -2.305243e+00  6.000000e-01
     vertex  1.628929e+01 -2.382501e+00  6.000000e-01
   endloop
 endfacet
 facet normal -1.416690e-01  6.939408e-01 -7.059575e-01
   outer loop
     vertex  1.658426e+01 -2.017088e+00  9.000000e-01
     vertex  1.628929e+01 -2.382501e+00  6.000000e-01
     vertex  1.625313e+01 -2.084689e+00  9.000000e-01
   endloop
 endfacet
 facet normal -2.851852e-02  7.076798e-01 -7.059575e-01
   outer loop
     vertex  1.621697e+01 -1.786876e+00  1.200000e+00
     vertex  1.593960e+01 -1.498783e+00  1.500000e+00
     vertex  1.618081e+01 -1.489063e+00  1.500000e+00
   endloop
 endfacet
 facet normal -1.416690e-01  6.939408e-01 -7.059575e-01
   outer loop
     vertex  1.621697e+01 -1.786876e+00  1.200000e+00
     vertex  1.658426e+01 -2.017088e+00  9.000000e-01
     vertex  1.625313e+01 -2.084689e+00  9.000000e-01
   endloop
 endfacet
 facet normal -2.851852e-02  7.076798e-01 -7.059575e-01
   outer loop
     vertex  1.621697e+01 -1.786876e+00  1.200000e+00
     vertex  1.625313e+01 -2.084689e+00  9.000000e-01
     vertex  1.591544e+01 -2.098297e+00  9.000000e-01
   endloop
 endfacet
 facet normal -2.851852e-02  7.076798e-01 -7.059575e-01
   outer loop
     vertex  1.621697e+01 -1.786876e+00  1.200000e+00
     vertex  1.591544e+01 -2.098297e+00  9.000000e-01
     vertex  1.592752e+01 -1.798540e+00  1.200000e+00
   endloop
 endfacet
 facet normal -2.851852e-02  7.076798e-01 -7.059575e-01
   outer loop
     vertex  1.621697e+01 -1.786876e+00  1.200000e+00
     vertex  1.592752e+01 -1.798540e+00  1.200000e+00
     vertex  1.593960e+01 -1.498783e+00  1.500000e+00
   endloop
 endfacet
 facet normal -4.415827e-01  5.408406e-01 -7.158884e-01
   outer loop
     vertex  1.787036e+01 -1.947247e+00  3.000000e-01
     vertex  1.783194e+01 -2.375707e+00  0.000000e+00
     vertex  1.753377e+01 -2.222056e+00  3.000000e-01
   endloop
 endfacet
 facet normal -4.640964e-01  5.355958e-01 -7.055151e-01
   outer loop
     vertex  1.787036e+01 -1.947247e+00  3.000000e-01
     vertex  1.809081e+01 -2.151395e+00  0.000000e+00
     vertex  1.783194e+01 -2.375707e+00  0.000000e+00
   endloop
 endfacet
 facet normal -5.205554e-01  4.777614e-01 -7.076483e-01
   outer loop
     vertex  1.787036e+01 -1.947247e+00  3.000000e-01
     vertex  1.832242e+01 -1.899037e+00  0.000000e+00
     vertex  1.809081e+01 -2.151395e+00  0.000000e+00
   endloop
 endfacet
 facet normal -3.541271e-01  6.133661e-01 -7.059575e-01
   outer loop
     vertex  1.736336e+01 -1.975161e+00  6.000000e-01
     vertex  1.715747e+01 -2.439316e+00  3.000000e-01
     vertex  1.702886e+01 -2.168281e+00  6.000000e-01
   endloop
 endfacet
 facet normal -3.541271e-01  6.133661e-01 -7.059575e-01
   outer loop
     vertex  1.736336e+01 -1.975161e+00  6.000000e-01
     vertex  1.753377e+01 -2.222056e+00  3.000000e-01
     vertex  1.715747e+01 -2.439316e+00  3.000000e-01
   endloop
 endfacet
 facet normal -2.511504e-01  6.622292e-01 -7.059575e-01
   outer loop
     vertex  1.690025e+01 -1.897246e+00  9.000000e-01
     vertex  1.702886e+01 -2.168281e+00  6.000000e-01
     vertex  1.666772e+01 -2.305243e+00  6.000000e-01
   endloop
 endfacet
 facet normal -2.511504e-01  6.622292e-01 -7.059575e-01
   outer loop
     vertex  1.690025e+01 -1.897246e+00  9.000000e-01
     vertex  1.666772e+01 -2.305243e+00  6.000000e-01
     vertex  1.658426e+01 -2.017088e+00  9.000000e-01
   endloop
 endfacet
 facet normal -1.416690e-01  6.939408e-01 -7.059575e-01
   outer loop
     vertex  1.650079e+01 -1.728933e+00  1.200000e+00
     vertex  1.618081e+01 -1.489063e+00  1.500000e+00
     vertex  1.641733e+01 -1.440777e+00  1.500000e+00
   endloop
 endfacet
 facet normal -1.416690e-01  6.939408e-01 -7.059575e-01
   outer loop
     vertex  1.650079e+01 -1.728933e+00  1.200000e+00
     vertex  1.621697e+01 -1.786876e+00  1.200000e+00
     vertex  1.618081e+01 -1.489063e+00  1.500000e+00
   endloop
 endfacet
 facet normal -1.416690e-01  6.939408e-01 -7.059575e-01
   outer loop
     vertex  1.650079e+01 -1.728933e+00  1.200000e+00
     vertex  1.658426e+01 -2.017088e+00  9.000000e-01
     vertex  1.621697e+01 -1.786876e+00  1.200000e+00
   endloop
 endfacet
 facet normal -5.236532e-01  4.639162e-01 -7.145412e-01
   outer loop
     vertex  1.815850e+01 -1.622004e+00  3.000000e-01
     vertex  1.832242e+01 -1.899037e+00  0.000000e+00
     vertex  1.787036e+01 -1.947247e+00  3.000000e-01
   endloop
 endfacet
 facet normal -5.764085e-01  4.187853e-01 -7.016924e-01
   outer loop
     vertex  1.815850e+01 -1.622004e+00  3.000000e-01
     vertex  1.852376e+01 -1.621922e+00  0.000000e+00
     vertex  1.832242e+01 -1.899037e+00  0.000000e+00
   endloop
 endfacet
 facet normal -4.479321e-01  5.486172e-01 -7.059575e-01
   outer loop
     vertex  1.766254e+01 -1.730886e+00  6.000000e-01
     vertex  1.787036e+01 -1.947247e+00  3.000000e-01
     vertex  1.753377e+01 -2.222056e+00  3.000000e-01
   endloop
 endfacet
 facet normal -4.479321e-01  5.486172e-01 -7.059575e-01
   outer loop
     vertex  1.766254e+01 -1.730886e+00  6.000000e-01
     vertex  1.753377e+01 -2.222056e+00  3.000000e-01
     vertex  1.736336e+01 -1.975161e+00  6.000000e-01
   endloop
 endfacet
 facet normal -3.541271e-01  6.133661e-01 -7.059575e-01
   outer loop
     vertex  1.719294e+01 -1.728266e+00  9.000000e-01
     vertex  1.736336e+01 -1.975161e+00  6.000000e-01
     vertex  1.702886e+01 -2.168281e+00  6.000000e-01
   endloop
 endfacet
 facet normal -3.541271e-01  6.133661e-01 -7.059575e-01
   outer loop
     vertex  1.719294e+01 -1.728266e+00  9.000000e-01
     vertex  1.702886e+01 -2.168281e+00  6.000000e-01
     vertex  1.690025e+01 -1.897246e+00  9.000000e-01
   endloop
 endfacet
 facet normal -2.511504e-01  6.622292e-01 -7.059575e-01
   outer loop
     vertex  1.677165e+01 -1.626211e+00  1.200000e+00
     vertex  1.641733e+01 -1.440777e+00  1.500000e+00
     vertex  1.664304e+01 -1.355176e+00  1.500000e+00
   endloop
 endfacet
 facet normal -2.511504e-01  6.622292e-01 -7.059575e-01
   outer loop
     vertex  1.677165e+01 -1.626211e+00  1.200000e+00
     vertex  1.650079e+01 -1.728933e+00  1.200000e+00
     vertex  1.641733e+01 -1.440777e+00  1.500000e+00
   endloop
 endfacet
 facet normal -2.511504e-01  6.622292e-01 -7.059575e-01
   outer loop
     vertex  1.677165e+01 -1.626211e+00  1.200000e+00
     vertex  1.690025e+01 -1.897246e+00  9.000000e-01
     vertex  1.658426e+01 -2.017088e+00  9.000000e-01
   endloop
 endfacet
 facet normal -2.511504e-01  6.622292e-01 -7.059575e-01
   outer loop
     vertex  1.677165e+01 -1.626211e+00  1.200000e+00
     vertex  1.658426e+01 -2.017088e+00  9.000000e-01
     vertex  1.650079e+01 -1.728933e+00  1.200000e+00
   endloop
 endfacet
 facet normal -5.890623e-01  3.725004e-01 -7.171116e-01
   outer loop
     vertex  1.839073e+01 -1.254753e+00  3.000000e-01
     vertex  1.852376e+01 -1.621922e+00  0.000000e+00
     vertex  1.815850e+01 -1.622004e+00  3.000000e-01
   endloop
 endfacet
 facet normal -6.194320e-01  3.498093e-01 -7.028069e-01
   outer loop
     vertex  1.839073e+01 -1.254753e+00  3.000000e-01
     vertex  1.869220e+01 -1.323663e+00  0.000000e+00
     vertex  1.852376e+01 -1.621922e+00  0.000000e+00
   endloop
 endfacet
 facet normal -5.986094e-01  3.785377e-01 -7.059575e-01
   outer loop
     vertex  1.791866e+01 -1.441781e+00  6.000000e-01
     vertex  1.839073e+01 -1.254753e+00  3.000000e-01
     vertex  1.815850e+01 -1.622004e+00  3.000000e-01
   endloop
 endfacet
 facet normal -5.301359e-01  4.696594e-01 -7.059575e-01
   outer loop
     vertex  1.791866e+01 -1.441781e+00  6.000000e-01
     vertex  1.787036e+01 -1.947247e+00  3.000000e-01
     vertex  1.766254e+01 -1.730886e+00  6.000000e-01
   endloop
 endfacet
 facet normal -5.301359e-01  4.696594e-01 -7.059575e-01
   outer loop
     vertex  1.791866e+01 -1.441781e+00  6.000000e-01
     vertex  1.815850e+01 -1.622004e+00  3.000000e-01
     vertex  1.787036e+01 -1.947247e+00  3.000000e-01
   endloop
 endfacet
 facet normal -4.479321e-01  5.486172e-01 -7.059575e-01
   outer loop
     vertex  1.745472e+01 -1.514525e+00  9.000000e-01
     vertex  1.766254e+01 -1.730886e+00  6.000000e-01
     vertex  1.736336e+01 -1.975161e+00  6.000000e-01
   endloop
 endfacet
 facet normal -4.479321e-01  5.486172e-01 -7.059575e-01
   outer loop
     vertex  1.745472e+01 -1.514525e+00  9.000000e-01
     vertex  1.736336e+01 -1.975161e+00  6.000000e-01
     vertex  1.719294e+01 -1.728266e+00  9.000000e-01
   endloop
 endfacet
 facet normal -3.541271e-01  6.133661e-01 -7.059575e-01
   outer loop
     vertex  1.702252e+01 -1.481371e+00  1.200000e+00
     vertex  1.690025e+01 -1.897246e+00  9.000000e-01
     vertex  1.677165e+01 -1.626211e+00  1.200000e+00
   endloop
 endfacet
 facet normal -4.479321e-01  5.486172e-01 -7.059575e-01
   outer loop
     vertex  1.702252e+01 -1.481371e+00  1.200000e+00
     vertex  1.745472e+01 -1.514525e+00  9.000000e-01
     vertex  1.719294e+01 -1.728266e+00  9.000000e-01
   endloop
 endfacet
 facet normal -3.541271e-01  6.133661e-01 -7.059575e-01
   outer loop
     vertex  1.702252e+01 -1.481371e+00  1.200000e+00
     vertex  1.664304e+01 -1.355176e+00  1.500000e+00
     vertex  1.685210e+01 -1.234476e+00  1.500000e+00
   endloop
 endfacet
 facet normal -3.541271e-01  6.133661e-01 -7.059575e-01
   outer loop
     vertex  1.702252e+01 -1.481371e+00  1.200000e+00
     vertex  1.677165e+01 -1.626211e+00  1.200000e+00
     vertex  1.664304e+01 -1.355176e+00  1.500000e+00
   endloop
 endfacet
 facet normal -3.541271e-01  6.133661e-01 -7.059575e-01
   outer loop
     vertex  1.702252e+01 -1.481371e+00  1.200000e+00
     vertex  1.719294e+01 -1.728266e+00  9.000000e-01
     vertex  1.690025e+01 -1.897246e+00  9.000000e-01
   endloop
 endfacet
 facet normal -6.458231e-01  2.751595e-01 -7.121796e-01
   outer loop
     vertex  1.856105e+01 -8.550036e-01  3.000000e-01
     vertex  1.869220e+01 -1.323663e+00  0.000000e+00
     vertex  1.839073e+01 -1.254753e+00  3.000000e-01
   endloop
 endfacet
 facet normal -6.478276e-01  2.737742e-01 -7.108918e-01
   outer loop
     vertex  1.856105e+01 -8.550036e-01  3.000000e-01
     vertex  1.882553e+01 -1.008148e+00  0.000000e+00
     vertex  1.869220e+01 -1.323663e+00  0.000000e+00
   endloop
 endfacet
 facet normal -6.819590e-01  2.002412e-01 -7.034453e-01
   outer loop
     vertex  1.856105e+01 -8.550036e-01  3.000000e-01
     vertex  1.892204e+01 -6.794903e-01  0.000000e+00
     vertex  1.882553e+01 -1.008148e+00  0.000000e+00
   endloop
 endfacet
 facet normal -5.986094e-01  3.785377e-01 -7.059575e-01
   outer loop
     vertex  1.812509e+01 -1.115336e+00  6.000000e-01
     vertex  1.839073e+01 -1.254753e+00  3.000000e-01
     vertex  1.791866e+01 -1.441781e+00  6.000000e-01
   endloop
 endfacet
 facet normal -5.301359e-01  4.696594e-01 -7.059575e-01
   outer loop
     vertex  1.767883e+01 -1.261559e+00  9.000000e-01
     vertex  1.766254e+01 -1.730886e+00  6.000000e-01
     vertex  1.745472e+01 -1.514525e+00  9.000000e-01
   endloop
 endfacet
 facet normal -5.301359e-01  4.696594e-01 -7.059575e-01
   outer loop
     vertex  1.767883e+01 -1.261559e+00  9.000000e-01
     vertex  1.791866e+01 -1.441781e+00  6.000000e-01
     vertex  1.766254e+01 -1.730886e+00  6.000000e-01
   endloop
 endfacet
 facet normal -4.479321e-01  5.486172e-01 -7.059575e-01
   outer loop
     vertex  1.724690e+01 -1.298164e+00  1.200000e+00
     vertex  1.702252e+01 -1.481371e+00  1.200000e+00
     vertex  1.685210e+01 -1.234476e+00  1.500000e+00
   endloop
 endfacet
 facet normal -4.479321e-01  5.486172e-01 -7.059575e-01
   outer loop
     vertex  1.724690e+01 -1.298164e+00  1.200000e+00
     vertex  1.685210e+01 -1.234476e+00  1.500000e+00
     vertex  1.703909e+01 -1.081804e+00  1.500000e+00
   endloop
 endfacet
 facet normal -5.301359e-01  4.696594e-01 -7.059575e-01
   outer loop
     vertex  1.724690e+01 -1.298164e+00  1.200000e+00
     vertex  1.767883e+01 -1.261559e+00  9.000000e-01
     vertex  1.745472e+01 -1.514525e+00  9.000000e-01
   endloop
 endfacet
 facet normal -4.479321e-01  5.486172e-01 -7.059575e-01
   outer loop
     vertex  1.724690e+01 -1.298164e+00  1.200000e+00
     vertex  1.745472e+01 -1.514525e+00  9.000000e-01
     vertex  1.702252e+01 -1.481371e+00  1.200000e+00
   endloop
 endfacet
 facet normal -6.769091e-01  1.668431e-01 -7.169082e-01
   outer loop
     vertex  1.866504e+01 -4.331105e-01  3.000000e-01
     vertex  1.892204e+01 -6.794903e-01  0.000000e+00
     vertex  1.856105e+01 -8.550036e-01  3.000000e-01
   endloop
 endfacet
 facet normal -7.022889e-01  1.215359e-01 -7.014409e-01
   outer loop
     vertex  1.866504e+01 -4.331105e-01  3.000000e-01
     vertex  1.898045e+01 -3.419742e-01  0.000000e+00
     vertex  1.892204e+01 -6.794903e-01  0.000000e+00
   endloop
 endfacet
 facet normal -6.965777e-01  5.623356e-02 -7.152743e-01
   outer loop
     vertex  1.866504e+01 -4.331105e-01  3.000000e-01
     vertex  1.870000e+01  0.000000e+00  3.000000e-01
     vertex  1.898045e+01 -3.419742e-01  0.000000e+00
   endloop
 endfacet
 facet normal -6.515793e-01  2.776120e-01 -7.059575e-01
   outer loop
     vertex  1.827649e+01 -7.600032e-01  6.000000e-01
     vertex  1.839073e+01 -1.254753e+00  3.000000e-01
     vertex  1.812509e+01 -1.115336e+00  6.000000e-01
   endloop
 endfacet
 facet normal -6.515793e-01  2.776120e-01 -7.059575e-01
   outer loop
     vertex  1.827649e+01 -7.600032e-01  6.000000e-01
     vertex  1.856105e+01 -8.550036e-01  3.000000e-01
     vertex  1.839073e+01 -1.254753e+00  3.000000e-01
   endloop
 endfacet
 facet normal -5.986094e-01  3.785377e-01 -7.059575e-01
   outer loop
     vertex  1.785946e+01 -9.759187e-01  9.000000e-01
     vertex  1.791866e+01 -1.441781e+00  6.000000e-01
     vertex  1.767883e+01 -1.261559e+00  9.000000e-01
   endloop
 endfacet
 facet normal -5.986094e-01  3.785377e-01 -7.059575e-01
   outer loop
     vertex  1.785946e+01 -9.759187e-01  9.000000e-01
     vertex  1.812509e+01 -1.115336e+00  6.000000e-01
     vertex  1.791866e+01 -1.441781e+00  6.000000e-01
   endloop
 endfacet
 facet normal -5.301359e-01  4.696594e-01 -7.059575e-01
   outer loop
     vertex  1.743900e+01 -1.081336e+00  1.200000e+00
     vertex  1.724690e+01 -1.298164e+00  1.200000e+00
     vertex  1.703909e+01 -1.081804e+00  1.500000e+00
   endloop
 endfacet
 facet normal -5.301359e-01  4.696594e-01 -7.059575e-01
   outer loop
     vertex  1.743900e+01 -1.081336e+00  1.200000e+00
     vertex  1.767883e+01 -1.261559e+00  9.000000e-01
     vertex  1.724690e+01 -1.298164e+00  1.200000e+00
   endloop
 endfacet
 facet normal -5.301359e-01  4.696594e-01 -7.059575e-01
   outer loop
     vertex  1.743900e+01 -1.081336e+00  1.200000e+00
     vertex  1.703909e+01 -1.081804e+00  1.500000e+00
     vertex  1.719916e+01 -9.011134e-01  1.500000e+00
   endloop
 endfacet
 facet normal -7.059575e-01  5.699078e-02 -7.059575e-01
   outer loop
     vertex  1.836892e+01 -3.849871e-01  6.000000e-01
     vertex  1.840000e+01  0.000000e+00  6.000000e-01
     vertex  1.870000e+01  0.000000e+00  3.000000e-01
   endloop
 endfacet
 facet normal -6.876736e-01  1.694963e-01 -7.059575e-01
   outer loop
     vertex  1.836892e+01 -3.849871e-01  6.000000e-01
     vertex  1.866504e+01 -4.331105e-01  3.000000e-01
     vertex  1.856105e+01 -8.550036e-01  3.000000e-01
   endloop
 endfacet
 facet normal -7.059575e-01  5.699078e-02 -7.059575e-01
   outer loop
     vertex  1.836892e+01 -3.849871e-01  6.000000e-01
     vertex  1.870000e+01  0.000000e+00  3.000000e-01
     vertex  1.866504e+01 -4.331105e-01  3.000000e-01
   endloop
 endfacet
 facet normal -6.876736e-01  1.694963e-01 -7.059575e-01
   outer loop
     vertex  1.836892e+01 -3.849871e-01  6.000000e-01
     vertex  1.856105e+01 -8.550036e-01  3.000000e-01
     vertex  1.827649e+01 -7.600032e-01  6.000000e-01
   endloop
 endfacet
 facet normal -6.515793e-01  2.776120e-01 -7.059575e-01
   outer loop
     vertex  1.799193e+01 -6.650028e-01  9.000000e-01
     vertex  1.812509e+01 -1.115336e+00  6.000000e-01
     vertex  1.785946e+01 -9.759187e-01  9.000000e-01
   endloop
 endfacet
 facet normal -6.515793e-01  2.776120e-01 -7.059575e-01
   outer loop
     vertex  1.799193e+01 -6.650028e-01  9.000000e-01
     vertex  1.827649e+01 -7.600032e-01  6.000000e-01
     vertex  1.812509e+01 -1.115336e+00  6.000000e-01
   endloop
 endfacet
 facet normal -6.876736e-01  1.694963e-01 -7.059575e-01
   outer loop
     vertex  1.799193e+01 -6.650028e-01  9.000000e-01
     vertex  1.836892e+01 -3.849871e-01  6.000000e-01
     vertex  1.827649e+01 -7.600032e-01  6.000000e-01
   endloop
 endfacet
 facet normal -5.986094e-01  3.785377e-01 -7.059575e-01
   outer loop
     vertex  1.759382e+01 -8.365017e-01  1.200000e+00
     vertex  1.785946e+01 -9.759187e-01  9.000000e-01
     vertex  1.767883e+01 -1.261559e+00  9.000000e-01
   endloop
 endfacet
 facet normal -5.986094e-01  3.785377e-01 -7.059575e-01
   outer loop
     vertex  1.759382e+01 -8.365017e-01  1.200000e+00
     vertex  1.767883e+01 -1.261559e+00  9.000000e-01
     vertex  1.743900e+01 -1.081336e+00  1.200000e+00
   endloop
 endfacet
 facet normal -5.986094e-01  3.785377e-01 -7.059575e-01
   outer loop
     vertex  1.759382e+01 -8.365017e-01  1.200000e+00
     vertex  1.719916e+01 -9.011134e-01  1.500000e+00
     vertex  1.732818e+01 -6.970848e-01  1.500000e+00
   endloop
 endfacet
 facet normal -5.986094e-01  3.785377e-01 -7.059575e-01
   outer loop
     vertex  1.759382e+01 -8.365017e-01  1.200000e+00
     vertex  1.743900e+01 -1.081336e+00  1.200000e+00
     vertex  1.719916e+01 -9.011134e-01  1.500000e+00
   endloop
 endfacet
 facet normal -7.059575e-01  5.699078e-02 -7.059575e-01
   outer loop
     vertex  1.807281e+01 -3.368637e-01  9.000000e-01
     vertex  1.810000e+01  0.000000e+00  9.000000e-01
     vertex  1.840000e+01  0.000000e+00  6.000000e-01
   endloop
 endfacet
 facet normal -7.059575e-01  5.699078e-02 -7.059575e-01
   outer loop
     vertex  1.807281e+01 -3.368637e-01  9.000000e-01
     vertex  1.780000e+01  0.000000e+00  1.200000e+00
     vertex  1.810000e+01  0.000000e+00  9.000000e-01
   endloop
 endfacet
 facet normal -7.059575e-01  5.699078e-02 -7.059575e-01
   outer loop
     vertex  1.807281e+01 -3.368637e-01  9.000000e-01
     vertex  1.840000e+01  0.000000e+00  6.000000e-01
     vertex  1.836892e+01 -3.849871e-01  6.000000e-01
   endloop
 endfacet
 facet normal -6.876736e-01  1.694963e-01 -7.059575e-01
   outer loop
     vertex  1.807281e+01 -3.368637e-01  9.000000e-01
     vertex  1.836892e+01 -3.849871e-01  6.000000e-01
     vertex  1.799193e+01 -6.650028e-01  9.000000e-01
   endloop
 endfacet
 facet normal -6.515793e-01  2.776120e-01 -7.059575e-01
   outer loop
     vertex  1.770737e+01 -5.700024e-01  1.200000e+00
     vertex  1.799193e+01 -6.650028e-01  9.000000e-01
     vertex  1.785946e+01 -9.759187e-01  9.000000e-01
   endloop
 endfacet
 facet normal -6.515793e-01  2.776120e-01 -7.059575e-01
   outer loop
     vertex  1.770737e+01 -5.700024e-01  1.200000e+00
     vertex  1.732818e+01 -6.970848e-01  1.500000e+00
     vertex  1.742280e+01 -4.750020e-01  1.500000e+00
   endloop
 endfacet
 facet normal -6.515793e-01  2.776120e-01 -7.059575e-01
   outer loop
     vertex  1.770737e+01 -5.700024e-01  1.200000e+00
     vertex  1.785946e+01 -9.759187e-01  9.000000e-01
     vertex  1.759382e+01 -8.365017e-01  1.200000e+00
   endloop
 endfacet
 facet normal -6.515793e-01  2.776120e-01 -7.059575e-01
   outer loop
     vertex  1.770737e+01 -5.700024e-01  1.200000e+00
     vertex  1.759382e+01 -8.365017e-01  1.200000e+00
     vertex  1.732818e+01 -6.970848e-01  1.500000e+00
   endloop
 endfacet
 facet normal -6.876736e-01  1.694963e-01 -7.059575e-01
   outer loop
     vertex  1.770737e+01 -5.700024e-01  1.200000e+00
     vertex  1.807281e+01 -3.368637e-01  9.000000e-01
     vertex  1.799193e+01 -6.650028e-01  9.000000e-01
   endloop
 endfacet
 facet normal -7.059575e-01  5.699078e-02 -7.059575e-01
   outer loop
     vertex  1.777669e+01 -2.887403e-01  1.200000e+00
     vertex  1.750000e+01 -1.836970e-16  1.500000e+00
     vertex  1.780000e+01  0.000000e+00  1.200000e+00
   endloop
 endfacet
 facet normal -6.876736e-01  1.694963e-01 -7.059575e-01
   outer loop
     vertex  1.777669e+01 -2.887403e-01  1.200000e+00
     vertex  1.742280e+01 -4.750020e-01  1.500000e+00
     vertex  1.748058e+01 -2.406169e-01  1.500000e+00
   endloop
 endfacet
 facet normal -7.059575e-01  5.699078e-02 -7.059575e-01
   outer loop
     vertex  1.777669e+01 -2.887403e-01  1.200000e+00
     vertex  1.748058e+01 -2.406169e-01  1.500000e+00
     vertex  1.750000e+01 -1.836970e-16  1.500000e+00
   endloop
 endfacet
 facet normal -6.876736e-01  1.694963e-01 -7.059575e-01
   outer loop
     vertex  1.777669e+01 -2.887403e-01  1.200000e+00
     vertex  1.770737e+01 -5.700024e-01  1.200000e+00
     vertex  1.742280e+01 -4.750020e-01  1.500000e+00
   endloop
 endfacet
 facet normal -6.876736e-01  1.694963e-01 -7.059575e-01
   outer loop
     vertex  1.777669e+01 -2.887403e-01  1.200000e+00
     vertex  1.807281e+01 -3.368637e-01  9.000000e-01
     vertex  1.770737e+01 -5.700024e-01  1.200000e+00
   endloop
 endfacet
 facet normal -7.059575e-01  5.699078e-02 -7.059575e-01
   outer loop
     vertex  1.777669e+01 -2.887403e-01  1.200000e+00
     vertex  1.780000e+01  0.000000e+00  1.200000e+00
     vertex  1.807281e+01 -3.368637e-01  9.000000e-01
   endloop
 endfacet
 facet normal  0.000000e+00 -1.000000e+00  0.000000e+00
   outer loop
     vertex  8.000000e+00  1.600000e+01  0.000000e+00
     vertex -8.000000e+00  1.600000e+01  3.000000e+00
     vertex -8.000000e+00  1.600000e+01  0.000000e+00
   endloop
 endfacet
 facet normal  0.000000e+00 -1.000000e+00  0.000000e+00
   outer loop
     vertex  8.000000e+00  1.600000e+01  0.000000e+00
     vertex  8.000000e+00  1.600000e+01  3.000000e+00
     vertex -8.000000e+00  1.600000e+01  3.000000e+00
   endloop
 endfacet
 facet normal  7.071068e-01 -7.071068e-01  0.000000e+00
   outer loop
     vertex -1.200000e+01  1.200000e+01  3.000000e+00
     vertex -1.200000e+01  1.200000e+01  0.000000e+00
     vertex -8.000000e+00  1.600000e+01  0.000000e+00
   endloop
 endfacet
 facet normal  7.071068e-01 -7.071068e-01  0.000000e+00
   outer loop
     vertex -1.200000e+01  1.200000e+01  3.000000e+00
     vertex -8.000000e+00  1.600000e+01  0.000000e+00
     vertex -8.000000e+00  1.600000e+01  3.000000e+00
   endloop
 endfacet
 facet normal -7.071068e-01 -7.071068e-01 -0.000000e+00
   outer loop
     vertex  1.200000e+01  1.200000e+01  3.000000e+00
     vertex  8.000000e+00  1.600000e+01  0.000000e+00
     vertex  1.200000e+01  1.200000e+01  0.000000e+00
   endloop
 endfacet
 facet normal -7.071068e-01 -7.071068e-01  0.000000e+00
   outer loop
     vertex  1.200000e+01  1.200000e+01  3.000000e+00
     vertex  8.000000e+00  1.600000e+01  3.000000e+00
     vertex  8.000000e+00  1.600000e+01  0.000000e+00
   endloop
 endfacet
 facet normal  1.000000e+00  0.000000e+00  0.000000e+00
   outer loop
     vertex -1.200000e+01  1.200000e+01  0.000000e+00
     vertex -1.200000e+01 -1.200000e+01  3.000000e+00
     vertex -1.200000e+01 -1.200000e+01  0.000000e+00
   endloop
 endfacet
 facet normal  1.000000e+00  0.000000e+00 -0.000000e+00
   outer loop
     vertex -1.200000e+01  1.200000e+01  0.000000e+00
     vertex -1.200000e+01  1.200000e+01  3.000000e+00
     vertex -1.200000e+01 -1.200000e+01  3.000000e+00
   endloop
 endfacet
 facet normal -1.000000e+00  0.000000e+00  0.000000e+00
   outer loop
     vertex  1.200000e+01 -1.200000e+01  0.000000e+00
     vertex  1.200000e+01  1.200000e+01  3.000000e+00
     vertex  1.200000e+01  1.200000e+01  0.000000e+00
   endloop
 endfacet
 facet normal -1.000000e+00  0.000000e+00  0.000000e+00
   outer loop
     vertex  1.200000e+01 -1.200000e+01  0.000000e+00
     vertex  1.200000e+01 -1.200000e+01  3.000000e+00
     vertex  1.200000e+01  1.200000e+01  3.000000e+00
   endloop
 endfacet
 facet normal  7.071068e-01  7.071068e-01  0.000000e+00
   outer loop
     vertex -1.200000e+01 -1.200000e+01  3.000000e+00
     vertex -8.000000e+00 -1.600000e+01  0.000000e+00
     vertex -1.200000e+01 -1.200000e+01  0.000000e+00
   endloop
 endfacet
 facet normal  7.071068e-01  7.071068e-01  0.000000e+00
   outer loop
     vertex -1.200000e+01 -1.200000e+01  3.000000e+00
     vertex -8.000000e+00 -1.600000e+01  3.000000e+00
     vertex -8.000000e+00 -1.600000e+01  0.000000e+00
   endloop
 endfacet
 facet normal -7.071068e-01  7.071068e-01  0.000000e+00
   outer loop
     vertex  8.000000e+00 -1.600000e+01  3.000000e+00
     vertex  1.200000e+01 -1.200000e+01  0.000000e+00
     vertex  8.000000e+00 -1.600000e+01  0.000000e+00
   endloop
 endfacet
 facet normal -7.071068e-01  7.071068e-01  0.000000e+00
   outer loop
     vertex  8.000000e+00 -1.600000e+01  3.000000e+00
     vertex  1.200000e+01 -1.200000e+01  3.000000e+00
     vertex  1.200000e+01 -1.200000e+01  0.000000e+00
   endloop
 endfacet
 facet normal  0.000000e+00  1.000000e+00  0.000000e+00
   outer loop
     vertex -8.000000e+00 -1.600000e+01  0.000000e+00
     vertex  8.000000e+00 -1.600000e+01  3.000000e+00
     vertex  8.000000e+00 -1.600000e+01  0.000000e+00
   endloop
 endfacet
 facet normal  0.000000e+00  1.000000e+00  0.000000e+00
   outer loop
     vertex -8.000000e+00 -1.600000e+01  0.000000e+00
     vertex -8.000000e+00 -1.600000e+01  3.000000e+00
     vertex  8.000000e+00 -1.600000e+01  3.000000e+00
   endloop
 endfacet
 facet normal -7.065295e-01 -4.040082e-02 -7.065295e-01
   outer loop
     vertex -1.330000e+01  0.000000e+00  3.000000e-01
     vertex -1.301955e+01  3.419742e-01  0.000000e+00
     vertex -1.300000e+01  0.000000e+00  0.000000e+00
   endloop
 endfacet
 facet normal -7.065295e-01  4.040082e-02 -7.065295e-01
   outer loop
     vertex -1.330000e+01  0.000000e+00  3.000000e-01
     vertex -1.300000e+01  0.000000e+00  0.000000e+00
     vertex -1.301955e+01 -3.419742e-01  0.000000e+00
   endloop
 endfacet
 facet normal -7.059575e-01  5.699078e-02 -7.059575e-01
   outer loop
     vertex -1.450000e+01 -1.836970e-16  1.500000e+00
     vertex -1.420000e+01  0.000000e+00  1.200000e+00
     vertex -1.451942e+01 -2.406169e-01  1.500000e+00
   endloop
 endfacet
 facet normal -6.965777e-01 -5.623356e-02 -7.152743e-01
   outer loop
     vertex -1.333496e+01  4.331105e-01  3.000000e-01
     vertex -1.301955e+01  3.419742e-01  0.000000e+00
     vertex -1.330000e+01  0.000000e+00  3.000000e-01
   endloop
 endfacet
 facet normal -7.022889e-01 -1.215359e-01 -7.014409e-01
   outer loop
     vertex -1.333496e+01  4.331105e-01  3.000000e-01
     vertex -1.307796e+01  6.794903e-01  0.000000e+00
     vertex -1.301955e+01  3.419742e-01  0.000000e+00
   endloop
 endfacet
 facet normal -6.819590e-01 -2.002412e-01 -7.034453e-01
   outer loop
     vertex -1.343895e+01  8.550036e-01  3.000000e-01
     vertex -1.317447e+01  1.008148e+00  0.000000e+00
     vertex -1.307796e+01  6.794903e-01  0.000000e+00
   endloop
 endfacet
 facet normal -6.478276e-01 -2.737742e-01 -7.108918e-01
   outer loop
     vertex -1.343895e+01  8.550036e-01  3.000000e-01
     vertex -1.330780e+01  1.323663e+00  0.000000e+00
     vertex -1.317447e+01  1.008148e+00  0.000000e+00
   endloop
 endfacet
 facet normal -6.769091e-01 -1.668431e-01 -7.169082e-01
   outer loop
     vertex -1.343895e+01  8.550036e-01  3.000000e-01
     vertex -1.307796e+01  6.794903e-01  0.000000e+00
     vertex -1.333496e+01  4.331105e-01  3.000000e-01
   endloop
 endfacet
 facet normal -7.059575e-01 -5.699078e-02 -7.059575e-01
   outer loop
     vertex -1.363108e+01  3.849871e-01  6.000000e-01
     vertex -1.333496e+01  4.331105e-01  3.000000e-01
     vertex -1.330000e+01  0.000000e+00  3.000000e-01
   endloop
 endfacet
 facet normal -7.059575e-01 -5.699078e-02 -7.059575e-01
   outer loop
     vertex -1.363108e+01  3.849871e-01  6.000000e-01
     vertex -1.330000e+01  0.000000e+00  3.000000e-01
     vertex -1.360000e+01  0.000000e+00  6.000000e-01
   endloop
 endfacet
 facet normal -6.458231e-01 -2.751595e-01 -7.121796e-01
   outer loop
     vertex -1.360927e+01  1.254753e+00  3.000000e-01
     vertex -1.330780e+01  1.323663e+00  0.000000e+00
     vertex -1.343895e+01  8.550036e-01  3.000000e-01
   endloop
 endfacet
 facet normal -6.194320e-01 -3.498093e-01 -7.028069e-01
   outer loop
     vertex -1.360927e+01  1.254753e+00  3.000000e-01
     vertex -1.347624e+01  1.621922e+00  0.000000e+00
     vertex -1.330780e+01  1.323663e+00  0.000000e+00
   endloop
 endfacet
 facet normal -6.876736e-01 -1.694963e-01 -7.059575e-01
   outer loop
     vertex -1.372351e+01  7.600032e-01  6.000000e-01
     vertex -1.343895e+01  8.550036e-01  3.000000e-01
     vertex -1.333496e+01  4.331105e-01  3.000000e-01
   endloop
 endfacet
 facet normal -6.876736e-01 -1.694963e-01 -7.059575e-01
   outer loop
     vertex -1.372351e+01  7.600032e-01  6.000000e-01
     vertex -1.333496e+01  4.331105e-01  3.000000e-01
     vertex -1.363108e+01  3.849871e-01  6.000000e-01
   endloop
 endfacet
 facet normal -7.059575e-01 -5.699078e-02 -7.059575e-01
   outer loop
     vertex -1.392719e+01  3.368637e-01  9.000000e-01
     vertex -1.360000e+01  0.000000e+00  6.000000e-01
     vertex -1.390000e+01  0.000000e+00  9.000000e-01
   endloop
 endfacet
 facet normal -7.059575e-01 -5.699078e-02 -7.059575e-01
   outer loop
     vertex -1.392719e+01  3.368637e-01  9.000000e-01
     vertex -1.363108e+01  3.849871e-01  6.000000e-01
     vertex -1.360000e+01  0.000000e+00  6.000000e-01
   endloop
 endfacet
 facet normal -5.764085e-01 -4.187853e-01 -7.016924e-01
   outer loop
     vertex -1.384150e+01  1.622004e+00  3.000000e-01
     vertex -1.367758e+01  1.899037e+00  0.000000e+00
     vertex -1.347624e+01  1.621922e+00  0.000000e+00
   endloop
 endfacet
 facet normal -5.890623e-01 -3.725004e-01 -7.171116e-01
   outer loop
     vertex -1.384150e+01  1.622004e+00  3.000000e-01
     vertex -1.347624e+01  1.621922e+00  0.000000e+00
     vertex -1.360927e+01  1.254753e+00  3.000000e-01
   endloop
 endfacet
 facet normal -6.515793e-01 -2.776120e-01 -7.059575e-01
   outer loop
     vertex -1.387491e+01  1.115336e+00  6.000000e-01
     vertex -1.343895e+01  8.550036e-01  3.000000e-01
     vertex -1.372351e+01  7.600032e-01  6.000000e-01
   endloop
 endfacet
 facet normal -6.515793e-01 -2.776120e-01 -7.059575e-01
   outer loop
     vertex -1.387491e+01  1.115336e+00  6.000000e-01
     vertex -1.360927e+01  1.254753e+00  3.000000e-01
     vertex -1.343895e+01  8.550036e-01  3.000000e-01
   endloop
 endfacet
 facet normal -6.876736e-01 -1.694963e-01 -7.059575e-01
   outer loop
     vertex -1.400807e+01  6.650028e-01  9.000000e-01
     vertex -1.372351e+01  7.600032e-01  6.000000e-01
     vertex -1.363108e+01  3.849871e-01  6.000000e-01
   endloop
 endfacet
 facet normal -6.876736e-01 -1.694963e-01 -7.059575e-01
   outer loop
     vertex -1.400807e+01  6.650028e-01  9.000000e-01
     vertex -1.363108e+01  3.849871e-01  6.000000e-01
     vertex -1.392719e+01  3.368637e-01  9.000000e-01
   endloop
 endfacet
 facet normal -7.059575e-01 -5.699078e-02 -7.059575e-01
   outer loop
     vertex -1.422331e+01  2.887403e-01  1.200000e+00
     vertex -1.450000e+01 -1.836970e-16  1.500000e+00
     vertex -1.451942e+01  2.406169e-01  1.500000e+00
   endloop
 endfacet
 facet normal -6.876736e-01 -1.694963e-01 -7.059575e-01
   outer loop
     vertex -1.422331e+01  2.887403e-01  1.200000e+00
     vertex -1.451942e+01  2.406169e-01  1.500000e+00
     vertex -1.457720e+01  4.750020e-01  1.500000e+00
   endloop
 endfacet
 facet normal -7.059575e-01 -5.699078e-02 -7.059575e-01
   outer loop
     vertex -1.422331e+01  2.887403e-01  1.200000e+00
     vertex -1.392719e+01  3.368637e-01  9.000000e-01
     vertex -1.390000e+01  0.000000e+00  9.000000e-01
   endloop
 endfacet
 facet normal -7.059575e-01 -5.699078e-02 -7.059575e-01
   outer loop
     vertex -1.422331e+01  2.887403e-01  1.200000e+00
     vertex -1.390000e+01  0.000000e+00  9.000000e-01
     vertex -1.420000e+01  0.000000e+00  1.200000e+00
   endloop
 endfacet
 facet normal -7.059575e-01 -5.699078e-02 -7.059575e-01
   outer loop
     vertex -1.422331e+01  2.887403e-01  1.200000e+00
     vertex -1.420000e+01  0.000000e+00  1.200000e+00
     vertex -1.450000e+01 -1.836970e-16  1.500000e+00
   endloop
 endfacet
 facet normal -5.205554e-01 -4.777614e-01 -7.076483e-01
   outer loop
     vertex -1.412964e+01  1.947247e+00  3.000000e-01
     vertex -1.390919e+01  2.151395e+00  0.000000e+00
     vertex -1.367758e+01  1.899037e+00  0.000000e+00
   endloop
 endfacet
 facet normal -4.640964e-01 -5.355958e-01 -7.055151e-01
   outer loop
     vertex -1.412964e+01  1.947247e+00  3.000000e-01
     vertex -1.416806e+01  2.375707e+00  0.000000e+00
     vertex -1.390919e+01  2.151395e+00  0.000000e+00
   endloop
 endfacet
 facet normal -5.236532e-01 -4.639162e-01 -7.145412e-01
   outer loop
     vertex -1.412964e+01  1.947247e+00  3.000000e-01
     vertex -1.367758e+01  1.899037e+00  0.000000e+00
     vertex -1.384150e+01  1.622004e+00  3.000000e-01
   endloop
 endfacet
 facet normal -5.986094e-01 -3.785377e-01 -7.059575e-01
   outer loop
     vertex -1.408134e+01  1.441781e+00  6.000000e-01
     vertex -1.360927e+01  1.254753e+00  3.000000e-01
     vertex -1.387491e+01  1.115336e+00  6.000000e-01
   endloop
 endfacet
 facet normal -5.986094e-01 -3.785377e-01 -7.059575e-01
   outer loop
     vertex -1.408134e+01  1.441781e+00  6.000000e-01
     vertex -1.384150e+01  1.622004e+00  3.000000e-01
     vertex -1.360927e+01  1.254753e+00  3.000000e-01
   endloop
 endfacet
 facet normal -6.515793e-01 -2.776120e-01 -7.059575e-01
   outer loop
     vertex -1.414054e+01  9.759187e-01  9.000000e-01
     vertex -1.372351e+01  7.600032e-01  6.000000e-01
     vertex -1.400807e+01  6.650028e-01  9.000000e-01
   endloop
 endfacet
 facet normal -6.515793e-01 -2.776120e-01 -7.059575e-01
   outer loop
     vertex -1.414054e+01  9.759187e-01  9.000000e-01
     vertex -1.387491e+01  1.115336e+00  6.000000e-01
     vertex -1.372351e+01  7.600032e-01  6.000000e-01
   endloop
 endfacet
 facet normal -6.876736e-01 -1.694963e-01 -7.059575e-01
   outer loop
     vertex -1.429263e+01  5.700024e-01  1.200000e+00
     vertex -1.400807e+01  6.650028e-01  9.000000e-01
     vertex -1.392719e+01  3.368637e-01  9.000000e-01
   endloop
 endfacet
 facet normal -6.876736e-01 -1.694963e-01 -7.059575e-01
   outer loop
     vertex -1.429263e+01  5.700024e-01  1.200000e+00
     vertex -1.422331e+01  2.887403e-01  1.200000e+00
     vertex -1.457720e+01  4.750020e-01  1.500000e+00
   endloop
 endfacet
 facet normal -6.876736e-01 -1.694963e-01 -7.059575e-01
   outer loop
     vertex -1.429263e+01  5.700024e-01  1.200000e+00
     vertex -1.392719e+01  3.368637e-01  9.000000e-01
     vertex -1.422331e+01  2.887403e-01  1.200000e+00
   endloop
 endfacet
 facet normal -4.023719e-01 -5.884502e-01 -7.013011e-01
   outer loop
     vertex -1.446623e+01  2.222056e+00  3.000000e-01
     vertex -1.445081e+01  2.569047e+00  0.000000e+00
     vertex -1.416806e+01  2.375707e+00  0.000000e+00
   endloop
 endfacet
 facet normal -4.415827e-01 -5.408406e-01 -7.158884e-01
   outer loop
     vertex -1.446623e+01  2.222056e+00  3.000000e-01
     vertex -1.416806e+01  2.375707e+00  0.000000e+00
     vertex -1.412964e+01  1.947247e+00  3.000000e-01
   endloop
 endfacet
 facet normal -5.301359e-01 -4.696594e-01 -7.059575e-01
   outer loop
     vertex -1.433746e+01  1.730886e+00  6.000000e-01
     vertex -1.384150e+01  1.622004e+00  3.000000e-01
     vertex -1.408134e+01  1.441781e+00  6.000000e-01
   endloop
 endfacet
 facet normal -5.301359e-01 -4.696594e-01 -7.059575e-01
   outer loop
     vertex -1.433746e+01  1.730886e+00  6.000000e-01
     vertex -1.412964e+01  1.947247e+00  3.000000e-01
     vertex -1.384150e+01  1.622004e+00  3.000000e-01
   endloop
 endfacet
 facet normal -5.301359e-01 -4.696594e-01 -7.059575e-01
   outer loop
     vertex -1.432117e+01  1.261559e+00  9.000000e-01
     vertex -1.433746e+01  1.730886e+00  6.000000e-01
     vertex -1.408134e+01  1.441781e+00  6.000000e-01
   endloop
 endfacet
 facet normal -5.986094e-01 -3.785377e-01 -7.059575e-01
   outer loop
     vertex -1.432117e+01  1.261559e+00  9.000000e-01
     vertex -1.408134e+01  1.441781e+00  6.000000e-01
     vertex -1.387491e+01  1.115336e+00  6.000000e-01
   endloop
 endfacet
 facet normal -5.986094e-01 -3.785377e-01 -7.059575e-01
   outer loop
     vertex -1.432117e+01  1.261559e+00  9.000000e-01
     vertex -1.387491e+01  1.115336e+00  6.000000e-01
     vertex -1.414054e+01  9.759187e-01  9.000000e-01
   endloop
 endfacet
 facet normal -6.515793e-01 -2.776120e-01 -7.059575e-01
   outer loop
     vertex -1.440618e+01  8.365017e-01  1.200000e+00
     vertex -1.457720e+01  4.750020e-01  1.500000e+00
     vertex -1.467182e+01  6.970848e-01  1.500000e+00
   endloop
 endfacet
 facet normal -5.986094e-01 -3.785377e-01 -7.059575e-01
   outer loop
     vertex -1.440618e+01  8.365017e-01  1.200000e+00
     vertex -1.467182e+01  6.970848e-01  1.500000e+00
     vertex -1.480084e+01  9.011134e-01  1.500000e+00
   endloop
 endfacet
 facet normal -6.515793e-01 -2.776120e-01 -7.059575e-01
   outer loop
     vertex -1.440618e+01  8.365017e-01  1.200000e+00
     vertex -1.414054e+01  9.759187e-01  9.000000e-01
     vertex -1.400807e+01  6.650028e-01  9.000000e-01
   endloop
 endfacet
 facet normal -6.515793e-01 -2.776120e-01 -7.059575e-01
   outer loop
     vertex -1.440618e+01  8.365017e-01  1.200000e+00
     vertex -1.400807e+01  6.650028e-01  9.000000e-01
     vertex -1.429263e+01  5.700024e-01  1.200000e+00
   endloop
 endfacet
 facet normal -6.515793e-01 -2.776120e-01 -7.059575e-01
   outer loop
     vertex -1.440618e+01  8.365017e-01  1.200000e+00
     vertex -1.429263e+01  5.700024e-01  1.200000e+00
     vertex -1.457720e+01  4.750020e-01  1.500000e+00
   endloop
 endfacet
 facet normal -3.487483e-01 -6.040497e-01 -7.165882e-01
   outer loop
     vertex -1.484253e+01  2.439316e+00  3.000000e-01
     vertex -1.445081e+01  2.569047e+00  0.000000e+00
     vertex -1.446623e+01  2.222056e+00  3.000000e-01
   endloop
 endfacet
 facet normal -3.313380e-01 -6.279554e-01 -7.041926e-01
   outer loop
     vertex -1.484253e+01  2.439316e+00  3.000000e-01
     vertex -1.475375e+01  2.728896e+00  0.000000e+00
     vertex -1.445081e+01  2.569047e+00  0.000000e+00
   endloop
 endfacet
 facet normal -2.556657e-01 -6.566719e-01 -7.095189e-01
   outer loop
     vertex -1.484253e+01  2.439316e+00  3.000000e-01
     vertex -1.507295e+01  2.853170e+00  0.000000e+00
     vertex -1.475375e+01  2.728896e+00  0.000000e+00
   endloop
 endfacet
 facet normal -4.479321e-01 -5.486172e-01 -7.059575e-01
   outer loop
     vertex -1.463664e+01  1.975161e+00  6.000000e-01
     vertex -1.446623e+01  2.222056e+00  3.000000e-01
     vertex -1.412964e+01  1.947247e+00  3.000000e-01
   endloop
 endfacet
 facet normal -4.479321e-01 -5.486172e-01 -7.059575e-01
   outer loop
     vertex -1.463664e+01  1.975161e+00  6.000000e-01
     vertex -1.412964e+01  1.947247e+00  3.000000e-01
     vertex -1.433746e+01  1.730886e+00  6.000000e-01
   endloop
 endfacet
 facet normal -5.301359e-01 -4.696594e-01 -7.059575e-01
   outer loop
     vertex -1.454528e+01  1.514525e+00  9.000000e-01
     vertex -1.433746e+01  1.730886e+00  6.000000e-01
     vertex -1.432117e+01  1.261559e+00  9.000000e-01
   endloop
 endfacet
 facet normal -5.986094e-01 -3.785377e-01 -7.059575e-01
   outer loop
     vertex -1.456100e+01  1.081336e+00  1.200000e+00
     vertex -1.440618e+01  8.365017e-01  1.200000e+00
     vertex -1.480084e+01  9.011134e-01  1.500000e+00
   endloop
 endfacet
 facet normal -5.986094e-01 -3.785377e-01 -7.059575e-01
   outer loop
     vertex -1.456100e+01  1.081336e+00  1.200000e+00
     vertex -1.432117e+01  1.261559e+00  9.000000e-01
     vertex -1.414054e+01  9.759187e-01  9.000000e-01
   endloop
 endfacet
 facet normal -5.986094e-01 -3.785377e-01 -7.059575e-01
   outer loop
     vertex -1.456100e+01  1.081336e+00  1.200000e+00
     vertex -1.414054e+01  9.759187e-01  9.000000e-01
     vertex -1.440618e+01  8.365017e-01  1.200000e+00
   endloop
 endfacet
 facet normal -2.485584e-01 -6.553946e-01 -7.132157e-01
   outer loop
     vertex -1.524881e+01  2.593399e+00  3.000000e-01
     vertex -1.507295e+01  2.853170e+00  0.000000e+00
     vertex -1.484253e+01  2.439316e+00  3.000000e-01
   endloop
 endfacet
 facet normal -1.809787e-01 -6.885144e-01 -7.022782e-01
   outer loop
     vertex -1.524881e+01  2.593399e+00  3.000000e-01
     vertex -1.540423e+01  2.940248e+00  0.000000e+00
     vertex -1.507295e+01  2.853170e+00  0.000000e+00
   endloop
 endfacet
 facet normal -3.541271e-01 -6.133661e-01 -7.059575e-01
   outer loop
     vertex -1.497114e+01  2.168281e+00  6.000000e-01
     vertex -1.484253e+01  2.439316e+00  3.000000e-01
     vertex -1.446623e+01  2.222056e+00  3.000000e-01
   endloop
 endfacet
 facet normal -3.541271e-01 -6.133661e-01 -7.059575e-01
   outer loop
     vertex -1.497114e+01  2.168281e+00  6.000000e-01
     vertex -1.446623e+01  2.222056e+00  3.000000e-01
     vertex -1.463664e+01  1.975161e+00  6.000000e-01
   endloop
 endfacet
 facet normal -3.541271e-01 -6.133661e-01 -7.059575e-01
   outer loop
     vertex -1.480706e+01  1.728266e+00  9.000000e-01
     vertex -1.497114e+01  2.168281e+00  6.000000e-01
     vertex -1.463664e+01  1.975161e+00  6.000000e-01
   endloop
 endfacet
 facet normal -4.479321e-01 -5.486172e-01 -7.059575e-01
   outer loop
     vertex -1.480706e+01  1.728266e+00  9.000000e-01
     vertex -1.463664e+01  1.975161e+00  6.000000e-01
     vertex -1.433746e+01  1.730886e+00  6.000000e-01
   endloop
 endfacet
 facet normal -4.479321e-01 -5.486172e-01 -7.059575e-01
   outer loop
     vertex -1.480706e+01  1.728266e+00  9.000000e-01
     vertex -1.433746e+01  1.730886e+00  6.000000e-01
     vertex -1.454528e+01  1.514525e+00  9.000000e-01
   endloop
 endfacet
 facet normal -5.301359e-01 -4.696594e-01 -7.059575e-01
   outer loop
     vertex -1.475310e+01  1.298164e+00  1.200000e+00
     vertex -1.480084e+01  9.011134e-01  1.500000e+00
     vertex -1.496091e+01  1.081804e+00  1.500000e+00
   endloop
 endfacet
 facet normal -4.479321e-01 -5.486172e-01 -7.059575e-01
   outer loop
     vertex -1.475310e+01  1.298164e+00  1.200000e+00
     vertex -1.496091e+01  1.081804e+00  1.500000e+00
     vertex -1.514790e+01  1.234476e+00  1.500000e+00
   endloop
 endfacet
 facet normal -5.301359e-01 -4.696594e-01 -7.059575e-01
   outer loop
     vertex -1.475310e+01  1.298164e+00  1.200000e+00
     vertex -1.432117e+01  1.261559e+00  9.000000e-01
     vertex -1.456100e+01  1.081336e+00  1.200000e+00
   endloop
 endfacet
 facet normal -5.301359e-01 -4.696594e-01 -7.059575e-01
   outer loop
     vertex -1.475310e+01  1.298164e+00  1.200000e+00
     vertex -1.454528e+01  1.514525e+00  9.000000e-01
     vertex -1.432117e+01  1.261559e+00  9.000000e-01
   endloop
 endfacet
 facet normal -5.301359e-01 -4.696594e-01 -7.059575e-01
   outer loop
     vertex -1.475310e+01  1.298164e+00  1.200000e+00
     vertex -1.456100e+01  1.081336e+00  1.200000e+00
     vertex -1.480084e+01  9.011134e-01  1.500000e+00
   endloop
 endfacet
 facet normal -1.013456e-01 -7.048742e-01 -7.020552e-01
   outer loop
     vertex -1.567455e+01  2.680314e+00  3.000000e-01
     vertex -1.574327e+01  2.988995e+00  0.000000e+00
     vertex -1.540423e+01  2.940248e+00  0.000000e+00
   endloop
 endfacet
 facet normal -1.393916e-01 -6.827854e-01 -7.171988e-01
   outer loop
     vertex -1.567455e+01  2.680314e+00  3.000000e-01
     vertex -1.540423e+01  2.940248e+00  0.000000e+00
     vertex -1.524881e+01  2.593399e+00  3.000000e-01
   endloop
 endfacet
 facet normal -2.511504e-01 -6.622292e-01 -7.059575e-01
   outer loop
     vertex -1.533228e+01  2.305243e+00  6.000000e-01
     vertex -1.524881e+01  2.593399e+00  3.000000e-01
     vertex -1.484253e+01  2.439316e+00  3.000000e-01
   endloop
 endfacet
 facet normal -2.511504e-01 -6.622292e-01 -7.059575e-01
   outer loop
     vertex -1.533228e+01  2.305243e+00  6.000000e-01
     vertex -1.484253e+01  2.439316e+00  3.000000e-01
     vertex -1.497114e+01  2.168281e+00  6.000000e-01
   endloop
 endfacet
 facet normal -3.541271e-01 -6.133661e-01 -7.059575e-01
   outer loop
     vertex -1.509975e+01  1.897246e+00  9.000000e-01
     vertex -1.497114e+01  2.168281e+00  6.000000e-01
     vertex -1.480706e+01  1.728266e+00  9.000000e-01
   endloop
 endfacet
 facet normal -4.479321e-01 -5.486172e-01 -7.059575e-01
   outer loop
     vertex -1.497748e+01  1.481371e+00  1.200000e+00
     vertex -1.475310e+01  1.298164e+00  1.200000e+00
     vertex -1.514790e+01  1.234476e+00  1.500000e+00
   endloop
 endfacet
 facet normal -4.479321e-01 -5.486172e-01 -7.059575e-01
   outer loop
     vertex -1.497748e+01  1.481371e+00  1.200000e+00
     vertex -1.480706e+01  1.728266e+00  9.000000e-01
     vertex -1.454528e+01  1.514525e+00  9.000000e-01
   endloop
 endfacet
 facet normal -4.479321e-01 -5.486172e-01 -7.059575e-01
   outer loop
     vertex -1.497748e+01  1.481371e+00  1.200000e+00
     vertex -1.454528e+01  1.514525e+00  9.000000e-01
     vertex -1.475310e+01  1.298164e+00  1.200000e+00
   endloop
 endfacet
 facet normal -2.014170e-02 -7.050515e-01 -7.088700e-01
   outer loop
     vertex -1.610872e+01  2.697810e+00  3.000000e-01
     vertex -1.608567e+01  2.998777e+00  0.000000e+00
     vertex -1.574327e+01  2.988995e+00  0.000000e+00
   endloop
 endfacet
 facet normal  6.072386e-02 -7.069951e-01 -7.046067e-01
   outer loop
     vertex -1.610872e+01  2.697810e+00  3.000000e-01
     vertex -1.642694e+01  2.969464e+00  0.000000e+00
     vertex -1.608567e+01  2.998777e+00  0.000000e+00
   endloop
 endfacet
 facet normal -2.820484e-02 -6.998958e-01 -7.136878e-01
   outer loop
     vertex -1.610872e+01  2.697810e+00  3.000000e-01
     vertex -1.574327e+01  2.988995e+00  0.000000e+00
     vertex -1.567455e+01  2.680314e+00  3.000000e-01
   endloop
 endfacet
 facet normal -1.416690e-01 -6.939408e-01 -7.059575e-01
   outer loop
     vertex -1.571071e+01  2.382501e+00  6.000000e-01
     vertex -1.524881e+01  2.593399e+00  3.000000e-01
     vertex -1.533228e+01  2.305243e+00  6.000000e-01
   endloop
 endfacet
 facet normal -1.416690e-01 -6.939408e-01 -7.059575e-01
   outer loop
     vertex -1.571071e+01  2.382501e+00  6.000000e-01
     vertex -1.567455e+01  2.680314e+00  3.000000e-01
     vertex -1.524881e+01  2.593399e+00  3.000000e-01
   endloop
 endfacet
 facet normal -2.511504e-01 -6.622292e-01 -7.059575e-01
   outer loop
     vertex -1.541574e+01  2.017088e+00  9.000000e-01
     vertex -1.497114e+01  2.168281e+00  6.000000e-01
     vertex -1.509975e+01  1.897246e+00  9.000000e-01
   endloop
 endfacet
 facet normal -2.511504e-01 -6.622292e-01 -7.059575e-01
   outer loop
     vertex -1.541574e+01  2.017088e+00  9.000000e-01
     vertex -1.533228e+01  2.305243e+00  6.000000e-01
     vertex -1.497114e+01  2.168281e+00  6.000000e-01
   endloop
 endfacet
 facet normal -3.541271e-01 -6.133661e-01 -7.059575e-01
   outer loop
     vertex -1.522835e+01  1.626211e+00  1.200000e+00
     vertex -1.514790e+01  1.234476e+00  1.500000e+00
     vertex -1.535696e+01  1.355176e+00  1.500000e+00
   endloop
 endfacet
 facet normal -3.541271e-01 -6.133661e-01 -7.059575e-01
   outer loop
     vertex -1.522835e+01  1.626211e+00  1.200000e+00
     vertex -1.509975e+01  1.897246e+00  9.000000e-01
     vertex -1.480706e+01  1.728266e+00  9.000000e-01
   endloop
 endfacet
 facet normal -3.541271e-01 -6.133661e-01 -7.059575e-01
   outer loop
     vertex -1.522835e+01  1.626211e+00  1.200000e+00
     vertex -1.480706e+01  1.728266e+00  9.000000e-01
     vertex -1.497748e+01  1.481371e+00  1.200000e+00
   endloop
 endfacet
 facet normal -3.541271e-01 -6.133661e-01 -7.059575e-01
   outer loop
     vertex -1.522835e+01  1.626211e+00  1.200000e+00
     vertex -1.497748e+01  1.481371e+00  1.200000e+00
     vertex -1.514790e+01  1.234476e+00  1.500000e+00
   endloop
 endfacet
 facet normal  8.409916e-02 -6.926189e-01 -7.163843e-01
   outer loop
     vertex -1.654007e+01  2.645435e+00  3.000000e-01
     vertex -1.642694e+01  2.969464e+00  0.000000e+00
     vertex -1.610872e+01  2.697810e+00  3.000000e-01
   endloop
 endfacet
 facet normal  1.415737e-01 -6.986937e-01 -7.012731e-01
   outer loop
     vertex -1.654007e+01  2.645435e+00  3.000000e-01
     vertex -1.676266e+01  2.901441e+00  0.000000e+00
     vertex -1.642694e+01  2.969464e+00  0.000000e+00
   endloop
 endfacet
 facet normal -2.851852e-02 -7.076798e-01 -7.059575e-01
   outer loop
     vertex -1.609664e+01  2.398054e+00  6.000000e-01
     vertex -1.610872e+01  2.697810e+00  3.000000e-01
     vertex -1.567455e+01  2.680314e+00  3.000000e-01
   endloop
 endfacet
 facet normal -2.851852e-02 -7.076798e-01 -7.059575e-01
   outer loop
     vertex -1.609664e+01  2.398054e+00  6.000000e-01
     vertex -1.567455e+01  2.680314e+00  3.000000e-01
     vertex -1.571071e+01  2.382501e+00  6.000000e-01
   endloop
 endfacet
 facet normal -1.416690e-01 -6.939408e-01 -7.059575e-01
   outer loop
     vertex -1.574687e+01  2.084689e+00  9.000000e-01
     vertex -1.571071e+01  2.382501e+00  6.000000e-01
     vertex -1.533228e+01  2.305243e+00  6.000000e-01
   endloop
 endfacet
 facet normal -1.416690e-01 -6.939408e-01 -7.059575e-01
   outer loop
     vertex -1.574687e+01  2.084689e+00  9.000000e-01
     vertex -1.533228e+01  2.305243e+00  6.000000e-01
     vertex -1.541574e+01  2.017088e+00  9.000000e-01
   endloop
 endfacet
 facet normal -2.511504e-01 -6.622292e-01 -7.059575e-01
   outer loop
     vertex -1.549921e+01  1.728933e+00  1.200000e+00
     vertex -1.535696e+01  1.355176e+00  1.500000e+00
     vertex -1.558267e+01  1.440777e+00  1.500000e+00
   endloop
 endfacet
 facet normal -2.511504e-01 -6.622292e-01 -7.059575e-01
   outer loop
     vertex -1.549921e+01  1.728933e+00  1.200000e+00
     vertex -1.541574e+01  2.017088e+00  9.000000e-01
     vertex -1.509975e+01  1.897246e+00  9.000000e-01
   endloop
 endfacet
 facet normal -2.511504e-01 -6.622292e-01 -7.059575e-01
   outer loop
     vertex -1.549921e+01  1.728933e+00  1.200000e+00
     vertex -1.509975e+01  1.897246e+00  9.000000e-01
     vertex -1.522835e+01  1.626211e+00  1.200000e+00
   endloop
 endfacet
 facet normal -2.511504e-01 -6.622292e-01 -7.059575e-01
   outer loop
     vertex -1.549921e+01  1.728933e+00  1.200000e+00
     vertex -1.522835e+01  1.626211e+00  1.200000e+00
     vertex -1.535696e+01  1.355176e+00  1.500000e+00
   endloop
 endfacet
 facet normal  1.941806e-01 -6.703891e-01 -7.161510e-01
   outer loop
     vertex -1.695743e+01  2.524544e+00  3.000000e-01
     vertex -1.676266e+01  2.901441e+00  0.000000e+00
     vertex -1.654007e+01  2.645435e+00  3.000000e-01
   endloop
 endfacet
 facet normal  2.191425e-01 -6.744512e-01 -7.050476e-01
   outer loop
     vertex -1.695743e+01  2.524544e+00  3.000000e-01
     vertex -1.708842e+01  2.795592e+00  0.000000e+00
     vertex -1.676266e+01  2.901441e+00  0.000000e+00
   endloop
 endfacet
 facet normal  2.932686e-01 -6.421687e-01 -7.082464e-01
   outer loop
     vertex -1.695743e+01  2.524544e+00  3.000000e-01
     vertex -1.740000e+01  2.653299e+00  0.000000e+00
     vertex -1.708842e+01  2.795592e+00  0.000000e+00
   endloop
 endfacet
 facet normal  8.537061e-02 -7.030902e-01 -7.059575e-01
   outer loop
     vertex -1.648006e+01  2.351498e+00  6.000000e-01
     vertex -1.654007e+01  2.645435e+00  3.000000e-01
     vertex -1.610872e+01  2.697810e+00  3.000000e-01
   endloop
 endfacet
 facet normal  8.537061e-02 -7.030902e-01 -7.059575e-01
   outer loop
     vertex -1.648006e+01  2.351498e+00  6.000000e-01
     vertex -1.610872e+01  2.697810e+00  3.000000e-01
     vertex -1.609664e+01  2.398054e+00  6.000000e-01
   endloop
 endfacet
 facet normal -2.851852e-02 -7.076798e-01 -7.059575e-01
   outer loop
     vertex -1.608456e+01  2.098297e+00  9.000000e-01
     vertex -1.571071e+01  2.382501e+00  6.000000e-01
     vertex -1.574687e+01  2.084689e+00  9.000000e-01
   endloop
 endfacet
 facet normal -2.851852e-02 -7.076798e-01 -7.059575e-01
   outer loop
     vertex -1.608456e+01  2.098297e+00  9.000000e-01
     vertex -1.609664e+01  2.398054e+00  6.000000e-01
     vertex -1.571071e+01  2.382501e+00  6.000000e-01
   endloop
 endfacet
 facet normal -1.416690e-01 -6.939408e-01 -7.059575e-01
   outer loop
     vertex -1.578303e+01  1.786876e+00  1.200000e+00
     vertex -1.558267e+01  1.440777e+00  1.500000e+00
     vertex -1.581919e+01  1.489063e+00  1.500000e+00
   endloop
 endfacet
 facet normal -1.416690e-01 -6.939408e-01 -7.059575e-01
   outer loop
     vertex -1.578303e+01  1.786876e+00  1.200000e+00
     vertex -1.549921e+01  1.728933e+00  1.200000e+00
     vertex -1.558267e+01  1.440777e+00  1.500000e+00
   endloop
 endfacet
 facet normal -1.416690e-01 -6.939408e-01 -7.059575e-01
   outer loop
     vertex -1.578303e+01  1.786876e+00  1.200000e+00
     vertex -1.574687e+01  2.084689e+00  9.000000e-01
     vertex -1.541574e+01  2.017088e+00  9.000000e-01
   endloop
 endfacet
 facet normal -1.416690e-01 -6.939408e-01 -7.059575e-01
   outer loop
     vertex -1.578303e+01  1.786876e+00  1.200000e+00
     vertex -1.541574e+01  2.017088e+00  9.000000e-01
     vertex -1.549921e+01  1.728933e+00  1.200000e+00
   endloop
 endfacet
 facet normal  3.000906e-01 -6.324275e-01 -7.141296e-01
   outer loop
     vertex -1.735000e+01  2.338269e+00  3.000000e-01
     vertex -1.740000e+01  2.653299e+00  0.000000e+00
     vertex -1.695743e+01  2.524544e+00  3.000000e-01
   endloop
 endfacet
 facet normal  3.678377e-01 -6.099903e-01 -7.018599e-01
   outer loop
     vertex -1.735000e+01  2.338269e+00  3.000000e-01
     vertex -1.769333e+01  2.476416e+00  0.000000e+00
     vertex -1.740000e+01  2.653299e+00  0.000000e+00
   endloop
 endfacet
 facet normal  1.970487e-01 -6.802910e-01 -7.059575e-01
   outer loop
     vertex -1.685105e+01  2.244039e+00  6.000000e-01
     vertex -1.654007e+01  2.645435e+00  3.000000e-01
     vertex -1.648006e+01  2.351498e+00  6.000000e-01
   endloop
 endfacet
 facet normal  1.970487e-01 -6.802910e-01 -7.059575e-01
   outer loop
     vertex -1.685105e+01  2.244039e+00  6.000000e-01
     vertex -1.695743e+01  2.524544e+00  3.000000e-01
     vertex -1.654007e+01  2.645435e+00  3.000000e-01
   endloop
 endfacet
 facet normal  8.537061e-02 -7.030902e-01 -7.059575e-01
   outer loop
     vertex -1.642005e+01  2.057560e+00  9.000000e-01
     vertex -1.609664e+01  2.398054e+00  6.000000e-01
     vertex -1.608456e+01  2.098297e+00  9.000000e-01
   endloop
 endfacet
 facet normal  8.537061e-02 -7.030902e-01 -7.059575e-01
   outer loop
     vertex -1.642005e+01  2.057560e+00  9.000000e-01
     vertex -1.648006e+01  2.351498e+00  6.000000e-01
     vertex -1.609664e+01  2.398054e+00  6.000000e-01
   endloop
 endfacet
 facet normal -2.851852e-02 -7.076798e-01 -7.059575e-01
   outer loop
     vertex -1.607248e+01  1.798540e+00  1.200000e+00
     vertex -1.581919e+01  1.489063e+00  1.500000e+00
     vertex -1.606040e+01  1.498783e+00  1.500000e+00
   endloop
 endfacet
 facet normal  8.537061e-02 -7.030902e-01 -7.059575e-01
   outer loop
     vertex -1.607248e+01  1.798540e+00  1.200000e+00
     vertex -1.642005e+01  2.057560e+00  9.000000e-01
     vertex -1.608456e+01  2.098297e+00  9.000000e-01
   endloop
 endfacet
 facet normal -2.851852e-02 -7.076798e-01 -7.059575e-01
   outer loop
     vertex -1.607248e+01  1.798540e+00  1.200000e+00
     vertex -1.608456e+01  2.098297e+00  9.000000e-01
     vertex -1.574687e+01  2.084689e+00  9.000000e-01
   endloop
 endfacet
 facet normal -2.851852e-02 -7.076798e-01 -7.059575e-01
   outer loop
     vertex -1.607248e+01  1.798540e+00  1.200000e+00
     vertex -1.574687e+01  2.084689e+00  9.000000e-01
     vertex -1.578303e+01  1.786876e+00  1.200000e+00
   endloop
 endfacet
 facet normal -2.851852e-02 -7.076798e-01 -7.059575e-01
   outer loop
     vertex -1.607248e+01  1.798540e+00  1.200000e+00
     vertex -1.578303e+01  1.786876e+00  1.200000e+00
     vertex -1.581919e+01  1.489063e+00  1.500000e+00
   endloop
 endfacet
 facet normal  3.958835e-01 -5.735363e-01 -7.171697e-01
   outer loop
     vertex -1.770760e+01  2.091433e+00  3.000000e-01
     vertex -1.769333e+01  2.476416e+00  0.000000e+00
     vertex -1.735000e+01  2.338269e+00  3.000000e-01
   endloop
 endfacet
 facet normal  4.345708e-01 -5.635615e-01 -7.025287e-01
   outer loop
     vertex -1.770760e+01  2.091433e+00  3.000000e-01
     vertex -1.796458e+01  2.267249e+00  0.000000e+00
     vertex -1.769333e+01  2.476416e+00  0.000000e+00
   endloop
 endfacet
 facet normal  3.036233e-01 -6.398725e-01 -7.059575e-01
   outer loop
     vertex -1.720000e+01  2.078461e+00  6.000000e-01
     vertex -1.735000e+01  2.338269e+00  3.000000e-01
     vertex -1.695743e+01  2.524544e+00  3.000000e-01
   endloop
 endfacet
 facet normal  3.036233e-01 -6.398725e-01 -7.059575e-01
   outer loop
     vertex -1.720000e+01  2.078461e+00  6.000000e-01
     vertex -1.695743e+01  2.524544e+00  3.000000e-01
     vertex -1.685105e+01  2.244039e+00  6.000000e-01
   endloop
 endfacet
 facet normal  1.970487e-01 -6.802910e-01 -7.059575e-01
   outer loop
     vertex -1.674467e+01  1.963534e+00  9.000000e-01
     vertex -1.685105e+01  2.244039e+00  6.000000e-01
     vertex -1.648006e+01  2.351498e+00  6.000000e-01
   endloop
 endfacet
 facet normal  1.970487e-01 -6.802910e-01 -7.059575e-01
   outer loop
     vertex -1.674467e+01  1.963534e+00  9.000000e-01
     vertex -1.648006e+01  2.351498e+00  6.000000e-01
     vertex -1.642005e+01  2.057560e+00  9.000000e-01
   endloop
 endfacet
 facet normal  8.537061e-02 -7.030902e-01 -7.059575e-01
   outer loop
     vertex -1.636005e+01  1.763623e+00  1.200000e+00
     vertex -1.606040e+01  1.498783e+00  1.500000e+00
     vertex -1.630004e+01  1.469686e+00  1.500000e+00
   endloop
 endfacet
 facet normal  8.537061e-02 -7.030902e-01 -7.059575e-01
   outer loop
     vertex -1.636005e+01  1.763623e+00  1.200000e+00
     vertex -1.642005e+01  2.057560e+00  9.000000e-01
     vertex -1.607248e+01  1.798540e+00  1.200000e+00
   endloop
 endfacet
 facet normal  8.537061e-02 -7.030902e-01 -7.059575e-01
   outer loop
     vertex -1.636005e+01  1.763623e+00  1.200000e+00
     vertex -1.607248e+01  1.798540e+00  1.200000e+00
     vertex -1.606040e+01  1.498783e+00  1.500000e+00
   endloop
 endfacet
 facet normal  4.859155e-01 -5.058916e-01 -7.127130e-01
   outer loop
     vertex -1.802098e+01  1.790431e+00  3.000000e-01
     vertex -1.796458e+01  2.267249e+00  0.000000e+00
     vertex -1.770760e+01  2.091433e+00  3.000000e-01
   endloop
 endfacet
 facet normal  4.906490e-01 -5.048659e-01 -7.101929e-01
   outer loop
     vertex -1.802098e+01  1.790431e+00  3.000000e-01
     vertex -1.821022e+01  2.028525e+00  0.000000e+00
     vertex -1.796458e+01  2.267249e+00  0.000000e+00
   endloop
 endfacet
 facet normal  5.499446e-01 -4.496875e-01 -7.038054e-01
   outer loop
     vertex -1.802098e+01  1.790431e+00  3.000000e-01
     vertex -1.842705e+01  1.763356e+00  0.000000e+00
     vertex -1.821022e+01  2.028525e+00  0.000000e+00
   endloop
 endfacet
 facet normal  4.023342e-01 -5.828818e-01 -7.059575e-01
   outer loop
     vertex -1.751787e+01  1.859052e+00  6.000000e-01
     vertex -1.770760e+01  2.091433e+00  3.000000e-01
     vertex -1.735000e+01  2.338269e+00  3.000000e-01
   endloop
 endfacet
 facet normal  4.023342e-01 -5.828818e-01 -7.059575e-01
   outer loop
     vertex -1.751787e+01  1.859052e+00  6.000000e-01
     vertex -1.735000e+01  2.338269e+00  3.000000e-01
     vertex -1.720000e+01  2.078461e+00  6.000000e-01
   endloop
 endfacet
 facet normal  3.036233e-01 -6.398725e-01 -7.059575e-01
   outer loop
     vertex -1.705000e+01  1.818653e+00  9.000000e-01
     vertex -1.720000e+01  2.078461e+00  6.000000e-01
     vertex -1.685105e+01  2.244039e+00  6.000000e-01
   endloop
 endfacet
 facet normal  3.036233e-01 -6.398725e-01 -7.059575e-01
   outer loop
     vertex -1.705000e+01  1.818653e+00  9.000000e-01
     vertex -1.685105e+01  2.244039e+00  6.000000e-01
     vertex -1.674467e+01  1.963534e+00  9.000000e-01
   endloop
 endfacet
 facet normal  1.970487e-01 -6.802910e-01 -7.059575e-01
   outer loop
     vertex -1.663829e+01  1.683029e+00  1.200000e+00
     vertex -1.630004e+01  1.469686e+00  1.500000e+00
     vertex -1.653191e+01  1.402524e+00  1.500000e+00
   endloop
 endfacet
 facet normal  1.970487e-01 -6.802910e-01 -7.059575e-01
   outer loop
     vertex -1.663829e+01  1.683029e+00  1.200000e+00
     vertex -1.636005e+01  1.763623e+00  1.200000e+00
     vertex -1.630004e+01  1.469686e+00  1.500000e+00
   endloop
 endfacet
 facet normal  1.970487e-01 -6.802910e-01 -7.059575e-01
   outer loop
     vertex -1.663829e+01  1.683029e+00  1.200000e+00
     vertex -1.674467e+01  1.963534e+00  9.000000e-01
     vertex -1.642005e+01  2.057560e+00  9.000000e-01
   endloop
 endfacet
 facet normal  1.970487e-01 -6.802910e-01 -7.059575e-01
   outer loop
     vertex -1.663829e+01  1.683029e+00  1.200000e+00
     vertex -1.642005e+01  2.057560e+00  9.000000e-01
     vertex -1.636005e+01  1.763623e+00  1.200000e+00
   endloop
 endfacet
 facet normal  5.574651e-01 -4.189078e-01 -7.167628e-01
   outer loop
     vertex -1.828201e+01  1.443058e+00  3.000000e-01
     vertex -1.842705e+01  1.763356e+00  0.000000e+00
     vertex -1.802098e+01  1.790431e+00  3.000000e-01
   endloop
 endfacet
 facet normal  5.996541e-01 -3.853743e-01 -7.013570e-01
   outer loop
     vertex -1.828201e+01  1.443058e+00  3.000000e-01
     vertex -1.861224e+01  1.475199e+00  0.000000e+00
     vertex -1.842705e+01  1.763356e+00  0.000000e+00
   endloop
 endfacet
 facet normal  4.906249e-01 -5.107946e-01 -7.059575e-01
   outer loop
     vertex -1.779643e+01  1.591494e+00  6.000000e-01
     vertex -1.802098e+01  1.790431e+00  3.000000e-01
     vertex -1.770760e+01  2.091433e+00  3.000000e-01
   endloop
 endfacet
 facet normal  4.906249e-01 -5.107946e-01 -7.059575e-01
   outer loop
     vertex -1.779643e+01  1.591494e+00  6.000000e-01
     vertex -1.770760e+01  2.091433e+00  3.000000e-01
     vertex -1.751787e+01  1.859052e+00  6.000000e-01
   endloop
 endfacet
 facet normal  4.023342e-01 -5.828818e-01 -7.059575e-01
   outer loop
     vertex -1.732814e+01  1.626670e+00  9.000000e-01
     vertex -1.751787e+01  1.859052e+00  6.000000e-01
     vertex -1.720000e+01  2.078461e+00  6.000000e-01
   endloop
 endfacet
 facet normal  4.023342e-01 -5.828818e-01 -7.059575e-01
   outer loop
     vertex -1.732814e+01  1.626670e+00  9.000000e-01
     vertex -1.720000e+01  2.078461e+00  6.000000e-01
     vertex -1.705000e+01  1.818653e+00  9.000000e-01
   endloop
 endfacet
 facet normal  3.036233e-01 -6.398725e-01 -7.059575e-01
   outer loop
     vertex -1.690000e+01  1.558846e+00  1.200000e+00
     vertex -1.653191e+01  1.402524e+00  1.500000e+00
     vertex -1.675000e+01  1.299038e+00  1.500000e+00
   endloop
 endfacet
 facet normal  3.036233e-01 -6.398725e-01 -7.059575e-01
   outer loop
     vertex -1.690000e+01  1.558846e+00  1.200000e+00
     vertex -1.663829e+01  1.683029e+00  1.200000e+00
     vertex -1.653191e+01  1.402524e+00  1.500000e+00
   endloop
 endfacet
 facet normal  3.036233e-01 -6.398725e-01 -7.059575e-01
   outer loop
     vertex -1.690000e+01  1.558846e+00  1.200000e+00
     vertex -1.705000e+01  1.818653e+00  9.000000e-01
     vertex -1.674467e+01  1.963534e+00  9.000000e-01
   endloop
 endfacet
 facet normal  3.036233e-01 -6.398725e-01 -7.059575e-01
   outer loop
     vertex -1.690000e+01  1.558846e+00  1.200000e+00
     vertex -1.674467e+01  1.963534e+00  9.000000e-01
     vertex -1.663829e+01  1.683029e+00  1.200000e+00
   endloop
 endfacet
 facet normal  4.023342e-01 -5.828818e-01 -7.059575e-01
   outer loop
     vertex -1.690000e+01  1.558846e+00  1.200000e+00
     vertex -1.732814e+01  1.626670e+00  9.000000e-01
     vertex -1.705000e+01  1.818653e+00  9.000000e-01
   endloop
 endfacet
 facet normal  6.185036e-01 -3.246157e-01 -7.155962e-01
   outer loop
     vertex -1.848394e+01  1.058310e+00  3.000000e-01
     vertex -1.861224e+01  1.475199e+00  0.000000e+00
     vertex -1.828201e+01  1.443058e+00  3.000000e-01
   endloop
 endfacet
 facet normal  6.355400e-01 -3.124740e-01 -7.060091e-01
   outer loop
     vertex -1.848394e+01  1.058310e+00  3.000000e-01
     vertex -1.876337e+01  1.167810e+00  0.000000e+00
     vertex -1.861224e+01  1.475199e+00  0.000000e+00
   endloop
 endfacet
 facet normal  6.660136e-01 -2.376332e-01 -7.070759e-01
   outer loop
     vertex -1.848394e+01  1.058310e+00  3.000000e-01
     vertex -1.887848e+01  8.451977e-01  0.000000e+00
     vertex -1.876337e+01  1.167810e+00  0.000000e+00
   endloop
 endfacet
 facet normal  5.662087e-01 -4.254782e-01 -7.059575e-01
   outer loop
     vertex -1.802846e+01  1.282718e+00  6.000000e-01
     vertex -1.828201e+01  1.443058e+00  3.000000e-01
     vertex -1.802098e+01  1.790431e+00  3.000000e-01
   endloop
 endfacet
 facet normal  5.662087e-01 -4.254782e-01 -7.059575e-01
   outer loop
     vertex -1.802846e+01  1.282718e+00  6.000000e-01
     vertex -1.802098e+01  1.790431e+00  3.000000e-01
     vertex -1.779643e+01  1.591494e+00  6.000000e-01
   endloop
 endfacet
 facet normal  4.906249e-01 -5.107946e-01 -7.059575e-01
   outer loop
     vertex -1.757187e+01  1.392558e+00  9.000000e-01
     vertex -1.779643e+01  1.591494e+00  6.000000e-01
     vertex -1.751787e+01  1.859052e+00  6.000000e-01
   endloop
 endfacet
 facet normal  4.906249e-01 -5.107946e-01 -7.059575e-01
   outer loop
     vertex -1.757187e+01  1.392558e+00  9.000000e-01
     vertex -1.751787e+01  1.859052e+00  6.000000e-01
     vertex -1.732814e+01  1.626670e+00  9.000000e-01
   endloop
 endfacet
 facet normal  4.023342e-01 -5.828818e-01 -7.059575e-01
   outer loop
     vertex -1.713840e+01  1.394289e+00  1.200000e+00
     vertex -1.675000e+01  1.299038e+00  1.500000e+00
     vertex -1.694867e+01  1.161907e+00  1.500000e+00
   endloop
 endfacet
 facet normal  4.023342e-01 -5.828818e-01 -7.059575e-01
   outer loop
     vertex -1.713840e+01  1.394289e+00  1.200000e+00
     vertex -1.690000e+01  1.558846e+00  1.200000e+00
     vertex -1.675000e+01  1.299038e+00  1.500000e+00
   endloop
 endfacet
 facet normal  4.023342e-01 -5.828818e-01 -7.059575e-01
   outer loop
     vertex -1.713840e+01  1.394289e+00  1.200000e+00
     vertex -1.732814e+01  1.626670e+00  9.000000e-01
     vertex -1.690000e+01  1.558846e+00  1.200000e+00
   endloop
 endfacet
 facet normal  6.940980e-01 -1.614056e-01 -7.015527e-01
   outer loop
     vertex -1.862154e+01  6.461523e-01  3.000000e-01
     vertex -1.895606e+01  5.115666e-01  0.000000e+00
     vertex -1.887848e+01  8.451977e-01  0.000000e+00
   endloop
 endfacet
 facet normal  6.632200e-01 -2.214154e-01 -7.149227e-01
   outer loop
     vertex -1.862154e+01  6.461523e-01  3.000000e-01
     vertex -1.887848e+01  8.451977e-01  0.000000e+00
     vertex -1.848394e+01  1.058310e+00  3.000000e-01
   endloop
 endfacet
 facet normal  6.271279e-01 -3.291421e-01 -7.059575e-01
   outer loop
     vertex -1.820795e+01  9.407199e-01  6.000000e-01
     vertex -1.848394e+01  1.058310e+00  3.000000e-01
     vertex -1.828201e+01  1.443058e+00  3.000000e-01
   endloop
 endfacet
 facet normal  6.271279e-01 -3.291421e-01 -7.059575e-01
   outer loop
     vertex -1.820795e+01  9.407199e-01  6.000000e-01
     vertex -1.828201e+01  1.443058e+00  3.000000e-01
     vertex -1.802846e+01  1.282718e+00  6.000000e-01
   endloop
 endfacet
 facet normal  5.662087e-01 -4.254782e-01 -7.059575e-01
   outer loop
     vertex -1.777490e+01  1.122378e+00  9.000000e-01
     vertex -1.802846e+01  1.282718e+00  6.000000e-01
     vertex -1.779643e+01  1.591494e+00  6.000000e-01
   endloop
 endfacet
 facet normal  5.662087e-01 -4.254782e-01 -7.059575e-01
   outer loop
     vertex -1.777490e+01  1.122378e+00  9.000000e-01
     vertex -1.779643e+01  1.591494e+00  6.000000e-01
     vertex -1.757187e+01  1.392558e+00  9.000000e-01
   endloop
 endfacet
 facet normal  6.271279e-01 -3.291421e-01 -7.059575e-01
   outer loop
     vertex -1.777490e+01  1.122378e+00  9.000000e-01
     vertex -1.820795e+01  9.407199e-01  6.000000e-01
     vertex -1.802846e+01  1.282718e+00  6.000000e-01
   endloop
 endfacet
 facet normal  4.906249e-01 -5.107946e-01 -7.059575e-01
   outer loop
     vertex -1.734732e+01  1.193621e+00  1.200000e+00
     vertex -1.694867e+01  1.161907e+00  1.500000e+00
     vertex -1.712277e+01  9.946840e-01  1.500000e+00
   endloop
 endfacet
 facet normal  4.906249e-01 -5.107946e-01 -7.059575e-01
   outer loop
     vertex -1.734732e+01  1.193621e+00  1.200000e+00
     vertex -1.713840e+01  1.394289e+00  1.200000e+00
     vertex -1.694867e+01  1.161907e+00  1.500000e+00
   endloop
 endfacet
 facet normal  4.906249e-01 -5.107946e-01 -7.059575e-01
   outer loop
     vertex -1.734732e+01  1.193621e+00  1.200000e+00
     vertex -1.757187e+01  1.392558e+00  9.000000e-01
     vertex -1.732814e+01  1.626670e+00  9.000000e-01
   endloop
 endfacet
 facet normal  4.906249e-01 -5.107946e-01 -7.059575e-01
   outer loop
     vertex -1.734732e+01  1.193621e+00  1.200000e+00
     vertex -1.732814e+01  1.626670e+00  9.000000e-01
     vertex -1.713840e+01  1.394289e+00  1.200000e+00
   endloop
 endfacet
 facet normal  5.662087e-01 -4.254782e-01 -7.059575e-01
   outer loop
     vertex -1.734732e+01  1.193621e+00  1.200000e+00
     vertex -1.777490e+01  1.122378e+00  9.000000e-01
     vertex -1.757187e+01  1.392558e+00  9.000000e-01
   endloop
 endfacet
 facet normal  7.064437e-01 -8.105686e-02 -7.031124e-01
   outer loop
     vertex -1.869124e+01  2.172597e-01  3.000000e-01
     vertex -1.899511e+01  1.712664e-01  0.000000e+00
     vertex -1.895606e+01  5.115666e-01  0.000000e+00
   endloop
 endfacet
 facet normal  6.880214e-01 -1.118144e-01 -7.170245e-01
   outer loop
     vertex -1.869124e+01  2.172597e-01  3.000000e-01
     vertex -1.895606e+01  5.115666e-01  0.000000e+00
     vertex -1.862154e+01  6.461523e-01  3.000000e-01
   endloop
 endfacet
 facet normal  6.718049e-01 -2.242814e-01 -7.059575e-01
   outer loop
     vertex -1.833026e+01  5.743576e-01  6.000000e-01
     vertex -1.862154e+01  6.461523e-01  3.000000e-01
     vertex -1.848394e+01  1.058310e+00  3.000000e-01
   endloop
 endfacet
 facet normal  6.718049e-01 -2.242814e-01 -7.059575e-01
   outer loop
     vertex -1.833026e+01  5.743576e-01  6.000000e-01
     vertex -1.848394e+01  1.058310e+00  3.000000e-01
     vertex -1.820795e+01  9.407199e-01  6.000000e-01
   endloop
 endfacet
 facet normal  6.271279e-01 -3.291421e-01 -7.059575e-01
   outer loop
     vertex -1.793196e+01  8.231299e-01  9.000000e-01
     vertex -1.820795e+01  9.407199e-01  6.000000e-01
     vertex -1.777490e+01  1.122378e+00  9.000000e-01
   endloop
 endfacet
 facet normal  5.662087e-01 -4.254782e-01 -7.059575e-01
   outer loop
     vertex -1.752134e+01  9.620385e-01  1.200000e+00
     vertex -1.712277e+01  9.946840e-01  1.500000e+00
     vertex -1.726779e+01  8.016987e-01  1.500000e+00
   endloop
 endfacet
 facet normal  5.662087e-01 -4.254782e-01 -7.059575e-01
   outer loop
     vertex -1.752134e+01  9.620385e-01  1.200000e+00
     vertex -1.734732e+01  1.193621e+00  1.200000e+00
     vertex -1.712277e+01  9.946840e-01  1.500000e+00
   endloop
 endfacet
 facet normal  5.662087e-01 -4.254782e-01 -7.059575e-01
   outer loop
     vertex -1.752134e+01  9.620385e-01  1.200000e+00
     vertex -1.777490e+01  1.122378e+00  9.000000e-01
     vertex -1.734732e+01  1.193621e+00  1.200000e+00
   endloop
 endfacet
 facet normal  7.025694e-01  0.000000e+00 -7.116152e-01
   outer loop
     vertex -1.869124e+01 -2.172597e-01  3.000000e-01
     vertex -1.899511e+01  1.712664e-01  0.000000e+00
     vertex -1.869124e+01  2.172597e-01  3.000000e-01
   endloop
 endfacet
 facet normal  7.025694e-01  7.305950e-15 -7.116152e-01
   outer loop
     vertex -1.869124e+01 -2.172597e-01  3.000000e-01
     vertex -1.899511e+01 -1.712664e-01  0.000000e+00
     vertex -1.899511e+01  1.712664e-01  0.000000e+00
   endloop
 endfacet
 facet normal  7.064437e-01  8.105686e-02 -7.031124e-01
   outer loop
     vertex -1.869124e+01 -2.172597e-01  3.000000e-01
     vertex -1.895606e+01 -5.115666e-01  0.000000e+00
     vertex -1.899511e+01 -1.712664e-01  0.000000e+00
   endloop
 endfacet
 facet normal  6.990825e-01 -1.136120e-01 -7.059575e-01
   outer loop
     vertex -1.839222e+01  1.931198e-01  6.000000e-01
     vertex -1.869124e+01  2.172597e-01  3.000000e-01
     vertex -1.862154e+01  6.461523e-01  3.000000e-01
   endloop
 endfacet
 facet normal  6.990825e-01 -1.136120e-01 -7.059575e-01
   outer loop
     vertex -1.839222e+01  1.931198e-01  6.000000e-01
     vertex -1.862154e+01  6.461523e-01  3.000000e-01
     vertex -1.833026e+01  5.743576e-01  6.000000e-01
   endloop
 endfacet
 facet normal  6.718049e-01 -2.242814e-01 -7.059575e-01
   outer loop
     vertex -1.803898e+01  5.025629e-01  9.000000e-01
     vertex -1.820795e+01  9.407199e-01  6.000000e-01
     vertex -1.793196e+01  8.231299e-01  9.000000e-01
   endloop
 endfacet
 facet normal  6.718049e-01 -2.242814e-01 -7.059575e-01
   outer loop
     vertex -1.803898e+01  5.025629e-01  9.000000e-01
     vertex -1.833026e+01  5.743576e-01  6.000000e-01
     vertex -1.820795e+01  9.407199e-01  6.000000e-01
   endloop
 endfacet
 facet normal  6.271279e-01 -3.291421e-01 -7.059575e-01
   outer loop
     vertex -1.765596e+01  7.055399e-01  1.200000e+00
     vertex -1.793196e+01  8.231299e-01  9.000000e-01
     vertex -1.777490e+01  1.122378e+00  9.000000e-01
   endloop
 endfacet
 facet normal  6.271279e-01 -3.291421e-01 -7.059575e-01
   outer loop
     vertex -1.765596e+01  7.055399e-01  1.200000e+00
     vertex -1.726779e+01  8.016987e-01  1.500000e+00
     vertex -1.737997e+01  5.879499e-01  1.500000e+00
   endloop
 endfacet
 facet normal  6.271279e-01 -3.291421e-01 -7.059575e-01
   outer loop
     vertex -1.765596e+01  7.055399e-01  1.200000e+00
     vertex -1.752134e+01  9.620385e-01  1.200000e+00
     vertex -1.726779e+01  8.016987e-01  1.500000e+00
   endloop
 endfacet
 facet normal  6.271279e-01 -3.291421e-01 -7.059575e-01
   outer loop
     vertex -1.765596e+01  7.055399e-01  1.200000e+00
     vertex -1.777490e+01  1.122378e+00  9.000000e-01
     vertex -1.752134e+01  9.620385e-01  1.200000e+00
   endloop
 endfacet
 facet normal  6.880214e-01  1.118144e-01 -7.170245e-01
   outer loop
     vertex -1.862154e+01 -6.461523e-01  3.000000e-01
     vertex -1.895606e+01 -5.115666e-01  0.000000e+00
     vertex -1.869124e+01 -2.172597e-01  3.000000e-01
   endloop
 endfacet
 facet normal  6.940980e-01  1.614056e-01 -7.015527e-01
   outer loop
     vertex -1.862154e+01 -6.461523e-01  3.000000e-01
     vertex -1.887848e+01 -8.451977e-01  0.000000e+00
     vertex -1.895606e+01 -5.115666e-01  0.000000e+00
   endloop
 endfacet
 facet normal  6.990825e-01  1.136120e-01 -7.059575e-01
   outer loop
     vertex -1.839222e+01 -1.931198e-01  6.000000e-01
     vertex -1.862154e+01 -6.461523e-01  3.000000e-01
     vertex -1.869124e+01 -2.172597e-01  3.000000e-01
   endloop
 endfacet
 facet normal  7.082542e-01  0.000000e+00 -7.059575e-01
   outer loop
     vertex -1.839222e+01 -1.931198e-01  6.000000e-01
     vertex -1.869124e+01 -2.172597e-01  3.000000e-01
     vertex -1.869124e+01  2.172597e-01  3.000000e-01
   endloop
 endfacet
 facet normal  7.082542e-01  0.000000e+00 -7.059575e-01
   outer loop
     vertex -1.839222e+01 -1.931198e-01  6.000000e-01
     vertex -1.869124e+01  2.172597e-01  3.000000e-01
     vertex -1.839222e+01  1.931198e-01  6.000000e-01
   endloop
 endfacet
 facet normal  6.990825e-01 -1.136120e-01 -7.059575e-01
   outer loop
     vertex -1.809319e+01  1.689798e-01  9.000000e-01
     vertex -1.833026e+01  5.743576e-01  6.000000e-01
     vertex -1.803898e+01  5.025629e-01  9.000000e-01
   endloop
 endfacet
 facet normal  6.990825e-01 -1.136120e-01 -7.059575e-01
   outer loop
     vertex -1.809319e+01  1.689798e-01  9.000000e-01
     vertex -1.839222e+01  1.931198e-01  6.000000e-01
     vertex -1.833026e+01  5.743576e-01  6.000000e-01
   endloop
 endfacet
 facet normal  7.082542e-01  0.000000e+00 -7.059575e-01
   outer loop
     vertex -1.809319e+01  1.689798e-01  9.000000e-01
     vertex -1.839222e+01 -1.931198e-01  6.000000e-01
     vertex -1.839222e+01  1.931198e-01  6.000000e-01
   endloop
 endfacet
 facet normal  6.718049e-01 -2.242814e-01 -7.059575e-01
   outer loop
     vertex -1.774770e+01  4.307682e-01  1.200000e+00
     vertex -1.765596e+01  7.055399e-01  1.200000e+00
     vertex -1.737997e+01  5.879499e-01  1.500000e+00
   endloop
 endfacet
 facet normal  6.718049e-01 -2.242814e-01 -7.059575e-01
   outer loop
     vertex -1.774770e+01  4.307682e-01  1.200000e+00
     vertex -1.803898e+01  5.025629e-01  9.000000e-01
     vertex -1.793196e+01  8.231299e-01  9.000000e-01
   endloop
 endfacet
 facet normal  6.990825e-01 -1.136120e-01 -7.059575e-01
   outer loop
     vertex -1.774770e+01  4.307682e-01  1.200000e+00
     vertex -1.809319e+01  1.689798e-01  9.000000e-01
     vertex -1.803898e+01  5.025629e-01  9.000000e-01
   endloop
 endfacet
 facet normal  6.718049e-01 -2.242814e-01 -7.059575e-01
   outer loop
     vertex -1.774770e+01  4.307682e-01  1.200000e+00
     vertex -1.737997e+01  5.879499e-01  1.500000e+00
     vertex -1.745641e+01  3.589735e-01  1.500000e+00
   endloop
 endfacet
 facet normal  6.718049e-01 -2.242814e-01 -7.059575e-01
   outer loop
     vertex -1.774770e+01  4.307682e-01  1.200000e+00
     vertex -1.793196e+01  8.231299e-01  9.000000e-01
     vertex -1.765596e+01  7.055399e-01  1.200000e+00
   endloop
 endfacet
 facet normal  6.632200e-01  2.214154e-01 -7.149227e-01
   outer loop
     vertex -1.848394e+01 -1.058310e+00  3.000000e-01
     vertex -1.887848e+01 -8.451977e-01  0.000000e+00
     vertex -1.862154e+01 -6.461523e-01  3.000000e-01
   endloop
 endfacet
 facet normal  6.660136e-01  2.376332e-01 -7.070759e-01
   outer loop
     vertex -1.848394e+01 -1.058310e+00  3.000000e-01
     vertex -1.876337e+01 -1.167810e+00  0.000000e+00
     vertex -1.887848e+01 -8.451977e-01  0.000000e+00
   endloop
 endfacet
 facet normal  6.355400e-01  3.124740e-01 -7.060091e-01
   outer loop
     vertex -1.848394e+01 -1.058310e+00  3.000000e-01
     vertex -1.861224e+01 -1.475199e+00  0.000000e+00
     vertex -1.876337e+01 -1.167810e+00  0.000000e+00
   endloop
 endfacet
 facet normal  6.990825e-01  1.136120e-01 -7.059575e-01
   outer loop
     vertex -1.833026e+01 -5.743576e-01  6.000000e-01
     vertex -1.862154e+01 -6.461523e-01  3.000000e-01
     vertex -1.839222e+01 -1.931198e-01  6.000000e-01
   endloop
 endfacet
 facet normal  7.082542e-01  0.000000e+00 -7.059575e-01
   outer loop
     vertex -1.809319e+01 -1.689798e-01  9.000000e-01
     vertex -1.839222e+01 -1.931198e-01  6.000000e-01
     vertex -1.809319e+01  1.689798e-01  9.000000e-01
   endloop
 endfacet
 facet normal  6.990825e-01  1.136120e-01 -7.059575e-01
   outer loop
     vertex -1.809319e+01 -1.689798e-01  9.000000e-01
     vertex -1.833026e+01 -5.743576e-01  6.000000e-01
     vertex -1.839222e+01 -1.931198e-01  6.000000e-01
   endloop
 endfacet
 facet normal  6.990825e-01 -1.136120e-01 -7.059575e-01
   outer loop
     vertex -1.779416e+01  1.448398e-01  1.200000e+00
     vertex -1.745641e+01  3.589735e-01  1.500000e+00
     vertex -1.749514e+01  1.206999e-01  1.500000e+00
   endloop
 endfacet
 facet normal  7.082542e-01  0.000000e+00 -7.059575e-01
   outer loop
     vertex -1.779416e+01  1.448398e-01  1.200000e+00
     vertex -1.809319e+01 -1.689798e-01  9.000000e-01
     vertex -1.809319e+01  1.689798e-01  9.000000e-01
   endloop
 endfacet
 facet normal  6.990825e-01 -1.136120e-01 -7.059575e-01
   outer loop
     vertex -1.779416e+01  1.448398e-01  1.200000e+00
     vertex -1.809319e+01  1.689798e-01  9.000000e-01
     vertex -1.774770e+01  4.307682e-01  1.200000e+00
   endloop
 endfacet
 facet normal  6.990825e-01 -1.136120e-01 -7.059575e-01
   outer loop
     vertex -1.779416e+01  1.448398e-01  1.200000e+00
     vertex -1.774770e+01  4.307682e-01  1.200000e+00
     vertex -1.745641e+01  3.589735e-01  1.500000e+00
   endloop
 endfacet
 facet normal  6.185036e-01  3.246157e-01 -7.155962e-01
   outer loop
     vertex -1.828201e+01 -1.443058e+00  3.000000e-01
     vertex -1.861224e+01 -1.475199e+00  0.000000e+00
     vertex -1.848394e+01 -1.058310e+00  3.000000e-01
   endloop
 endfacet
 facet normal  5.996541e-01  3.853743e-01 -7.013570e-01
   outer loop
     vertex -1.828201e+01 -1.443058e+00  3.000000e-01
     vertex -1.842705e+01 -1.763356e+00  0.000000e+00
     vertex -1.861224e+01 -1.475199e+00  0.000000e+00
   endloop
 endfacet
 facet normal  6.718049e-01  2.242814e-01 -7.059575e-01
   outer loop
     vertex -1.820795e+01 -9.407199e-01  6.000000e-01
     vertex -1.848394e+01 -1.058310e+00  3.000000e-01
     vertex -1.862154e+01 -6.461523e-01  3.000000e-01
   endloop
 endfacet
 facet normal  6.718049e-01  2.242814e-01 -7.059575e-01
   outer loop
     vertex -1.820795e+01 -9.407199e-01  6.000000e-01
     vertex -1.862154e+01 -6.461523e-01  3.000000e-01
     vertex -1.833026e+01 -5.743576e-01  6.000000e-01
   endloop
 endfacet
 facet normal  6.990825e-01  1.136120e-01 -7.059575e-01
   outer loop
     vertex -1.803898e+01 -5.025629e-01  9.000000e-01
     vertex -1.833026e+01 -5.743576e-01  6.000000e-01
     vertex -1.809319e+01 -1.689798e-01  9.000000e-01
   endloop
 endfacet
 facet normal  7.082542e-01  0.000000e+00 -7.059575e-01
   outer loop
     vertex -1.779416e+01 -1.448398e-01  1.200000e+00
     vertex -1.779416e+01  1.448398e-01  1.200000e+00
     vertex -1.749514e+01  1.206999e-01  1.500000e+00
   endloop
 endfacet
 facet normal  7.082542e-01  0.000000e+00 -7.059575e-01
   outer loop
     vertex -1.779416e+01 -1.448398e-01  1.200000e+00
     vertex -1.749514e+01  1.206999e-01  1.500000e+00
     vertex -1.749514e+01 -1.206999e-01  1.500000e+00
   endloop
 endfacet
 facet normal  7.082542e-01  0.000000e+00 -7.059575e-01
   outer loop
     vertex -1.779416e+01 -1.448398e-01  1.200000e+00
     vertex -1.809319e+01 -1.689798e-01  9.000000e-01
     vertex -1.779416e+01  1.448398e-01  1.200000e+00
   endloop
 endfacet
 facet normal  5.574651e-01  4.189078e-01 -7.167628e-01
   outer loop
     vertex -1.802098e+01 -1.790431e+00  3.000000e-01
     vertex -1.842705e+01 -1.763356e+00  0.000000e+00
     vertex -1.828201e+01 -1.443058e+00  3.000000e-01
   endloop
 endfacet
 facet normal  5.499446e-01  4.496875e-01 -7.038054e-01
   outer loop
     vertex -1.802098e+01 -1.790431e+00  3.000000e-01
     vertex -1.821022e+01 -2.028525e+00  0.000000e+00
     vertex -1.842705e+01 -1.763356e+00  0.000000e+00
   endloop
 endfacet
 facet normal  4.906490e-01  5.048659e-01 -7.101929e-01
   outer loop
     vertex -1.802098e+01 -1.790431e+00  3.000000e-01
     vertex -1.796458e+01 -2.267249e+00  0.000000e+00
     vertex -1.821022e+01 -2.028525e+00  0.000000e+00
   endloop
 endfacet
 facet normal  6.271279e-01  3.291421e-01 -7.059575e-01
   outer loop
     vertex -1.802846e+01 -1.282718e+00  6.000000e-01
     vertex -1.848394e+01 -1.058310e+00  3.000000e-01
     vertex -1.820795e+01 -9.407199e-01  6.000000e-01
   endloop
 endfacet
 facet normal  6.271279e-01  3.291421e-01 -7.059575e-01
   outer loop
     vertex -1.802846e+01 -1.282718e+00  6.000000e-01
     vertex -1.828201e+01 -1.443058e+00  3.000000e-01
     vertex -1.848394e+01 -1.058310e+00  3.000000e-01
   endloop
 endfacet
 facet normal  6.718049e-01  2.242814e-01 -7.059575e-01
   outer loop
     vertex -1.793196e+01 -8.231299e-01  9.000000e-01
     vertex -1.820795e+01 -9.407199e-01  6.000000e-01
     vertex -1.833026e+01 -5.743576e-01  6.000000e-01
   endloop
 endfacet
 facet normal  6.718049e-01  2.242814e-01 -7.059575e-01
   outer loop
     vertex -1.793196e+01 -8.231299e-01  9.000000e-01
     vertex -1.833026e+01 -5.743576e-01  6.000000e-01
     vertex -1.803898e+01 -5.025629e-01  9.000000e-01
   endloop
 endfacet
 facet normal  6.990825e-01  1.136120e-01 -7.059575e-01
   outer loop
     vertex -1.774770e+01 -4.307682e-01  1.200000e+00
     vertex -1.749514e+01 -1.206999e-01  1.500000e+00
     vertex -1.745641e+01 -3.589735e-01  1.500000e+00
   endloop
 endfacet
 facet normal  6.990825e-01  1.136120e-01 -7.059575e-01
   outer loop
     vertex -1.774770e+01 -4.307682e-01  1.200000e+00
     vertex -1.779416e+01 -1.448398e-01  1.200000e+00
     vertex -1.749514e+01 -1.206999e-01  1.500000e+00
   endloop
 endfacet
 facet normal  6.990825e-01  1.136120e-01 -7.059575e-01
   outer loop
     vertex -1.774770e+01 -4.307682e-01  1.200000e+00
     vertex -1.803898e+01 -5.025629e-01  9.000000e-01
     vertex -1.809319e+01 -1.689798e-01  9.000000e-01
   endloop
 endfacet
 facet normal  6.990825e-01  1.136120e-01 -7.059575e-01
   outer loop
     vertex -1.774770e+01 -4.307682e-01  1.200000e+00
     vertex -1.809319e+01 -1.689798e-01  9.000000e-01
     vertex -1.779416e+01 -1.448398e-01  1.200000e+00
   endloop
 endfacet
 facet normal  4.859155e-01  5.058916e-01 -7.127130e-01
   outer loop
     vertex -1.770760e+01 -2.091433e+00  3.000000e-01
     vertex -1.796458e+01 -2.267249e+00  0.000000e+00
     vertex -1.802098e+01 -1.790431e+00  3.000000e-01
   endloop
 endfacet
 facet normal  4.345708e-01  5.635615e-01 -7.025287e-01
   outer loop
     vertex -1.770760e+01 -2.091433e+00  3.000000e-01
     vertex -1.769333e+01 -2.476416e+00  0.000000e+00
     vertex -1.796458e+01 -2.267249e+00  0.000000e+00
   endloop
 endfacet
 facet normal  5.662087e-01  4.254782e-01 -7.059575e-01
   outer loop
     vertex -1.779643e+01 -1.591494e+00  6.000000e-01
     vertex -1.802098e+01 -1.790431e+00  3.000000e-01
     vertex -1.828201e+01 -1.443058e+00  3.000000e-01
   endloop
 endfacet
 facet normal  5.662087e-01  4.254782e-01 -7.059575e-01
   outer loop
     vertex -1.779643e+01 -1.591494e+00  6.000000e-01
     vertex -1.828201e+01 -1.443058e+00  3.000000e-01
     vertex -1.802846e+01 -1.282718e+00  6.000000e-01
   endloop
 endfacet
 facet normal  6.271279e-01  3.291421e-01 -7.059575e-01
   outer loop
     vertex -1.777490e+01 -1.122378e+00  9.000000e-01
     vertex -1.802846e+01 -1.282718e+00  6.000000e-01
     vertex -1.820795e+01 -9.407199e-01  6.000000e-01
   endloop
 endfacet
 facet normal  6.271279e-01  3.291421e-01 -7.059575e-01
   outer loop
     vertex -1.777490e+01 -1.122378e+00  9.000000e-01
     vertex -1.820795e+01 -9.407199e-01  6.000000e-01
     vertex -1.793196e+01 -8.231299e-01  9.000000e-01
   endloop
 endfacet
 facet normal  6.718049e-01  2.242814e-01 -7.059575e-01
   outer loop
     vertex -1.765596e+01 -7.055399e-01  1.200000e+00
     vertex -1.745641e+01 -3.589735e-01  1.500000e+00
     vertex -1.737997e+01 -5.879499e-01  1.500000e+00
   endloop
 endfacet
 facet normal  6.718049e-01  2.242814e-01 -7.059575e-01
   outer loop
     vertex -1.765596e+01 -7.055399e-01  1.200000e+00
     vertex -1.774770e+01 -4.307682e-01  1.200000e+00
     vertex -1.745641e+01 -3.589735e-01  1.500000e+00
   endloop
 endfacet
 facet normal  6.718049e-01  2.242814e-01 -7.059575e-01
   outer loop
     vertex -1.765596e+01 -7.055399e-01  1.200000e+00
     vertex -1.793196e+01 -8.231299e-01  9.000000e-01
     vertex -1.803898e+01 -5.025629e-01  9.000000e-01
   endloop
 endfacet
 facet normal  6.718049e-01  2.242814e-01 -7.059575e-01
   outer loop
     vertex -1.765596e+01 -7.055399e-01  1.200000e+00
     vertex -1.803898e+01 -5.025629e-01  9.000000e-01
     vertex -1.774770e+01 -4.307682e-01  1.200000e+00
   endloop
 endfacet
 facet normal  6.271279e-01  3.291421e-01 -7.059575e-01
   outer loop
     vertex -1.765596e+01 -7.055399e-01  1.200000e+00
     vertex -1.777490e+01 -1.122378e+00  9.000000e-01
     vertex -1.793196e+01 -8.231299e-01  9.000000e-01
   endloop
 endfacet
 facet normal  3.958835e-01  5.735363e-01 -7.171697e-01
   outer loop
     vertex -1.735000e+01 -2.338269e+00  3.000000e-01
     vertex -1.769333e+01 -2.476416e+00  0.000000e+00
     vertex -1.770760e+01 -2.091433e+00  3.000000e-01
   endloop
 endfacet
 facet normal  3.678377e-01  6.099903e-01 -7.018599e-01
   outer loop
     vertex -1.735000e+01 -2.338269e+00  3.000000e-01
     vertex -1.740000e+01 -2.653299e+00  0.000000e+00
     vertex -1.769333e+01 -2.476416e+00  0.000000e+00
   endloop
 endfacet
 facet normal  4.906249e-01  5.107946e-01 -7.059575e-01
   outer loop
     vertex -1.751787e+01 -1.859052e+00  6.000000e-01
     vertex -1.770760e+01 -2.091433e+00  3.000000e-01
     vertex -1.802098e+01 -1.790431e+00  3.000000e-01
   endloop
 endfacet
 facet normal  4.906249e-01  5.107946e-01 -7.059575e-01
   outer loop
     vertex -1.751787e+01 -1.859052e+00  6.000000e-01
     vertex -1.802098e+01 -1.790431e+00  3.000000e-01
     vertex -1.779643e+01 -1.591494e+00  6.000000e-01
   endloop
 endfacet
 facet normal  5.662087e-01  4.254782e-01 -7.059575e-01
   outer loop
     vertex -1.757187e+01 -1.392558e+00  9.000000e-01
     vertex -1.779643e+01 -1.591494e+00  6.000000e-01
     vertex -1.802846e+01 -1.282718e+00  6.000000e-01
   endloop
 endfacet
 facet normal  5.662087e-01  4.254782e-01 -7.059575e-01
   outer loop
     vertex -1.757187e+01 -1.392558e+00  9.000000e-01
     vertex -1.802846e+01 -1.282718e+00  6.000000e-01
     vertex -1.777490e+01 -1.122378e+00  9.000000e-01
   endloop
 endfacet
 facet normal  4.906249e-01  5.107946e-01 -7.059575e-01
   outer loop
     vertex -1.757187e+01 -1.392558e+00  9.000000e-01
     vertex -1.751787e+01 -1.859052e+00  6.000000e-01
     vertex -1.779643e+01 -1.591494e+00  6.000000e-01
   endloop
 endfacet
 facet normal  6.271279e-01  3.291421e-01 -7.059575e-01
   outer loop
     vertex -1.752134e+01 -9.620385e-01  1.200000e+00
     vertex -1.737997e+01 -5.879499e-01  1.500000e+00
     vertex -1.726779e+01 -8.016987e-01  1.500000e+00
   endloop
 endfacet
 facet normal  6.271279e-01  3.291421e-01 -7.059575e-01
   outer loop
     vertex -1.752134e+01 -9.620385e-01  1.200000e+00
     vertex -1.765596e+01 -7.055399e-01  1.200000e+00
     vertex -1.737997e+01 -5.879499e-01  1.500000e+00
   endloop
 endfacet
 facet normal  6.271279e-01  3.291421e-01 -7.059575e-01
   outer loop
     vertex -1.752134e+01 -9.620385e-01  1.200000e+00
     vertex -1.777490e+01 -1.122378e+00  9.000000e-01
     vertex -1.765596e+01 -7.055399e-01  1.200000e+00
   endloop
 endfacet
 facet normal  5.662087e-01  4.254782e-01 -7.059575e-01
   outer loop
     vertex -1.752134e+01 -9.620385e-01  1.200000e+00
     vertex -1.757187e+01 -1.392558e+00  9.000000e-01
     vertex -1.777490e+01 -1.122378e+00  9.000000e-01
   endloop
 endfacet
 facet normal  2.932686e-01  6.421687e-01 -7.082464e-01
   outer loop
     vertex -1.695743e+01 -2.524544e+00  3.000000e-01
     vertex -1.708842e+01 -2.795592e+00  0.000000e+00
     vertex -1.740000e+01 -2.653299e+00  0.000000e+00
   endloop
 endfacet
 facet normal  2.191425e-01  6.744512e-01 -7.050476e-01
   outer loop
     vertex -1.695743e+01 -2.524544e+00  3.000000e-01
     vertex -1.676266e+01 -2.901441e+00  0.000000e+00
     vertex -1.708842e+01 -2.795592e+00  0.000000e+00
   endloop
 endfacet
 facet normal  3.000906e-01  6.324275e-01 -7.141296e-01
   outer loop
     vertex -1.695743e+01 -2.524544e+00  3.000000e-01
     vertex -1.740000e+01 -2.653299e+00  0.000000e+00
     vertex -1.735000e+01 -2.338269e+00  3.000000e-01
   endloop
 endfacet
 facet normal  4.023342e-01  5.828818e-01 -7.059575e-01
   outer loop
     vertex -1.720000e+01 -2.078461e+00  6.000000e-01
     vertex -1.735000e+01 -2.338269e+00  3.000000e-01
     vertex -1.770760e+01 -2.091433e+00  3.000000e-01
   endloop
 endfacet
 facet normal  4.023342e-01  5.828818e-01 -7.059575e-01
   outer loop
     vertex -1.720000e+01 -2.078461e+00  6.000000e-01
     vertex -1.770760e+01 -2.091433e+00  3.000000e-01
     vertex -1.751787e+01 -1.859052e+00  6.000000e-01
   endloop
 endfacet
 facet normal  4.906249e-01  5.107946e-01 -7.059575e-01
   outer loop
     vertex -1.732814e+01 -1.626670e+00  9.000000e-01
     vertex -1.751787e+01 -1.859052e+00  6.000000e-01
     vertex -1.757187e+01 -1.392558e+00  9.000000e-01
   endloop
 endfacet
 facet normal  4.906249e-01  5.107946e-01 -7.059575e-01
   outer loop
     vertex -1.734732e+01 -1.193621e+00  1.200000e+00
     vertex -1.732814e+01 -1.626670e+00  9.000000e-01
     vertex -1.757187e+01 -1.392558e+00  9.000000e-01
   endloop
 endfacet
 facet normal  5.662087e-01  4.254782e-01 -7.059575e-01
   outer loop
     vertex -1.734732e+01 -1.193621e+00  1.200000e+00
     vertex -1.726779e+01 -8.016987e-01  1.500000e+00
     vertex -1.712277e+01 -9.946840e-01  1.500000e+00
   endloop
 endfacet
 facet normal  5.662087e-01  4.254782e-01 -7.059575e-01
   outer loop
     vertex -1.734732e+01 -1.193621e+00  1.200000e+00
     vertex -1.752134e+01 -9.620385e-01  1.200000e+00
     vertex -1.726779e+01 -8.016987e-01  1.500000e+00
   endloop
 endfacet
 facet normal  5.662087e-01  4.254782e-01 -7.059575e-01
   outer loop
     vertex -1.734732e+01 -1.193621e+00  1.200000e+00
     vertex -1.757187e+01 -1.392558e+00  9.000000e-01
     vertex -1.752134e+01 -9.620385e-01  1.200000e+00
   endloop
 endfacet
 facet normal  1.415737e-01  6.986937e-01 -7.012731e-01
   outer loop
     vertex -1.654007e+01 -2.645435e+00  3.000000e-01
     vertex -1.642694e+01 -2.969464e+00  0.000000e+00
     vertex -1.676266e+01 -2.901441e+00  0.000000e+00
   endloop
 endfacet
 facet normal  1.941806e-01  6.703891e-01 -7.161510e-01
   outer loop
     vertex -1.654007e+01 -2.645435e+00  3.000000e-01
     vertex -1.676266e+01 -2.901441e+00  0.000000e+00
     vertex -1.695743e+01 -2.524544e+00  3.000000e-01
   endloop
 endfacet
 facet normal  3.036233e-01  6.398725e-01 -7.059575e-01
   outer loop
     vertex -1.685105e+01 -2.244039e+00  6.000000e-01
     vertex -1.735000e+01 -2.338269e+00  3.000000e-01
     vertex -1.720000e+01 -2.078461e+00  6.000000e-01
   endloop
 endfacet
 facet normal  3.036233e-01  6.398725e-01 -7.059575e-01
   outer loop
     vertex -1.685105e+01 -2.244039e+00  6.000000e-01
     vertex -1.695743e+01 -2.524544e+00  3.000000e-01
     vertex -1.735000e+01 -2.338269e+00  3.000000e-01
   endloop
 endfacet
 facet normal  4.023342e-01  5.828818e-01 -7.059575e-01
   outer loop
     vertex -1.705000e+01 -1.818653e+00  9.000000e-01
     vertex -1.751787e+01 -1.859052e+00  6.000000e-01
     vertex -1.732814e+01 -1.626670e+00  9.000000e-01
   endloop
 endfacet
 facet normal  4.023342e-01  5.828818e-01 -7.059575e-01
   outer loop
     vertex -1.705000e+01 -1.818653e+00  9.000000e-01
     vertex -1.720000e+01 -2.078461e+00  6.000000e-01
     vertex -1.751787e+01 -1.859052e+00  6.000000e-01
   endloop
 endfacet
 facet normal  4.906249e-01  5.107946e-01 -7.059575e-01
   outer loop
     vertex -1.713840e+01 -1.394289e+00  1.200000e+00
     vertex -1.734732e+01 -1.193621e+00  1.200000e+00
     vertex -1.712277e+01 -9.946840e-01  1.500000e+00
   endloop
 endfacet
 facet normal  4.906249e-01  5.107946e-01 -7.059575e-01
   outer loop
     vertex -1.713840e+01 -1.394289e+00  1.200000e+00
     vertex -1.712277e+01 -9.946840e-01  1.500000e+00
     vertex -1.694867e+01 -1.161907e+00  1.500000e+00
   endloop
 endfacet
 facet normal  4.906249e-01  5.107946e-01 -7.059575e-01
   outer loop
     vertex -1.713840e+01 -1.394289e+00  1.200000e+00
     vertex -1.732814e+01 -1.626670e+00  9.000000e-01
     vertex -1.734732e+01 -1.193621e+00  1.200000e+00
   endloop
 endfacet
 facet normal  8.409916e-02  6.926189e-01 -7.163843e-01
   outer loop
     vertex -1.610872e+01 -2.697810e+00  3.000000e-01
     vertex -1.642694e+01 -2.969464e+00  0.000000e+00
     vertex -1.654007e+01 -2.645435e+00  3.000000e-01
   endloop
 endfacet
 facet normal  6.072386e-02  7.069951e-01 -7.046067e-01
   outer loop
     vertex -1.610872e+01 -2.697810e+00  3.000000e-01
     vertex -1.608567e+01 -2.998777e+00  0.000000e+00
     vertex -1.642694e+01 -2.969464e+00  0.000000e+00
   endloop
 endfacet
 facet normal -2.014170e-02  7.050515e-01 -7.088700e-01
   outer loop
     vertex -1.610872e+01 -2.697810e+00  3.000000e-01
     vertex -1.574327e+01 -2.988995e+00  0.000000e+00
     vertex -1.608567e+01 -2.998777e+00  0.000000e+00
   endloop
 endfacet
 facet normal  1.970487e-01  6.802910e-01 -7.059575e-01
   outer loop
     vertex -1.648006e+01 -2.351498e+00  6.000000e-01
     vertex -1.695743e+01 -2.524544e+00  3.000000e-01
     vertex -1.685105e+01 -2.244039e+00  6.000000e-01
   endloop
 endfacet
 facet normal  1.970487e-01  6.802910e-01 -7.059575e-01
   outer loop
     vertex -1.648006e+01 -2.351498e+00  6.000000e-01
     vertex -1.654007e+01 -2.645435e+00  3.000000e-01
     vertex -1.695743e+01 -2.524544e+00  3.000000e-01
   endloop
 endfacet
 facet normal  3.036233e-01  6.398725e-01 -7.059575e-01
   outer loop
     vertex -1.674467e+01 -1.963534e+00  9.000000e-01
     vertex -1.720000e+01 -2.078461e+00  6.000000e-01
     vertex -1.705000e+01 -1.818653e+00  9.000000e-01
   endloop
 endfacet
 facet normal  1.970487e-01  6.802910e-01 -7.059575e-01
   outer loop
     vertex -1.674467e+01 -1.963534e+00  9.000000e-01
     vertex -1.648006e+01 -2.351498e+00  6.000000e-01
     vertex -1.685105e+01 -2.244039e+00  6.000000e-01
   endloop
 endfacet
 facet normal  3.036233e-01  6.398725e-01 -7.059575e-01
   outer loop
     vertex -1.674467e+01 -1.963534e+00  9.000000e-01
     vertex -1.685105e+01 -2.244039e+00  6.000000e-01
     vertex -1.720000e+01 -2.078461e+00  6.000000e-01
   endloop
 endfacet
 facet normal  3.036233e-01  6.398725e-01 -7.059575e-01
   outer loop
     vertex -1.690000e+01 -1.558846e+00  1.200000e+00
     vertex -1.674467e+01 -1.963534e+00  9.000000e-01
     vertex -1.705000e+01 -1.818653e+00  9.000000e-01
   endloop
 endfacet
 facet normal  4.023342e-01  5.828818e-01 -7.059575e-01
   outer loop
     vertex -1.690000e+01 -1.558846e+00  1.200000e+00
     vertex -1.732814e+01 -1.626670e+00  9.000000e-01
     vertex -1.713840e+01 -1.394289e+00  1.200000e+00
   endloop
 endfacet
 facet normal  4.023342e-01  5.828818e-01 -7.059575e-01
   outer loop
     vertex -1.690000e+01 -1.558846e+00  1.200000e+00
     vertex -1.694867e+01 -1.161907e+00  1.500000e+00
     vertex -1.675000e+01 -1.299038e+00  1.500000e+00
   endloop
 endfacet
 facet normal  4.023342e-01  5.828818e-01 -7.059575e-01
   outer loop
     vertex -1.690000e+01 -1.558846e+00  1.200000e+00
     vertex -1.705000e+01 -1.818653e+00  9.000000e-01
     vertex -1.732814e+01 -1.626670e+00  9.000000e-01
   endloop
 endfacet
 facet normal  4.023342e-01  5.828818e-01 -7.059575e-01
   outer loop
     vertex -1.690000e+01 -1.558846e+00  1.200000e+00
     vertex -1.713840e+01 -1.394289e+00  1.200000e+00
     vertex -1.694867e+01 -1.161907e+00  1.500000e+00
   endloop
 endfacet
 facet normal -2.820484e-02  6.998958e-01 -7.136878e-01
   outer loop
     vertex -1.567455e+01 -2.680314e+00  3.000000e-01
     vertex -1.574327e+01 -2.988995e+00  0.000000e+00
     vertex -1.610872e+01 -2.697810e+00  3.000000e-01
   endloop
 endfacet
 facet normal -1.013456e-01  7.048742e-01 -7.020552e-01
   outer loop
     vertex -1.567455e+01 -2.680314e+00  3.000000e-01
     vertex -1.540423e+01 -2.940248e+00  0.000000e+00
     vertex -1.574327e+01 -2.988995e+00  0.000000e+00
   endloop
 endfacet
 facet normal  8.537061e-02  7.030902e-01 -7.059575e-01
   outer loop
     vertex -1.609664e+01 -2.398054e+00  6.000000e-01
     vertex -1.654007e+01 -2.645435e+00  3.000000e-01
     vertex -1.648006e+01 -2.351498e+00  6.000000e-01
   endloop
 endfacet
 facet normal  8.537061e-02  7.030902e-01 -7.059575e-01
   outer loop
     vertex -1.609664e+01 -2.398054e+00  6.000000e-01
     vertex -1.610872e+01 -2.697810e+00  3.000000e-01
     vertex -1.654007e+01 -2.645435e+00  3.000000e-01
   endloop
 endfacet
 facet normal  1.970487e-01  6.802910e-01 -7.059575e-01
   outer loop
     vertex -1.642005e+01 -2.057560e+00  9.000000e-01
     vertex -1.648006e+01 -2.351498e+00  6.000000e-01
     vertex -1.674467e+01 -1.963534e+00  9.000000e-01
   endloop
 endfacet
 facet normal  3.036233e-01  6.398725e-01 -7.059575e-01
   outer loop
     vertex -1.663829e+01 -1.683029e+00  1.200000e+00
     vertex -1.674467e+01 -1.963534e+00  9.000000e-01
     vertex -1.690000e+01 -1.558846e+00  1.200000e+00
   endloop
 endfacet
 facet normal  3.036233e-01  6.398725e-01 -7.059575e-01
   outer loop
     vertex -1.663829e+01 -1.683029e+00  1.200000e+00
     vertex -1.675000e+01 -1.299038e+00  1.500000e+00
     vertex -1.653191e+01 -1.402524e+00  1.500000e+00
   endloop
 endfacet
 facet normal  1.970487e-01  6.802910e-01 -7.059575e-01
   outer loop
     vertex -1.663829e+01 -1.683029e+00  1.200000e+00
     vertex -1.653191e+01 -1.402524e+00  1.500000e+00
     vertex -1.630004e+01 -1.469686e+00  1.500000e+00
   endloop
 endfacet
 facet normal  3.036233e-01  6.398725e-01 -7.059575e-01
   outer loop
     vertex -1.663829e+01 -1.683029e+00  1.200000e+00
     vertex -1.690000e+01 -1.558846e+00  1.200000e+00
     vertex -1.675000e+01 -1.299038e+00  1.500000e+00
   endloop
 endfacet
 facet normal -1.393916e-01  6.827854e-01 -7.171988e-01
   outer loop
     vertex -1.524881e+01 -2.593399e+00  3.000000e-01
     vertex -1.540423e+01 -2.940248e+00  0.000000e+00
     vertex -1.567455e+01 -2.680314e+00  3.000000e-01
   endloop
 endfacet
 facet normal -1.809787e-01  6.885144e-01 -7.022782e-01
   outer loop
     vertex -1.524881e+01 -2.593399e+00  3.000000e-01
     vertex -1.507295e+01 -2.853170e+00  0.000000e+00
     vertex -1.540423e+01 -2.940248e+00  0.000000e+00
   endloop
 endfacet
 facet normal -2.851852e-02  7.076798e-01 -7.059575e-01
   outer loop
     vertex -1.571071e+01 -2.382501e+00  6.000000e-01
     vertex -1.610872e+01 -2.697810e+00  3.000000e-01
     vertex -1.609664e+01 -2.398054e+00  6.000000e-01
   endloop
 endfacet
 facet normal -2.851852e-02  7.076798e-01 -7.059575e-01
   outer loop
     vertex -1.571071e+01 -2.382501e+00  6.000000e-01
     vertex -1.567455e+01 -2.680314e+00  3.000000e-01
     vertex -1.610872e+01 -2.697810e+00  3.000000e-01
   endloop
 endfacet
 facet normal  8.537061e-02  7.030902e-01 -7.059575e-01
   outer loop
     vertex -1.608456e+01 -2.098297e+00  9.000000e-01
     vertex -1.648006e+01 -2.351498e+00  6.000000e-01
     vertex -1.642005e+01 -2.057560e+00  9.000000e-01
   endloop
 endfacet
 facet normal  8.537061e-02  7.030902e-01 -7.059575e-01
   outer loop
     vertex -1.608456e+01 -2.098297e+00  9.000000e-01
     vertex -1.609664e+01 -2.398054e+00  6.000000e-01
     vertex -1.648006e+01 -2.351498e+00  6.000000e-01
   endloop
 endfacet
 facet normal  1.970487e-01  6.802910e-01 -7.059575e-01
   outer loop
     vertex -1.636005e+01 -1.763623e+00  1.200000e+00
     vertex -1.642005e+01 -2.057560e+00  9.000000e-01
     vertex -1.674467e+01 -1.963534e+00  9.000000e-01
   endloop
 endfacet
 facet normal  1.970487e-01  6.802910e-01 -7.059575e-01
   outer loop
     vertex -1.636005e+01 -1.763623e+00  1.200000e+00
     vertex -1.674467e+01 -1.963534e+00  9.000000e-01
     vertex -1.663829e+01 -1.683029e+00  1.200000e+00
   endloop
 endfacet
 facet normal  1.970487e-01  6.802910e-01 -7.059575e-01
   outer loop
     vertex -1.636005e+01 -1.763623e+00  1.200000e+00
     vertex -1.663829e+01 -1.683029e+00  1.200000e+00
     vertex -1.630004e+01 -1.469686e+00  1.500000e+00
   endloop
 endfacet
 facet normal  8.537061e-02  7.030902e-01 -7.059575e-01
   outer loop
     vertex -1.636005e+01 -1.763623e+00  1.200000e+00
     vertex -1.608456e+01 -2.098297e+00  9.000000e-01
     vertex -1.642005e+01 -2.057560e+00  9.000000e-01
   endloop
 endfacet
 facet normal -2.485584e-01  6.553946e-01 -7.132157e-01
   outer loop
     vertex -1.484253e+01 -2.439316e+00  3.000000e-01
     vertex -1.507295e+01 -2.853170e+00  0.000000e+00
     vertex -1.524881e+01 -2.593399e+00  3.000000e-01
   endloop
 endfacet
 facet normal -2.556657e-01  6.566719e-01 -7.095189e-01
   outer loop
     vertex -1.484253e+01 -2.439316e+00  3.000000e-01
     vertex -1.475375e+01 -2.728896e+00  0.000000e+00
     vertex -1.507295e+01 -2.853170e+00  0.000000e+00
   endloop
 endfacet
 facet normal -3.313380e-01  6.279554e-01 -7.041926e-01
   outer loop
     vertex -1.484253e+01 -2.439316e+00  3.000000e-01
     vertex -1.445081e+01 -2.569047e+00  0.000000e+00
     vertex -1.475375e+01 -2.728896e+00  0.000000e+00
   endloop
 endfacet
 facet normal -1.416690e-01  6.939408e-01 -7.059575e-01
   outer loop
     vertex -1.533228e+01 -2.305243e+00  6.000000e-01
     vertex -1.567455e+01 -2.680314e+00  3.000000e-01
     vertex -1.571071e+01 -2.382501e+00  6.000000e-01
   endloop
 endfacet
 facet normal -1.416690e-01  6.939408e-01 -7.059575e-01
   outer loop
     vertex -1.533228e+01 -2.305243e+00  6.000000e-01
     vertex -1.524881e+01 -2.593399e+00  3.000000e-01
     vertex -1.567455e+01 -2.680314e+00  3.000000e-01
   endloop
 endfacet
 facet normal -2.851852e-02  7.076798e-01 -7.059575e-01
   outer loop
     vertex -1.574687e+01 -2.084689e+00  9.000000e-01
     vertex -1.609664e+01 -2.398054e+00  6.000000e-01
     vertex -1.608456e+01 -2.098297e+00  9.000000e-01
   endloop
 endfacet
 facet normal -2.851852e-02  7.076798e-01 -7.059575e-01
   outer loop
     vertex -1.574687e+01 -2.084689e+00  9.000000e-01
     vertex -1.571071e+01 -2.382501e+00  6.000000e-01
     vertex -1.609664e+01 -2.398054e+00  6.000000e-01
   endloop
 endfacet
 facet normal  8.537061e-02  7.030902e-01 -7.059575e-01
   outer loop
     vertex -1.607248e+01 -1.798540e+00  1.200000e+00
     vertex -1.630004e+01 -1.469686e+00  1.500000e+00
     vertex -1.606040e+01 -1.498783e+00  1.500000e+00
   endloop
 endfacet
 facet normal  8.537061e-02  7.030902e-01 -7.059575e-01
   outer loop
     vertex -1.607248e+01 -1.798540e+00  1.200000e+00
     vertex -1.636005e+01 -1.763623e+00  1.200000e+00
     vertex -1.630004e+01 -1.469686e+00  1.500000e+00
   endloop
 endfacet
 facet normal  8.537061e-02  7.030902e-01 -7.059575e-01
   outer loop
     vertex -1.607248e+01 -1.798540e+00  1.200000e+00
     vertex -1.608456e+01 -2.098297e+00  9.000000e-01
     vertex -1.636005e+01 -1.763623e+00  1.200000e+00
   endloop
 endfacet
 facet normal -3.487483e-01  6.040497e-01 -7.165882e-01
   outer loop
     vertex -1.446623e+01 -2.222056e+00  3.000000e-01
     vertex -1.445081e+01 -2.569047e+00  0.000000e+00
     vertex -1.484253e+01 -2.439316e+00  3.000000e-01
   endloop
 endfacet
 facet normal -4.023719e-01  5.884502e-01 -7.013011e-01
   outer loop
     vertex -1.446623e+01 -2.222056e+00  3.000000e-01
     vertex -1.416806e+01 -2.375707e+00  0.000000e+00
     vertex -1.445081e+01 -2.569047e+00  0.000000e+00
   endloop
 endfacet
 facet normal -2.511504e-01  6.622292e-01 -7.059575e-01
   outer loop
     vertex -1.497114e+01 -2.168281e+00  6.000000e-01
     vertex -1.484253e+01 -2.439316e+00  3.000000e-01
     vertex -1.524881e+01 -2.593399e+00  3.000000e-01
   endloop
 endfacet
 facet normal -2.511504e-01  6.622292e-01 -7.059575e-01
   outer loop
     vertex -1.497114e+01 -2.168281e+00  6.000000e-01
     vertex -1.524881e+01 -2.593399e+00  3.000000e-01
     vertex -1.533228e+01 -2.305243e+00  6.000000e-01
   endloop
 endfacet
 facet normal -1.416690e-01  6.939408e-01 -7.059575e-01
   outer loop
     vertex -1.541574e+01 -2.017088e+00  9.000000e-01
     vertex -1.533228e+01 -2.305243e+00  6.000000e-01
     vertex -1.571071e+01 -2.382501e+00  6.000000e-01
   endloop
 endfacet
 facet normal -1.416690e-01  6.939408e-01 -7.059575e-01
   outer loop
     vertex -1.541574e+01 -2.017088e+00  9.000000e-01
     vertex -1.571071e+01 -2.382501e+00  6.000000e-01
     vertex -1.574687e+01 -2.084689e+00  9.000000e-01
   endloop
 endfacet
 facet normal -2.851852e-02  7.076798e-01 -7.059575e-01
   outer loop
     vertex -1.578303e+01 -1.786876e+00  1.200000e+00
     vertex -1.606040e+01 -1.498783e+00  1.500000e+00
     vertex -1.581919e+01 -1.489063e+00  1.500000e+00
   endloop
 endfacet
 facet normal -2.851852e-02  7.076798e-01 -7.059575e-01
   outer loop
     vertex -1.578303e+01 -1.786876e+00  1.200000e+00
     vertex -1.607248e+01 -1.798540e+00  1.200000e+00
     vertex -1.606040e+01 -1.498783e+00  1.500000e+00
   endloop
 endfacet
 facet normal -2.851852e-02  7.076798e-01 -7.059575e-01
   outer loop
     vertex -1.578303e+01 -1.786876e+00  1.200000e+00
     vertex -1.574687e+01 -2.084689e+00  9.000000e-01
     vertex -1.608456e+01 -2.098297e+00  9.000000e-01
   endloop
 endfacet
 facet normal -2.851852e-02  7.076798e-01 -7.059575e-01
   outer loop
     vertex -1.578303e+01 -1.786876e+00  1.200000e+00
     vertex -1.608456e+01 -2.098297e+00  9.000000e-01
     vertex -1.607248e+01 -1.798540e+00  1.200000e+00
   endloop
 endfacet
 facet normal -4.415827e-01  5.408406e-01 -7.158884e-01
   outer loop
     vertex -1.412964e+01 -1.947247e+00  3.000000e-01
     vertex -1.416806e+01 -2.375707e+00  0.000000e+00
     vertex -1.446623e+01 -2.222056e+00  3.000000e-01
   endloop
 endfacet
 facet normal -4.640964e-01  5.355958e-01 -7.055151e-01
   outer loop
     vertex -1.412964e+01 -1.947247e+00  3.000000e-01
     vertex -1.390919e+01 -2.151395e+00  0.000000e+00
     vertex -1.416806e+01 -2.375707e+00  0.000000e+00
   endloop
 endfacet
 facet normal -5.205554e-01  4.777614e-01 -7.076483e-01
   outer loop
     vertex -1.412964e+01 -1.947247e+00  3.000000e-01
     vertex -1.367758e+01 -1.899037e+00  0.000000e+00
     vertex -1.390919e+01 -2.151395e+00  0.000000e+00
   endloop
 endfacet
 facet normal -4.479321e-01  5.486172e-01 -7.059575e-01
   outer loop
     vertex -1.463664e+01 -1.975161e+00  6.000000e-01
     vertex -1.412964e+01 -1.947247e+00  3.000000e-01
     vertex -1.446623e+01 -2.222056e+00  3.000000e-01
   endloop
 endfacet
 facet normal -3.541271e-01  6.133661e-01 -7.059575e-01
   outer loop
     vertex -1.463664e+01 -1.975161e+00  6.000000e-01
     vertex -1.484253e+01 -2.439316e+00  3.000000e-01
     vertex -1.497114e+01 -2.168281e+00  6.000000e-01
   endloop
 endfacet
 facet normal -3.541271e-01  6.133661e-01 -7.059575e-01
   outer loop
     vertex -1.463664e+01 -1.975161e+00  6.000000e-01
     vertex -1.446623e+01 -2.222056e+00  3.000000e-01
     vertex -1.484253e+01 -2.439316e+00  3.000000e-01
   endloop
 endfacet
 facet normal -2.511504e-01  6.622292e-01 -7.059575e-01
   outer loop
     vertex -1.509975e+01 -1.897246e+00  9.000000e-01
     vertex -1.497114e+01 -2.168281e+00  6.000000e-01
     vertex -1.533228e+01 -2.305243e+00  6.000000e-01
   endloop
 endfacet
 facet normal -2.511504e-01  6.622292e-01 -7.059575e-01
   outer loop
     vertex -1.509975e+01 -1.897246e+00  9.000000e-01
     vertex -1.533228e+01 -2.305243e+00  6.000000e-01
     vertex -1.541574e+01 -2.017088e+00  9.000000e-01
   endloop
 endfacet
 facet normal -1.416690e-01  6.939408e-01 -7.059575e-01
   outer loop
     vertex -1.549921e+01 -1.728933e+00  1.200000e+00
     vertex -1.581919e+01 -1.489063e+00  1.500000e+00
     vertex -1.558267e+01 -1.440777e+00  1.500000e+00
   endloop
 endfacet
 facet normal -1.416690e-01  6.939408e-01 -7.059575e-01
   outer loop
     vertex -1.549921e+01 -1.728933e+00  1.200000e+00
     vertex -1.578303e+01 -1.786876e+00  1.200000e+00
     vertex -1.581919e+01 -1.489063e+00  1.500000e+00
   endloop
 endfacet
 facet normal -1.416690e-01  6.939408e-01 -7.059575e-01
   outer loop
     vertex -1.549921e+01 -1.728933e+00  1.200000e+00
     vertex -1.541574e+01 -2.017088e+00  9.000000e-01
     vertex -1.574687e+01 -2.084689e+00  9.000000e-01
   endloop
 endfacet
 facet normal -1.416690e-01  6.939408e-01 -7.059575e-01
   outer loop
     vertex -1.549921e+01 -1.728933e+00  1.200000e+00
     vertex -1.574687e+01 -2.084689e+00  9.000000e-01
     vertex -1.578303e+01 -1.786876e+00  1.200000e+00
   endloop
 endfacet
 facet normal -5.236532e-01  4.639162e-01 -7.145412e-01
   outer loop
     vertex -1.384150e+01 -1.622004e+00  3.000000e-01
     vertex -1.367758e+01 -1.899037e+00  0.000000e+00
     vertex -1.412964e+01 -1.947247e+00  3.000000e-01
   endloop
 endfacet
 facet normal -5.764085e-01  4.187853e-01 -7.016924e-01
   outer loop
     vertex -1.384150e+01 -1.622004e+00  3.000000e-01
     vertex -1.347624e+01 -1.621922e+00  0.000000e+00
     vertex -1.367758e+01 -1.899037e+00  0.000000e+00
   endloop
 endfacet
 facet normal -4.479321e-01  5.486172e-01 -7.059575e-01
   outer loop
     vertex -1.433746e+01 -1.730886e+00  6.000000e-01
     vertex -1.412964e+01 -1.947247e+00  3.000000e-01
     vertex -1.463664e+01 -1.975161e+00  6.000000e-01
   endloop
 endfacet
 facet normal -3.541271e-01  6.133661e-01 -7.059575e-01
   outer loop
     vertex -1.480706e+01 -1.728266e+00  9.000000e-01
     vertex -1.463664e+01 -1.975161e+00  6.000000e-01
     vertex -1.497114e+01 -2.168281e+00  6.000000e-01
   endloop
 endfacet
 facet normal -3.541271e-01  6.133661e-01 -7.059575e-01
   outer loop
     vertex -1.480706e+01 -1.728266e+00  9.000000e-01
     vertex -1.497114e+01 -2.168281e+00  6.000000e-01
     vertex -1.509975e+01 -1.897246e+00  9.000000e-01
   endloop
 endfacet
 facet normal -2.511504e-01  6.622292e-01 -7.059575e-01
   outer loop
     vertex -1.522835e+01 -1.626211e+00  1.200000e+00
     vertex -1.558267e+01 -1.440777e+00  1.500000e+00
     vertex -1.535696e+01 -1.355176e+00  1.500000e+00
   endloop
 endfacet
 facet normal -2.511504e-01  6.622292e-01 -7.059575e-01
   outer loop
     vertex -1.522835e+01 -1.626211e+00  1.200000e+00
     vertex -1.509975e+01 -1.897246e+00  9.000000e-01
     vertex -1.541574e+01 -2.017088e+00  9.000000e-01
   endloop
 endfacet
 facet normal -2.511504e-01  6.622292e-01 -7.059575e-01
   outer loop
     vertex -1.522835e+01 -1.626211e+00  1.200000e+00
     vertex -1.549921e+01 -1.728933e+00  1.200000e+00
     vertex -1.558267e+01 -1.440777e+00  1.500000e+00
   endloop
 endfacet
 facet normal -2.511504e-01  6.622292e-01 -7.059575e-01
   outer loop
     vertex -1.522835e+01 -1.626211e+00  1.200000e+00
     vertex -1.541574e+01 -2.017088e+00  9.000000e-01
     vertex -1.549921e+01 -1.728933e+00  1.200000e+00
   endloop
 endfacet
 facet normal -3.541271e-01  6.133661e-01 -7.059575e-01
   outer loop
     vertex -1.522835e+01 -1.626211e+00  1.200000e+00
     vertex -1.480706e+01 -1.728266e+00  9.000000e-01
     vertex -1.509975e+01 -1.897246e+00  9.000000e-01
   endloop
 endfacet
 facet normal -5.890623e-01  3.725004e-01 -7.171116e-01
   outer loop
     vertex -1.360927e+01 -1.254753e+00  3.000000e-01
     vertex -1.347624e+01 -1.621922e+00  0.000000e+00
     vertex -1.384150e+01 -1.622004e+00  3.000000e-01
   endloop
 endfacet
 facet normal -6.194320e-01  3.498093e-01 -7.028069e-01
   outer loop
     vertex -1.360927e+01 -1.254753e+00  3.000000e-01
     vertex -1.330780e+01 -1.323663e+00  0.000000e+00
     vertex -1.347624e+01 -1.621922e+00  0.000000e+00
   endloop
 endfacet
 facet normal -5.301359e-01  4.696594e-01 -7.059575e-01
   outer loop
     vertex -1.408134e+01 -1.441781e+00  6.000000e-01
     vertex -1.384150e+01 -1.622004e+00  3.000000e-01
     vertex -1.412964e+01 -1.947247e+00  3.000000e-01
   endloop
 endfacet
 facet normal -5.301359e-01  4.696594e-01 -7.059575e-01
   outer loop
     vertex -1.408134e+01 -1.441781e+00  6.000000e-01
     vertex -1.412964e+01 -1.947247e+00  3.000000e-01
     vertex -1.433746e+01 -1.730886e+00  6.000000e-01
   endloop
 endfacet
 facet normal -4.479321e-01  5.486172e-01 -7.059575e-01
   outer loop
     vertex -1.454528e+01 -1.514525e+00  9.000000e-01
     vertex -1.433746e+01 -1.730886e+00  6.000000e-01
     vertex -1.463664e+01 -1.975161e+00  6.000000e-01
   endloop
 endfacet
 facet normal -4.479321e-01  5.486172e-01 -7.059575e-01
   outer loop
     vertex -1.454528e+01 -1.514525e+00  9.000000e-01
     vertex -1.463664e+01 -1.975161e+00  6.000000e-01
     vertex -1.480706e+01 -1.728266e+00  9.000000e-01
   endloop
 endfacet
 facet normal -3.541271e-01  6.133661e-01 -7.059575e-01
   outer loop
     vertex -1.497748e+01 -1.481371e+00  1.200000e+00
     vertex -1.480706e+01 -1.728266e+00  9.000000e-01
     vertex -1.522835e+01 -1.626211e+00  1.200000e+00
   endloop
 endfacet
 facet normal -4.479321e-01  5.486172e-01 -7.059575e-01
   outer loop
     vertex -1.497748e+01 -1.481371e+00  1.200000e+00
     vertex -1.454528e+01 -1.514525e+00  9.000000e-01
     vertex -1.480706e+01 -1.728266e+00  9.000000e-01
   endloop
 endfacet
 facet normal -3.541271e-01  6.133661e-01 -7.059575e-01
   outer loop
     vertex -1.497748e+01 -1.481371e+00  1.200000e+00
     vertex -1.522835e+01 -1.626211e+00  1.200000e+00
     vertex -1.535696e+01 -1.355176e+00  1.500000e+00
   endloop
 endfacet
 facet normal -3.541271e-01  6.133661e-01 -7.059575e-01
   outer loop
     vertex -1.497748e+01 -1.481371e+00  1.200000e+00
     vertex -1.535696e+01 -1.355176e+00  1.500000e+00
     vertex -1.514790e+01 -1.234476e+00  1.500000e+00
   endloop
 endfacet
 facet normal -6.458231e-01  2.751595e-01 -7.121796e-01
   outer loop
     vertex -1.343895e+01 -8.550036e-01  3.000000e-01
     vertex -1.330780e+01 -1.323663e+00  0.000000e+00
     vertex -1.360927e+01 -1.254753e+00  3.000000e-01
   endloop
 endfacet
 facet normal -6.478276e-01  2.737742e-01 -7.108918e-01
   outer loop
     vertex -1.343895e+01 -8.550036e-01  3.000000e-01
     vertex -1.317447e+01 -1.008148e+00  0.000000e+00
     vertex -1.330780e+01 -1.323663e+00  0.000000e+00
   endloop
 endfacet
 facet normal -6.819590e-01  2.002412e-01 -7.034453e-01
   outer loop
     vertex -1.343895e+01 -8.550036e-01  3.000000e-01
     vertex -1.307796e+01 -6.794903e-01  0.000000e+00
     vertex -1.317447e+01 -1.008148e+00  0.000000e+00
   endloop
 endfacet
 facet normal -5.986094e-01  3.785377e-01 -7.059575e-01
   outer loop
     vertex -1.387491e+01 -1.115336e+00  6.000000e-01
     vertex -1.360927e+01 -1.254753e+00  3.000000e-01
     vertex -1.384150e+01 -1.622004e+00  3.000000e-01
   endloop
 endfacet
 facet normal -5.986094e-01  3.785377e-01 -7.059575e-01
   outer loop
     vertex -1.387491e+01 -1.115336e+00  6.000000e-01
     vertex -1.384150e+01 -1.622004e+00  3.000000e-01
     vertex -1.408134e+01 -1.441781e+00  6.000000e-01
   endloop
 endfacet
 facet normal -5.301359e-01  4.696594e-01 -7.059575e-01
   outer loop
     vertex -1.432117e+01 -1.261559e+00  9.000000e-01
     vertex -1.433746e+01 -1.730886e+00  6.000000e-01
     vertex -1.454528e+01 -1.514525e+00  9.000000e-01
   endloop
 endfacet
 facet normal -5.301359e-01  4.696594e-01 -7.059575e-01
   outer loop
     vertex -1.432117e+01 -1.261559e+00  9.000000e-01
     vertex -1.408134e+01 -1.441781e+00  6.000000e-01
     vertex -1.433746e+01 -1.730886e+00  6.000000e-01
   endloop
 endfacet
 facet normal -4.479321e-01  5.486172e-01 -7.059575e-01
   outer loop
     vertex -1.475310e+01 -1.298164e+00  1.200000e+00
     vertex -1.497748e+01 -1.481371e+00  1.200000e+00
     vertex -1.514790e+01 -1.234476e+00  1.500000e+00
   endloop
 endfacet
 facet normal -4.479321e-01  5.486172e-01 -7.059575e-01
   outer loop
     vertex -1.475310e+01 -1.298164e+00  1.200000e+00
     vertex -1.514790e+01 -1.234476e+00  1.500000e+00
     vertex -1.496091e+01 -1.081804e+00  1.500000e+00
   endloop
 endfacet
 facet normal -5.301359e-01  4.696594e-01 -7.059575e-01
   outer loop
     vertex -1.475310e+01 -1.298164e+00  1.200000e+00
     vertex -1.496091e+01 -1.081804e+00  1.500000e+00
     vertex -1.480084e+01 -9.011134e-01  1.500000e+00
   endloop
 endfacet
 facet normal -4.479321e-01  5.486172e-01 -7.059575e-01
   outer loop
     vertex -1.475310e+01 -1.298164e+00  1.200000e+00
     vertex -1.454528e+01 -1.514525e+00  9.000000e-01
     vertex -1.497748e+01 -1.481371e+00  1.200000e+00
   endloop
 endfacet
 facet normal -6.769091e-01  1.668431e-01 -7.169082e-01
   outer loop
     vertex -1.333496e+01 -4.331105e-01  3.000000e-01
     vertex -1.307796e+01 -6.794903e-01  0.000000e+00
     vertex -1.343895e+01 -8.550036e-01  3.000000e-01
   endloop
 endfacet
 facet normal -7.022889e-01  1.215359e-01 -7.014409e-01
   outer loop
     vertex -1.333496e+01 -4.331105e-01  3.000000e-01
     vertex -1.301955e+01 -3.419742e-01  0.000000e+00
     vertex -1.307796e+01 -6.794903e-01  0.000000e+00
   endloop
 endfacet
 facet normal -6.965777e-01  5.623356e-02 -7.152743e-01
   outer loop
     vertex -1.333496e+01 -4.331105e-01  3.000000e-01
     vertex -1.330000e+01  0.000000e+00  3.000000e-01
     vertex -1.301955e+01 -3.419742e-01  0.000000e+00
   endloop
 endfacet
 facet normal -6.515793e-01  2.776120e-01 -7.059575e-01
   outer loop
     vertex -1.372351e+01 -7.600032e-01  6.000000e-01
     vertex -1.360927e+01 -1.254753e+00  3.000000e-01
     vertex -1.387491e+01 -1.115336e+00  6.000000e-01
   endloop
 endfacet
 facet normal -6.515793e-01  2.776120e-01 -7.059575e-01
   outer loop
     vertex -1.372351e+01 -7.600032e-01  6.000000e-01
     vertex -1.343895e+01 -8.550036e-01  3.000000e-01
     vertex -1.360927e+01 -1.254753e+00  3.000000e-01
   endloop
 endfacet
 facet normal -5.986094e-01  3.785377e-01 -7.059575e-01
   outer loop
     vertex -1.414054e+01 -9.759187e-01  9.000000e-01
     vertex -1.408134e+01 -1.441781e+00  6.000000e-01
     vertex -1.432117e+01 -1.261559e+00  9.000000e-01
   endloop
 endfacet
 facet normal -5.986094e-01  3.785377e-01 -7.059575e-01
   outer loop
     vertex -1.414054e+01 -9.759187e-01  9.000000e-01
     vertex -1.387491e+01 -1.115336e+00  6.000000e-01
     vertex -1.408134e+01 -1.441781e+00  6.000000e-01
   endloop
 endfacet
 facet normal -5.301359e-01  4.696594e-01 -7.059575e-01
   outer loop
     vertex -1.456100e+01 -1.081336e+00  1.200000e+00
     vertex -1.454528e+01 -1.514525e+00  9.000000e-01
     vertex -1.475310e+01 -1.298164e+00  1.200000e+00
   endloop
 endfacet
 facet normal -5.301359e-01  4.696594e-01 -7.059575e-01
   outer loop
     vertex -1.456100e+01 -1.081336e+00  1.200000e+00
     vertex -1.432117e+01 -1.261559e+00  9.000000e-01
     vertex -1.454528e+01 -1.514525e+00  9.000000e-01
   endloop
 endfacet
 facet normal -5.986094e-01  3.785377e-01 -7.059575e-01
   outer loop
     vertex -1.456100e+01 -1.081336e+00  1.200000e+00
     vertex -1.414054e+01 -9.759187e-01  9.000000e-01
     vertex -1.432117e+01 -1.261559e+00  9.000000e-01
   endloop
 endfacet
 facet normal -5.301359e-01  4.696594e-01 -7.059575e-01
   outer loop
     vertex -1.456100e+01 -1.081336e+00  1.200000e+00
     vertex -1.475310e+01 -1.298164e+00  1.200000e+00
     vertex -1.480084e+01 -9.011134e-01  1.500000e+00
   endloop
 endfacet
 facet normal -7.059575e-01  5.699078e-02 -7.059575e-01
   outer loop
     vertex -1.363108e+01 -3.849871e-01  6.000000e-01
     vertex -1.360000e+01  0.000000e+00  6.000000e-01
     vertex -1.330000e+01  0.000000e+00  3.000000e-01
   endloop
 endfacet
 facet normal -6.876736e-01  1.694963e-01 -7.059575e-01
   outer loop
     vertex -1.363108e+01 -3.849871e-01  6.000000e-01
     vertex -1.333496e+01 -4.331105e-01  3.000000e-01
     vertex -1.343895e+01 -8.550036e-01  3.000000e-01
   endloop
 endfacet
 facet normal -7.059575e-01  5.699078e-02 -7.059575e-01
   outer loop
     vertex -1.363108e+01 -3.849871e-01  6.000000e-01
     vertex -1.330000e+01  0.000000e+00  3.000000e-01
     vertex -1.333496e+01 -4.331105e-01  3.000000e-01
   endloop
 endfacet
 facet normal -6.876736e-01  1.694963e-01 -7.059575e-01
   outer loop
     vertex -1.363108e+01 -3.849871e-01  6.000000e-01
     vertex -1.343895e+01 -8.550036e-01  3.000000e-01
     vertex -1.372351e+01 -7.600032e-01  6.000000e-01
   endloop
 endfacet
 facet normal -6.515793e-01  2.776120e-01 -7.059575e-01
   outer loop
     vertex -1.400807e+01 -6.650028e-01  9.000000e-01
     vertex -1.387491e+01 -1.115336e+00  6.000000e-01
     vertex -1.414054e+01 -9.759187e-01  9.000000e-01
   endloop
 endfacet
 facet normal -6.515793e-01  2.776120e-01 -7.059575e-01
   outer loop
     vertex -1.400807e+01 -6.650028e-01  9.000000e-01
     vertex -1.372351e+01 -7.600032e-01  6.000000e-01
     vertex -1.387491e+01 -1.115336e+00  6.000000e-01
   endloop
 endfacet
 facet normal -5.986094e-01  3.785377e-01 -7.059575e-01
   outer loop
     vertex -1.440618e+01 -8.365017e-01  1.200000e+00
     vertex -1.414054e+01 -9.759187e-01  9.000000e-01
     vertex -1.456100e+01 -1.081336e+00  1.200000e+00
   endloop
 endfacet
 facet normal -5.986094e-01  3.785377e-01 -7.059575e-01
   outer loop
     vertex -1.440618e+01 -8.365017e-01  1.200000e+00
     vertex -1.456100e+01 -1.081336e+00  1.200000e+00
     vertex -1.480084e+01 -9.011134e-01  1.500000e+00
   endloop
 endfacet
 facet normal -5.986094e-01  3.785377e-01 -7.059575e-01
   outer loop
     vertex -1.440618e+01 -8.365017e-01  1.200000e+00
     vertex -1.480084e+01 -9.011134e-01  1.500000e+00
     vertex -1.467182e+01 -6.970848e-01  1.500000e+00
   endloop
 endfacet
 facet normal -6.515793e-01  2.776120e-01 -7.059575e-01
   outer loop
     vertex -1.440618e+01 -8.365017e-01  1.200000e+00
     vertex -1.400807e+01 -6.650028e-01  9.000000e-01
     vertex -1.414054e+01 -9.759187e-01  9.000000e-01
   endloop
 endfacet
 facet normal -7.059575e-01  5.699078e-02 -7.059575e-01
   outer loop
     vertex -1.392719e+01 -3.368637e-01  9.000000e-01
     vertex -1.390000e+01  0.000000e+00  9.000000e-01
     vertex -1.360000e+01  0.000000e+00  6.000000e-01
   endloop
 endfacet
 facet normal -7.059575e-01  5.699078e-02 -7.059575e-01
   outer loop
     vertex -1.392719e+01 -3.368637e-01  9.000000e-01
     vertex -1.360000e+01  0.000000e+00  6.000000e-01
     vertex -1.363108e+01 -3.849871e-01  6.000000e-01
   endloop
 endfacet
 facet normal -6.876736e-01  1.694963e-01 -7.059575e-01
   outer loop
     vertex -1.392719e+01 -3.368637e-01  9.000000e-01
     vertex -1.363108e+01 -3.849871e-01  6.000000e-01
     vertex -1.372351e+01 -7.600032e-01  6.000000e-01
   endloop
 endfacet
 facet normal -6.876736e-01  1.694963e-01 -7.059575e-01
   outer loop
     vertex -1.392719e+01 -3.368637e-01  9.000000e-01
     vertex -1.372351e+01 -7.600032e-01  6.000000e-01
     vertex -1.400807e+01 -6.650028e-01  9.000000e-01
   endloop
 endfacet
 facet normal -6.515793e-01  2.776120e-01 -7.059575e-01
   outer loop
     vertex -1.429263e+01 -5.700024e-01  1.200000e+00
     vertex -1.467182e+01 -6.970848e-01  1.500000e+00
     vertex -1.457720e+01 -4.750020e-01  1.500000e+00
   endloop
 endfacet
 facet normal -6.515793e-01  2.776120e-01 -7.059575e-01
   outer loop
     vertex -1.429263e+01 -5.700024e-01  1.200000e+00
     vertex -1.440618e+01 -8.365017e-01  1.200000e+00
     vertex -1.467182e+01 -6.970848e-01  1.500000e+00
   endloop
 endfacet
 facet normal -6.515793e-01  2.776120e-01 -7.059575e-01
   outer loop
     vertex -1.429263e+01 -5.700024e-01  1.200000e+00
     vertex -1.400807e+01 -6.650028e-01  9.000000e-01
     vertex -1.440618e+01 -8.365017e-01  1.200000e+00
   endloop
 endfacet
 facet normal -7.059575e-01  5.699078e-02 -7.059575e-01
   outer loop
     vertex -1.422331e+01 -2.887403e-01  1.200000e+00
     vertex -1.420000e+01  0.000000e+00  1.200000e+00
     vertex -1.390000e+01  0.000000e+00  9.000000e-01
   endloop
 endfacet
 facet normal -7.059575e-01  5.699078e-02 -7.059575e-01
   outer loop
     vertex -1.422331e+01 -2.887403e-01  1.200000e+00
     vertex -1.451942e+01 -2.406169e-01  1.500000e+00
     vertex -1.420000e+01  0.000000e+00  1.200000e+00
   endloop
 endfacet
 facet normal -6.876736e-01  1.694963e-01 -7.059575e-01
   outer loop
     vertex -1.422331e+01 -2.887403e-01  1.200000e+00
     vertex -1.457720e+01 -4.750020e-01  1.500000e+00
     vertex -1.451942e+01 -2.406169e-01  1.500000e+00
   endloop
 endfacet
 facet normal -6.876736e-01  1.694963e-01 -7.059575e-01
   outer loop
     vertex -1.422331e+01 -2.887403e-01  1.200000e+00
     vertex -1.429263e+01 -5.700024e-01  1.200000e+00
     vertex -1.457720e+01 -4.750020e-01  1.500000e+00
   endloop
 endfacet
 facet normal -6.876736e-01  1.694963e-01 -7.059575e-01
   outer loop
     vertex -1.422331e+01 -2.887403e-01  1.200000e+00
     vertex -1.392719e+01 -3.368637e-01  9.000000e-01
     vertex -1.400807e+01 -6.650028e-01  9.000000e-01
   endloop
 endfacet
 facet normal -6.876736e-01  1.694963e-01 -7.059575e-01
   outer loop
     vertex -1.422331e+01 -2.887403e-01  1.200000e+00
     vertex -1.400807e+01 -6.650028e-01  9.000000e-01
     vertex -1.429263e+01 -5.700024e-01  1.200000e+00
   endloop
 endfacet
 facet normal -7.059575e-01  5.699078e-02 -7.059575e-01
   outer loop
     vertex -1.422331e+01 -2.887403e-01  1.200000e+00
     vertex -1.390000e+01  0.000000e+00  9.000000e-01
     vertex -1.392719e+01 -3.368637e-01  9.000000e-01
   endloop
 endfacet
 facet normal  0.000000e+00  0.000000e+00  1.000000e+00
   outer loop
     vertex  3.661344e+01 -3.853576e+01  3.000000e+00
     vertex  3.704870e+01 -3.820569e+01  3.000000e+00
     vertex  3.746043e+01 -3.784669e+01  3.000000e+00
   endloop
 endfacet
 facet normal  0.000000e+00  0.000000e+00  1.000000e+00
   outer loop
     vertex  3.661344e+01 -3.853576e+01  3.000000e+00
     vertex  3.746043e+01 -3.784669e+01  3.000000e+00
     vertex  3.784669e+01 -3.746043e+01  3.000000e+00
   endloop
 endfacet
 facet normal  0.000000e+00  0.000000e+00  1.000000e+00
   outer loop
     vertex  3.910308e+01 -3.568052e+01  3.000000e+00
     vertex  3.853576e+01 -3.661344e+01  3.000000e+00
     vertex  3.883536e+01 -3.615667e+01  3.000000e+00
   endloop
 endfacet
 facet normal  0.000000e+00  0.000000e+00  1.000000e+00
   outer loop
     vertex  3.568052e+01 -3.910308e+01  3.000000e+00
     vertex  3.615667e+01 -3.883536e+01  3.000000e+00
     vertex  3.661344e+01 -3.853576e+01  3.000000e+00
   endloop
 endfacet
 facet normal  0.000000e+00  0.000000e+00  1.000000e+00
   outer loop
     vertex  3.933769e+01 -3.518721e+01  3.000000e+00
     vertex  3.661344e+01 -3.853576e+01  3.000000e+00
     vertex  3.784669e+01 -3.746043e+01  3.000000e+00
   endloop
 endfacet
 facet normal  0.000000e+00  0.000000e+00  1.000000e+00
   outer loop
     vertex  3.933769e+01 -3.518721e+01  3.000000e+00
     vertex  3.853576e+01 -3.661344e+01  3.000000e+00
     vertex  3.910308e+01 -3.568052e+01  3.000000e+00
   endloop
 endfacet
 facet normal  0.000000e+00  0.000000e+00  1.000000e+00
   outer loop
     vertex  3.933769e+01 -3.518721e+01  3.000000e+00
     vertex  3.568052e+01 -3.910308e+01  3.000000e+00
     vertex  3.661344e+01 -3.853576e+01  3.000000e+00
   endloop
 endfacet
 facet normal  0.000000e+00  0.000000e+00  1.000000e+00
   outer loop
     vertex  3.933769e+01 -3.518721e+01  3.000000e+00
     vertex  3.784669e+01 -3.746043e+01  3.000000e+00
     vertex  3.820569e+01 -3.704870e+01  3.000000e+00
   endloop
 endfacet
 facet normal  0.000000e+00  0.000000e+00  1.000000e+00
   outer loop
     vertex  3.933769e+01 -3.518721e+01  3.000000e+00
     vertex  3.820569e+01 -3.704870e+01  3.000000e+00
     vertex  3.853576e+01 -3.661344e+01  3.000000e+00
   endloop
 endfacet
 facet normal  0.000000e+00  0.000000e+00  1.000000e+00
   outer loop
     vertex  3.467904e+01 -3.953809e+01  3.000000e+00
     vertex  3.518721e+01 -3.933769e+01  3.000000e+00
     vertex  3.568052e+01 -3.910308e+01  3.000000e+00
   endloop
 endfacet
 facet normal  0.000000e+00  0.000000e+00  1.000000e+00
   outer loop
     vertex  3.970334e+01 -3.415837e+01  3.000000e+00
     vertex  3.933769e+01 -3.518721e+01  3.000000e+00
     vertex  3.953809e+01 -3.467904e+01  3.000000e+00
   endloop
 endfacet
 facet normal  0.000000e+00  0.000000e+00  1.000000e+00
   outer loop
     vertex  3.362765e+01 -3.983267e+01  3.000000e+00
     vertex  3.415837e+01 -3.970334e+01  3.000000e+00
     vertex  3.467904e+01 -3.953809e+01  3.000000e+00
   endloop
 endfacet
 facet normal  0.000000e+00  0.000000e+00  1.000000e+00
   outer loop
     vertex  3.998135e+01 -3.254594e+01  3.000000e+00
     vertex  3.933769e+01 -3.518721e+01  3.000000e+00
     vertex  3.970334e+01 -3.415837e+01  3.000000e+00
   endloop
 endfacet
 facet normal  0.000000e+00  0.000000e+00  1.000000e+00
   outer loop
     vertex  3.998135e+01 -3.254594e+01  3.000000e+00
     vertex  3.970334e+01 -3.415837e+01  3.000000e+00
     vertex  3.983267e+01 -3.362765e+01  3.000000e+00
   endloop
 endfacet
 facet normal  0.000000e+00  0.000000e+00  1.000000e+00
   outer loop
     vertex  3.998135e+01 -3.254594e+01  3.000000e+00
     vertex  3.983267e+01 -3.362765e+01  3.000000e+00
     vertex  3.992549e+01 -3.308933e+01  3.000000e+00
   endloop
 endfacet
 facet normal  0.000000e+00  0.000000e+00  1.000000e+00
   outer loop
     vertex  3.254594e+01 -3.998135e+01  3.000000e+00
     vertex  3.568052e+01 -3.910308e+01  3.000000e+00
     vertex  3.933769e+01 -3.518721e+01  3.000000e+00
   endloop
 endfacet
 facet normal  0.000000e+00  0.000000e+00  1.000000e+00
   outer loop
     vertex  3.254594e+01 -3.998135e+01  3.000000e+00
     vertex  3.308933e+01 -3.992549e+01  3.000000e+00
     vertex  3.362765e+01 -3.983267e+01  3.000000e+00
   endloop
 endfacet
 facet normal  0.000000e+00  0.000000e+00  1.000000e+00
   outer loop
     vertex  3.254594e+01 -3.998135e+01  3.000000e+00
     vertex  3.467904e+01 -3.953809e+01  3.000000e+00
     vertex  3.568052e+01 -3.910308e+01  3.000000e+00
   endloop
 endfacet
 facet normal  0.000000e+00  0.000000e+00  1.000000e+00
   outer loop
     vertex  3.254594e+01 -3.998135e+01  3.000000e+00
     vertex  3.362765e+01 -3.983267e+01  3.000000e+00
     vertex  3.467904e+01 -3.953809e+01  3.000000e+00
   endloop
 endfacet
 facet normal  0.000000e+00  0.000000e+00  1.000000e+00
   outer loop
     vertex  3.254594e+01 -3.998135e+01  3.000000e+00
     vertex  3.933769e+01 -3.518721e+01  3.000000e+00
     vertex  3.998135e+01 -3.254594e+01  3.000000e+00
   endloop
 endfacet
 facet normal  0.000000e+00  0.000000e+00  1.000000e+00
   outer loop
     vertex  4.000000e+01 -3.200000e+01  3.000000e+00
     vertex  3.200000e+01 -4.000000e+01  3.000000e+00
     vertex  3.254594e+01 -3.998135e+01  3.000000e+00
   endloop
 endfacet
 facet normal  0.000000e+00  0.000000e+00  1.000000e+00
   outer loop
     vertex  4.000000e+01 -3.200000e+01  3.000000e+00
     vertex  3.254594e+01 -3.998135e+01  3.000000e+00
     vertex  3.998135e+01 -3.254594e+01  3.000000e+00
   endloop
 endfacet
 facet normal  0.000000e+00  0.000000e+00  1.000000e+00
   outer loop
     vertex  1.617865e+01 -1.634783e+01  3.000000e+00
     vertex  3.200000e+01 -4.000000e+01  3.000000e+00
     vertex  4.000000e+01 -3.200000e+01  3.000000e+00
   endloop
 endfacet
 facet normal  0.000000e+00  0.000000e+00  1.000000e+00
   outer loop
     vertex  1.684469e+01 -1.566067e+01  3.000000e+00
     vertex  1.617865e+01 -1.634783e+01  3.000000e+00
     vertex  4.000000e+01 -3.200000e+01  3.000000e+00
   endloop
 endfacet
 facet normal -0.000000e+00  0.000000e+00  1.000000e+00
   outer loop
     vertex  1.548460e+01 -1.700668e+01  3.000000e+00
     vertex  3.200000e+01 -4.000000e+01  3.000000e+00
     vertex  1.617865e+01 -1.634783e+01  3.000000e+00
   endloop
 endfacet
 facet normal  0.000000e+00  0.000000e+00  1.000000e+00
   outer loop
     vertex  1.748157e+01 -1.494640e+01  3.000000e+00
     vertex  1.684469e+01 -1.566067e+01  3.000000e+00
     vertex  4.000000e+01 -3.200000e+01  3.000000e+00
   endloop
 endfacet
 facet normal -0.000000e+00  0.000000e+00  1.000000e+00
   outer loop
     vertex  1.476374e+01 -1.763610e+01  3.000000e+00
     vertex  3.200000e+01 -4.000000e+01  3.000000e+00
     vertex  1.548460e+01 -1.700668e+01  3.000000e+00
   endloop
 endfacet
 facet normal  0.000000e+00  0.000000e+00  1.000000e+00
   outer loop
     vertex  1.808818e+01 -1.420626e+01  3.000000e+00
     vertex  1.748157e+01 -1.494640e+01  3.000000e+00
     vertex  4.000000e+01 -3.200000e+01  3.000000e+00
   endloop
 endfacet
 facet normal -0.000000e+00  0.000000e+00  1.000000e+00
   outer loop
     vertex  1.401733e+01 -1.823498e+01  3.000000e+00
     vertex  3.200000e+01 -4.000000e+01  3.000000e+00
     vertex  1.476374e+01 -1.763610e+01  3.000000e+00
   endloop
 endfacet
 facet normal  0.000000e+00  0.000000e+00  1.000000e+00
   outer loop
     vertex  1.866348e+01 -1.344152e+01  3.000000e+00
     vertex  1.808818e+01 -1.420626e+01  3.000000e+00
     vertex  4.000000e+01 -3.200000e+01  3.000000e+00
   endloop
 endfacet
 facet normal -0.000000e+00  0.000000e+00  1.000000e+00
   outer loop
     vertex  1.324664e+01 -1.880230e+01  3.000000e+00
     vertex  3.200000e+01 -4.000000e+01  3.000000e+00
     vertex  1.401733e+01 -1.823498e+01  3.000000e+00
   endloop
 endfacet
 facet normal  0.000000e+00  0.000000e+00  1.000000e+00
   outer loop
     vertex  1.920648e+01 -1.265351e+01  3.000000e+00
     vertex  1.866348e+01 -1.344152e+01  3.000000e+00
     vertex  4.000000e+01 -3.200000e+01  3.000000e+00
   endloop
 endfacet
 facet normal -0.000000e+00  0.000000e+00  1.000000e+00
   outer loop
     vertex  1.245303e+01 -1.933706e+01  3.000000e+00
     vertex  3.200000e+01 -4.000000e+01  3.000000e+00
     vertex  1.324664e+01 -1.880230e+01  3.000000e+00
   endloop
 endfacet
 facet normal  0.000000e+00  0.000000e+00  1.000000e+00
   outer loop
     vertex  1.971622e+01 -1.184360e+01  3.000000e+00
     vertex  1.920648e+01 -1.265351e+01  3.000000e+00
     vertex  4.000000e+01 -3.200000e+01  3.000000e+00
   endloop
 endfacet
 facet normal -0.000000e+00  0.000000e+00  1.000000e+00
   outer loop
     vertex  1.163786e+01 -1.983835e+01  3.000000e+00
     vertex  3.200000e+01 -4.000000e+01  3.000000e+00
     vertex  1.245303e+01 -1.933706e+01  3.000000e+00
   endloop
 endfacet
 facet normal  0.000000e+00  0.000000e+00  1.000000e+00
   outer loop
     vertex  2.019183e+01 -1.101318e+01  3.000000e+00
     vertex  1.971622e+01 -1.184360e+01  3.000000e+00
     vertex  4.000000e+01 -3.200000e+01  3.000000e+00
   endloop
 endfacet
 facet normal -0.000000e+00  0.000000e+00  1.000000e+00
   outer loop
     vertex  1.080254e+01 -2.030530e+01  3.000000e+00
     vertex  3.200000e+01 -4.000000e+01  3.000000e+00
     vertex  1.163786e+01 -1.983835e+01  3.000000e+00
   endloop
 endfacet
 facet normal  0.000000e+00  0.000000e+00  1.000000e+00
   outer loop
     vertex  2.063248e+01 -1.016370e+01  3.000000e+00
     vertex  2.019183e+01 -1.101318e+01  3.000000e+00
     vertex  4.000000e+01 -3.200000e+01  3.000000e+00
   endloop
 endfacet
 facet normal -0.000000e+00  0.000000e+00  1.000000e+00
   outer loop
     vertex  9.948520e+00 -2.073709e+01  3.000000e+00
     vertex  3.200000e+01 -4.000000e+01  3.000000e+00
     vertex  1.080254e+01 -2.030530e+01  3.000000e+00
   endloop
 endfacet
 facet normal  0.000000e+00  0.000000e+00  1.000000e+00
   outer loop
     vertex  2.103742e+01 -9.296620e+00  3.000000e+00
     vertex  2.063248e+01 -1.016370e+01  3.000000e+00
     vertex  4.000000e+01 -3.200000e+01  3.000000e+00
   endloop
 endfacet
 facet normal -0.000000e+00  0.000000e+00  1.000000e+00
   outer loop
     vertex  9.077277e+00 -2.113298e+01  3.000000e+00
     vertex  3.200000e+01 -4.000000e+01  3.000000e+00
     vertex  9.948520e+00 -2.073709e+01  3.000000e+00
   endloop
 endfacet
 facet normal  0.000000e+00  0.000000e+00  1.000000e+00
   outer loop
     vertex  2.140593e+01 -8.413448e+00  3.000000e+00
     vertex  2.103742e+01 -9.296620e+00  3.000000e+00
     vertex  4.000000e+01 -3.200000e+01  3.000000e+00
   endloop
 endfacet
 facet normal -0.000000e+00  0.000000e+00  1.000000e+00
   outer loop
     vertex  8.190319e+00 -2.149229e+01  3.000000e+00
     vertex  3.200000e+01 -4.000000e+01  3.000000e+00
     vertex  9.077277e+00 -2.113298e+01  3.000000e+00
   endloop
 endfacet
 facet normal  0.000000e+00  0.000000e+00  1.000000e+00
   outer loop
     vertex  2.173739e+01 -7.515711e+00  3.000000e+00
     vertex  2.140593e+01 -8.413448e+00  3.000000e+00
     vertex  4.000000e+01 -3.200000e+01  3.000000e+00
   endloop
 endfacet
 facet normal -0.000000e+00  0.000000e+00  1.000000e+00
   outer loop
     vertex  7.289183e+00 -2.181439e+01  3.000000e+00
     vertex  3.200000e+01 -4.000000e+01  3.000000e+00
     vertex  8.190319e+00 -2.149229e+01  3.000000e+00
   endloop
 endfacet
 facet normal  0.000000e+00  0.000000e+00  1.000000e+00
   outer loop
     vertex  2.203122e+01 -6.604963e+00  3.000000e+00
     vertex  2.173739e+01 -7.515711e+00  3.000000e+00
     vertex  4.000000e+01 -3.200000e+01  3.000000e+00
   endloop
 endfacet
 facet normal -0.000000e+00  0.000000e+00  1.000000e+00
   outer loop
     vertex  6.375427e+00 -2.209873e+01  3.000000e+00
     vertex  3.200000e+01 -4.000000e+01  3.000000e+00
     vertex  7.289183e+00 -2.181439e+01  3.000000e+00
   endloop
 endfacet
 facet normal  0.000000e+00  0.000000e+00  1.000000e+00
   outer loop
     vertex  2.228690e+01 -5.682781e+00  3.000000e+00
     vertex  2.203122e+01 -6.604963e+00  3.000000e+00
     vertex  4.000000e+01 -3.200000e+01  3.000000e+00
   endloop
 endfacet
 facet normal -0.000000e+00  0.000000e+00  1.000000e+00
   outer loop
     vertex  5.450635e+00 -2.234481e+01  3.000000e+00
     vertex  3.200000e+01 -4.000000e+01  3.000000e+00
     vertex  6.375427e+00 -2.209873e+01  3.000000e+00
   endloop
 endfacet
 facet normal  0.000000e+00  0.000000e+00  1.000000e+00
   outer loop
     vertex  2.250401e+01 -4.750760e+00  3.000000e+00
     vertex  2.228690e+01 -5.682781e+00  3.000000e+00
     vertex  4.000000e+01 -3.200000e+01  3.000000e+00
   endloop
 endfacet
 facet normal -0.000000e+00  0.000000e+00  1.000000e+00
   outer loop
     vertex  4.516406e+00 -2.255221e+01  3.000000e+00
     vertex  3.200000e+01 -4.000000e+01  3.000000e+00
     vertex  5.450635e+00 -2.234481e+01  3.000000e+00
   endloop
 endfacet
 facet normal  0.000000e+00  0.000000e+00  1.000000e+00
   outer loop
     vertex  2.268215e+01 -3.810515e+00  3.000000e+00
     vertex  2.250401e+01 -4.750760e+00  3.000000e+00
     vertex  4.000000e+01 -3.200000e+01  3.000000e+00
   endloop
 endfacet
 facet normal -0.000000e+00  0.000000e+00  1.000000e+00
   outer loop
     vertex  3.574359e+00 -2.272056e+01  3.000000e+00
     vertex  3.200000e+01 -4.000000e+01  3.000000e+00
     vertex  4.516406e+00 -2.255221e+01  3.000000e+00
   endloop
 endfacet
 facet normal  0.000000e+00  0.000000e+00  1.000000e+00
   outer loop
     vertex  2.282103e+01 -2.863673e+00  3.000000e+00
     vertex  2.268215e+01 -3.810515e+00  3.000000e+00
     vertex  4.000000e+01 -3.200000e+01  3.000000e+00
   endloop
 endfacet
 facet normal -0.000000e+00  0.000000e+00  1.000000e+00
   outer loop
     vertex  2.626124e+00 -2.284958e+01  3.000000e+00
     vertex  3.200000e+01 -4.000000e+01  3.000000e+00
     vertex  3.574359e+00 -2.272056e+01  3.000000e+00
   endloop
 endfacet
 facet normal  0.000000e+00  0.000000e+00  1.000000e+00
   outer loop
     vertex  2.292040e+01 -1.911874e+00  3.000000e+00
     vertex  2.282103e+01 -2.863673e+00  3.000000e+00
     vertex  4.000000e+01 -3.200000e+01  3.000000e+00
   endloop
 endfacet
 facet normal -0.000000e+00  0.000000e+00  1.000000e+00
   outer loop
     vertex  1.673343e+00 -2.293905e+01  3.000000e+00
     vertex  3.200000e+01 -4.000000e+01  3.000000e+00
     vertex  2.626124e+00 -2.284958e+01  3.000000e+00
   endloop
 endfacet
 facet normal  0.000000e+00  0.000000e+00  1.000000e+00
   outer loop
     vertex  2.298009e+01 -9.567653e-01  3.000000e+00
     vertex  2.292040e+01 -1.911874e+00  3.000000e+00
     vertex  4.000000e+01 -3.200000e+01  3.000000e+00
   endloop
 endfacet
 facet normal -0.000000e+00  0.000000e+00  1.000000e+00
   outer loop
     vertex  7.176646e-01 -2.298880e+01  3.000000e+00
     vertex  3.200000e+01 -4.000000e+01  3.000000e+00
     vertex  1.673343e+00 -2.293905e+01  3.000000e+00
   endloop
 endfacet
 facet normal  0.000000e+00  0.000000e+00  1.000000e+00
   outer loop
     vertex  2.300000e+01 -5.633375e-15  3.000000e+00
     vertex  2.298009e+01 -9.567653e-01  3.000000e+00
     vertex  4.000000e+01 -3.200000e+01  3.000000e+00
   endloop
 endfacet
 facet normal -0.000000e+00  0.000000e+00  1.000000e+00
   outer loop
     vertex -2.392561e-01 -2.299876e+01  3.000000e+00
     vertex  3.200000e+01 -4.000000e+01  3.000000e+00
     vertex  7.176646e-01 -2.298880e+01  3.000000e+00
   endloop
 endfacet
 facet normal  0.000000e+00  0.000000e+00  1.000000e+00
   outer loop
     vertex  4.000000e+01  3.200000e+01  3.000000e+00
     vertex  2.250401e+01  4.750760e+00  3.000000e+00
     vertex  2.268215e+01  3.810515e+00  3.000000e+00
   endloop
 endfacet
 facet normal  0.000000e+00  0.000000e+00  1.000000e+00
   outer loop
     vertex  4.000000e+01  3.200000e+01  3.000000e+00
     vertex  2.228690e+01  5.682781e+00  3.000000e+00
     vertex  2.250401e+01  4.750760e+00  3.000000e+00
   endloop
 endfacet
 facet normal  0.000000e+00  0.000000e+00  1.000000e+00
   outer loop
     vertex  4.000000e+01  3.200000e+01  3.000000e+00
     vertex  2.203122e+01  6.604963e+00  3.000000e+00
     vertex  2.228690e+01  5.682781e+00  3.000000e+00
   endloop
 endfacet
 facet normal  0.000000e+00  0.000000e+00  1.000000e+00
   outer loop
     vertex  4.000000e+01  3.200000e+01  3.000000e+00
     vertex  2.173739e+01  7.515711e+00  3.000000e+00
     vertex  2.203122e+01  6.604963e+00  3.000000e+00
   endloop
 endfacet
 facet normal  0.000000e+00  0.000000e+00  1.000000e+00
   outer loop
     vertex  4.000000e+01  3.200000e+01  3.000000e+00
     vertex  2.140593e+01  8.413448e+00  3.000000e+00
     vertex  2.173739e+01  7.515711e+00  3.000000e+00
   endloop
 endfacet
 facet normal  0.000000e+00  0.000000e+00  1.000000e+00
   outer loop
     vertex  4.000000e+01  3.200000e+01  3.000000e+00
     vertex  2.103742e+01  9.296620e+00  3.000000e+00
     vertex  2.140593e+01  8.413448e+00  3.000000e+00
   endloop
 endfacet
 facet normal  0.000000e+00  0.000000e+00  1.000000e+00
   outer loop
     vertex  4.000000e+01  3.200000e+01  3.000000e+00
     vertex  2.063248e+01  1.016370e+01  3.000000e+00
     vertex  2.103742e+01  9.296620e+00  3.000000e+00
   endloop
 endfacet
 facet normal  0.000000e+00  0.000000e+00  1.000000e+00
   outer loop
     vertex  4.000000e+01  3.200000e+01  3.000000e+00
     vertex  2.019183e+01  1.101318e+01  3.000000e+00
     vertex  2.063248e+01  1.016370e+01  3.000000e+00
   endloop
 endfacet
 facet normal  0.000000e+00  0.000000e+00  1.000000e+00
   outer loop
     vertex  4.000000e+01  3.200000e+01  3.000000e+00
     vertex  2.300000e+01 -5.633375e-15  3.000000e+00
     vertex  4.000000e+01 -3.200000e+01  3.000000e+00
   endloop
 endfacet
 facet normal  0.000000e+00  0.000000e+00  1.000000e+00
   outer loop
     vertex  4.000000e+01  3.200000e+01  3.000000e+00
     vertex  2.298009e+01  9.567653e-01  3.000000e+00
     vertex  2.300000e+01 -5.633375e-15  3.000000e+00
   endloop
 endfacet
 facet normal  0.000000e+00  0.000000e+00  1.000000e+00
   outer loop
     vertex  4.000000e+01  3.200000e+01  3.000000e+00
     vertex  2.292040e+01  1.911874e+00  3.000000e+00
     vertex  2.298009e+01  9.567653e-01  3.000000e+00
   endloop
 endfacet
 facet normal  0.000000e+00  0.000000e+00  1.000000e+00
   outer loop
     vertex  4.000000e+01  3.200000e+01  3.000000e+00
     vertex  2.282103e+01  2.863673e+00  3.000000e+00
     vertex  2.292040e+01  1.911874e+00  3.000000e+00
   endloop
 endfacet
 facet normal  0.000000e+00  0.000000e+00  1.000000e+00
   outer loop
     vertex  4.000000e+01  3.200000e+01  3.000000e+00
     vertex  2.268215e+01  3.810515e+00  3.000000e+00
     vertex  2.282103e+01  2.863673e+00  3.000000e+00
   endloop
 endfacet
 facet normal  0.000000e+00  0.000000e+00  1.000000e+00
   outer loop
     vertex -3.200000e+01 -4.000000e+01  3.000000e+00
     vertex -6.833784e+00 -2.196132e+01  3.000000e+00
     vertex -7.741426e+00 -2.165803e+01  3.000000e+00
   endloop
 endfacet
 facet normal  0.000000e+00  0.000000e+00  1.000000e+00
   outer loop
     vertex -3.200000e+01 -4.000000e+01  3.000000e+00
     vertex -5.914311e+00 -2.222658e+01  3.000000e+00
     vertex -6.833784e+00 -2.196132e+01  3.000000e+00
   endloop
 endfacet
 facet normal  0.000000e+00  0.000000e+00  1.000000e+00
   outer loop
     vertex -3.200000e+01 -4.000000e+01  3.000000e+00
     vertex -4.984599e+00 -2.245337e+01  3.000000e+00
     vertex -5.914311e+00 -2.222658e+01  3.000000e+00
   endloop
 endfacet
 facet normal  0.000000e+00  0.000000e+00  1.000000e+00
   outer loop
     vertex -3.200000e+01 -4.000000e+01  3.000000e+00
     vertex -4.046259e+00 -2.264129e+01  3.000000e+00
     vertex -4.984599e+00 -2.245337e+01  3.000000e+00
   endloop
 endfacet
 facet normal  0.000000e+00  0.000000e+00  1.000000e+00
   outer loop
     vertex -3.200000e+01 -4.000000e+01  3.000000e+00
     vertex -3.100913e+00 -2.279001e+01  3.000000e+00
     vertex -4.046259e+00 -2.264129e+01  3.000000e+00
   endloop
 endfacet
 facet normal  0.000000e+00  0.000000e+00  1.000000e+00
   outer loop
     vertex -3.200000e+01 -4.000000e+01  3.000000e+00
     vertex -2.150199e+00 -2.289927e+01  3.000000e+00
     vertex -3.100913e+00 -2.279001e+01  3.000000e+00
   endloop
 endfacet
 facet normal  0.000000e+00  0.000000e+00  1.000000e+00
   outer loop
     vertex -3.200000e+01 -4.000000e+01  3.000000e+00
     vertex -1.195763e+00 -2.296890e+01  3.000000e+00
     vertex -2.150199e+00 -2.289927e+01  3.000000e+00
   endloop
 endfacet
 facet normal  0.000000e+00  0.000000e+00  1.000000e+00
   outer loop
     vertex -3.200000e+01 -4.000000e+01  3.000000e+00
     vertex -2.392561e-01 -2.299876e+01  3.000000e+00
     vertex -1.195763e+00 -2.296890e+01  3.000000e+00
   endloop
 endfacet
 facet normal  0.000000e+00  0.000000e+00  1.000000e+00
   outer loop
     vertex -3.200000e+01 -4.000000e+01  3.000000e+00
     vertex  3.200000e+01 -4.000000e+01  3.000000e+00
     vertex -2.392561e-01 -2.299876e+01  3.000000e+00
   endloop
 endfacet
 facet normal  0.000000e+00  0.000000e+00  1.000000e+00
   outer loop
     vertex -3.200000e+01 -4.000000e+01  3.000000e+00
     vertex -1.037778e+01 -2.052564e+01  3.000000e+00
     vertex -1.122263e+01 -2.007617e+01  3.000000e+00
   endloop
 endfacet
 facet normal  0.000000e+00  0.000000e+00  1.000000e+00
   outer loop
     vertex -3.200000e+01 -4.000000e+01  3.000000e+00
     vertex -9.514958e+00 -2.093957e+01  3.000000e+00
     vertex -1.037778e+01 -2.052564e+01  3.000000e+00
   endloop
 endfacet
 facet normal  0.000000e+00  0.000000e+00  1.000000e+00
   outer loop
     vertex -3.200000e+01 -4.000000e+01  3.000000e+00
     vertex -8.635667e+00 -2.131725e+01  3.000000e+00
     vertex -9.514958e+00 -2.093957e+01  3.000000e+00
   endloop
 endfacet
 facet normal  0.000000e+00  0.000000e+00  1.000000e+00
   outer loop
     vertex -3.200000e+01 -4.000000e+01  3.000000e+00
     vertex -7.741426e+00 -2.165803e+01  3.000000e+00
     vertex -8.635667e+00 -2.131725e+01  3.000000e+00
   endloop
 endfacet
 facet normal -0.000000e+00  0.000000e+00  1.000000e+00
   outer loop
     vertex  1.971622e+01  1.184360e+01  3.000000e+00
     vertex  2.019183e+01  1.101318e+01  3.000000e+00
     vertex  4.000000e+01  3.200000e+01  3.000000e+00
   endloop
 endfacet
 facet normal  0.000000e+00  0.000000e+00  1.000000e+00
   outer loop
     vertex -1.204805e+01 -1.959195e+01  3.000000e+00
     vertex -3.200000e+01 -4.000000e+01  3.000000e+00
     vertex -1.122263e+01 -2.007617e+01  3.000000e+00
   endloop
 endfacet
 facet normal  0.000000e+00  0.000000e+00  1.000000e+00
   outer loop
     vertex -3.308933e+01 -3.992549e+01  3.000000e+00
     vertex -3.254594e+01 -3.998135e+01  3.000000e+00
     vertex -3.200000e+01 -4.000000e+01  3.000000e+00
   endloop
 endfacet
 facet normal  0.000000e+00  0.000000e+00  1.000000e+00
   outer loop
     vertex  3.992549e+01  3.308933e+01  3.000000e+00
     vertex  4.000000e+01  3.200000e+01  3.000000e+00
     vertex  3.998135e+01  3.254594e+01  3.000000e+00
   endloop
 endfacet
 facet normal -0.000000e+00  0.000000e+00  1.000000e+00
   outer loop
     vertex  1.920648e+01  1.265351e+01  3.000000e+00
     vertex  1.971622e+01  1.184360e+01  3.000000e+00
     vertex  4.000000e+01  3.200000e+01  3.000000e+00
   endloop
 endfacet
 facet normal  0.000000e+00  0.000000e+00  1.000000e+00
   outer loop
     vertex -1.285262e+01 -1.907381e+01  3.000000e+00
     vertex -3.200000e+01 -4.000000e+01  3.000000e+00
     vertex -1.204805e+01 -1.959195e+01  3.000000e+00
   endloop
 endfacet
 facet normal  0.000000e+00  0.000000e+00  1.000000e+00
   outer loop
     vertex -3.362765e+01 -3.983267e+01  3.000000e+00
     vertex -3.308933e+01 -3.992549e+01  3.000000e+00
     vertex -3.200000e+01 -4.000000e+01  3.000000e+00
   endloop
 endfacet
 facet normal  0.000000e+00  0.000000e+00  1.000000e+00
   outer loop
     vertex  3.983267e+01  3.362765e+01  3.000000e+00
     vertex  4.000000e+01  3.200000e+01  3.000000e+00
     vertex  3.992549e+01  3.308933e+01  3.000000e+00
   endloop
 endfacet
 facet normal  0.000000e+00  0.000000e+00  1.000000e+00
   outer loop
     vertex -3.415837e+01 -3.970334e+01  3.000000e+00
     vertex -3.362765e+01 -3.983267e+01  3.000000e+00
     vertex -3.200000e+01 -4.000000e+01  3.000000e+00
   endloop
 endfacet
 facet normal -0.000000e+00  0.000000e+00  1.000000e+00
   outer loop
     vertex  1.866348e+01  1.344152e+01  3.000000e+00
     vertex  1.920648e+01  1.265351e+01  3.000000e+00
     vertex  4.000000e+01  3.200000e+01  3.000000e+00
   endloop
 endfacet
 facet normal  0.000000e+00  0.000000e+00  1.000000e+00
   outer loop
     vertex -1.363494e+01 -1.852265e+01  3.000000e+00
     vertex -3.200000e+01 -4.000000e+01  3.000000e+00
     vertex -1.285262e+01 -1.907381e+01  3.000000e+00
   endloop
 endfacet
 facet normal  0.000000e+00  0.000000e+00  1.000000e+00
   outer loop
     vertex  3.953809e+01  3.467904e+01  3.000000e+00
     vertex  3.983267e+01  3.362765e+01  3.000000e+00
     vertex  3.970334e+01  3.415837e+01  3.000000e+00
   endloop
 endfacet
 facet normal  0.000000e+00  0.000000e+00  1.000000e+00
   outer loop
     vertex  3.953809e+01  3.467904e+01  3.000000e+00
     vertex  4.000000e+01  3.200000e+01  3.000000e+00
     vertex  3.983267e+01  3.362765e+01  3.000000e+00
   endloop
 endfacet
 facet normal -0.000000e+00  0.000000e+00  1.000000e+00
   outer loop
     vertex  1.808818e+01  1.420626e+01  3.000000e+00
     vertex  1.866348e+01  1.344152e+01  3.000000e+00
     vertex  4.000000e+01  3.200000e+01  3.000000e+00
   endloop
 endfacet
 facet normal  0.000000e+00  0.000000e+00  1.000000e+00
   outer loop
     vertex -1.439365e+01 -1.793942e+01  3.000000e+00
     vertex -3.200000e+01 -4.000000e+01  3.000000e+00
     vertex -1.363494e+01 -1.852265e+01  3.000000e+00
   endloop
 endfacet
 facet normal  0.000000e+00  0.000000e+00  1.000000e+00
   outer loop
     vertex -3.568052e+01 -3.910308e+01  3.000000e+00
     vertex -3.518721e+01 -3.933769e+01  3.000000e+00
     vertex -3.467904e+01 -3.953809e+01  3.000000e+00
   endloop
 endfacet
 facet normal  0.000000e+00  0.000000e+00  1.000000e+00
   outer loop
     vertex -3.568052e+01 -3.910308e+01  3.000000e+00
     vertex -3.467904e+01 -3.953809e+01  3.000000e+00
     vertex -3.415837e+01 -3.970334e+01  3.000000e+00
   endloop
 endfacet
 facet normal  0.000000e+00  0.000000e+00  1.000000e+00
   outer loop
     vertex -3.568052e+01 -3.910308e+01  3.000000e+00
     vertex -3.415837e+01 -3.970334e+01  3.000000e+00
     vertex -3.200000e+01 -4.000000e+01  3.000000e+00
   endloop
 endfacet
 facet normal -0.000000e+00  0.000000e+00  1.000000e+00
   outer loop
     vertex  1.748157e+01  1.494640e+01  3.000000e+00
     vertex  1.808818e+01  1.420626e+01  3.000000e+00
     vertex  4.000000e+01  3.200000e+01  3.000000e+00
   endloop
 endfacet
 facet normal  0.000000e+00  0.000000e+00  1.000000e+00
   outer loop
     vertex -1.512744e+01 -1.732514e+01  3.000000e+00
     vertex -3.200000e+01 -4.000000e+01  3.000000e+00
     vertex -1.439365e+01 -1.793942e+01  3.000000e+00
   endloop
 endfacet
 facet normal  0.000000e+00  0.000000e+00  1.000000e+00
   outer loop
     vertex -3.661344e+01 -3.853576e+01  3.000000e+00
     vertex -3.615667e+01 -3.883536e+01  3.000000e+00
     vertex -3.568052e+01 -3.910308e+01  3.000000e+00
   endloop
 endfacet
 facet normal  0.000000e+00  0.000000e+00  1.000000e+00
   outer loop
     vertex -3.661344e+01 -3.853576e+01  3.000000e+00
     vertex -3.568052e+01 -3.910308e+01  3.000000e+00
     vertex -3.200000e+01 -4.000000e+01  3.000000e+00
   endloop
 endfacet
 facet normal  0.000000e+00  0.000000e+00  1.000000e+00
   outer loop
     vertex  3.853576e+01  3.661344e+01  3.000000e+00
     vertex  4.000000e+01  3.200000e+01  3.000000e+00
     vertex  3.953809e+01  3.467904e+01  3.000000e+00
   endloop
 endfacet
 facet normal  0.000000e+00  0.000000e+00  1.000000e+00
   outer loop
     vertex  3.853576e+01  3.661344e+01  3.000000e+00
     vertex  3.910308e+01  3.568052e+01  3.000000e+00
     vertex  3.883536e+01  3.615667e+01  3.000000e+00
   endloop
 endfacet
 facet normal  0.000000e+00  0.000000e+00  1.000000e+00
   outer loop
     vertex  3.853576e+01  3.661344e+01  3.000000e+00
     vertex  3.933769e+01  3.518721e+01  3.000000e+00
     vertex  3.910308e+01  3.568052e+01  3.000000e+00
   endloop
 endfacet
 facet normal  0.000000e+00  0.000000e+00  1.000000e+00
   outer loop
     vertex  3.853576e+01  3.661344e+01  3.000000e+00
     vertex  3.953809e+01  3.467904e+01  3.000000e+00
     vertex  3.933769e+01  3.518721e+01  3.000000e+00
   endloop
 endfacet
 facet normal -0.000000e+00  0.000000e+00  1.000000e+00
   outer loop
     vertex  1.684469e+01  1.566067e+01  3.000000e+00
     vertex  1.748157e+01  1.494640e+01  3.000000e+00
     vertex  4.000000e+01  3.200000e+01  3.000000e+00
   endloop
 endfacet
 facet normal  0.000000e+00  0.000000e+00  1.000000e+00
   outer loop
     vertex -3.704870e+01 -3.820569e+01  3.000000e+00
     vertex -3.661344e+01 -3.853576e+01  3.000000e+00
     vertex -3.200000e+01 -4.000000e+01  3.000000e+00
   endloop
 endfacet
 facet normal  0.000000e+00  0.000000e+00  1.000000e+00
   outer loop
     vertex -1.583505e+01 -1.668087e+01  3.000000e+00
     vertex -3.200000e+01 -4.000000e+01  3.000000e+00
     vertex -1.512744e+01 -1.732514e+01  3.000000e+00
   endloop
 endfacet
 facet normal  0.000000e+00  0.000000e+00  1.000000e+00
   outer loop
     vertex -3.746043e+01 -3.784669e+01  3.000000e+00
     vertex -3.704870e+01 -3.820569e+01  3.000000e+00
     vertex -3.200000e+01 -4.000000e+01  3.000000e+00
   endloop
 endfacet
 facet normal -0.000000e+00  0.000000e+00  1.000000e+00
   outer loop
     vertex  1.617865e+01  1.634783e+01  3.000000e+00
     vertex  1.684469e+01  1.566067e+01  3.000000e+00
     vertex  4.000000e+01  3.200000e+01  3.000000e+00
   endloop
 endfacet
 facet normal  0.000000e+00  0.000000e+00  1.000000e+00
   outer loop
     vertex  3.746043e+01  3.784669e+01  3.000000e+00
     vertex  3.820569e+01  3.704870e+01  3.000000e+00
     vertex  3.784669e+01  3.746043e+01  3.000000e+00
   endloop
 endfacet
 facet normal  0.000000e+00  0.000000e+00  1.000000e+00
   outer loop
     vertex  3.746043e+01  3.784669e+01  3.000000e+00
     vertex  3.853576e+01  3.661344e+01  3.000000e+00
     vertex  3.820569e+01  3.704870e+01  3.000000e+00
   endloop
 endfacet
 facet normal  0.000000e+00  0.000000e+00  1.000000e+00
   outer loop
     vertex -1.651524e+01 -1.600771e+01  3.000000e+00
     vertex -3.200000e+01 -4.000000e+01  3.000000e+00
     vertex -1.583505e+01 -1.668087e+01  3.000000e+00
   endloop
 endfacet
 facet normal  0.000000e+00  0.000000e+00  1.000000e+00
   outer loop
     vertex  3.704870e+01  3.820569e+01  3.000000e+00
     vertex  4.000000e+01  3.200000e+01  3.000000e+00
     vertex  3.853576e+01  3.661344e+01  3.000000e+00
   endloop
 endfacet
 facet normal  0.000000e+00  0.000000e+00  1.000000e+00
   outer loop
     vertex  3.704870e+01  3.820569e+01  3.000000e+00
     vertex  3.853576e+01  3.661344e+01  3.000000e+00
     vertex  3.746043e+01  3.784669e+01  3.000000e+00
   endloop
 endfacet
 facet normal  0.000000e+00  0.000000e+00  1.000000e+00
   outer loop
     vertex -3.820569e+01 -3.704870e+01  3.000000e+00
     vertex -3.784669e+01 -3.746043e+01  3.000000e+00
     vertex -3.746043e+01 -3.784669e+01  3.000000e+00
   endloop
 endfacet
 facet normal  0.000000e+00  0.000000e+00  1.000000e+00
   outer loop
     vertex -3.820569e+01 -3.704870e+01  3.000000e+00
     vertex -3.746043e+01 -3.784669e+01  3.000000e+00
     vertex -3.200000e+01 -4.000000e+01  3.000000e+00
   endloop
 endfacet
 facet normal  0.000000e+00  0.000000e+00  1.000000e+00
   outer loop
     vertex -3.853576e+01 -3.661344e+01  3.000000e+00
     vertex -3.820569e+01 -3.704870e+01  3.000000e+00
     vertex -3.200000e+01 -4.000000e+01  3.000000e+00
   endloop
 endfacet
 facet normal  0.000000e+00  0.000000e+00  1.000000e+00
   outer loop
     vertex  3.615667e+01  3.883536e+01  3.000000e+00
     vertex  3.704870e+01  3.820569e+01  3.000000e+00
     vertex  3.661344e+01  3.853576e+01  3.000000e+00
   endloop
 endfacet
 facet normal  0.000000e+00  0.000000e+00  1.000000e+00
   outer loop
     vertex -3.883536e+01 -3.615667e+01  3.000000e+00
     vertex -3.853576e+01 -3.661344e+01  3.000000e+00
     vertex -3.200000e+01 -4.000000e+01  3.000000e+00
   endloop
 endfacet
 facet normal  0.000000e+00  0.000000e+00  1.000000e+00
   outer loop
     vertex  3.568052e+01  3.910308e+01  3.000000e+00
     vertex  3.704870e+01  3.820569e+01  3.000000e+00
     vertex  3.615667e+01  3.883536e+01  3.000000e+00
   endloop
 endfacet
 facet normal  0.000000e+00  0.000000e+00  1.000000e+00
   outer loop
     vertex -3.953809e+01 -3.467904e+01  3.000000e+00
     vertex -3.933769e+01 -3.518721e+01  3.000000e+00
     vertex -3.910308e+01 -3.568052e+01  3.000000e+00
   endloop
 endfacet
 facet normal  0.000000e+00  0.000000e+00  1.000000e+00
   outer loop
     vertex -3.953809e+01 -3.467904e+01  3.000000e+00
     vertex -3.910308e+01 -3.568052e+01  3.000000e+00
     vertex -3.883536e+01 -3.615667e+01  3.000000e+00
   endloop
 endfacet
 facet normal  0.000000e+00  0.000000e+00  1.000000e+00
   outer loop
     vertex  3.415837e+01  3.970334e+01  3.000000e+00
     vertex  3.518721e+01  3.933769e+01  3.000000e+00
     vertex  3.467904e+01  3.953809e+01  3.000000e+00
   endloop
 endfacet
 facet normal  0.000000e+00  0.000000e+00  1.000000e+00
   outer loop
     vertex  3.415837e+01  3.970334e+01  3.000000e+00
     vertex  3.568052e+01  3.910308e+01  3.000000e+00
     vertex  3.518721e+01  3.933769e+01  3.000000e+00
   endloop
 endfacet
 facet normal  0.000000e+00  0.000000e+00  1.000000e+00
   outer loop
     vertex  3.362765e+01  3.983267e+01  3.000000e+00
     vertex  3.568052e+01  3.910308e+01  3.000000e+00
     vertex  3.415837e+01  3.970334e+01  3.000000e+00
   endloop
 endfacet
 facet normal  0.000000e+00  0.000000e+00  1.000000e+00
   outer loop
     vertex -3.992549e+01 -3.308933e+01  3.000000e+00
     vertex -3.983267e+01 -3.362765e+01  3.000000e+00
     vertex -3.970334e+01 -3.415837e+01  3.000000e+00
   endloop
 endfacet
 facet normal  0.000000e+00  0.000000e+00  1.000000e+00
   outer loop
     vertex  3.254594e+01  3.998135e+01  3.000000e+00
     vertex  3.704870e+01  3.820569e+01  3.000000e+00
     vertex  3.568052e+01  3.910308e+01  3.000000e+00
   endloop
 endfacet
 facet normal  0.000000e+00  0.000000e+00  1.000000e+00
   outer loop
     vertex  3.254594e+01  3.998135e+01  3.000000e+00
     vertex  3.568052e+01  3.910308e+01  3.000000e+00
     vertex  3.362765e+01  3.983267e+01  3.000000e+00
   endloop
 endfacet
 facet normal  0.000000e+00  0.000000e+00  1.000000e+00
   outer loop
     vertex  3.254594e+01  3.998135e+01  3.000000e+00
     vertex  3.362765e+01  3.983267e+01  3.000000e+00
     vertex  3.308933e+01  3.992549e+01  3.000000e+00
   endloop
 endfacet
 facet normal  0.000000e+00  0.000000e+00  1.000000e+00
   outer loop
     vertex -3.998135e+01 -3.254594e+01  3.000000e+00
     vertex -3.970334e+01 -3.415837e+01  3.000000e+00
     vertex -3.953809e+01 -3.467904e+01  3.000000e+00
   endloop
 endfacet
 facet normal  0.000000e+00  0.000000e+00  1.000000e+00
   outer loop
     vertex -3.998135e+01 -3.254594e+01  3.000000e+00
     vertex -3.992549e+01 -3.308933e+01  3.000000e+00
     vertex -3.970334e+01 -3.415837e+01  3.000000e+00
   endloop
 endfacet
 facet normal  0.000000e+00  0.000000e+00  1.000000e+00
   outer loop
     vertex -4.000000e+01 -3.200000e+01  3.000000e+00
     vertex -3.883536e+01 -3.615667e+01  3.000000e+00
     vertex -3.200000e+01 -4.000000e+01  3.000000e+00
   endloop
 endfacet
 facet normal  0.000000e+00  0.000000e+00  1.000000e+00
   outer loop
     vertex -4.000000e+01 -3.200000e+01  3.000000e+00
     vertex -3.953809e+01 -3.467904e+01  3.000000e+00
     vertex -3.883536e+01 -3.615667e+01  3.000000e+00
   endloop
 endfacet
 facet normal  0.000000e+00  0.000000e+00  1.000000e+00
   outer loop
     vertex -4.000000e+01 -3.200000e+01  3.000000e+00
     vertex -3.998135e+01 -3.254594e+01  3.000000e+00
     vertex -3.953809e+01 -3.467904e+01  3.000000e+00
   endloop
 endfacet
 facet normal -0.000000e+00  0.000000e+00  1.000000e+00
   outer loop
     vertex -4.000000e+01 -3.200000e+01  3.000000e+00
     vertex -3.200000e+01 -4.000000e+01  3.000000e+00
     vertex -1.651524e+01 -1.600771e+01  3.000000e+00
   endloop
 endfacet
 facet normal  0.000000e+00  0.000000e+00  1.000000e+00
   outer loop
     vertex -4.000000e+01 -3.200000e+01  3.000000e+00
     vertex -1.893908e+01 -1.305034e+01  3.000000e+00
     vertex -1.946556e+01 -1.225120e+01  3.000000e+00
   endloop
 endfacet
 facet normal  0.000000e+00  0.000000e+00  1.000000e+00
   outer loop
     vertex -4.000000e+01 -3.200000e+01  3.000000e+00
     vertex -1.837981e+01 -1.382688e+01  3.000000e+00
     vertex -1.893908e+01 -1.305034e+01  3.000000e+00
   endloop
 endfacet
 facet normal  0.000000e+00  0.000000e+00  1.000000e+00
   outer loop
     vertex -4.000000e+01 -3.200000e+01  3.000000e+00
     vertex -1.778872e+01 -1.457948e+01  3.000000e+00
     vertex -1.837981e+01 -1.382688e+01  3.000000e+00
   endloop
 endfacet
 facet normal  0.000000e+00  0.000000e+00  1.000000e+00
   outer loop
     vertex -4.000000e+01 -3.200000e+01  3.000000e+00
     vertex -1.716684e+01 -1.530685e+01  3.000000e+00
     vertex -1.778872e+01 -1.457948e+01  3.000000e+00
   endloop
 endfacet
 facet normal  0.000000e+00  0.000000e+00  1.000000e+00
   outer loop
     vertex -4.000000e+01 -3.200000e+01  3.000000e+00
     vertex -1.651524e+01 -1.600771e+01  3.000000e+00
     vertex -1.716684e+01 -1.530685e+01  3.000000e+00
   endloop
 endfacet
 facet normal  0.000000e+00  0.000000e+00  1.000000e+00
   outer loop
     vertex  3.200000e+01  4.000000e+01  3.000000e+00
     vertex  3.704870e+01  3.820569e+01  3.000000e+00
     vertex  3.254594e+01  3.998135e+01  3.000000e+00
   endloop
 endfacet
 facet normal  0.000000e+00  0.000000e+00  1.000000e+00
   outer loop
     vertex  3.200000e+01  4.000000e+01  3.000000e+00
     vertex  1.548460e+01  1.700668e+01  3.000000e+00
     vertex  1.617865e+01  1.634783e+01  3.000000e+00
   endloop
 endfacet
 facet normal  0.000000e+00  0.000000e+00  1.000000e+00
   outer loop
     vertex  3.200000e+01  4.000000e+01  3.000000e+00
     vertex  1.476374e+01  1.763610e+01  3.000000e+00
     vertex  1.548460e+01  1.700668e+01  3.000000e+00
   endloop
 endfacet
 facet normal  0.000000e+00  0.000000e+00  1.000000e+00
   outer loop
     vertex  3.200000e+01  4.000000e+01  3.000000e+00
     vertex  1.401733e+01  1.823498e+01  3.000000e+00
     vertex  1.476374e+01  1.763610e+01  3.000000e+00
   endloop
 endfacet
 facet normal  0.000000e+00  0.000000e+00  1.000000e+00
   outer loop
     vertex  3.200000e+01  4.000000e+01  3.000000e+00
     vertex  1.324664e+01  1.880230e+01  3.000000e+00
     vertex  1.401733e+01  1.823498e+01  3.000000e+00
   endloop
 endfacet
 facet normal  0.000000e+00  0.000000e+00  1.000000e+00
   outer loop
     vertex  3.200000e+01  4.000000e+01  3.000000e+00
     vertex  1.245303e+01  1.933706e+01  3.000000e+00
     vertex  1.324664e+01  1.880230e+01  3.000000e+00
   endloop
 endfacet
 facet normal  0.000000e+00  0.000000e+00  1.000000e+00
   outer loop
     vertex  3.200000e+01  4.000000e+01  3.000000e+00
     vertex  4.000000e+01  3.200000e+01  3.000000e+00
     vertex  3.704870e+01  3.820569e+01  3.000000e+00
   endloop
 endfacet
 facet normal  0.000000e+00  0.000000e+00  1.000000e+00
   outer loop
     vertex  3.200000e+01  4.000000e+01  3.000000e+00
     vertex  1.617865e+01  1.634783e+01  3.000000e+00
     vertex  4.000000e+01  3.200000e+01  3.000000e+00
   endloop
 endfacet
 facet normal -0.000000e+00  0.000000e+00  1.000000e+00
   outer loop
     vertex  1.163786e+01  1.983835e+01  3.000000e+00
     vertex  1.245303e+01  1.933706e+01  3.000000e+00
     vertex  3.200000e+01  4.000000e+01  3.000000e+00
   endloop
 endfacet
 facet normal  0.000000e+00  0.000000e+00  1.000000e+00
   outer loop
     vertex -1.995834e+01 -1.143086e+01  3.000000e+00
     vertex -4.000000e+01 -3.200000e+01  3.000000e+00
     vertex -1.946556e+01 -1.225120e+01  3.000000e+00
   endloop
 endfacet
 facet normal -0.000000e+00  0.000000e+00  1.000000e+00
   outer loop
     vertex  1.080254e+01  2.030530e+01  3.000000e+00
     vertex  1.163786e+01  1.983835e+01  3.000000e+00
     vertex  3.200000e+01  4.000000e+01  3.000000e+00
   endloop
 endfacet
 facet normal  0.000000e+00  0.000000e+00  1.000000e+00
   outer loop
     vertex -2.041657e+01 -1.059073e+01  3.000000e+00
     vertex -4.000000e+01 -3.200000e+01  3.000000e+00
     vertex -1.995834e+01 -1.143086e+01  3.000000e+00
   endloop
 endfacet
 facet normal -0.000000e+00  0.000000e+00  1.000000e+00
   outer loop
     vertex  9.948520e+00  2.073709e+01  3.000000e+00
     vertex  1.080254e+01  2.030530e+01  3.000000e+00
     vertex  3.200000e+01  4.000000e+01  3.000000e+00
   endloop
 endfacet
 facet normal  0.000000e+00  0.000000e+00  1.000000e+00
   outer loop
     vertex -2.083946e+01 -9.732265e+00  3.000000e+00
     vertex -4.000000e+01 -3.200000e+01  3.000000e+00
     vertex -2.041657e+01 -1.059073e+01  3.000000e+00
   endloop
 endfacet
 facet normal -0.000000e+00  0.000000e+00  1.000000e+00
   outer loop
     vertex  9.077277e+00  2.113298e+01  3.000000e+00
     vertex  9.948520e+00  2.073709e+01  3.000000e+00
     vertex  3.200000e+01  4.000000e+01  3.000000e+00
   endloop
 endfacet
 facet normal  0.000000e+00  0.000000e+00  1.000000e+00
   outer loop
     vertex -2.122627e+01 -8.856951e+00  3.000000e+00
     vertex -4.000000e+01 -3.200000e+01  3.000000e+00
     vertex -2.083946e+01 -9.732265e+00  3.000000e+00
   endloop
 endfacet
 facet normal -0.000000e+00  0.000000e+00  1.000000e+00
   outer loop
     vertex  8.190319e+00  2.149229e+01  3.000000e+00
     vertex  9.077277e+00  2.113298e+01  3.000000e+00
     vertex  3.200000e+01  4.000000e+01  3.000000e+00
   endloop
 endfacet
 facet normal  0.000000e+00  0.000000e+00  1.000000e+00
   outer loop
     vertex -2.157633e+01 -7.966304e+00  3.000000e+00
     vertex -4.000000e+01 -3.200000e+01  3.000000e+00
     vertex -2.122627e+01 -8.856951e+00  3.000000e+00
   endloop
 endfacet
 facet normal -0.000000e+00  0.000000e+00  1.000000e+00
   outer loop
     vertex  7.289183e+00  2.181439e+01  3.000000e+00
     vertex  8.190319e+00  2.149229e+01  3.000000e+00
     vertex  3.200000e+01  4.000000e+01  3.000000e+00
   endloop
 endfacet
 facet normal  0.000000e+00  0.000000e+00  1.000000e+00
   outer loop
     vertex -2.188904e+01 -7.061865e+00  3.000000e+00
     vertex -4.000000e+01 -3.200000e+01  3.000000e+00
     vertex -2.157633e+01 -7.966304e+00  3.000000e+00
   endloop
 endfacet
 facet normal -0.000000e+00  0.000000e+00  1.000000e+00
   outer loop
     vertex  6.375427e+00  2.209873e+01  3.000000e+00
     vertex  7.289183e+00  2.181439e+01  3.000000e+00
     vertex  3.200000e+01  4.000000e+01  3.000000e+00
   endloop
 endfacet
 facet normal  0.000000e+00  0.000000e+00  1.000000e+00
   outer loop
     vertex -2.216386e+01 -6.145202e+00  3.000000e+00
     vertex -4.000000e+01 -3.200000e+01  3.000000e+00
     vertex -2.188904e+01 -7.061865e+00  3.000000e+00
   endloop
 endfacet
 facet normal -0.000000e+00  0.000000e+00  1.000000e+00
   outer loop
     vertex  5.450635e+00  2.234481e+01  3.000000e+00
     vertex  6.375427e+00  2.209873e+01  3.000000e+00
     vertex  3.200000e+01  4.000000e+01  3.000000e+00
   endloop
 endfacet
 facet normal  0.000000e+00  0.000000e+00  1.000000e+00
   outer loop
     vertex -2.240030e+01 -5.217900e+00  3.000000e+00
     vertex -4.000000e+01 -3.200000e+01  3.000000e+00
     vertex -2.216386e+01 -6.145202e+00  3.000000e+00
   endloop
 endfacet
 facet normal -0.000000e+00  0.000000e+00  1.000000e+00
   outer loop
     vertex  4.516406e+00  2.255221e+01  3.000000e+00
     vertex  5.450635e+00  2.234481e+01  3.000000e+00
     vertex  3.200000e+01  4.000000e+01  3.000000e+00
   endloop
 endfacet
 facet normal  0.000000e+00  0.000000e+00  1.000000e+00
   outer loop
     vertex -2.259797e+01 -4.281564e+00  3.000000e+00
     vertex -4.000000e+01 -3.200000e+01  3.000000e+00
     vertex -2.240030e+01 -5.217900e+00  3.000000e+00
   endloop
 endfacet
 facet normal -0.000000e+00  0.000000e+00  1.000000e+00
   outer loop
     vertex  3.574359e+00  2.272056e+01  3.000000e+00
     vertex  4.516406e+00  2.255221e+01  3.000000e+00
     vertex  3.200000e+01  4.000000e+01  3.000000e+00
   endloop
 endfacet
 facet normal  0.000000e+00  0.000000e+00  1.000000e+00
   outer loop
     vertex -2.275652e+01 -3.337817e+00  3.000000e+00
     vertex -4.000000e+01 -3.200000e+01  3.000000e+00
     vertex -2.259797e+01 -4.281564e+00  3.000000e+00
   endloop
 endfacet
 facet normal -0.000000e+00  0.000000e+00  1.000000e+00
   outer loop
     vertex  2.626124e+00  2.284958e+01  3.000000e+00
     vertex  3.574359e+00  2.272056e+01  3.000000e+00
     vertex  3.200000e+01  4.000000e+01  3.000000e+00
   endloop
 endfacet
 facet normal  0.000000e+00  0.000000e+00  1.000000e+00
   outer loop
     vertex -2.287567e+01 -2.388291e+00  3.000000e+00
     vertex -4.000000e+01 -3.200000e+01  3.000000e+00
     vertex -2.275652e+01 -3.337817e+00  3.000000e+00
   endloop
 endfacet
 facet normal -0.000000e+00  0.000000e+00  1.000000e+00
   outer loop
     vertex  1.673343e+00  2.293905e+01  3.000000e+00
     vertex  2.626124e+00  2.284958e+01  3.000000e+00
     vertex  3.200000e+01  4.000000e+01  3.000000e+00
   endloop
 endfacet
 facet normal  0.000000e+00  0.000000e+00  1.000000e+00
   outer loop
     vertex -2.295521e+01 -1.434630e+00  3.000000e+00
     vertex -4.000000e+01 -3.200000e+01  3.000000e+00
     vertex -2.287567e+01 -2.388291e+00  3.000000e+00
   endloop
 endfacet
 facet normal -0.000000e+00  0.000000e+00  1.000000e+00
   outer loop
     vertex  7.176646e-01  2.298880e+01  3.000000e+00
     vertex  1.673343e+00  2.293905e+01  3.000000e+00
     vertex  3.200000e+01  4.000000e+01  3.000000e+00
   endloop
 endfacet
 facet normal  0.000000e+00  0.000000e+00  1.000000e+00
   outer loop
     vertex -2.299502e+01 -4.784862e-01  3.000000e+00
     vertex -4.000000e+01 -3.200000e+01  3.000000e+00
     vertex -2.295521e+01 -1.434630e+00  3.000000e+00
   endloop
 endfacet
 facet normal -0.000000e+00  0.000000e+00  1.000000e+00
   outer loop
     vertex -2.392561e-01  2.299876e+01  3.000000e+00
     vertex  7.176646e-01  2.298880e+01  3.000000e+00
     vertex  3.200000e+01  4.000000e+01  3.000000e+00
   endloop
 endfacet
 facet normal  0.000000e+00  0.000000e+00  1.000000e+00
   outer loop
     vertex -2.299502e+01  4.784862e-01  3.000000e+00
     vertex -4.000000e+01 -3.200000e+01  3.000000e+00
     vertex -2.299502e+01 -4.784862e-01  3.000000e+00
   endloop
 endfacet
 facet normal -0.000000e+00  0.000000e+00  1.000000e+00
   outer loop
     vertex -3.200000e+01  4.000000e+01  3.000000e+00
     vertex -2.392561e-01  2.299876e+01  3.000000e+00
     vertex  3.200000e+01  4.000000e+01  3.000000e+00
   endloop
 endfacet
 facet normal  0.000000e+00  0.000000e+00  1.000000e+00
   outer loop
     vertex -3.200000e+01  4.000000e+01  3.000000e+00
     vertex -1.195763e+00  2.296890e+01  3.000000e+00
     vertex -2.392561e-01  2.299876e+01  3.000000e+00
   endloop
 endfacet
 facet normal  0.000000e+00  0.000000e+00  1.000000e+00
   outer loop
     vertex -3.200000e+01  4.000000e+01  3.000000e+00
     vertex -2.150199e+00  2.289927e+01  3.000000e+00
     vertex -1.195763e+00  2.296890e+01  3.000000e+00
   endloop
 endfacet
 facet normal  0.000000e+00  0.000000e+00  1.000000e+00
   outer loop
     vertex -3.200000e+01  4.000000e+01  3.000000e+00
     vertex -3.100913e+00  2.279001e+01  3.000000e+00
     vertex -2.150199e+00  2.289927e+01  3.000000e+00
   endloop
 endfacet
 facet normal  0.000000e+00  0.000000e+00  1.000000e+00
   outer loop
     vertex -3.200000e+01  4.000000e+01  3.000000e+00
     vertex -4.046259e+00  2.264129e+01  3.000000e+00
     vertex -3.100913e+00  2.279001e+01  3.000000e+00
   endloop
 endfacet
 facet normal  0.000000e+00  0.000000e+00  1.000000e+00
   outer loop
     vertex -3.200000e+01  4.000000e+01  3.000000e+00
     vertex -4.984599e+00  2.245337e+01  3.000000e+00
     vertex -4.046259e+00  2.264129e+01  3.000000e+00
   endloop
 endfacet
 facet normal  0.000000e+00  0.000000e+00  1.000000e+00
   outer loop
     vertex -3.200000e+01  4.000000e+01  3.000000e+00
     vertex -5.914311e+00  2.222658e+01  3.000000e+00
     vertex -4.984599e+00  2.245337e+01  3.000000e+00
   endloop
 endfacet
 facet normal  0.000000e+00  0.000000e+00  1.000000e+00
   outer loop
     vertex -3.200000e+01  4.000000e+01  3.000000e+00
     vertex -6.833784e+00  2.196132e+01  3.000000e+00
     vertex -5.914311e+00  2.222658e+01  3.000000e+00
   endloop
 endfacet
 facet normal  0.000000e+00  0.000000e+00  1.000000e+00
   outer loop
     vertex -3.200000e+01  4.000000e+01  3.000000e+00
     vertex -7.741426e+00  2.165803e+01  3.000000e+00
     vertex -6.833784e+00  2.196132e+01  3.000000e+00
   endloop
 endfacet
 facet normal  0.000000e+00  0.000000e+00  1.000000e+00
   outer loop
     vertex -3.200000e+01  4.000000e+01  3.000000e+00
     vertex -8.635667e+00  2.131725e+01  3.000000e+00
     vertex -7.741426e+00  2.165803e+01  3.000000e+00
   endloop
 endfacet
 facet normal  0.000000e+00  0.000000e+00  1.000000e+00
   outer loop
     vertex -3.200000e+01  4.000000e+01  3.000000e+00
     vertex -9.514958e+00  2.093957e+01  3.000000e+00
     vertex -8.635667e+00  2.131725e+01  3.000000e+00
   endloop
 endfacet
 facet normal  0.000000e+00  0.000000e+00  1.000000e+00
   outer loop
     vertex -3.200000e+01  4.000000e+01  3.000000e+00
     vertex -1.037778e+01  2.052564e+01  3.000000e+00
     vertex -9.514958e+00  2.093957e+01  3.000000e+00
   endloop
 endfacet
 facet normal  0.000000e+00  0.000000e+00  1.000000e+00
   outer loop
     vertex -3.200000e+01  4.000000e+01  3.000000e+00
     vertex -1.122263e+01  2.007617e+01  3.000000e+00
     vertex -1.037778e+01  2.052564e+01  3.000000e+00
   endloop
 endfacet
 facet normal  0.000000e+00  0.000000e+00  1.000000e+00
   outer loop
     vertex -3.200000e+01  4.000000e+01  3.000000e+00
     vertex -1.204805e+01  1.959195e+01  3.000000e+00
     vertex -1.122263e+01  2.007617e+01  3.000000e+00
   endloop
 endfacet
 facet normal  0.000000e+00  0.000000e+00  1.000000e+00
   outer loop
     vertex -3.200000e+01  4.000000e+01  3.000000e+00
     vertex -1.285262e+01  1.907381e+01  3.000000e+00
     vertex -1.204805e+01  1.959195e+01  3.000000e+00
   endloop
 endfacet
 facet normal  0.000000e+00  0.000000e+00  1.000000e+00
   outer loop
     vertex -3.200000e+01  4.000000e+01  3.000000e+00
     vertex -1.363494e+01  1.852265e+01  3.000000e+00
     vertex -1.285262e+01  1.907381e+01  3.000000e+00
   endloop
 endfacet
 facet normal  0.000000e+00  0.000000e+00  1.000000e+00
   outer loop
     vertex -3.200000e+01  4.000000e+01  3.000000e+00
     vertex -1.439365e+01  1.793942e+01  3.000000e+00
     vertex -1.363494e+01  1.852265e+01  3.000000e+00
   endloop
 endfacet
 facet normal  0.000000e+00  0.000000e+00  1.000000e+00
   outer loop
     vertex -3.200000e+01  4.000000e+01  3.000000e+00
     vertex -1.512744e+01  1.732514e+01  3.000000e+00
     vertex -1.439365e+01  1.793942e+01  3.000000e+00
   endloop
 endfacet
 facet normal  0.000000e+00  0.000000e+00  1.000000e+00
   outer loop
     vertex -3.200000e+01  4.000000e+01  3.000000e+00
     vertex -1.583505e+01  1.668087e+01  3.000000e+00
     vertex -1.512744e+01  1.732514e+01  3.000000e+00
   endloop
 endfacet
 facet normal  0.000000e+00  0.000000e+00  1.000000e+00
   outer loop
     vertex -3.200000e+01  4.000000e+01  3.000000e+00
     vertex -1.651524e+01  1.600771e+01  3.000000e+00
     vertex -1.583505e+01  1.668087e+01  3.000000e+00
   endloop
 endfacet
 facet normal  0.000000e+00  0.000000e+00  1.000000e+00
   outer loop
     vertex -4.000000e+01  3.200000e+01  3.000000e+00
     vertex -4.000000e+01 -3.200000e+01  3.000000e+00
     vertex -2.299502e+01  4.784862e-01  3.000000e+00
   endloop
 endfacet
 facet normal -0.000000e+00  0.000000e+00  1.000000e+00
   outer loop
     vertex -4.000000e+01  3.200000e+01  3.000000e+00
     vertex -1.651524e+01  1.600771e+01  3.000000e+00
     vertex -3.200000e+01  4.000000e+01  3.000000e+00
   endloop
 endfacet
 facet normal  0.000000e+00  0.000000e+00  1.000000e+00
   outer loop
     vertex -4.000000e+01  3.200000e+01  3.000000e+00
     vertex -1.716684e+01  1.530685e+01  3.000000e+00
     vertex -1.651524e+01  1.600771e+01  3.000000e+00
   endloop
 endfacet
 facet normal  0.000000e+00  0.000000e+00  1.000000e+00
   outer loop
     vertex -4.000000e+01  3.200000e+01  3.000000e+00
     vertex -1.778872e+01  1.457948e+01  3.000000e+00
     vertex -1.716684e+01  1.530685e+01  3.000000e+00
   endloop
 endfacet
 facet normal  0.000000e+00  0.000000e+00  1.000000e+00
   outer loop
     vertex -4.000000e+01  3.200000e+01  3.000000e+00
     vertex -1.837981e+01  1.382688e+01  3.000000e+00
     vertex -1.778872e+01  1.457948e+01  3.000000e+00
   endloop
 endfacet
 facet normal  0.000000e+00  0.000000e+00  1.000000e+00
   outer loop
     vertex -4.000000e+01  3.200000e+01  3.000000e+00
     vertex -1.893908e+01  1.305034e+01  3.000000e+00
     vertex -1.837981e+01  1.382688e+01  3.000000e+00
   endloop
 endfacet
 facet normal  0.000000e+00  0.000000e+00  1.000000e+00
   outer loop
     vertex -4.000000e+01  3.200000e+01  3.000000e+00
     vertex -1.946556e+01  1.225120e+01  3.000000e+00
     vertex -1.893908e+01  1.305034e+01  3.000000e+00
   endloop
 endfacet
 facet normal  0.000000e+00  0.000000e+00  1.000000e+00
   outer loop
     vertex -4.000000e+01  3.200000e+01  3.000000e+00
     vertex -1.995834e+01  1.143086e+01  3.000000e+00
     vertex -1.946556e+01  1.225120e+01  3.000000e+00
   endloop
 endfacet
 facet normal  0.000000e+00  0.000000e+00  1.000000e+00
   outer loop
     vertex -4.000000e+01  3.200000e+01  3.000000e+00
     vertex -2.041657e+01  1.059073e+01  3.000000e+00
     vertex -1.995834e+01  1.143086e+01  3.000000e+00
   endloop
 endfacet
 facet normal  0.000000e+00  0.000000e+00  1.000000e+00
   outer loop
     vertex -4.000000e+01  3.200000e+01  3.000000e+00
     vertex -2.083946e+01  9.732265e+00  3.000000e+00
     vertex -2.041657e+01  1.059073e+01  3.000000e+00
   endloop
 endfacet
 facet normal  0.000000e+00  0.000000e+00  1.000000e+00
   outer loop
     vertex -4.000000e+01  3.200000e+01  3.000000e+00
     vertex -2.122627e+01  8.856951e+00  3.000000e+00
     vertex -2.083946e+01  9.732265e+00  3.000000e+00
   endloop
 endfacet
 facet normal  0.000000e+00  0.000000e+00  1.000000e+00
   outer loop
     vertex -4.000000e+01  3.200000e+01  3.000000e+00
     vertex -2.157633e+01  7.966304e+00  3.000000e+00
     vertex -2.122627e+01  8.856951e+00  3.000000e+00
   endloop
 endfacet
 facet normal  0.000000e+00  0.000000e+00  1.000000e+00
   outer loop
     vertex -4.000000e+01  3.200000e+01  3.000000e+00
     vertex -2.188904e+01  7.061865e+00  3.000000e+00
     vertex -2.157633e+01  7.966304e+00  3.000000e+00
   endloop
 endfacet
 facet normal  0.000000e+00  0.000000e+00  1.000000e+00
   outer loop
     vertex -4.000000e+01  3.200000e+01  3.000000e+00
     vertex -2.216386e+01  6.145202e+00  3.000000e+00
     vertex -2.188904e+01  7.061865e+00  3.000000e+00
   endloop
 endfacet
 facet normal  0.000000e+00  0.000000e+00  1.000000e+00
   outer loop
     vertex -4.000000e+01  3.200000e+01  3.000000e+00
     vertex -2.240030e+01  5.217900e+00  3.000000e+00
     vertex -2.216386e+01  6.145202e+00  3.000000e+00
   endloop
 endfacet
 facet normal  0.000000e+00  0.000000e+00  1.000000e+00
   outer loop
     vertex -4.000000e+01  3.200000e+01  3.000000e+00
     vertex -2.259797e+01  4.281564e+00  3.000000e+00
     vertex -2.240030e+01  5.217900e+00  3.000000e+00
   endloop
 endfacet
 facet normal  0.000000e+00  0.000000e+00  1.000000e+00
   outer loop
     vertex -4.000000e+01  3.200000e+01  3.000000e+00
     vertex -2.275652e+01  3.337817e+00  3.000000e+00
     vertex -2.259797e+01  4.281564e+00  3.000000e+00
   endloop
 endfacet
 facet normal  0.000000e+00  0.000000e+00  1.000000e+00
   outer loop
     vertex -4.000000e+01  3.200000e+01  3.000000e+00
     vertex -2.287567e+01  2.388291e+00  3.000000e+00
     vertex -2.275652e+01  3.337817e+00  3.000000e+00
   endloop
 endfacet
 facet normal  0.000000e+00  0.000000e+00  1.000000e+00
   outer loop
     vertex -4.000000e+01  3.200000e+01  3.000000e+00
     vertex -2.295521e+01  1.434630e+00  3.000000e+00
     vertex -2.287567e+01  2.388291e+00  3.000000e+00
   endloop
 endfacet
 facet normal  0.000000e+00  0.000000e+00  1.000000e+00
   outer loop
     vertex -4.000000e+01  3.200000e+01  3.000000e+00
     vertex -2.299502e+01  4.784862e-01  3.000000e+00
     vertex -2.295521e+01  1.434630e+00  3.000000e+00
   endloop
 endfacet
 facet normal  0.000000e+00  0.000000e+00  1.000000e+00
   outer loop
     vertex -3.254594e+01  3.998135e+01  3.000000e+00
     vertex -3.998135e+01  3.254594e+01  3.000000e+00
     vertex -4.000000e+01  3.200000e+01  3.000000e+00
   endloop
 endfacet
 facet normal -0.000000e+00  0.000000e+00  1.000000e+00
   outer loop
     vertex -3.254594e+01  3.998135e+01  3.000000e+00
     vertex -4.000000e+01  3.200000e+01  3.000000e+00
     vertex -3.200000e+01  4.000000e+01  3.000000e+00
   endloop
 endfacet
 facet normal -0.000000e+00  0.000000e+00  1.000000e+00
   outer loop
     vertex -3.308933e+01  3.992549e+01  3.000000e+00
     vertex -3.998135e+01  3.254594e+01  3.000000e+00
     vertex -3.254594e+01  3.998135e+01  3.000000e+00
   endloop
 endfacet
 facet normal -0.000000e+00  0.000000e+00  1.000000e+00
   outer loop
     vertex -3.992549e+01  3.308933e+01  3.000000e+00
     vertex -3.998135e+01  3.254594e+01  3.000000e+00
     vertex -3.308933e+01  3.992549e+01  3.000000e+00
   endloop
 endfacet
 facet normal -0.000000e+00  0.000000e+00  1.000000e+00
   outer loop
     vertex -3.983267e+01  3.362765e+01  3.000000e+00
     vertex -3.992549e+01  3.308933e+01  3.000000e+00
     vertex -3.308933e+01  3.992549e+01  3.000000e+00
   endloop
 endfacet
 facet normal -0.000000e+00  0.000000e+00  1.000000e+00
   outer loop
     vertex -3.415837e+01  3.970334e+01  3.000000e+00
     vertex -3.983267e+01  3.362765e+01  3.000000e+00
     vertex -3.308933e+01  3.992549e+01  3.000000e+00
   endloop
 endfacet
 facet normal  0.000000e+00  0.000000e+00  1.000000e+00
   outer loop
     vertex -3.415837e+01  3.970334e+01  3.000000e+00
     vertex -3.308933e+01  3.992549e+01  3.000000e+00
     vertex -3.362765e+01  3.983267e+01  3.000000e+00
   endloop
 endfacet
 facet normal  0.000000e+00  0.000000e+00  1.000000e+00
   outer loop
     vertex -3.415837e+01  3.970334e+01  3.000000e+00
     vertex -3.970334e+01  3.415837e+01  3.000000e+00
     vertex -3.983267e+01  3.362765e+01  3.000000e+00
   endloop
 endfacet
 facet normal -0.000000e+00  0.000000e+00  1.000000e+00
   outer loop
     vertex -3.933769e+01  3.518721e+01  3.000000e+00
     vertex -3.970334e+01  3.415837e+01  3.000000e+00
     vertex -3.415837e+01  3.970334e+01  3.000000e+00
   endloop
 endfacet
 facet normal  0.000000e+00  0.000000e+00  1.000000e+00
   outer loop
     vertex -3.933769e+01  3.518721e+01  3.000000e+00
     vertex -3.415837e+01  3.970334e+01  3.000000e+00
     vertex -3.467904e+01  3.953809e+01  3.000000e+00
   endloop
 endfacet
 facet normal  0.000000e+00  0.000000e+00  1.000000e+00
   outer loop
     vertex -3.933769e+01  3.518721e+01  3.000000e+00
     vertex -3.953809e+01  3.467904e+01  3.000000e+00
     vertex -3.970334e+01  3.415837e+01  3.000000e+00
   endloop
 endfacet
 facet normal -0.000000e+00  0.000000e+00  1.000000e+00
   outer loop
     vertex -3.615667e+01  3.883536e+01  3.000000e+00
     vertex -3.933769e+01  3.518721e+01  3.000000e+00
     vertex -3.467904e+01  3.953809e+01  3.000000e+00
   endloop
 endfacet
 facet normal  0.000000e+00  0.000000e+00  1.000000e+00
   outer loop
     vertex -3.615667e+01  3.883536e+01  3.000000e+00
     vertex -3.467904e+01  3.953809e+01  3.000000e+00
     vertex -3.518721e+01  3.933769e+01  3.000000e+00
   endloop
 endfacet
 facet normal  0.000000e+00  0.000000e+00  1.000000e+00
   outer loop
     vertex -3.615667e+01  3.883536e+01  3.000000e+00
     vertex -3.518721e+01  3.933769e+01  3.000000e+00
     vertex -3.568052e+01  3.910308e+01  3.000000e+00
   endloop
 endfacet
 facet normal  0.000000e+00  0.000000e+00  1.000000e+00
   outer loop
     vertex -3.615667e+01  3.883536e+01  3.000000e+00
     vertex -3.910308e+01  3.568052e+01  3.000000e+00
     vertex -3.933769e+01  3.518721e+01  3.000000e+00
   endloop
 endfacet
 facet normal  0.000000e+00  0.000000e+00  1.000000e+00
   outer loop
     vertex -3.820569e+01  3.704870e+01  3.000000e+00
     vertex -3.853576e+01  3.661344e+01  3.000000e+00
     vertex -3.883536e+01  3.615667e+01  3.000000e+00
   endloop
 endfacet
 facet normal  0.000000e+00  0.000000e+00  1.000000e+00
   outer loop
     vertex -3.820569e+01  3.704870e+01  3.000000e+00
     vertex -3.883536e+01  3.615667e+01  3.000000e+00
     vertex -3.910308e+01  3.568052e+01  3.000000e+00
   endloop
 endfacet
 facet normal  0.000000e+00  0.000000e+00  1.000000e+00
   outer loop
     vertex -3.704870e+01  3.820569e+01  3.000000e+00
     vertex -3.615667e+01  3.883536e+01  3.000000e+00
     vertex -3.661344e+01  3.853576e+01  3.000000e+00
   endloop
 endfacet
 facet normal -0.000000e+00  0.000000e+00  1.000000e+00
   outer loop
     vertex -3.784669e+01  3.746043e+01  3.000000e+00
     vertex -3.910308e+01  3.568052e+01  3.000000e+00
     vertex -3.615667e+01  3.883536e+01  3.000000e+00
   endloop
 endfacet
 facet normal  0.000000e+00  0.000000e+00  1.000000e+00
   outer loop
     vertex -3.784669e+01  3.746043e+01  3.000000e+00
     vertex -3.820569e+01  3.704870e+01  3.000000e+00
     vertex -3.910308e+01  3.568052e+01  3.000000e+00
   endloop
 endfacet
 facet normal  0.000000e+00  0.000000e+00  1.000000e+00
   outer loop
     vertex -3.784669e+01  3.746043e+01  3.000000e+00
     vertex -3.615667e+01  3.883536e+01  3.000000e+00
     vertex -3.704870e+01  3.820569e+01  3.000000e+00
   endloop
 endfacet
 facet normal -0.000000e+00  0.000000e+00  1.000000e+00
   outer loop
     vertex -3.746043e+01  3.784669e+01  3.000000e+00
     vertex -3.784669e+01  3.746043e+01  3.000000e+00
     vertex -3.704870e+01  3.820569e+01  3.000000e+00
   endloop
 endfacet
 facet normal -9.967573e-01 -8.046657e-02 -9.854313e-18
   outer loop
     vertex  1.750000e+01 -3.673940e-16  3.000000e+00
     vertex  1.748058e+01  2.406169e-01  1.500000e+00
     vertex  1.750000e+01 -1.836970e-16  1.500000e+00
   endloop
 endfacet
 facet normal -9.709418e-01 -2.393157e-01  8.856459e-17
   outer loop
     vertex  1.748058e+01  2.406169e-01  3.000000e+00
     vertex  1.742280e+01  4.750020e-01  1.500000e+00
     vertex  1.748058e+01  2.406169e-01  1.500000e+00
   endloop
 endfacet
 facet normal -9.967573e-01 -8.046657e-02  2.977861e-17
   outer loop
     vertex  1.748058e+01  2.406169e-01  3.000000e+00
     vertex  1.748058e+01  2.406169e-01  1.500000e+00
     vertex  1.750000e+01 -3.673940e-16  3.000000e+00
   endloop
 endfacet
 facet normal -9.199794e-01 -3.919666e-01  1.450568e-16
   outer loop
     vertex  1.742280e+01  4.750020e-01  3.000000e+00
     vertex  1.732818e+01  6.970848e-01  1.500000e+00
     vertex  1.742280e+01  4.750020e-01  1.500000e+00
   endloop
 endfacet
 facet normal -9.709418e-01 -2.393157e-01  8.856459e-17
   outer loop
     vertex  1.742280e+01  4.750020e-01  3.000000e+00
     vertex  1.742280e+01  4.750020e-01  1.500000e+00
     vertex  1.748058e+01  2.406169e-01  3.000000e+00
   endloop
 endfacet
 facet normal -8.451901e-01 -5.344658e-01  1.977921e-16
   outer loop
     vertex  1.732818e+01  6.970848e-01  3.000000e+00
     vertex  1.719916e+01  9.011134e-01  1.500000e+00
     vertex  1.732818e+01  6.970848e-01  1.500000e+00
   endloop
 endfacet
 facet normal -9.199794e-01 -3.919666e-01  1.450568e-16
   outer loop
     vertex  1.732818e+01  6.970848e-01  3.000000e+00
     vertex  1.732818e+01  6.970848e-01  1.500000e+00
     vertex  1.742280e+01  4.750020e-01  3.000000e+00
   endloop
 endfacet
 facet normal -8.451901e-01 -5.344658e-01 -1.922695e-15
   outer loop
     vertex  1.719916e+01  9.011134e-01  3.000000e+00
     vertex  1.719916e+01  9.011134e-01  1.500000e+00
     vertex  1.732818e+01  6.970848e-01  3.000000e+00
   endloop
 endfacet
 facet normal -7.485107e-01 -6.631227e-01 -0.000000e+00
   outer loop
     vertex  1.703909e+01  1.081804e+00  3.000000e+00
     vertex  1.703909e+01  1.081804e+00  1.500000e+00
     vertex  1.719916e+01  9.011134e-01  1.500000e+00
   endloop
 endfacet
 facet normal -7.485107e-01 -6.631227e-01 -1.676758e-15
   outer loop
     vertex  1.703909e+01  1.081804e+00  3.000000e+00
     vertex  1.719916e+01  9.011134e-01  1.500000e+00
     vertex  1.719916e+01  9.011134e-01  3.000000e+00
   endloop
 endfacet
 facet normal -6.324454e-01 -7.746050e-01  0.000000e+00
   outer loop
     vertex  1.685210e+01  1.234476e+00  3.000000e+00
     vertex  1.703909e+01  1.081804e+00  1.500000e+00
     vertex  1.703909e+01  1.081804e+00  3.000000e+00
   endloop
 endfacet
 facet normal -6.324454e-01 -7.746050e-01 -1.146646e-16
   outer loop
     vertex  1.685210e+01  1.234476e+00  3.000000e+00
     vertex  1.685210e+01  1.234476e+00  1.500000e+00
     vertex  1.703909e+01  1.081804e+00  1.500000e+00
   endloop
 endfacet
 facet normal -5.000000e-01 -8.660254e-01 -1.341406e-16
   outer loop
     vertex  1.664304e+01  1.355176e+00  3.000000e+00
     vertex  1.685210e+01  1.234476e+00  1.500000e+00
     vertex  1.685210e+01  1.234476e+00  3.000000e+00
   endloop
 endfacet
 facet normal -5.000000e-01 -8.660254e-01 -1.281975e-16
   outer loop
     vertex  1.664304e+01  1.355176e+00  3.000000e+00
     vertex  1.664304e+01  1.355176e+00  1.500000e+00
     vertex  1.685210e+01  1.234476e+00  1.500000e+00
   endloop
 endfacet
 facet normal -3.546049e-01 -9.350162e-01 -1.341406e-16
   outer loop
     vertex  1.641733e+01  1.440777e+00  3.000000e+00
     vertex  1.664304e+01  1.355176e+00  1.500000e+00
     vertex  1.664304e+01  1.355176e+00  3.000000e+00
   endloop
 endfacet
 facet normal -3.546049e-01 -9.350162e-01 -1.384102e-16
   outer loop
     vertex  1.641733e+01  1.440777e+00  3.000000e+00
     vertex  1.641733e+01  1.440777e+00  1.500000e+00
     vertex  1.664304e+01  1.355176e+00  1.500000e+00
   endloop
 endfacet
 facet normal -2.000257e-01 -9.797907e-01 -1.437221e-16
   outer loop
     vertex  1.618081e+01  1.489063e+00  3.000000e+00
     vertex  1.641733e+01  1.440777e+00  1.500000e+00
     vertex  1.641733e+01  1.440777e+00  3.000000e+00
   endloop
 endfacet
 facet normal -2.000257e-01 -9.797907e-01 -1.450382e-16
   outer loop
     vertex  1.618081e+01  1.489063e+00  3.000000e+00
     vertex  1.618081e+01  1.489063e+00  1.500000e+00
     vertex  1.641733e+01  1.440777e+00  1.500000e+00
   endloop
 endfacet
 facet normal -4.026594e-02 -9.991890e-01 -1.485128e-16
   outer loop
     vertex  1.593960e+01  1.498783e+00  3.000000e+00
     vertex  1.618081e+01  1.489063e+00  1.500000e+00
     vertex  1.618081e+01  1.489063e+00  3.000000e+00
   endloop
 endfacet
 facet normal -4.026594e-02 -9.991890e-01  1.955941e-16
   outer loop
     vertex  1.593960e+01  1.498783e+00  3.000000e+00
     vertex  1.593960e+01  1.498783e+00  1.500000e+00
     vertex  1.618081e+01  1.489063e+00  1.500000e+00
   endloop
 endfacet
 facet normal  1.205367e-01 -9.927089e-01  4.790736e-18
   outer loop
     vertex  1.569996e+01  1.469686e+00  3.000000e+00
     vertex  1.593960e+01  1.498783e+00  1.500000e+00
     vertex  1.593960e+01  1.498783e+00  3.000000e+00
   endloop
 endfacet
 facet normal  1.205367e-01 -9.927089e-01  1.511568e-16
   outer loop
     vertex  1.569996e+01  1.469686e+00  3.000000e+00
     vertex  1.569996e+01  1.469686e+00  1.500000e+00
     vertex  1.593960e+01  1.498783e+00  1.500000e+00
   endloop
 endfacet
 facet normal  2.782175e-01 -9.605181e-01 -4.311663e-17
   outer loop
     vertex  1.546809e+01  1.402524e+00  3.000000e+00
     vertex  1.569996e+01  1.469686e+00  1.500000e+00
     vertex  1.569996e+01  1.469686e+00  3.000000e+00
   endloop
 endfacet
 facet normal  2.782175e-01 -9.605181e-01  2.392653e-16
   outer loop
     vertex  1.546809e+01  1.402524e+00  3.000000e+00
     vertex  1.546809e+01  1.402524e+00  1.500000e+00
     vertex  1.569996e+01  1.469686e+00  1.500000e+00
   endloop
 endfacet
 facet normal  4.286926e-01 -9.034504e-01  2.874442e-17
   outer loop
     vertex  1.525000e+01  1.299038e+00  3.000000e+00
     vertex  1.546809e+01  1.402524e+00  1.500000e+00
     vertex  1.546809e+01  1.402524e+00  3.000000e+00
   endloop
 endfacet
 facet normal  4.286926e-01 -9.034504e-01  2.947512e-16
   outer loop
     vertex  1.525000e+01  1.299038e+00  3.000000e+00
     vertex  1.525000e+01  1.299038e+00  1.500000e+00
     vertex  1.546809e+01  1.402524e+00  1.500000e+00
   endloop
 endfacet
 facet normal  5.680647e-01 -8.229839e-01  5.748883e-17
   outer loop
     vertex  1.505133e+01  1.161907e+00  3.000000e+00
     vertex  1.525000e+01  1.299038e+00  1.500000e+00
     vertex  1.525000e+01  1.299038e+00  3.000000e+00
   endloop
 endfacet
 facet normal  5.680647e-01 -8.229839e-01 -3.708389e-16
   outer loop
     vertex  1.505133e+01  1.161907e+00  3.000000e+00
     vertex  1.505133e+01  1.161907e+00  1.500000e+00
     vertex  1.525000e+01  1.299038e+00  1.500000e+00
   endloop
 endfacet
 facet normal  6.927244e-01 -7.212024e-01 -7.856807e-16
   outer loop
     vertex  1.487723e+01  9.946840e-01  3.000000e+00
     vertex  1.505133e+01  1.161907e+00  1.500000e+00
     vertex  1.505133e+01  1.161907e+00  3.000000e+00
   endloop
 endfacet
 facet normal  6.927244e-01 -7.212024e-01  1.404842e-16
   outer loop
     vertex  1.487723e+01  9.946840e-01  3.000000e+00
     vertex  1.487723e+01  9.946840e-01  1.500000e+00
     vertex  1.505133e+01  1.161907e+00  1.500000e+00
   endloop
 endfacet
 facet normal  7.994428e-01 -6.007423e-01 -1.437221e-16
   outer loop
     vertex  1.473221e+01  8.016987e-01  3.000000e+00
     vertex  1.487723e+01  9.946840e-01  1.500000e+00
     vertex  1.487723e+01  9.946840e-01  3.000000e+00
   endloop
 endfacet
 facet normal  7.994428e-01 -6.007423e-01 -5.745322e-17
   outer loop
     vertex  1.473221e+01  8.016987e-01  3.000000e+00
     vertex  1.473221e+01  8.016987e-01  1.500000e+00
     vertex  1.487723e+01  9.946840e-01  1.500000e+00
   endloop
 endfacet
 facet normal  8.854560e-01 -4.647232e-01 -3.545145e-16
   outer loop
     vertex  1.462003e+01  5.879499e-01  3.000000e+00
     vertex  1.473221e+01  8.016987e-01  1.500000e+00
     vertex  1.473221e+01  8.016987e-01  3.000000e+00
   endloop
 endfacet
 facet normal  8.854560e-01 -4.647232e-01  7.567213e-16
   outer loop
     vertex  1.462003e+01  5.879499e-01  3.000000e+00
     vertex  1.462003e+01  5.879499e-01  1.500000e+00
     vertex  1.473221e+01  8.016987e-01  1.500000e+00
   endloop
 endfacet
 facet normal  9.485364e-01 -3.166680e-01  5.156391e-16
   outer loop
     vertex  1.462003e+01  5.879499e-01  3.000000e+00
     vertex  1.454359e+01  3.589735e-01  1.500000e+00
     vertex  1.462003e+01  5.879499e-01  1.500000e+00
   endloop
 endfacet
 facet normal  9.485364e-01 -3.166680e-01  5.273581e-16
   outer loop
     vertex  1.454359e+01  3.589735e-01  3.000000e+00
     vertex  1.454359e+01  3.589735e-01  1.500000e+00
     vertex  1.462003e+01  5.879499e-01  3.000000e+00
   endloop
 endfacet
 facet normal  9.870503e-01 -1.604113e-01  2.730749e-16
   outer loop
     vertex  1.450486e+01  1.206999e-01  3.000000e+00
     vertex  1.450486e+01  1.206999e-01  1.500000e+00
     vertex  1.454359e+01  3.589735e-01  1.500000e+00
   endloop
 endfacet
 facet normal  9.870503e-01 -1.604113e-01  2.682812e-16
   outer loop
     vertex  1.450486e+01  1.206999e-01  3.000000e+00
     vertex  1.454359e+01  3.589735e-01  1.500000e+00
     vertex  1.454359e+01  3.589735e-01  3.000000e+00
   endloop
 endfacet
 facet normal  1.000000e+00 -0.000000e+00  0.000000e+00
   outer loop
     vertex  1.450486e+01 -1.206999e-01  3.000000e+00
     vertex  1.450486e+01  1.206999e-01  1.500000e+00
     vertex  1.450486e+01  1.206999e-01  3.000000e+00
   endloop
 endfacet
 facet normal  1.000000e+00  0.000000e+00  0.000000e+00
   outer loop
     vertex  1.450486e+01 -1.206999e-01  3.000000e+00
     vertex  1.450486e+01 -1.206999e-01  1.500000e+00
     vertex  1.450486e+01  1.206999e-01  1.500000e+00
   endloop
 endfacet
 facet normal  9.870503e-01  1.604113e-01 -2.745590e-16
   outer loop
     vertex  1.450486e+01 -1.206999e-01  3.000000e+00
     vertex  1.454359e+01 -3.589735e-01  1.500000e+00
     vertex  1.450486e+01 -1.206999e-01  1.500000e+00
   endloop
 endfacet
 facet normal  9.870503e-01  1.604113e-01 -2.612020e-16
   outer loop
     vertex  1.454359e+01 -3.589735e-01  3.000000e+00
     vertex  1.454359e+01 -3.589735e-01  1.500000e+00
     vertex  1.450486e+01 -1.206999e-01  3.000000e+00
   endloop
 endfacet
 facet normal  9.485364e-01  3.166680e-01 -5.156391e-16
   outer loop
     vertex  1.462003e+01 -5.879499e-01  3.000000e+00
     vertex  1.462003e+01 -5.879499e-01  1.500000e+00
     vertex  1.454359e+01 -3.589735e-01  1.500000e+00
   endloop
 endfacet
 facet normal  9.485364e-01  3.166680e-01 -5.078180e-16
   outer loop
     vertex  1.462003e+01 -5.879499e-01  3.000000e+00
     vertex  1.454359e+01 -3.589735e-01  1.500000e+00
     vertex  1.454359e+01 -3.589735e-01  3.000000e+00
   endloop
 endfacet
 facet normal  8.854560e-01  4.647232e-01 -6.535321e-16
   outer loop
     vertex  1.473221e+01 -8.016987e-01  3.000000e+00
     vertex  1.473221e+01 -8.016987e-01  1.500000e+00
     vertex  1.462003e+01 -5.879499e-01  1.500000e+00
   endloop
 endfacet
 facet normal  8.854560e-01  4.647232e-01 -7.569363e-16
   outer loop
     vertex  1.473221e+01 -8.016987e-01  3.000000e+00
     vertex  1.462003e+01 -5.879499e-01  1.500000e+00
     vertex  1.462003e+01 -5.879499e-01  3.000000e+00
   endloop
 endfacet
 facet normal  7.994428e-01  6.007423e-01 -7.558856e-16
   outer loop
     vertex  1.487723e+01 -9.946840e-01  3.000000e+00
     vertex  1.487723e+01 -9.946840e-01  1.500000e+00
     vertex  1.473221e+01 -8.016987e-01  1.500000e+00
   endloop
 endfacet
 facet normal  7.994428e-01  6.007423e-01 -8.431696e-16
   outer loop
     vertex  1.487723e+01 -9.946840e-01  3.000000e+00
     vertex  1.473221e+01 -8.016987e-01  1.500000e+00
     vertex  1.473221e+01 -8.016987e-01  3.000000e+00
   endloop
 endfacet
 facet normal  6.927244e-01  7.212024e-01  7.303457e-17
   outer loop
     vertex  1.505133e+01 -1.161907e+00  3.000000e+00
     vertex  1.505133e+01 -1.161907e+00  1.500000e+00
     vertex  1.487723e+01 -9.946840e-01  1.500000e+00
   endloop
 endfacet
 facet normal  6.927244e-01  7.212024e-01 -9.102399e-16
   outer loop
     vertex  1.505133e+01 -1.161907e+00  3.000000e+00
     vertex  1.487723e+01 -9.946840e-01  1.500000e+00
     vertex  1.487723e+01 -9.946840e-01  3.000000e+00
   endloop
 endfacet
 facet normal  5.680647e-01  8.229839e-01 -5.823271e-17
   outer loop
     vertex  1.525000e+01 -1.299038e+00  3.000000e+00
     vertex  1.525000e+01 -1.299038e+00  1.500000e+00
     vertex  1.505133e+01 -1.161907e+00  1.500000e+00
   endloop
 endfacet
 facet normal  5.680647e-01  8.229839e-01 -1.820480e-16
   outer loop
     vertex  1.525000e+01 -1.299038e+00  3.000000e+00
     vertex  1.505133e+01 -1.161907e+00  1.500000e+00
     vertex  1.505133e+01 -1.161907e+00  3.000000e+00
   endloop
 endfacet
 facet normal  4.286926e-01  9.034504e-01 -2.727614e-17
   outer loop
     vertex  1.546809e+01 -1.402524e+00  3.000000e+00
     vertex  1.546809e+01 -1.402524e+00  1.500000e+00
     vertex  1.525000e+01 -1.299038e+00  1.500000e+00
   endloop
 endfacet
 facet normal  4.286926e-01  9.034504e-01 -2.970256e-16
   outer loop
     vertex  1.546809e+01 -1.402524e+00  3.000000e+00
     vertex  1.525000e+01 -1.299038e+00  1.500000e+00
     vertex  1.525000e+01 -1.299038e+00  3.000000e+00
   endloop
 endfacet
 facet normal  2.782175e-01  9.605181e-01  4.510518e-17
   outer loop
     vertex  1.569996e+01 -1.469686e+00  3.000000e+00
     vertex  1.569996e+01 -1.469686e+00  1.500000e+00
     vertex  1.546809e+01 -1.402524e+00  1.500000e+00
   endloop
 endfacet
 facet normal  2.782175e-01  9.605181e-01 -2.395368e-16
   outer loop
     vertex  1.569996e+01 -1.469686e+00  3.000000e+00
     vertex  1.546809e+01 -1.402524e+00  1.500000e+00
     vertex  1.546809e+01 -1.402524e+00  3.000000e+00
   endloop
 endfacet
 facet normal  1.205367e-01  9.927089e-01 -4.206329e-18
   outer loop
     vertex  1.593960e+01 -1.498783e+00  3.000000e+00
     vertex  1.593960e+01 -1.498783e+00  1.500000e+00
     vertex  1.569996e+01 -1.469686e+00  1.500000e+00
   endloop
 endfacet
 facet normal  1.205367e-01  9.927089e-01 -1.509082e-16
   outer loop
     vertex  1.593960e+01 -1.498783e+00  3.000000e+00
     vertex  1.569996e+01 -1.469686e+00  1.500000e+00
     vertex  1.569996e+01 -1.469686e+00  3.000000e+00
   endloop
 endfacet
 facet normal -4.026594e-02  9.991890e-01 -1.952225e-16
   outer loop
     vertex  1.618081e+01 -1.489063e+00  3.000000e+00
     vertex  1.593960e+01 -1.498783e+00  1.500000e+00
     vertex  1.593960e+01 -1.498783e+00  3.000000e+00
   endloop
 endfacet
 facet normal -4.026594e-02  9.991890e-01  5.254078e-17
   outer loop
     vertex  1.618081e+01 -1.489063e+00  3.000000e+00
     vertex  1.618081e+01 -1.489063e+00  1.500000e+00
     vertex  1.593960e+01 -1.498783e+00  1.500000e+00
   endloop
 endfacet
 facet normal -2.000257e-01  9.797907e-01 -3.305608e-16
   outer loop
     vertex  1.641733e+01 -1.440777e+00  3.000000e+00
     vertex  1.618081e+01 -1.489063e+00  1.500000e+00
     vertex  1.618081e+01 -1.489063e+00  3.000000e+00
   endloop
 endfacet
 facet normal -2.000257e-01  9.797907e-01  4.351145e-16
   outer loop
     vertex  1.641733e+01 -1.440777e+00  3.000000e+00
     vertex  1.641733e+01 -1.440777e+00  1.500000e+00
     vertex  1.618081e+01 -1.489063e+00  1.500000e+00
   endloop
 endfacet
 facet normal -3.546049e-01  9.350162e-01  4.120033e-16
   outer loop
     vertex  1.664304e+01 -1.355176e+00  3.000000e+00
     vertex  1.641733e+01 -1.440777e+00  1.500000e+00
     vertex  1.641733e+01 -1.440777e+00  3.000000e+00
   endloop
 endfacet
 facet normal -3.546049e-01  9.350162e-01 -1.478220e-16
   outer loop
     vertex  1.664304e+01 -1.355176e+00  3.000000e+00
     vertex  1.664304e+01 -1.355176e+00  1.500000e+00
     vertex  1.641733e+01 -1.440777e+00  1.500000e+00
   endloop
 endfacet
 facet normal -5.000000e-01  8.660254e-01 -5.461439e-16
   outer loop
     vertex  1.685210e+01 -1.234476e+00  3.000000e+00
     vertex  1.664304e+01 -1.355176e+00  1.500000e+00
     vertex  1.664304e+01 -1.355176e+00  3.000000e+00
   endloop
 endfacet
 facet normal -5.000000e-01  8.660254e-01 -4.150528e-16
   outer loop
     vertex  1.685210e+01 -1.234476e+00  3.000000e+00
     vertex  1.685210e+01 -1.234476e+00  1.500000e+00
     vertex  1.664304e+01 -1.355176e+00  1.500000e+00
   endloop
 endfacet
 facet normal -6.324454e-01  7.746050e-01 -8.099441e-16
   outer loop
     vertex  1.685210e+01 -1.234476e+00  3.000000e+00
     vertex  1.703909e+01 -1.081804e+00  1.500000e+00
     vertex  1.685210e+01 -1.234476e+00  1.500000e+00
   endloop
 endfacet
 facet normal -6.324454e-01  7.746050e-01  1.031981e-15
   outer loop
     vertex  1.703909e+01 -1.081804e+00  3.000000e+00
     vertex  1.703909e+01 -1.081804e+00  1.500000e+00
     vertex  1.685210e+01 -1.234476e+00  3.000000e+00
   endloop
 endfacet
 facet normal -7.485107e-01  6.631227e-01  8.910769e-16
   outer loop
     vertex  1.719916e+01 -9.011134e-01  3.000000e+00
     vertex  1.703909e+01 -1.081804e+00  1.500000e+00
     vertex  1.703909e+01 -1.081804e+00  3.000000e+00
   endloop
 endfacet
 facet normal -7.485107e-01  6.631227e-01 -8.893727e-16
   outer loop
     vertex  1.719916e+01 -9.011134e-01  3.000000e+00
     vertex  1.719916e+01 -9.011134e-01  1.500000e+00
     vertex  1.703909e+01 -1.081804e+00  1.500000e+00
   endloop
 endfacet
 facet normal -8.451901e-01  5.344658e-01 -1.293499e-15
   outer loop
     vertex  1.732818e+01 -6.970848e-01  3.000000e+00
     vertex  1.719916e+01 -9.011134e-01  1.500000e+00
     vertex  1.719916e+01 -9.011134e-01  3.000000e+00
   endloop
 endfacet
 facet normal -8.451901e-01  5.344658e-01  7.911684e-16
   outer loop
     vertex  1.732818e+01 -6.970848e-01  3.000000e+00
     vertex  1.732818e+01 -6.970848e-01  1.500000e+00
     vertex  1.719916e+01 -9.011134e-01  1.500000e+00
   endloop
 endfacet
 facet normal -9.199794e-01  3.919666e-01  5.802271e-16
   outer loop
     vertex  1.732818e+01 -6.970848e-01  3.000000e+00
     vertex  1.742280e+01 -4.750020e-01  1.500000e+00
     vertex  1.732818e+01 -6.970848e-01  1.500000e+00
   endloop
 endfacet
 facet normal -9.199794e-01  3.919666e-01 -1.540699e-15
   outer loop
     vertex  1.742280e+01 -4.750020e-01  3.000000e+00
     vertex  1.742280e+01 -4.750020e-01  1.500000e+00
     vertex  1.732818e+01 -6.970848e-01  3.000000e+00
   endloop
 endfacet
 facet normal -9.709418e-01  2.393157e-01 -1.911504e-15
   outer loop
     vertex  1.748058e+01 -2.406169e-01  3.000000e+00
     vertex  1.742280e+01 -4.750020e-01  1.500000e+00
     vertex  1.742280e+01 -4.750020e-01  3.000000e+00
   endloop
 endfacet
 facet normal -9.709418e-01  2.393157e-01  4.073971e-16
   outer loop
     vertex  1.748058e+01 -2.406169e-01  3.000000e+00
     vertex  1.748058e+01 -2.406169e-01  1.500000e+00
     vertex  1.742280e+01 -4.750020e-01  1.500000e+00
   endloop
 endfacet
 facet normal -9.967573e-01  8.046657e-02  1.365360e-16
   outer loop
     vertex  1.750000e+01 -3.673940e-16  3.000000e+00
     vertex  1.748058e+01 -2.406169e-01  1.500000e+00
     vertex  1.748058e+01 -2.406169e-01  3.000000e+00
   endloop
 endfacet
 facet normal -9.967573e-01  8.046657e-02  9.854313e-18
   outer loop
     vertex  1.750000e+01 -3.673940e-16  3.000000e+00
     vertex  1.750000e+01 -1.836970e-16  1.500000e+00
     vertex  1.748058e+01 -2.406169e-01  1.500000e+00
   endloop
 endfacet
 facet normal  0.000000e+00  0.000000e+00  1.000000e+00
   outer loop
     vertex  8.000000e+00 -1.600000e+01  3.000000e+00
     vertex  4.659585e+00 -1.955245e+01  3.000000e+00
     vertex  5.525959e+00 -1.932547e+01  3.000000e+00
   endloop
 endfacet
 facet normal  0.000000e+00  0.000000e+00  1.000000e+00
   outer loop
     vertex  8.000000e+00 -1.600000e+01  3.000000e+00
     vertex  5.525959e+00 -1.932547e+01  3.000000e+00
     vertex  6.381363e+00 -1.906012e+01  3.000000e+00
   endloop
 endfacet
 facet normal  0.000000e+00  0.000000e+00  1.000000e+00
   outer loop
     vertex  8.000000e+00 -1.600000e+01  3.000000e+00
     vertex  6.381363e+00 -1.906012e+01  3.000000e+00
     vertex  7.224096e+00 -1.875693e+01  3.000000e+00
   endloop
 endfacet
 facet normal  0.000000e+00  0.000000e+00  1.000000e+00
   outer loop
     vertex  8.000000e+00 -1.600000e+01  3.000000e+00
     vertex  7.224096e+00 -1.875693e+01  3.000000e+00
     vertex  8.052487e+00 -1.841650e+01  3.000000e+00
   endloop
 endfacet
 facet normal  0.000000e+00  0.000000e+00  1.000000e+00
   outer loop
     vertex  8.000000e+00 -1.600000e+01  3.000000e+00
     vertex  8.052487e+00 -1.841650e+01  3.000000e+00
     vertex  8.864890e+00 -1.803950e+01  3.000000e+00
   endloop
 endfacet
 facet normal  0.000000e+00  0.000000e+00  1.000000e+00
   outer loop
     vertex  8.000000e+00 -1.600000e+01  3.000000e+00
     vertex  8.864890e+00 -1.803950e+01  3.000000e+00
     vertex  9.659693e+00 -1.762669e+01  3.000000e+00
   endloop
 endfacet
 facet normal  0.000000e+00  0.000000e+00  1.000000e+00
   outer loop
     vertex  8.000000e+00 -1.600000e+01  3.000000e+00
     vertex  9.659693e+00 -1.762669e+01  3.000000e+00
     vertex  1.043532e+01 -1.717889e+01  3.000000e+00
   endloop
 endfacet
 facet normal  0.000000e+00  0.000000e+00  1.000000e+00
   outer loop
     vertex  8.000000e+00 -1.600000e+01  3.000000e+00
     vertex  1.043532e+01 -1.717889e+01  3.000000e+00
     vertex  1.119022e+01 -1.669697e+01  3.000000e+00
   endloop
 endfacet
 facet normal  0.000000e+00  0.000000e+00  1.000000e+00
   outer loop
     vertex  8.000000e+00 -1.600000e+01  3.000000e+00
     vertex  1.119022e+01 -1.669697e+01  3.000000e+00
     vertex  1.192291e+01 -1.618191e+01  3.000000e+00
   endloop
 endfacet
 facet normal  0.000000e+00  0.000000e+00  1.000000e+00
   outer loop
     vertex  1.200000e+01 -1.200000e+01  3.000000e+00
     vertex  1.192291e+01 -1.618191e+01  3.000000e+00
     vertex  1.263193e+01 -1.563472e+01  3.000000e+00
   endloop
 endfacet
 facet normal  0.000000e+00  0.000000e+00  1.000000e+00
   outer loop
     vertex  1.200000e+01 -1.200000e+01  3.000000e+00
     vertex  1.263193e+01 -1.563472e+01  3.000000e+00
     vertex  1.331587e+01 -1.505648e+01  3.000000e+00
   endloop
 endfacet
 facet normal  0.000000e+00  0.000000e+00  1.000000e+00
   outer loop
     vertex  1.200000e+01 -1.200000e+01  3.000000e+00
     vertex  1.331587e+01 -1.505648e+01  3.000000e+00
     vertex  1.397337e+01 -1.444836e+01  3.000000e+00
   endloop
 endfacet
 facet normal  0.000000e+00  0.000000e+00  1.000000e+00
   outer loop
     vertex  1.200000e+01 -1.200000e+01  3.000000e+00
     vertex  1.397337e+01 -1.444836e+01  3.000000e+00
     vertex  1.460313e+01 -1.381154e+01  3.000000e+00
   endloop
 endfacet
 facet normal  0.000000e+00  0.000000e+00  1.000000e+00
   outer loop
     vertex  1.200000e+01 -1.200000e+01  3.000000e+00
     vertex  1.460313e+01 -1.381154e+01  3.000000e+00
     vertex  1.520389e+01 -1.314731e+01  3.000000e+00
   endloop
 endfacet
 facet normal  0.000000e+00  0.000000e+00  1.000000e+00
   outer loop
     vertex  1.200000e+01 -1.200000e+01  3.000000e+00
     vertex  1.520389e+01 -1.314731e+01  3.000000e+00
     vertex  1.577447e+01 -1.245697e+01  3.000000e+00
   endloop
 endfacet
 facet normal -0.000000e+00  0.000000e+00  1.000000e+00
   outer loop
     vertex  1.200000e+01 -1.200000e+01  3.000000e+00
     vertex  1.577447e+01 -1.245697e+01  3.000000e+00
     vertex  1.631373e+01 -1.174190e+01  3.000000e+00
   endloop
 endfacet
 facet normal  0.000000e+00  0.000000e+00  1.000000e+00
   outer loop
     vertex  1.200000e+01 -1.200000e+01  3.000000e+00
     vertex  1.631373e+01 -1.174190e+01  3.000000e+00
     vertex  1.682060e+01 -1.100352e+01  3.000000e+00
   endloop
 endfacet
 facet normal  0.000000e+00  0.000000e+00  1.000000e+00
   outer loop
     vertex  1.200000e+01 -1.200000e+01  3.000000e+00
     vertex  1.682060e+01 -1.100352e+01  3.000000e+00
     vertex  1.729407e+01 -1.024329e+01  3.000000e+00
   endloop
 endfacet
 facet normal  0.000000e+00  0.000000e+00  1.000000e+00
   outer loop
     vertex  1.200000e+01 -1.200000e+01  3.000000e+00
     vertex  1.729407e+01 -1.024329e+01  3.000000e+00
     vertex  1.773321e+01 -9.462730e+00  3.000000e+00
   endloop
 endfacet
 facet normal  0.000000e+00  0.000000e+00  1.000000e+00
   outer loop
     vertex  1.200000e+01 -1.200000e+01  3.000000e+00
     vertex  1.773321e+01 -9.462730e+00  3.000000e+00
     vertex  1.813714e+01 -8.663377e+00  3.000000e+00
   endloop
 endfacet
 facet normal  0.000000e+00  0.000000e+00  1.000000e+00
   outer loop
     vertex  1.200000e+01 -1.200000e+01  3.000000e+00
     vertex  8.000000e+00 -1.600000e+01  3.000000e+00
     vertex  1.192291e+01 -1.618191e+01  3.000000e+00
   endloop
 endfacet
 facet normal  0.000000e+00  0.000000e+00  1.000000e+00
   outer loop
     vertex  3.783959e+00 -1.974061e+01  3.000000e+00
     vertex  4.659585e+00 -1.955245e+01  3.000000e+00
     vertex  8.000000e+00 -1.600000e+01  3.000000e+00
   endloop
 endfacet
 facet normal  0.000000e+00  0.000000e+00  1.000000e+00
   outer loop
     vertex  2.900821e+00 -1.988958e+01  3.000000e+00
     vertex  3.783959e+00 -1.974061e+01  3.000000e+00
     vertex  8.000000e+00 -1.600000e+01  3.000000e+00
   endloop
 endfacet
 facet normal  0.000000e+00  0.000000e+00  1.000000e+00
   outer loop
     vertex  2.011923e+00 -1.999905e+01  3.000000e+00
     vertex  2.900821e+00 -1.988958e+01  3.000000e+00
     vertex  8.000000e+00 -1.600000e+01  3.000000e+00
   endloop
 endfacet
 facet normal  0.000000e+00  0.000000e+00  1.000000e+00
   outer loop
     vertex  1.119031e+00 -2.006883e+01  3.000000e+00
     vertex  2.011923e+00 -1.999905e+01  3.000000e+00
     vertex  8.000000e+00 -1.600000e+01  3.000000e+00
   endloop
 endfacet
 facet normal  0.000000e+00  0.000000e+00  1.000000e+00
   outer loop
     vertex  2.239174e-01 -2.009875e+01  3.000000e+00
     vertex  1.119031e+00 -2.006883e+01  3.000000e+00
     vertex  8.000000e+00 -1.600000e+01  3.000000e+00
   endloop
 endfacet
 facet normal  0.000000e+00  0.000000e+00  1.000000e+00
   outer loop
     vertex  1.719916e+01 -9.011134e-01  3.000000e+00
     vertex  1.703909e+01 -1.081804e+00  3.000000e+00
     vertex  1.992066e+01 -2.679068e+00  3.000000e+00
   endloop
 endfacet
 facet normal  0.000000e+00  0.000000e+00  1.000000e+00
   outer loop
     vertex  1.719916e+01 -9.011134e-01  3.000000e+00
     vertex  1.992066e+01 -2.679068e+00  3.000000e+00
     vertex  2.002023e+01 -1.789006e+00  3.000000e+00
   endloop
 endfacet
 facet normal -0.000000e+00  0.000000e+00  1.000000e+00
   outer loop
     vertex  1.685210e+01 -1.234476e+00  3.000000e+00
     vertex  1.992066e+01 -2.679068e+00  3.000000e+00
     vertex  1.703909e+01 -1.081804e+00  3.000000e+00
   endloop
 endfacet
 facet normal  0.000000e+00  0.000000e+00  1.000000e+00
   outer loop
     vertex  1.685210e+01 -1.234476e+00  3.000000e+00
     vertex  1.978154e+01 -3.563811e+00  3.000000e+00
     vertex  1.992066e+01 -2.679068e+00  3.000000e+00
   endloop
 endfacet
 facet normal  0.000000e+00  0.000000e+00  1.000000e+00
   outer loop
     vertex  1.732818e+01 -6.970848e-01  3.000000e+00
     vertex  1.719916e+01 -9.011134e-01  3.000000e+00
     vertex  2.002023e+01 -1.789006e+00  3.000000e+00
   endloop
 endfacet
 facet normal  0.000000e+00  0.000000e+00  1.000000e+00
   outer loop
     vertex  1.732818e+01 -6.970848e-01  3.000000e+00
     vertex  2.002023e+01 -1.789006e+00  3.000000e+00
     vertex  2.008005e+01 -8.953917e-01  3.000000e+00
   endloop
 endfacet
 facet normal -0.000000e+00  0.000000e+00  1.000000e+00
   outer loop
     vertex  1.664304e+01 -1.355176e+00  3.000000e+00
     vertex  1.978154e+01 -3.563811e+00  3.000000e+00
     vertex  1.685210e+01 -1.234476e+00  3.000000e+00
   endloop
 endfacet
 facet normal  0.000000e+00  0.000000e+00  1.000000e+00
   outer loop
     vertex  1.664304e+01 -1.355176e+00  3.000000e+00
     vertex  1.960314e+01 -4.441478e+00  3.000000e+00
     vertex  1.978154e+01 -3.563811e+00  3.000000e+00
   endloop
 endfacet
 facet normal  0.000000e+00  0.000000e+00  1.000000e+00
   outer loop
     vertex  1.742280e+01 -4.750020e-01  3.000000e+00
     vertex  1.732818e+01 -6.970848e-01  3.000000e+00
     vertex  2.008005e+01 -8.953917e-01  3.000000e+00
   endloop
 endfacet
 facet normal -0.000000e+00  0.000000e+00  1.000000e+00
   outer loop
     vertex  1.641733e+01 -1.440777e+00  3.000000e+00
     vertex  1.960314e+01 -4.441478e+00  3.000000e+00
     vertex  1.664304e+01 -1.355176e+00  3.000000e+00
   endloop
 endfacet
 facet normal  0.000000e+00  0.000000e+00  1.000000e+00
   outer loop
     vertex  1.748058e+01 -2.406169e-01  3.000000e+00
     vertex  1.742280e+01 -4.750020e-01  3.000000e+00
     vertex  2.008005e+01 -8.953917e-01  3.000000e+00
   endloop
 endfacet
 facet normal -0.000000e+00  0.000000e+00  1.000000e+00
   outer loop
     vertex  1.748058e+01 -2.406169e-01  3.000000e+00
     vertex  2.008005e+01 -8.953917e-01  3.000000e+00
     vertex  2.010000e+01 -4.923080e-15  3.000000e+00
   endloop
 endfacet
 facet normal  0.000000e+00  0.000000e+00  1.000000e+00
   outer loop
     vertex  1.618081e+01 -1.489063e+00  3.000000e+00
     vertex  1.938583e+01 -5.310328e+00  3.000000e+00
     vertex  1.960314e+01 -4.441478e+00  3.000000e+00
   endloop
 endfacet
 facet normal -0.000000e+00  0.000000e+00  1.000000e+00
   outer loop
     vertex  1.618081e+01 -1.489063e+00  3.000000e+00
     vertex  1.960314e+01 -4.441478e+00  3.000000e+00
     vertex  1.641733e+01 -1.440777e+00  3.000000e+00
   endloop
 endfacet
 facet normal  0.000000e+00  0.000000e+00  1.000000e+00
   outer loop
     vertex  1.750000e+01 -3.673940e-16  3.000000e+00
     vertex  1.748058e+01 -2.406169e-01  3.000000e+00
     vertex  2.010000e+01 -4.923080e-15  3.000000e+00
   endloop
 endfacet
 facet normal -0.000000e+00  0.000000e+00  1.000000e+00
   outer loop
     vertex  1.593960e+01 -1.498783e+00  3.000000e+00
     vertex  1.938583e+01 -5.310328e+00  3.000000e+00
     vertex  1.618081e+01 -1.489063e+00  3.000000e+00
   endloop
 endfacet
 facet normal  0.000000e+00  0.000000e+00  1.000000e+00
   outer loop
     vertex  1.593960e+01 -1.498783e+00  3.000000e+00
     vertex  1.913003e+01 -6.168634e+00  3.000000e+00
     vertex  1.938583e+01 -5.310328e+00  3.000000e+00
   endloop
 endfacet
 facet normal -0.000000e+00  0.000000e+00  1.000000e+00
   outer loop
     vertex  1.748058e+01  2.406169e-01  3.000000e+00
     vertex  2.010000e+01 -4.923080e-15  3.000000e+00
     vertex  2.008005e+01  8.953917e-01  3.000000e+00
   endloop
 endfacet
 facet normal  0.000000e+00  0.000000e+00  1.000000e+00
   outer loop
     vertex  1.748058e+01  2.406169e-01  3.000000e+00
     vertex  1.750000e+01 -3.673940e-16  3.000000e+00
     vertex  2.010000e+01 -4.923080e-15  3.000000e+00
   endloop
 endfacet
 facet normal  0.000000e+00  0.000000e+00  1.000000e+00
   outer loop
     vertex  1.569996e+01 -1.469686e+00  3.000000e+00
     vertex  1.913003e+01 -6.168634e+00  3.000000e+00
     vertex  1.593960e+01 -1.498783e+00  3.000000e+00
   endloop
 endfacet
 facet normal  0.000000e+00  0.000000e+00  1.000000e+00
   outer loop
     vertex  1.569996e+01 -1.469686e+00  3.000000e+00
     vertex  1.850506e+01 -7.846824e+00  3.000000e+00
     vertex  1.883624e+01 -7.014693e+00  3.000000e+00
   endloop
 endfacet
 facet normal  0.000000e+00  0.000000e+00  1.000000e+00
   outer loop
     vertex  1.569996e+01 -1.469686e+00  3.000000e+00
     vertex  1.883624e+01 -7.014693e+00  3.000000e+00
     vertex  1.913003e+01 -6.168634e+00  3.000000e+00
   endloop
 endfacet
 facet normal -0.000000e+00  0.000000e+00  1.000000e+00
   outer loop
     vertex  1.742280e+01  4.750020e-01  3.000000e+00
     vertex  1.748058e+01  2.406169e-01  3.000000e+00
     vertex  2.008005e+01  8.953917e-01  3.000000e+00
   endloop
 endfacet
 facet normal  0.000000e+00  0.000000e+00  1.000000e+00
   outer loop
     vertex  1.546809e+01 -1.402524e+00  3.000000e+00
     vertex  1.813714e+01 -8.663377e+00  3.000000e+00
     vertex  1.850506e+01 -7.846824e+00  3.000000e+00
   endloop
 endfacet
 facet normal  0.000000e+00  0.000000e+00  1.000000e+00
   outer loop
     vertex  1.546809e+01 -1.402524e+00  3.000000e+00
     vertex  1.200000e+01 -1.200000e+01  3.000000e+00
     vertex  1.813714e+01 -8.663377e+00  3.000000e+00
   endloop
 endfacet
 facet normal  0.000000e+00  0.000000e+00  1.000000e+00
   outer loop
     vertex  1.546809e+01 -1.402524e+00  3.000000e+00
     vertex  1.850506e+01 -7.846824e+00  3.000000e+00
     vertex  1.569996e+01 -1.469686e+00  3.000000e+00
   endloop
 endfacet
 facet normal  0.000000e+00  0.000000e+00  1.000000e+00
   outer loop
     vertex  1.732818e+01  6.970848e-01  3.000000e+00
     vertex  2.008005e+01  8.953917e-01  3.000000e+00
     vertex  2.002023e+01  1.789006e+00  3.000000e+00
   endloop
 endfacet
 facet normal -0.000000e+00  0.000000e+00  1.000000e+00
   outer loop
     vertex  1.732818e+01  6.970848e-01  3.000000e+00
     vertex  1.742280e+01  4.750020e-01  3.000000e+00
     vertex  2.008005e+01  8.953917e-01  3.000000e+00
   endloop
 endfacet
 facet normal  0.000000e+00  0.000000e+00  1.000000e+00
   outer loop
     vertex  1.525000e+01 -1.299038e+00  3.000000e+00
     vertex  1.200000e+01 -1.200000e+01  3.000000e+00
     vertex  1.546809e+01 -1.402524e+00  3.000000e+00
   endloop
 endfacet
 facet normal  0.000000e+00  0.000000e+00  1.000000e+00
   outer loop
     vertex  1.719916e+01  9.011134e-01  3.000000e+00
     vertex  2.002023e+01  1.789006e+00  3.000000e+00
     vertex  1.992066e+01  2.679068e+00  3.000000e+00
   endloop
 endfacet
 facet normal -0.000000e+00  0.000000e+00  1.000000e+00
   outer loop
     vertex  1.719916e+01  9.011134e-01  3.000000e+00
     vertex  1.732818e+01  6.970848e-01  3.000000e+00
     vertex  2.002023e+01  1.789006e+00  3.000000e+00
   endloop
 endfacet
 facet normal  0.000000e+00  0.000000e+00  1.000000e+00
   outer loop
     vertex  1.505133e+01 -1.161907e+00  3.000000e+00
     vertex  1.200000e+01 -1.200000e+01  3.000000e+00
     vertex  1.525000e+01 -1.299038e+00  3.000000e+00
   endloop
 endfacet
 facet normal -0.000000e+00  0.000000e+00  1.000000e+00
   outer loop
     vertex  1.703909e+01  1.081804e+00  3.000000e+00
     vertex  1.719916e+01  9.011134e-01  3.000000e+00
     vertex  1.992066e+01  2.679068e+00  3.000000e+00
   endloop
 endfacet
 facet normal  0.000000e+00  0.000000e+00  1.000000e+00
   outer loop
     vertex  1.487723e+01 -9.946840e-01  3.000000e+00
     vertex  1.200000e+01 -1.200000e+01  3.000000e+00
     vertex  1.505133e+01 -1.161907e+00  3.000000e+00
   endloop
 endfacet
 facet normal  0.000000e+00  0.000000e+00  1.000000e+00
   outer loop
     vertex  1.685210e+01  1.234476e+00  3.000000e+00
     vertex  1.992066e+01  2.679068e+00  3.000000e+00
     vertex  1.978154e+01  3.563811e+00  3.000000e+00
   endloop
 endfacet
 facet normal -0.000000e+00  0.000000e+00  1.000000e+00
   outer loop
     vertex  1.685210e+01  1.234476e+00  3.000000e+00
     vertex  1.703909e+01  1.081804e+00  3.000000e+00
     vertex  1.992066e+01  2.679068e+00  3.000000e+00
   endloop
 endfacet
 facet normal  0.000000e+00  0.000000e+00  1.000000e+00
   outer loop
     vertex  1.473221e+01 -8.016987e-01  3.000000e+00
     vertex  1.200000e+01 -1.200000e+01  3.000000e+00
     vertex  1.487723e+01 -9.946840e-01  3.000000e+00
   endloop
 endfacet
 facet normal -0.000000e+00  0.000000e+00  1.000000e+00
   outer loop
     vertex  1.664304e+01  1.355176e+00  3.000000e+00
     vertex  1.685210e+01  1.234476e+00  3.000000e+00
     vertex  1.978154e+01  3.563811e+00  3.000000e+00
   endloop
 endfacet
 facet normal  0.000000e+00  0.000000e+00  1.000000e+00
   outer loop
     vertex  1.462003e+01 -5.879499e-01  3.000000e+00
     vertex  1.200000e+01 -1.200000e+01  3.000000e+00
     vertex  1.473221e+01 -8.016987e-01  3.000000e+00
   endloop
 endfacet
 facet normal  0.000000e+00  0.000000e+00  1.000000e+00
   outer loop
     vertex  1.960314e+01  4.441478e+00  3.000000e+00
     vertex  1.664304e+01  1.355176e+00  3.000000e+00
     vertex  1.978154e+01  3.563811e+00  3.000000e+00
   endloop
 endfacet
 facet normal -0.000000e+00  0.000000e+00  1.000000e+00
   outer loop
     vertex  1.641733e+01  1.440777e+00  3.000000e+00
     vertex  1.664304e+01  1.355176e+00  3.000000e+00
     vertex  1.960314e+01  4.441478e+00  3.000000e+00
   endloop
 endfacet
 facet normal  0.000000e+00  0.000000e+00  1.000000e+00
   outer loop
     vertex  1.454359e+01 -3.589735e-01  3.000000e+00
     vertex  1.200000e+01 -1.200000e+01  3.000000e+00
     vertex  1.462003e+01 -5.879499e-01  3.000000e+00
   endloop
 endfacet
 facet normal -0.000000e+00  0.000000e+00  1.000000e+00
   outer loop
     vertex  1.618081e+01  1.489063e+00  3.000000e+00
     vertex  1.641733e+01  1.440777e+00  3.000000e+00
     vertex  1.960314e+01  4.441478e+00  3.000000e+00
   endloop
 endfacet
 facet normal  0.000000e+00  0.000000e+00  1.000000e+00
   outer loop
     vertex  1.938583e+01  5.310328e+00  3.000000e+00
     vertex  1.593960e+01  1.498783e+00  3.000000e+00
     vertex  1.618081e+01  1.489063e+00  3.000000e+00
   endloop
 endfacet
 facet normal  0.000000e+00  0.000000e+00  1.000000e+00
   outer loop
     vertex  1.938583e+01  5.310328e+00  3.000000e+00
     vertex  1.618081e+01  1.489063e+00  3.000000e+00
     vertex  1.960314e+01  4.441478e+00  3.000000e+00
   endloop
 endfacet
 facet normal  0.000000e+00  0.000000e+00  1.000000e+00
   outer loop
     vertex  1.913003e+01  6.168634e+00  3.000000e+00
     vertex  1.569996e+01  1.469686e+00  3.000000e+00
     vertex  1.593960e+01  1.498783e+00  3.000000e+00
   endloop
 endfacet
 facet normal  0.000000e+00  0.000000e+00  1.000000e+00
   outer loop
     vertex  1.913003e+01  6.168634e+00  3.000000e+00
     vertex  1.593960e+01  1.498783e+00  3.000000e+00
     vertex  1.938583e+01  5.310328e+00  3.000000e+00
   endloop
 endfacet
 facet normal  0.000000e+00  0.000000e+00  1.000000e+00
   outer loop
     vertex  1.883624e+01  7.014693e+00  3.000000e+00
     vertex  1.569996e+01  1.469686e+00  3.000000e+00
     vertex  1.913003e+01  6.168634e+00  3.000000e+00
   endloop
 endfacet
 facet normal  0.000000e+00  0.000000e+00  1.000000e+00
   outer loop
     vertex  1.850506e+01  7.846824e+00  3.000000e+00
     vertex  1.569996e+01  1.469686e+00  3.000000e+00
     vertex  1.883624e+01  7.014693e+00  3.000000e+00
   endloop
 endfacet
 facet normal  0.000000e+00  0.000000e+00  1.000000e+00
   outer loop
     vertex  1.850506e+01  7.846824e+00  3.000000e+00
     vertex  1.546809e+01  1.402524e+00  3.000000e+00
     vertex  1.569996e+01  1.469686e+00  3.000000e+00
   endloop
 endfacet
 facet normal  0.000000e+00  0.000000e+00  1.000000e+00
   outer loop
     vertex  1.813714e+01  8.663377e+00  3.000000e+00
     vertex  1.546809e+01  1.402524e+00  3.000000e+00
     vertex  1.850506e+01  7.846824e+00  3.000000e+00
   endloop
 endfacet
 facet normal  0.000000e+00  0.000000e+00  1.000000e+00
   outer loop
     vertex -8.000000e+00 -1.600000e+01  3.000000e+00
     vertex -5.094037e+00 -1.944379e+01  3.000000e+00
     vertex -4.222820e+00 -1.965141e+01  3.000000e+00
   endloop
 endfacet
 facet normal  0.000000e+00  0.000000e+00  1.000000e+00
   outer loop
     vertex -8.000000e+00 -1.600000e+01  3.000000e+00
     vertex -4.222820e+00 -1.965141e+01  3.000000e+00
     vertex -3.343220e+00 -1.982001e+01  3.000000e+00
   endloop
 endfacet
 facet normal  0.000000e+00  0.000000e+00  1.000000e+00
   outer loop
     vertex -8.000000e+00 -1.600000e+01  3.000000e+00
     vertex -3.343220e+00 -1.982001e+01  3.000000e+00
     vertex -2.456982e+00 -1.994927e+01  3.000000e+00
   endloop
 endfacet
 facet normal -0.000000e+00  0.000000e+00  1.000000e+00
   outer loop
     vertex -8.000000e+00 -1.600000e+01  3.000000e+00
     vertex  2.239174e-01 -2.009875e+01  3.000000e+00
     vertex  8.000000e+00 -1.600000e+01  3.000000e+00
   endloop
 endfacet
 facet normal  0.000000e+00  0.000000e+00  1.000000e+00
   outer loop
     vertex -8.000000e+00 -1.600000e+01  3.000000e+00
     vertex -2.456982e+00 -1.994927e+01  3.000000e+00
     vertex -1.565866e+00 -2.003891e+01  3.000000e+00
   endloop
 endfacet
 facet normal  0.000000e+00  0.000000e+00  1.000000e+00
   outer loop
     vertex -8.000000e+00 -1.600000e+01  3.000000e+00
     vertex -1.565866e+00 -2.003891e+01  3.000000e+00
     vertex -6.716410e-01 -2.008878e+01  3.000000e+00
   endloop
 endfacet
 facet normal  0.000000e+00  0.000000e+00  1.000000e+00
   outer loop
     vertex -8.000000e+00 -1.600000e+01  3.000000e+00
     vertex -6.716410e-01 -2.008878e+01  3.000000e+00
     vertex  2.239174e-01 -2.009875e+01  3.000000e+00
   endloop
 endfacet
 facet normal  0.000000e+00  0.000000e+00  1.000000e+00
   outer loop
     vertex -8.000000e+00 -1.600000e+01  3.000000e+00
     vertex -9.264591e+00 -1.783753e+01  3.000000e+00
     vertex -8.460789e+00 -1.823253e+01  3.000000e+00
   endloop
 endfacet
 facet normal  0.000000e+00  0.000000e+00  1.000000e+00
   outer loop
     vertex -8.000000e+00 -1.600000e+01  3.000000e+00
     vertex -8.460789e+00 -1.823253e+01  3.000000e+00
     vertex -7.640188e+00 -1.859133e+01  3.000000e+00
   endloop
 endfacet
 facet normal  0.000000e+00  0.000000e+00  1.000000e+00
   outer loop
     vertex -8.000000e+00 -1.600000e+01  3.000000e+00
     vertex -7.640188e+00 -1.859133e+01  3.000000e+00
     vertex -6.804418e+00 -1.891322e+01  3.000000e+00
   endloop
 endfacet
 facet normal  0.000000e+00  0.000000e+00  1.000000e+00
   outer loop
     vertex -8.000000e+00 -1.600000e+01  3.000000e+00
     vertex -6.804418e+00 -1.891322e+01  3.000000e+00
     vertex -5.955139e+00 -1.919756e+01  3.000000e+00
   endloop
 endfacet
 facet normal  0.000000e+00  0.000000e+00  1.000000e+00
   outer loop
     vertex -8.000000e+00 -1.600000e+01  3.000000e+00
     vertex -5.955139e+00 -1.919756e+01  3.000000e+00
     vertex -5.094037e+00 -1.944379e+01  3.000000e+00
   endloop
 endfacet
 facet normal -0.000000e+00  0.000000e+00  1.000000e+00
   outer loop
     vertex -1.005000e+01 -1.740711e+01  3.000000e+00
     vertex -9.264591e+00 -1.783753e+01  3.000000e+00
     vertex -8.000000e+00 -1.600000e+01  3.000000e+00
   endloop
 endfacet
 facet normal -0.000000e+00  0.000000e+00  1.000000e+00
   outer loop
     vertex -1.081546e+01 -1.694213e+01  3.000000e+00
     vertex -1.005000e+01 -1.740711e+01  3.000000e+00
     vertex -8.000000e+00 -1.600000e+01  3.000000e+00
   endloop
 endfacet
 facet normal -0.000000e+00  0.000000e+00  1.000000e+00
   outer loop
     vertex -1.155944e+01 -1.644352e+01  3.000000e+00
     vertex -1.081546e+01 -1.694213e+01  3.000000e+00
     vertex -8.000000e+00 -1.600000e+01  3.000000e+00
   endloop
 endfacet
 facet normal  0.000000e+00  0.000000e+00  1.000000e+00
   outer loop
     vertex -1.200000e+01 -1.200000e+01  3.000000e+00
     vertex -1.155944e+01 -1.644352e+01  3.000000e+00
     vertex -8.000000e+00 -1.600000e+01  3.000000e+00
   endloop
 endfacet
 facet normal  0.000000e+00  0.000000e+00  1.000000e+00
   outer loop
     vertex -1.200000e+01 -1.200000e+01  3.000000e+00
     vertex -1.364801e+01 -1.475608e+01  3.000000e+00
     vertex -1.297712e+01 -1.534941e+01  3.000000e+00
   endloop
 endfacet
 facet normal  0.000000e+00  0.000000e+00  1.000000e+00
   outer loop
     vertex -1.200000e+01 -1.200000e+01  3.000000e+00
     vertex -1.297712e+01 -1.534941e+01  3.000000e+00
     vertex -1.228047e+01 -1.591226e+01  3.000000e+00
   endloop
 endfacet
 facet normal  0.000000e+00  0.000000e+00  1.000000e+00
   outer loop
     vertex -1.200000e+01 -1.200000e+01  3.000000e+00
     vertex -1.228047e+01 -1.591226e+01  3.000000e+00
     vertex -1.155944e+01 -1.644352e+01  3.000000e+00
   endloop
 endfacet
 facet normal  0.000000e+00  0.000000e+00  1.000000e+00
   outer loop
     vertex  1.200000e+01  1.200000e+01  3.000000e+00
     vertex  1.813714e+01  8.663377e+00  3.000000e+00
     vertex  1.773321e+01  9.462730e+00  3.000000e+00
   endloop
 endfacet
 facet normal  0.000000e+00  0.000000e+00  1.000000e+00
   outer loop
     vertex  1.200000e+01  1.200000e+01  3.000000e+00
     vertex  1.773321e+01  9.462730e+00  3.000000e+00
     vertex  1.729407e+01  1.024329e+01  3.000000e+00
   endloop
 endfacet
 facet normal  0.000000e+00  0.000000e+00  1.000000e+00
   outer loop
     vertex  1.200000e+01  1.200000e+01  3.000000e+00
     vertex  1.729407e+01  1.024329e+01  3.000000e+00
     vertex  1.682060e+01  1.100352e+01  3.000000e+00
   endloop
 endfacet
 facet normal  0.000000e+00  0.000000e+00  1.000000e+00
   outer loop
     vertex  1.200000e+01  1.200000e+01  3.000000e+00
     vertex  1.682060e+01  1.100352e+01  3.000000e+00
     vertex  1.631373e+01  1.174190e+01  3.000000e+00
   endloop
 endfacet
 facet normal -0.000000e+00  0.000000e+00  1.000000e+00
   outer loop
     vertex  1.200000e+01  1.200000e+01  3.000000e+00
     vertex  1.631373e+01  1.174190e+01  3.000000e+00
     vertex  1.577447e+01  1.245697e+01  3.000000e+00
   endloop
 endfacet
 facet normal  0.000000e+00  0.000000e+00  1.000000e+00
   outer loop
     vertex  1.200000e+01  1.200000e+01  3.000000e+00
     vertex  1.577447e+01  1.245697e+01  3.000000e+00
     vertex  1.520389e+01  1.314731e+01  3.000000e+00
   endloop
 endfacet
 facet normal  0.000000e+00  0.000000e+00  1.000000e+00
   outer loop
     vertex  1.200000e+01  1.200000e+01  3.000000e+00
     vertex  1.520389e+01  1.314731e+01  3.000000e+00
     vertex  1.460313e+01  1.381154e+01  3.000000e+00
   endloop
 endfacet
 facet normal  0.000000e+00  0.000000e+00  1.000000e+00
   outer loop
     vertex  1.200000e+01  1.200000e+01  3.000000e+00
     vertex  1.546809e+01  1.402524e+00  3.000000e+00
     vertex  1.813714e+01  8.663377e+00  3.000000e+00
   endloop
 endfacet
 facet normal  0.000000e+00  0.000000e+00  1.000000e+00
   outer loop
     vertex  1.200000e+01  1.200000e+01  3.000000e+00
     vertex  1.525000e+01  1.299038e+00  3.000000e+00
     vertex  1.546809e+01  1.402524e+00  3.000000e+00
   endloop
 endfacet
 facet normal  0.000000e+00  0.000000e+00  1.000000e+00
   outer loop
     vertex  1.200000e+01  1.200000e+01  3.000000e+00
     vertex  1.505133e+01  1.161907e+00  3.000000e+00
     vertex  1.525000e+01  1.299038e+00  3.000000e+00
   endloop
 endfacet
 facet normal  0.000000e+00  0.000000e+00  1.000000e+00
   outer loop
     vertex  1.200000e+01  1.200000e+01  3.000000e+00
     vertex  1.487723e+01  9.946840e-01  3.000000e+00
     vertex  1.505133e+01  1.161907e+00  3.000000e+00
   endloop
 endfacet
 facet normal  0.000000e+00  0.000000e+00  1.000000e+00
   outer loop
     vertex  1.200000e+01  1.200000e+01  3.000000e+00
     vertex  1.473221e+01  8.016987e-01  3.000000e+00
     vertex  1.487723e+01  9.946840e-01  3.000000e+00
   endloop
 endfacet
 facet normal  0.000000e+00  0.000000e+00  1.000000e+00
   outer loop
     vertex  1.200000e+01  1.200000e+01  3.000000e+00
     vertex  1.462003e+01  5.879499e-01  3.000000e+00
     vertex  1.473221e+01  8.016987e-01  3.000000e+00
   endloop
 endfacet
 facet normal  0.000000e+00  0.000000e+00  1.000000e+00
   outer loop
     vertex  1.200000e+01  1.200000e+01  3.000000e+00
     vertex  1.454359e+01  3.589735e-01  3.000000e+00
     vertex  1.462003e+01  5.879499e-01  3.000000e+00
   endloop
 endfacet
 facet normal -0.000000e+00  0.000000e+00  1.000000e+00
   outer loop
     vertex -1.429179e+01 -1.413346e+01  3.000000e+00
     vertex -1.364801e+01 -1.475608e+01  3.000000e+00
     vertex -1.200000e+01 -1.200000e+01  3.000000e+00
   endloop
 endfacet
 facet normal  0.000000e+00  0.000000e+00  1.000000e+00
   outer loop
     vertex  1.397337e+01  1.444836e+01  3.000000e+00
     vertex  1.200000e+01  1.200000e+01  3.000000e+00
     vertex  1.460313e+01  1.381154e+01  3.000000e+00
   endloop
 endfacet
 facet normal -0.000000e+00  0.000000e+00  1.000000e+00
   outer loop
     vertex -1.490721e+01 -1.348277e+01  3.000000e+00
     vertex -1.429179e+01 -1.413346e+01  3.000000e+00
     vertex -1.200000e+01 -1.200000e+01  3.000000e+00
   endloop
 endfacet
 facet normal  0.000000e+00  0.000000e+00  1.000000e+00
   outer loop
     vertex  1.331587e+01  1.505648e+01  3.000000e+00
     vertex  1.200000e+01  1.200000e+01  3.000000e+00
     vertex  1.397337e+01  1.444836e+01  3.000000e+00
   endloop
 endfacet
 facet normal -0.000000e+00  0.000000e+00  1.000000e+00
   outer loop
     vertex -1.549302e+01 -1.280532e+01  3.000000e+00
     vertex -1.490721e+01 -1.348277e+01  3.000000e+00
     vertex -1.200000e+01 -1.200000e+01  3.000000e+00
   endloop
 endfacet
 facet normal  0.000000e+00  0.000000e+00  1.000000e+00
   outer loop
     vertex  1.263193e+01  1.563472e+01  3.000000e+00
     vertex  1.200000e+01  1.200000e+01  3.000000e+00
     vertex  1.331587e+01  1.505648e+01  3.000000e+00
   endloop
 endfacet
 facet normal -0.000000e+00  0.000000e+00  1.000000e+00
   outer loop
     vertex -1.604808e+01 -1.210244e+01  3.000000e+00
     vertex -1.549302e+01 -1.280532e+01  3.000000e+00
     vertex -1.200000e+01 -1.200000e+01  3.000000e+00
   endloop
 endfacet
 facet normal  0.000000e+00  0.000000e+00  1.000000e+00
   outer loop
     vertex  1.192291e+01  1.618191e+01  3.000000e+00
     vertex  1.200000e+01  1.200000e+01  3.000000e+00
     vertex  1.263193e+01  1.563472e+01  3.000000e+00
   endloop
 endfacet
 facet normal  0.000000e+00  0.000000e+00  1.000000e+00
   outer loop
     vertex -1.657128e+01 -1.137554e+01  3.000000e+00
     vertex -1.604808e+01 -1.210244e+01  3.000000e+00
     vertex -1.200000e+01 -1.200000e+01  3.000000e+00
   endloop
 endfacet
 facet normal  0.000000e+00  0.000000e+00  1.000000e+00
   outer loop
     vertex -1.706157e+01 -1.062605e+01  3.000000e+00
     vertex -1.657128e+01 -1.137554e+01  3.000000e+00
     vertex -1.200000e+01 -1.200000e+01  3.000000e+00
   endloop
 endfacet
 facet normal  0.000000e+00  0.000000e+00  1.000000e+00
   outer loop
     vertex -1.751799e+01 -9.855458e+00  3.000000e+00
     vertex -1.706157e+01 -1.062605e+01  3.000000e+00
     vertex -1.200000e+01 -1.200000e+01  3.000000e+00
   endloop
 endfacet
 facet normal  0.000000e+00  0.000000e+00  1.000000e+00
   outer loop
     vertex  8.000000e+00  1.600000e+01  3.000000e+00
     vertex  1.192291e+01  1.618191e+01  3.000000e+00
     vertex  1.119022e+01  1.669697e+01  3.000000e+00
   endloop
 endfacet
 facet normal  0.000000e+00  0.000000e+00  1.000000e+00
   outer loop
     vertex  8.000000e+00  1.600000e+01  3.000000e+00
     vertex  1.119022e+01  1.669697e+01  3.000000e+00
     vertex  1.043532e+01  1.717889e+01  3.000000e+00
   endloop
 endfacet
 facet normal  0.000000e+00  0.000000e+00  1.000000e+00
   outer loop
     vertex  8.000000e+00  1.600000e+01  3.000000e+00
     vertex  1.043532e+01  1.717889e+01  3.000000e+00
     vertex  9.659693e+00  1.762669e+01  3.000000e+00
   endloop
 endfacet
 facet normal -0.000000e+00  0.000000e+00  1.000000e+00
   outer loop
     vertex  8.000000e+00  1.600000e+01  3.000000e+00
     vertex  1.200000e+01  1.200000e+01  3.000000e+00
     vertex  1.192291e+01  1.618191e+01  3.000000e+00
   endloop
 endfacet
 facet normal  0.000000e+00  0.000000e+00  1.000000e+00
   outer loop
     vertex -1.793963e+01 -9.065303e+00  3.000000e+00
     vertex -1.751799e+01 -9.855458e+00  3.000000e+00
     vertex -1.200000e+01 -1.200000e+01  3.000000e+00
   endloop
 endfacet
 facet normal  0.000000e+00  0.000000e+00  1.000000e+00
   outer loop
     vertex  8.864890e+00  1.803950e+01  3.000000e+00
     vertex  8.000000e+00  1.600000e+01  3.000000e+00
     vertex  9.659693e+00  1.762669e+01  3.000000e+00
   endloop
 endfacet
 facet normal  0.000000e+00  0.000000e+00  1.000000e+00
   outer loop
     vertex  8.052487e+00  1.841650e+01  3.000000e+00
     vertex  8.000000e+00  1.600000e+01  3.000000e+00
     vertex  8.864890e+00  1.803950e+01  3.000000e+00
   endloop
 endfacet
 facet normal  0.000000e+00  0.000000e+00  1.000000e+00
   outer loop
     vertex  7.224096e+00  1.875693e+01  3.000000e+00
     vertex  8.000000e+00  1.600000e+01  3.000000e+00
     vertex  8.052487e+00  1.841650e+01  3.000000e+00
   endloop
 endfacet
 facet normal  0.000000e+00  0.000000e+00  1.000000e+00
   outer loop
     vertex  6.381363e+00  1.906012e+01  3.000000e+00
     vertex  8.000000e+00  1.600000e+01  3.000000e+00
     vertex  7.224096e+00  1.875693e+01  3.000000e+00
   endloop
 endfacet
 facet normal  0.000000e+00  0.000000e+00  1.000000e+00
   outer loop
     vertex  5.525959e+00  1.932547e+01  3.000000e+00
     vertex  8.000000e+00  1.600000e+01  3.000000e+00
     vertex  6.381363e+00  1.906012e+01  3.000000e+00
   endloop
 endfacet
 facet normal  0.000000e+00  0.000000e+00  1.000000e+00
   outer loop
     vertex -1.480084e+01 -9.011134e-01  3.000000e+00
     vertex -1.496091e+01 -1.081804e+00  3.000000e+00
     vertex -1.200000e+01 -1.200000e+01  3.000000e+00
   endloop
 endfacet
 facet normal -0.000000e+00  0.000000e+00  1.000000e+00
   outer loop
     vertex -1.514790e+01 -1.234476e+00  3.000000e+00
     vertex -1.200000e+01 -1.200000e+01  3.000000e+00
     vertex -1.496091e+01 -1.081804e+00  3.000000e+00
   endloop
 endfacet
 facet normal  0.000000e+00  0.000000e+00  1.000000e+00
   outer loop
     vertex -1.467182e+01 -6.970848e-01  3.000000e+00
     vertex -1.480084e+01 -9.011134e-01  3.000000e+00
     vertex -1.200000e+01 -1.200000e+01  3.000000e+00
   endloop
 endfacet
 facet normal -0.000000e+00  0.000000e+00  1.000000e+00
   outer loop
     vertex -1.535696e+01 -1.355176e+00  3.000000e+00
     vertex -1.200000e+01 -1.200000e+01  3.000000e+00
     vertex -1.514790e+01 -1.234476e+00  3.000000e+00
   endloop
 endfacet
 facet normal  0.000000e+00  0.000000e+00  1.000000e+00
   outer loop
     vertex -1.535696e+01 -1.355176e+00  3.000000e+00
     vertex -1.832565e+01 -8.257150e+00  3.000000e+00
     vertex -1.793963e+01 -9.065303e+00  3.000000e+00
   endloop
 endfacet
 facet normal  0.000000e+00  0.000000e+00  1.000000e+00
   outer loop
     vertex -1.535696e+01 -1.355176e+00  3.000000e+00
     vertex -1.793963e+01 -9.065303e+00  3.000000e+00
     vertex -1.200000e+01 -1.200000e+01  3.000000e+00
   endloop
 endfacet
 facet normal  0.000000e+00  0.000000e+00  1.000000e+00
   outer loop
     vertex -1.457720e+01 -4.750020e-01  3.000000e+00
     vertex -1.467182e+01 -6.970848e-01  3.000000e+00
     vertex -1.200000e+01 -1.200000e+01  3.000000e+00
   endloop
 endfacet
 facet normal -0.000000e+00  0.000000e+00  1.000000e+00
   outer loop
     vertex -1.558267e+01 -1.440777e+00  3.000000e+00
     vertex -1.832565e+01 -8.257150e+00  3.000000e+00
     vertex -1.535696e+01 -1.355176e+00  3.000000e+00
   endloop
 endfacet
 facet normal  0.000000e+00  0.000000e+00  1.000000e+00
   outer loop
     vertex -1.558267e+01 -1.440777e+00  3.000000e+00
     vertex -1.867529e+01 -7.432603e+00  3.000000e+00
     vertex -1.832565e+01 -8.257150e+00  3.000000e+00
   endloop
 endfacet
 facet normal  0.000000e+00  0.000000e+00  1.000000e+00
   outer loop
     vertex -1.451942e+01 -2.406169e-01  3.000000e+00
     vertex -1.457720e+01 -4.750020e-01  3.000000e+00
     vertex -1.200000e+01 -1.200000e+01  3.000000e+00
   endloop
 endfacet
 facet normal -0.000000e+00  0.000000e+00  1.000000e+00
   outer loop
     vertex -1.581919e+01 -1.489063e+00  3.000000e+00
     vertex -1.867529e+01 -7.432603e+00  3.000000e+00
     vertex -1.558267e+01 -1.440777e+00  3.000000e+00
   endloop
 endfacet
 facet normal  0.000000e+00  0.000000e+00  1.000000e+00
   outer loop
     vertex -1.581919e+01 -1.489063e+00  3.000000e+00
     vertex -1.926271e+01 -5.740906e+00  3.000000e+00
     vertex -1.898785e+01 -6.593300e+00  3.000000e+00
   endloop
 endfacet
 facet normal  0.000000e+00  0.000000e+00  1.000000e+00
   outer loop
     vertex -1.581919e+01 -1.489063e+00  3.000000e+00
     vertex -1.898785e+01 -6.593300e+00  3.000000e+00
     vertex -1.867529e+01 -7.432603e+00  3.000000e+00
   endloop
 endfacet
 facet normal -0.000000e+00  0.000000e+00  1.000000e+00
   outer loop
     vertex -1.606040e+01 -1.498783e+00  3.000000e+00
     vertex -1.926271e+01 -5.740906e+00  3.000000e+00
     vertex -1.581919e+01 -1.489063e+00  3.000000e+00
   endloop
 endfacet
 facet normal -0.000000e+00  0.000000e+00  1.000000e+00
   outer loop
     vertex -1.949933e+01 -4.877113e+00  3.000000e+00
     vertex -1.926271e+01 -5.740906e+00  3.000000e+00
     vertex -1.606040e+01 -1.498783e+00  3.000000e+00
   endloop
 endfacet
 facet normal  0.000000e+00  0.000000e+00  1.000000e+00
   outer loop
     vertex -1.630004e+01 -1.469686e+00  3.000000e+00
     vertex -1.949933e+01 -4.877113e+00  3.000000e+00
     vertex -1.606040e+01 -1.498783e+00  3.000000e+00
   endloop
 endfacet
 facet normal  0.000000e+00  0.000000e+00  1.000000e+00
   outer loop
     vertex  4.659585e+00  1.955245e+01  3.000000e+00
     vertex  8.000000e+00  1.600000e+01  3.000000e+00
     vertex  5.525959e+00  1.932547e+01  3.000000e+00
   endloop
 endfacet
 facet normal  0.000000e+00  0.000000e+00  1.000000e+00
   outer loop
     vertex -1.653191e+01 -1.402524e+00  3.000000e+00
     vertex -1.949933e+01 -4.877113e+00  3.000000e+00
     vertex -1.630004e+01 -1.469686e+00  3.000000e+00
   endloop
 endfacet
 facet normal  0.000000e+00  0.000000e+00  1.000000e+00
   outer loop
     vertex -1.969723e+01 -4.003638e+00  3.000000e+00
     vertex -1.653191e+01 -1.402524e+00  3.000000e+00
     vertex -1.675000e+01 -1.299038e+00  3.000000e+00
   endloop
 endfacet
 facet normal -0.000000e+00  0.000000e+00  1.000000e+00
   outer loop
     vertex -1.969723e+01 -4.003638e+00  3.000000e+00
     vertex -1.949933e+01 -4.877113e+00  3.000000e+00
     vertex -1.653191e+01 -1.402524e+00  3.000000e+00
   endloop
 endfacet
 facet normal  0.000000e+00  0.000000e+00  1.000000e+00
   outer loop
     vertex  3.783959e+00  1.974061e+01  3.000000e+00
     vertex  8.000000e+00  1.600000e+01  3.000000e+00
     vertex  4.659585e+00  1.955245e+01  3.000000e+00
   endloop
 endfacet
 facet normal  0.000000e+00  0.000000e+00  1.000000e+00
   outer loop
     vertex -1.985603e+01 -3.122214e+00  3.000000e+00
     vertex -1.675000e+01 -1.299038e+00  3.000000e+00
     vertex -1.694867e+01 -1.161907e+00  3.000000e+00
   endloop
 endfacet
 facet normal -0.000000e+00  0.000000e+00  1.000000e+00
   outer loop
     vertex -1.985603e+01 -3.122214e+00  3.000000e+00
     vertex -1.969723e+01 -4.003638e+00  3.000000e+00
     vertex -1.675000e+01 -1.299038e+00  3.000000e+00
   endloop
 endfacet
 facet normal  0.000000e+00  0.000000e+00  1.000000e+00
   outer loop
     vertex  2.900821e+00  1.988958e+01  3.000000e+00
     vertex  8.000000e+00  1.600000e+01  3.000000e+00
     vertex  3.783959e+00  1.974061e+01  3.000000e+00
   endloop
 endfacet
 facet normal  0.000000e+00  0.000000e+00  1.000000e+00
   outer loop
     vertex -1.997540e+01 -2.234591e+00  3.000000e+00
     vertex -1.712277e+01 -9.946840e-01  3.000000e+00
     vertex -1.726779e+01 -8.016987e-01  3.000000e+00
   endloop
 endfacet
 facet normal  0.000000e+00  0.000000e+00  1.000000e+00
   outer loop
     vertex -1.997540e+01 -2.234591e+00  3.000000e+00
     vertex -1.694867e+01 -1.161907e+00  3.000000e+00
     vertex -1.712277e+01 -9.946840e-01  3.000000e+00
   endloop
 endfacet
 facet normal -0.000000e+00  0.000000e+00  1.000000e+00
   outer loop
     vertex -1.997540e+01 -2.234591e+00  3.000000e+00
     vertex -1.985603e+01 -3.122214e+00  3.000000e+00
     vertex -1.694867e+01 -1.161907e+00  3.000000e+00
   endloop
 endfacet
 facet normal  0.000000e+00  0.000000e+00  1.000000e+00
   outer loop
     vertex  2.011923e+00  1.999905e+01  3.000000e+00
     vertex  8.000000e+00  1.600000e+01  3.000000e+00
     vertex  2.900821e+00  1.988958e+01  3.000000e+00
   endloop
 endfacet
 facet normal  0.000000e+00  0.000000e+00  1.000000e+00
   outer loop
     vertex -2.005511e+01 -1.342532e+00  3.000000e+00
     vertex -1.737997e+01 -5.879499e-01  3.000000e+00
     vertex -1.745641e+01 -3.589735e-01  3.000000e+00
   endloop
 endfacet
 facet normal  0.000000e+00  0.000000e+00  1.000000e+00
   outer loop
     vertex -2.005511e+01 -1.342532e+00  3.000000e+00
     vertex -1.726779e+01 -8.016987e-01  3.000000e+00
     vertex -1.737997e+01 -5.879499e-01  3.000000e+00
   endloop
 endfacet
 facet normal -0.000000e+00  0.000000e+00  1.000000e+00
   outer loop
     vertex -2.005511e+01 -1.342532e+00  3.000000e+00
     vertex -1.997540e+01 -2.234591e+00  3.000000e+00
     vertex -1.726779e+01 -8.016987e-01  3.000000e+00
   endloop
 endfacet
 facet normal  0.000000e+00  0.000000e+00  1.000000e+00
   outer loop
     vertex  1.119031e+00  2.006883e+01  3.000000e+00
     vertex  8.000000e+00  1.600000e+01  3.000000e+00
     vertex  2.011923e+00  1.999905e+01  3.000000e+00
   endloop
 endfacet
 facet normal  0.000000e+00  0.000000e+00  1.000000e+00
   outer loop
     vertex -2.009501e+01 -4.478070e-01  3.000000e+00
     vertex -1.749514e+01 -1.206999e-01  3.000000e+00
     vertex -1.749514e+01  1.206999e-01  3.000000e+00
   endloop
 endfacet
 facet normal  0.000000e+00  0.000000e+00  1.000000e+00
   outer loop
     vertex -2.009501e+01 -4.478070e-01  3.000000e+00
     vertex -1.745641e+01 -3.589735e-01  3.000000e+00
     vertex -1.749514e+01 -1.206999e-01  3.000000e+00
   endloop
 endfacet
 facet normal -0.000000e+00  0.000000e+00  1.000000e+00
   outer loop
     vertex -2.009501e+01 -4.478070e-01  3.000000e+00
     vertex -2.005511e+01 -1.342532e+00  3.000000e+00
     vertex -1.745641e+01 -3.589735e-01  3.000000e+00
   endloop
 endfacet
 facet normal  0.000000e+00  0.000000e+00  1.000000e+00
   outer loop
     vertex  2.239174e-01  2.009875e+01  3.000000e+00
     vertex  8.000000e+00  1.600000e+01  3.000000e+00
     vertex  1.119031e+00  2.006883e+01  3.000000e+00
   endloop
 endfacet
 facet normal  0.000000e+00  0.000000e+00  1.000000e+00
   outer loop
     vertex -2.009501e+01  4.478070e-01  3.000000e+00
     vertex -1.749514e+01  1.206999e-01  3.000000e+00
     vertex -1.745641e+01  3.589735e-01  3.000000e+00
   endloop
 endfacet
 facet normal  0.000000e+00  0.000000e+00  1.000000e+00
   outer loop
     vertex -2.009501e+01  4.478070e-01  3.000000e+00
     vertex -2.009501e+01 -4.478070e-01  3.000000e+00
     vertex -1.749514e+01  1.206999e-01  3.000000e+00
   endloop
 endfacet
 facet normal  0.000000e+00  0.000000e+00  1.000000e+00
   outer loop
     vertex -2.005511e+01  1.342532e+00  3.000000e+00
     vertex -1.737997e+01  5.879499e-01  3.000000e+00
     vertex -1.726779e+01  8.016987e-01  3.000000e+00
   endloop
 endfacet
 facet normal  0.000000e+00  0.000000e+00  1.000000e+00
   outer loop
     vertex -2.005511e+01  1.342532e+00  3.000000e+00
     vertex -1.745641e+01  3.589735e-01  3.000000e+00
     vertex -1.737997e+01  5.879499e-01  3.000000e+00
   endloop
 endfacet
 facet normal  0.000000e+00  0.000000e+00  1.000000e+00
   outer loop
     vertex -2.005511e+01  1.342532e+00  3.000000e+00
     vertex -2.009501e+01  4.478070e-01  3.000000e+00
     vertex -1.745641e+01  3.589735e-01  3.000000e+00
   endloop
 endfacet
 facet normal  0.000000e+00  0.000000e+00  1.000000e+00
   outer loop
     vertex -1.997540e+01  2.234591e+00  3.000000e+00
     vertex -1.712277e+01  9.946840e-01  3.000000e+00
     vertex -1.694867e+01  1.161907e+00  3.000000e+00
   endloop
 endfacet
 facet normal  0.000000e+00  0.000000e+00  1.000000e+00
   outer loop
     vertex -1.997540e+01  2.234591e+00  3.000000e+00
     vertex -1.726779e+01  8.016987e-01  3.000000e+00
     vertex -1.712277e+01  9.946840e-01  3.000000e+00
   endloop
 endfacet
 facet normal  0.000000e+00  0.000000e+00  1.000000e+00
   outer loop
     vertex -1.997540e+01  2.234591e+00  3.000000e+00
     vertex -2.005511e+01  1.342532e+00  3.000000e+00
     vertex -1.726779e+01  8.016987e-01  3.000000e+00
   endloop
 endfacet
 facet normal  0.000000e+00  0.000000e+00  1.000000e+00
   outer loop
     vertex -1.985603e+01  3.122214e+00  3.000000e+00
     vertex -1.694867e+01  1.161907e+00  3.000000e+00
     vertex -1.675000e+01  1.299038e+00  3.000000e+00
   endloop
 endfacet
 facet normal  0.000000e+00  0.000000e+00  1.000000e+00
   outer loop
     vertex -1.985603e+01  3.122214e+00  3.000000e+00
     vertex -1.997540e+01  2.234591e+00  3.000000e+00
     vertex -1.694867e+01  1.161907e+00  3.000000e+00
   endloop
 endfacet
 facet normal  0.000000e+00  0.000000e+00  1.000000e+00
   outer loop
     vertex -1.969723e+01  4.003638e+00  3.000000e+00
     vertex -1.985603e+01  3.122214e+00  3.000000e+00
     vertex -1.675000e+01  1.299038e+00  3.000000e+00
   endloop
 endfacet
 facet normal  0.000000e+00  0.000000e+00  1.000000e+00
   outer loop
     vertex -1.969723e+01  4.003638e+00  3.000000e+00
     vertex -1.675000e+01  1.299038e+00  3.000000e+00
     vertex -1.653191e+01  1.402524e+00  3.000000e+00
   endloop
 endfacet
 facet normal  0.000000e+00  0.000000e+00  1.000000e+00
   outer loop
     vertex -1.200000e+01  1.200000e+01  3.000000e+00
     vertex -1.457720e+01  4.750020e-01  3.000000e+00
     vertex -1.451942e+01  2.406169e-01  3.000000e+00
   endloop
 endfacet
 facet normal  0.000000e+00  0.000000e+00  1.000000e+00
   outer loop
     vertex -1.200000e+01  1.200000e+01  3.000000e+00
     vertex -1.467182e+01  6.970848e-01  3.000000e+00
     vertex -1.457720e+01  4.750020e-01  3.000000e+00
   endloop
 endfacet
 facet normal  0.000000e+00  0.000000e+00  1.000000e+00
   outer loop
     vertex -1.200000e+01  1.200000e+01  3.000000e+00
     vertex -1.480084e+01  9.011134e-01  3.000000e+00
     vertex -1.467182e+01  6.970848e-01  3.000000e+00
   endloop
 endfacet
 facet normal  0.000000e+00  0.000000e+00  1.000000e+00
   outer loop
     vertex -1.200000e+01  1.200000e+01  3.000000e+00
     vertex -1.496091e+01  1.081804e+00  3.000000e+00
     vertex -1.480084e+01  9.011134e-01  3.000000e+00
   endloop
 endfacet
 facet normal  0.000000e+00  0.000000e+00  1.000000e+00
   outer loop
     vertex -1.200000e+01  1.200000e+01  3.000000e+00
     vertex -1.514790e+01  1.234476e+00  3.000000e+00
     vertex -1.496091e+01  1.081804e+00  3.000000e+00
   endloop
 endfacet
 facet normal  0.000000e+00  0.000000e+00  1.000000e+00
   outer loop
     vertex -1.200000e+01  1.200000e+01  3.000000e+00
     vertex -1.535696e+01  1.355176e+00  3.000000e+00
     vertex -1.514790e+01  1.234476e+00  3.000000e+00
   endloop
 endfacet
 facet normal  0.000000e+00  0.000000e+00  1.000000e+00
   outer loop
     vertex -8.000000e+00  1.600000e+01  3.000000e+00
     vertex  8.000000e+00  1.600000e+01  3.000000e+00
     vertex  2.239174e-01  2.009875e+01  3.000000e+00
   endloop
 endfacet
 facet normal  0.000000e+00  0.000000e+00  1.000000e+00
   outer loop
     vertex -8.000000e+00  1.600000e+01  3.000000e+00
     vertex  2.239174e-01  2.009875e+01  3.000000e+00
     vertex -6.716410e-01  2.008878e+01  3.000000e+00
   endloop
 endfacet
 facet normal  0.000000e+00  0.000000e+00  1.000000e+00
   outer loop
     vertex -8.000000e+00  1.600000e+01  3.000000e+00
     vertex -6.716410e-01  2.008878e+01  3.000000e+00
     vertex -1.565866e+00  2.003891e+01  3.000000e+00
   endloop
 endfacet
 facet normal  0.000000e+00  0.000000e+00  1.000000e+00
   outer loop
     vertex -8.000000e+00  1.600000e+01  3.000000e+00
     vertex -1.565866e+00  2.003891e+01  3.000000e+00
     vertex -2.456982e+00  1.994927e+01  3.000000e+00
   endloop
 endfacet
 facet normal  0.000000e+00  0.000000e+00  1.000000e+00
   outer loop
     vertex -8.000000e+00  1.600000e+01  3.000000e+00
     vertex -2.456982e+00  1.994927e+01  3.000000e+00
     vertex -3.343220e+00  1.982001e+01  3.000000e+00
   endloop
 endfacet
 facet normal  0.000000e+00  0.000000e+00  1.000000e+00
   outer loop
     vertex -8.000000e+00  1.600000e+01  3.000000e+00
     vertex -3.343220e+00  1.982001e+01  3.000000e+00
     vertex -4.222820e+00  1.965141e+01  3.000000e+00
   endloop
 endfacet
 facet normal  0.000000e+00  0.000000e+00  1.000000e+00
   outer loop
     vertex -1.949933e+01  4.877113e+00  3.000000e+00
     vertex -1.969723e+01  4.003638e+00  3.000000e+00
     vertex -1.653191e+01  1.402524e+00  3.000000e+00
   endloop
 endfacet
 facet normal  0.000000e+00  0.000000e+00  1.000000e+00
   outer loop
     vertex -1.949933e+01  4.877113e+00  3.000000e+00
     vertex -1.630004e+01  1.469686e+00  3.000000e+00
     vertex -1.606040e+01  1.498783e+00  3.000000e+00
   endloop
 endfacet
 facet normal  0.000000e+00  0.000000e+00  1.000000e+00
   outer loop
     vertex -1.949933e+01  4.877113e+00  3.000000e+00
     vertex -1.653191e+01  1.402524e+00  3.000000e+00
     vertex -1.630004e+01  1.469686e+00  3.000000e+00
   endloop
 endfacet
 facet normal -0.000000e+00  0.000000e+00  1.000000e+00
   outer loop
     vertex -5.094037e+00  1.944379e+01  3.000000e+00
     vertex -8.000000e+00  1.600000e+01  3.000000e+00
     vertex -4.222820e+00  1.965141e+01  3.000000e+00
   endloop
 endfacet
 facet normal  0.000000e+00  0.000000e+00  1.000000e+00
   outer loop
     vertex -1.926271e+01  5.740906e+00  3.000000e+00
     vertex -1.949933e+01  4.877113e+00  3.000000e+00
     vertex -1.606040e+01  1.498783e+00  3.000000e+00
   endloop
 endfacet
 facet normal  0.000000e+00  0.000000e+00  1.000000e+00
   outer loop
     vertex -1.926271e+01  5.740906e+00  3.000000e+00
     vertex -1.606040e+01  1.498783e+00  3.000000e+00
     vertex -1.581919e+01  1.489063e+00  3.000000e+00
   endloop
 endfacet
 facet normal -0.000000e+00  0.000000e+00  1.000000e+00
   outer loop
     vertex -5.955139e+00  1.919756e+01  3.000000e+00
     vertex -8.000000e+00  1.600000e+01  3.000000e+00
     vertex -5.094037e+00  1.944379e+01  3.000000e+00
   endloop
 endfacet
 facet normal  0.000000e+00  0.000000e+00  1.000000e+00
   outer loop
     vertex -1.898785e+01  6.593300e+00  3.000000e+00
     vertex -1.926271e+01  5.740906e+00  3.000000e+00
     vertex -1.581919e+01  1.489063e+00  3.000000e+00
   endloop
 endfacet
 facet normal -0.000000e+00  0.000000e+00  1.000000e+00
   outer loop
     vertex -6.804418e+00  1.891322e+01  3.000000e+00
     vertex -8.000000e+00  1.600000e+01  3.000000e+00
     vertex -5.955139e+00  1.919756e+01  3.000000e+00
   endloop
 endfacet
 facet normal  0.000000e+00  0.000000e+00  1.000000e+00
   outer loop
     vertex -1.867529e+01  7.432603e+00  3.000000e+00
     vertex -1.898785e+01  6.593300e+00  3.000000e+00
     vertex -1.581919e+01  1.489063e+00  3.000000e+00
   endloop
 endfacet
 facet normal  0.000000e+00  0.000000e+00  1.000000e+00
   outer loop
     vertex -1.867529e+01  7.432603e+00  3.000000e+00
     vertex -1.581919e+01  1.489063e+00  3.000000e+00
     vertex -1.558267e+01  1.440777e+00  3.000000e+00
   endloop
 endfacet
 facet normal -0.000000e+00  0.000000e+00  1.000000e+00
   outer loop
     vertex -7.640188e+00  1.859133e+01  3.000000e+00
     vertex -8.000000e+00  1.600000e+01  3.000000e+00
     vertex -6.804418e+00  1.891322e+01  3.000000e+00
   endloop
 endfacet
 facet normal  0.000000e+00  0.000000e+00  1.000000e+00
   outer loop
     vertex -1.832565e+01  8.257150e+00  3.000000e+00
     vertex -1.867529e+01  7.432603e+00  3.000000e+00
     vertex -1.558267e+01  1.440777e+00  3.000000e+00
   endloop
 endfacet
 facet normal  0.000000e+00  0.000000e+00  1.000000e+00
   outer loop
     vertex -1.832565e+01  8.257150e+00  3.000000e+00
     vertex -1.558267e+01  1.440777e+00  3.000000e+00
     vertex -1.535696e+01  1.355176e+00  3.000000e+00
   endloop
 endfacet
 facet normal -0.000000e+00  0.000000e+00  1.000000e+00
   outer loop
     vertex -8.460789e+00  1.823253e+01  3.000000e+00
     vertex -8.000000e+00  1.600000e+01  3.000000e+00
     vertex -7.640188e+00  1.859133e+01  3.000000e+00
   endloop
 endfacet
 facet normal  0.000000e+00  0.000000e+00  1.000000e+00
   outer loop
     vertex -1.793963e+01  9.065303e+00  3.000000e+00
     vertex -1.832565e+01  8.257150e+00  3.000000e+00
     vertex -1.535696e+01  1.355176e+00  3.000000e+00
   endloop
 endfacet
 facet normal -0.000000e+00  0.000000e+00  1.000000e+00
   outer loop
     vertex -1.793963e+01  9.065303e+00  3.000000e+00
     vertex -1.535696e+01  1.355176e+00  3.000000e+00
     vertex -1.200000e+01  1.200000e+01  3.000000e+00
   endloop
 endfacet
 facet normal -0.000000e+00  0.000000e+00  1.000000e+00
   outer loop
     vertex -9.264591e+00  1.783753e+01  3.000000e+00
     vertex -8.000000e+00  1.600000e+01  3.000000e+00
     vertex -8.460789e+00  1.823253e+01  3.000000e+00
   endloop
 endfacet
 facet normal -0.000000e+00  0.000000e+00  1.000000e+00
   outer loop
     vertex -1.751799e+01  9.855458e+00  3.000000e+00
     vertex -1.793963e+01  9.065303e+00  3.000000e+00
     vertex -1.200000e+01  1.200000e+01  3.000000e+00
   endloop
 endfacet
 facet normal -0.000000e+00  0.000000e+00  1.000000e+00
   outer loop
     vertex -1.005000e+01  1.740711e+01  3.000000e+00
     vertex -8.000000e+00  1.600000e+01  3.000000e+00
     vertex -9.264591e+00  1.783753e+01  3.000000e+00
   endloop
 endfacet
 facet normal -0.000000e+00  0.000000e+00  1.000000e+00
   outer loop
     vertex -1.706157e+01  1.062605e+01  3.000000e+00
     vertex -1.751799e+01  9.855458e+00  3.000000e+00
     vertex -1.200000e+01  1.200000e+01  3.000000e+00
   endloop
 endfacet
 facet normal -0.000000e+00  0.000000e+00  1.000000e+00
   outer loop
     vertex -1.081546e+01  1.694213e+01  3.000000e+00
     vertex -8.000000e+00  1.600000e+01  3.000000e+00
     vertex -1.005000e+01  1.740711e+01  3.000000e+00
   endloop
 endfacet
 facet normal -0.000000e+00  0.000000e+00  1.000000e+00
   outer loop
     vertex -1.657128e+01  1.137554e+01  3.000000e+00
     vertex -1.706157e+01  1.062605e+01  3.000000e+00
     vertex -1.200000e+01  1.200000e+01  3.000000e+00
   endloop
 endfacet
 facet normal -0.000000e+00  0.000000e+00  1.000000e+00
   outer loop
     vertex -1.155944e+01  1.644352e+01  3.000000e+00
     vertex -8.000000e+00  1.600000e+01  3.000000e+00
     vertex -1.081546e+01  1.694213e+01  3.000000e+00
   endloop
 endfacet
 facet normal  0.000000e+00  0.000000e+00  1.000000e+00
   outer loop
     vertex -1.155944e+01  1.644352e+01  3.000000e+00
     vertex -1.200000e+01  1.200000e+01  3.000000e+00
     vertex -8.000000e+00  1.600000e+01  3.000000e+00
   endloop
 endfacet
 facet normal  0.000000e+00  0.000000e+00  1.000000e+00
   outer loop
     vertex -1.604808e+01  1.210244e+01  3.000000e+00
     vertex -1.657128e+01  1.137554e+01  3.000000e+00
     vertex -1.200000e+01  1.200000e+01  3.000000e+00
   endloop
 endfacet
 facet normal -0.000000e+00  0.000000e+00  1.000000e+00
   outer loop
     vertex -1.228047e+01  1.591226e+01  3.000000e+00
     vertex -1.200000e+01  1.200000e+01  3.000000e+00
     vertex -1.155944e+01  1.644352e+01  3.000000e+00
   endloop
 endfacet
 facet normal  0.000000e+00  0.000000e+00  1.000000e+00
   outer loop
     vertex -1.549302e+01  1.280532e+01  3.000000e+00
     vertex -1.604808e+01  1.210244e+01  3.000000e+00
     vertex -1.200000e+01  1.200000e+01  3.000000e+00
   endloop
 endfacet
 facet normal -0.000000e+00  0.000000e+00  1.000000e+00
   outer loop
     vertex -1.297712e+01  1.534941e+01  3.000000e+00
     vertex -1.200000e+01  1.200000e+01  3.000000e+00
     vertex -1.228047e+01  1.591226e+01  3.000000e+00
   endloop
 endfacet
 facet normal  0.000000e+00  0.000000e+00  1.000000e+00
   outer loop
     vertex -1.490721e+01  1.348277e+01  3.000000e+00
     vertex -1.549302e+01  1.280532e+01  3.000000e+00
     vertex -1.200000e+01  1.200000e+01  3.000000e+00
   endloop
 endfacet
 facet normal -0.000000e+00  0.000000e+00  1.000000e+00
   outer loop
     vertex -1.364801e+01  1.475608e+01  3.000000e+00
     vertex -1.200000e+01  1.200000e+01  3.000000e+00
     vertex -1.297712e+01  1.534941e+01  3.000000e+00
   endloop
 endfacet
 facet normal  0.000000e+00  0.000000e+00  1.000000e+00
   outer loop
     vertex -1.429179e+01  1.413346e+01  3.000000e+00
     vertex -1.490721e+01  1.348277e+01  3.000000e+00
     vertex -1.200000e+01  1.200000e+01  3.000000e+00
   endloop
 endfacet
 facet normal -0.000000e+00  0.000000e+00  1.000000e+00
   outer loop
     vertex -1.429179e+01  1.413346e+01  3.000000e+00
     vertex -1.200000e+01  1.200000e+01  3.000000e+00
     vertex -1.364801e+01  1.475608e+01  3.000000e+00
   endloop
 endfacet
 facet normal  0.000000e+00  0.000000e+00  1.000000e+00
   outer loop
     vertex -1.200000e+01  1.200000e+01  3.000000e+00
     vertex -1.450000e+01 -3.673940e-16  3.000000e+00
     vertex -1.200000e+01 -1.200000e+01  3.000000e+00
   endloop
 endfacet
 facet normal  0.000000e+00  0.000000e+00  1.000000e+00
   outer loop
     vertex -1.450000e+01 -3.673940e-16  3.000000e+00
     vertex -1.451942e+01 -2.406169e-01  3.000000e+00
     vertex -1.200000e+01 -1.200000e+01  3.000000e+00
   endloop
 endfacet
 facet normal  0.000000e+00  0.000000e+00  1.000000e+00
   outer loop
     vertex -1.200000e+01  1.200000e+01  3.000000e+00
     vertex -1.451942e+01  2.406169e-01  3.000000e+00
     vertex -1.450000e+01 -3.673940e-16  3.000000e+00
   endloop
 endfacet
 facet normal  0.000000e+00  0.000000e+00  1.000000e+00
   outer loop
     vertex  1.200000e+01 -1.200000e+01  3.000000e+00
     vertex  1.450486e+01  1.206999e-01  3.000000e+00
     vertex  1.200000e+01  1.200000e+01  3.000000e+00
   endloop
 endfacet
 facet normal  0.000000e+00 -0.000000e+00  1.000000e+00
   outer loop
     vertex  1.450486e+01  1.206999e-01  3.000000e+00
     vertex  1.454359e+01  3.589735e-01  3.000000e+00
     vertex  1.200000e+01  1.200000e+01  3.000000e+00
   endloop
 endfacet
 facet normal  0.000000e+00  0.000000e+00  1.000000e+00
   outer loop
     vertex  1.200000e+01 -1.200000e+01  3.000000e+00
     vertex  1.450486e+01 -1.206999e-01  3.000000e+00
     vertex  1.450486e+01  1.206999e-01  3.000000e+00
   endloop
 endfacet
 facet normal  0.000000e+00  0.000000e+00  1.000000e+00
   outer loop
     vertex  1.200000e+01 -1.200000e+01  3.000000e+00
     vertex  1.454359e+01 -3.589735e-01  3.000000e+00
     vertex  1.450486e+01 -1.206999e-01  3.000000e+00
   endloop
 endfacet
 facet normal -9.967573e-01 -8.046657e-02 -9.854313e-18
   outer loop
     vertex -1.450000e+01 -3.673940e-16  3.000000e+00
     vertex -1.451942e+01  2.406169e-01  1.500000e+00
     vertex -1.450000e+01 -1.836970e-16  1.500000e+00
   endloop
 endfacet
 facet normal -9.709418e-01 -2.393157e-01  8.856459e-17
   outer loop
     vertex -1.451942e+01  2.406169e-01  3.000000e+00
     vertex -1.457720e+01  4.750020e-01  1.500000e+00
     vertex -1.451942e+01  2.406169e-01  1.500000e+00
   endloop
 endfacet
 facet normal -9.967573e-01 -8.046657e-02  2.977861e-17
   outer loop
     vertex -1.451942e+01  2.406169e-01  3.000000e+00
     vertex -1.451942e+01  2.406169e-01  1.500000e+00
     vertex -1.450000e+01 -3.673940e-16  3.000000e+00
   endloop
 endfacet
 facet normal -9.199794e-01 -3.919666e-01  1.450568e-16
   outer loop
     vertex -1.457720e+01  4.750020e-01  3.000000e+00
     vertex -1.467182e+01  6.970848e-01  1.500000e+00
     vertex -1.457720e+01  4.750020e-01  1.500000e+00
   endloop
 endfacet
 facet normal -9.709418e-01 -2.393157e-01  8.856459e-17
   outer loop
     vertex -1.457720e+01  4.750020e-01  3.000000e+00
     vertex -1.457720e+01  4.750020e-01  1.500000e+00
     vertex -1.451942e+01  2.406169e-01  3.000000e+00
   endloop
 endfacet
 facet normal -8.451901e-01 -5.344658e-01  1.977921e-16
   outer loop
     vertex -1.467182e+01  6.970848e-01  3.000000e+00
     vertex -1.480084e+01  9.011134e-01  1.500000e+00
     vertex -1.467182e+01  6.970848e-01  1.500000e+00
   endloop
 endfacet
 facet normal -9.199794e-01 -3.919666e-01  1.450568e-16
   outer loop
     vertex -1.467182e+01  6.970848e-01  3.000000e+00
     vertex -1.467182e+01  6.970848e-01  1.500000e+00
     vertex -1.457720e+01  4.750020e-01  3.000000e+00
   endloop
 endfacet
 facet normal -8.451901e-01 -5.344658e-01  7.911684e-17
   outer loop
     vertex -1.480084e+01  9.011134e-01  3.000000e+00
     vertex -1.480084e+01  9.011134e-01  1.500000e+00
     vertex -1.467182e+01  6.970848e-01  3.000000e+00
   endloop
 endfacet
 facet normal -7.485107e-01 -6.631227e-01 -0.000000e+00
   outer loop
     vertex -1.496091e+01  1.081804e+00  3.000000e+00
     vertex -1.496091e+01  1.081804e+00  1.500000e+00
     vertex -1.480084e+01  9.011134e-01  1.500000e+00
   endloop
 endfacet
 facet normal -7.485107e-01 -6.631227e-01  1.053962e-16
   outer loop
     vertex -1.496091e+01  1.081804e+00  3.000000e+00
     vertex -1.480084e+01  9.011134e-01  1.500000e+00
     vertex -1.480084e+01  9.011134e-01  3.000000e+00
   endloop
 endfacet
 facet normal -6.324454e-01 -7.746050e-01  0.000000e+00
   outer loop
     vertex -1.514790e+01  1.234476e+00  3.000000e+00
     vertex -1.496091e+01  1.081804e+00  1.500000e+00
     vertex -1.496091e+01  1.081804e+00  3.000000e+00
   endloop
 endfacet
 facet normal -6.324454e-01 -7.746050e-01 -1.146646e-16
   outer loop
     vertex -1.514790e+01  1.234476e+00  3.000000e+00
     vertex -1.514790e+01  1.234476e+00  1.500000e+00
     vertex -1.496091e+01  1.081804e+00  1.500000e+00
   endloop
 endfacet
 facet normal -5.000000e-01 -8.660254e-01 -1.341406e-16
   outer loop
     vertex -1.535696e+01  1.355176e+00  3.000000e+00
     vertex -1.514790e+01  1.234476e+00  1.500000e+00
     vertex -1.514790e+01  1.234476e+00  3.000000e+00
   endloop
 endfacet
 facet normal -5.000000e-01 -8.660254e-01  4.639214e-16
   outer loop
     vertex -1.535696e+01  1.355176e+00  3.000000e+00
     vertex -1.535696e+01  1.355176e+00  1.500000e+00
     vertex -1.514790e+01  1.234476e+00  1.500000e+00
   endloop
 endfacet
 facet normal -3.546049e-01 -9.350162e-01  2.874442e-16
   outer loop
     vertex -1.558267e+01  1.440777e+00  3.000000e+00
     vertex -1.535696e+01  1.355176e+00  1.500000e+00
     vertex -1.535696e+01  1.355176e+00  3.000000e+00
   endloop
 endfacet
 facet normal -3.546049e-01 -9.350162e-01 -1.384102e-16
   outer loop
     vertex -1.558267e+01  1.440777e+00  3.000000e+00
     vertex -1.558267e+01  1.440777e+00  1.500000e+00
     vertex -1.535696e+01  1.355176e+00  1.500000e+00
   endloop
 endfacet
 facet normal -2.000257e-01 -9.797907e-01 -1.437221e-16
   outer loop
     vertex -1.581919e+01  1.489063e+00  3.000000e+00
     vertex -1.558267e+01  1.440777e+00  1.500000e+00
     vertex -1.558267e+01  1.440777e+00  3.000000e+00
   endloop
 endfacet
 facet normal -2.000257e-01 -9.797907e-01  9.183985e-17
   outer loop
     vertex -1.581919e+01  1.489063e+00  3.000000e+00
     vertex -1.581919e+01  1.489063e+00  1.500000e+00
     vertex -1.558267e+01  1.440777e+00  1.500000e+00
   endloop
 endfacet
 facet normal -4.026594e-02 -9.991890e-01 -1.006055e-16
   outer loop
     vertex -1.606040e+01  1.498783e+00  3.000000e+00
     vertex -1.581919e+01  1.489063e+00  1.500000e+00
     vertex -1.581919e+01  1.489063e+00  3.000000e+00
   endloop
 endfacet
 facet normal -4.026594e-02 -9.991890e-01  2.432786e-16
   outer loop
     vertex -1.606040e+01  1.498783e+00  3.000000e+00
     vertex -1.606040e+01  1.498783e+00  1.500000e+00
     vertex -1.581919e+01  1.489063e+00  1.500000e+00
   endloop
 endfacet
 facet normal  1.205367e-01 -9.927089e-01 -1.365360e-16
   outer loop
     vertex -1.630004e+01  1.469686e+00  3.000000e+00
     vertex -1.606040e+01  1.498783e+00  1.500000e+00
     vertex -1.606040e+01  1.498783e+00  3.000000e+00
   endloop
 endfacet
 facet normal  1.205367e-01 -9.927089e-01  8.412658e-18
   outer loop
     vertex -1.630004e+01  1.469686e+00  3.000000e+00
     vertex -1.630004e+01  1.469686e+00  1.500000e+00
     vertex -1.606040e+01  1.498783e+00  1.500000e+00
   endloop
 endfacet
 facet normal  2.782175e-01 -9.605181e-01 -3.736774e-16
   outer loop
     vertex -1.653191e+01  1.402524e+00  3.000000e+00
     vertex -1.630004e+01  1.469686e+00  1.500000e+00
     vertex -1.630004e+01  1.469686e+00  3.000000e+00
   endloop
 endfacet
 facet normal  2.782175e-01 -9.605181e-01  5.687410e-16
   outer loop
     vertex -1.653191e+01  1.402524e+00  3.000000e+00
     vertex -1.653191e+01  1.402524e+00  1.500000e+00
     vertex -1.630004e+01  1.469686e+00  1.500000e+00
   endloop
 endfacet
 facet normal  4.286926e-01 -9.034504e-01  5.365625e-16
   outer loop
     vertex -1.675000e+01  1.299038e+00  3.000000e+00
     vertex -1.653191e+01  1.402524e+00  1.500000e+00
     vertex -1.653191e+01  1.402524e+00  3.000000e+00
   endloop
 endfacet
 facet normal  4.286926e-01 -9.034504e-01  8.024252e-16
   outer loop
     vertex -1.675000e+01  1.299038e+00  3.000000e+00
     vertex -1.675000e+01  1.299038e+00  1.500000e+00
     vertex -1.653191e+01  1.402524e+00  1.500000e+00
   endloop
 endfacet
 facet normal  5.680647e-01 -8.229839e-01  7.281919e-16
   outer loop
     vertex -1.694867e+01  1.161907e+00  3.000000e+00
     vertex -1.675000e+01  1.299038e+00  1.500000e+00
     vertex -1.675000e+01  1.299038e+00  3.000000e+00
   endloop
 endfacet
 facet normal  5.680647e-01 -8.229839e-01 -3.708389e-16
   outer loop
     vertex -1.694867e+01  1.161907e+00  3.000000e+00
     vertex -1.694867e+01  1.161907e+00  1.500000e+00
     vertex -1.675000e+01  1.299038e+00  1.500000e+00
   endloop
 endfacet
 facet normal  6.927244e-01 -7.212024e-01 -7.856807e-16
   outer loop
     vertex -1.712277e+01  9.946840e-01  3.000000e+00
     vertex -1.694867e+01  1.161907e+00  1.500000e+00
     vertex -1.694867e+01  1.161907e+00  3.000000e+00
   endloop
 endfacet
 facet normal  6.927244e-01 -7.212024e-01 -6.798662e-16
   outer loop
     vertex -1.712277e+01  9.946840e-01  3.000000e+00
     vertex -1.712277e+01  9.946840e-01  1.500000e+00
     vertex -1.694867e+01  1.161907e+00  1.500000e+00
   endloop
 endfacet
 facet normal  7.994428e-01 -6.007423e-01 -1.092288e-15
   outer loop
     vertex -1.726779e+01  8.016987e-01  3.000000e+00
     vertex -1.712277e+01  9.946840e-01  1.500000e+00
     vertex -1.712277e+01  9.946840e-01  3.000000e+00
   endloop
 endfacet
 facet normal  7.994428e-01 -6.007423e-01 -1.004184e-15
   outer loop
     vertex -1.726779e+01  8.016987e-01  3.000000e+00
     vertex -1.726779e+01  8.016987e-01  1.500000e+00
     vertex -1.712277e+01  9.946840e-01  1.500000e+00
   endloop
 endfacet
 facet normal  8.854560e-01 -4.647232e-01 -1.408476e-15
   outer loop
     vertex -1.737997e+01  5.879499e-01  3.000000e+00
     vertex -1.726779e+01  8.016987e-01  1.500000e+00
     vertex -1.726779e+01  8.016987e-01  3.000000e+00
   endloop
 endfacet
 facet normal  8.854560e-01 -4.647232e-01  7.567213e-16
   outer loop
     vertex -1.737997e+01  5.879499e-01  3.000000e+00
     vertex -1.737997e+01  5.879499e-01  1.500000e+00
     vertex -1.726779e+01  8.016987e-01  1.500000e+00
   endloop
 endfacet
 facet normal  9.485364e-01 -3.166680e-01  5.156391e-16
   outer loop
     vertex -1.737997e+01  5.879499e-01  3.000000e+00
     vertex -1.745641e+01  3.589735e-01  1.500000e+00
     vertex -1.737997e+01  5.879499e-01  1.500000e+00
   endloop
 endfacet
 facet normal  9.485364e-01 -3.166680e-01  5.273581e-16
   outer loop
     vertex -1.745641e+01  3.589735e-01  3.000000e+00
     vertex -1.745641e+01  3.589735e-01  1.500000e+00
     vertex -1.737997e+01  5.879499e-01  3.000000e+00
   endloop
 endfacet
 facet normal  9.870503e-01 -1.604113e-01  2.730749e-16
   outer loop
     vertex -1.749514e+01  1.206999e-01  3.000000e+00
     vertex -1.749514e+01  1.206999e-01  1.500000e+00
     vertex -1.745641e+01  3.589735e-01  1.500000e+00
   endloop
 endfacet
 facet normal  9.870503e-01 -1.604113e-01  2.682812e-16
   outer loop
     vertex -1.749514e+01  1.206999e-01  3.000000e+00
     vertex -1.745641e+01  3.589735e-01  1.500000e+00
     vertex -1.745641e+01  3.589735e-01  3.000000e+00
   endloop
 endfacet
 facet normal  1.000000e+00 -0.000000e+00  0.000000e+00
   outer loop
     vertex -1.749514e+01 -1.206999e-01  3.000000e+00
     vertex -1.749514e+01  1.206999e-01  1.500000e+00
     vertex -1.749514e+01  1.206999e-01  3.000000e+00
   endloop
 endfacet
 facet normal  1.000000e+00  0.000000e+00  0.000000e+00
   outer loop
     vertex -1.749514e+01 -1.206999e-01  3.000000e+00
     vertex -1.749514e+01 -1.206999e-01  1.500000e+00
     vertex -1.749514e+01  1.206999e-01  1.500000e+00
   endloop
 endfacet
 facet normal  9.870503e-01  1.604113e-01 -2.745590e-16
   outer loop
     vertex -1.749514e+01 -1.206999e-01  3.000000e+00
     vertex -1.745641e+01 -3.589735e-01  1.500000e+00
     vertex -1.749514e+01 -1.206999e-01  1.500000e+00
   endloop
 endfacet
 facet normal  9.870503e-01  1.604113e-01 -2.612020e-16
   outer loop
     vertex -1.745641e+01 -3.589735e-01  3.000000e+00
     vertex -1.745641e+01 -3.589735e-01  1.500000e+00
     vertex -1.749514e+01 -1.206999e-01  3.000000e+00
   endloop
 endfacet
 facet normal  9.485364e-01  3.166680e-01  1.730947e-15
   outer loop
     vertex -1.737997e+01 -5.879499e-01  3.000000e+00
     vertex -1.737997e+01 -5.879499e-01  1.500000e+00
     vertex -1.745641e+01 -3.589735e-01  1.500000e+00
   endloop
 endfacet
 facet normal  9.485364e-01  3.166680e-01 -5.173995e-16
   outer loop
     vertex -1.737997e+01 -5.879499e-01  3.000000e+00
     vertex -1.745641e+01 -3.589735e-01  1.500000e+00
     vertex -1.745641e+01 -3.589735e-01  3.000000e+00
   endloop
 endfacet
 facet normal  8.854560e-01  4.647232e-01 -6.535321e-16
   outer loop
     vertex -1.726779e+01 -8.016987e-01  3.000000e+00
     vertex -1.726779e+01 -8.016987e-01  1.500000e+00
     vertex -1.737997e+01 -5.879499e-01  1.500000e+00
   endloop
 endfacet
 facet normal  8.854560e-01  4.647232e-01  1.341406e-15
   outer loop
     vertex -1.726779e+01 -8.016987e-01  3.000000e+00
     vertex -1.737997e+01 -5.879499e-01  1.500000e+00
     vertex -1.737997e+01 -5.879499e-01  3.000000e+00
   endloop
 endfacet
 facet normal  7.994428e-01  6.007423e-01 -7.558856e-16
   outer loop
     vertex -1.712277e+01 -9.946840e-01  3.000000e+00
     vertex -1.712277e+01 -9.946840e-01  1.500000e+00
     vertex -1.726779e+01 -8.016987e-01  1.500000e+00
   endloop
 endfacet
 facet normal  7.994428e-01  6.007423e-01 -8.431696e-16
   outer loop
     vertex -1.712277e+01 -9.946840e-01  3.000000e+00
     vertex -1.726779e+01 -8.016987e-01  1.500000e+00
     vertex -1.726779e+01 -8.016987e-01  3.000000e+00
   endloop
 endfacet
 facet normal  6.927244e-01  7.212024e-01  8.933850e-16
   outer loop
     vertex -1.694867e+01 -1.161907e+00  3.000000e+00
     vertex -1.694867e+01 -1.161907e+00  1.500000e+00
     vertex -1.712277e+01 -9.946840e-01  1.500000e+00
   endloop
 endfacet
 facet normal  6.927244e-01  7.212024e-01 -9.102399e-16
   outer loop
     vertex -1.694867e+01 -1.161907e+00  3.000000e+00
     vertex -1.712277e+01 -9.946840e-01  1.500000e+00
     vertex -1.712277e+01 -9.946840e-01  3.000000e+00
   endloop
 endfacet
 facet normal  5.680647e-01  8.229839e-01  6.144911e-16
   outer loop
     vertex -1.675000e+01 -1.299038e+00  3.000000e+00
     vertex -1.675000e+01 -1.299038e+00  1.500000e+00
     vertex -1.694867e+01 -1.161907e+00  1.500000e+00
   endloop
 endfacet
 facet normal  5.680647e-01  8.229839e-01  4.982366e-16
   outer loop
     vertex -1.675000e+01 -1.299038e+00  3.000000e+00
     vertex -1.694867e+01 -1.161907e+00  1.500000e+00
     vertex -1.694867e+01 -1.161907e+00  3.000000e+00
   endloop
 endfacet
 facet normal  4.286926e-01  9.034504e-01  4.803978e-16
   outer loop
     vertex -1.653191e+01 -1.402524e+00  3.000000e+00
     vertex -1.653191e+01 -1.402524e+00  1.500000e+00
     vertex -1.675000e+01 -1.299038e+00  1.500000e+00
   endloop
 endfacet
 facet normal  4.286926e-01  9.034504e-01  2.107924e-16
   outer loop
     vertex -1.653191e+01 -1.402524e+00  3.000000e+00
     vertex -1.675000e+01 -1.299038e+00  1.500000e+00
     vertex -1.675000e+01 -1.299038e+00  3.000000e+00
   endloop
 endfacet
 facet normal  2.782175e-01  9.605181e-01  3.745808e-16
   outer loop
     vertex -1.630004e+01 -1.469686e+00  3.000000e+00
     vertex -1.630004e+01 -1.469686e+00  1.500000e+00
     vertex -1.653191e+01 -1.402524e+00  1.500000e+00
   endloop
 endfacet
 facet normal  2.782175e-01  9.605181e-01  9.102399e-17
   outer loop
     vertex -1.630004e+01 -1.469686e+00  3.000000e+00
     vertex -1.653191e+01 -1.402524e+00  1.500000e+00
     vertex -1.653191e+01 -1.402524e+00  3.000000e+00
   endloop
 endfacet
 facet normal  1.205367e-01  9.927089e-01  1.385378e-16
   outer loop
     vertex -1.606040e+01 -1.498783e+00  3.000000e+00
     vertex -1.606040e+01 -1.498783e+00  1.500000e+00
     vertex -1.630004e+01 -1.469686e+00  1.500000e+00
   endloop
 endfacet
 facet normal  1.205367e-01  9.927089e-01 -7.186104e-18
   outer loop
     vertex -1.606040e+01 -1.498783e+00  3.000000e+00
     vertex -1.630004e+01 -1.469686e+00  1.500000e+00
     vertex -1.630004e+01 -1.469686e+00  3.000000e+00
   endloop
 endfacet
 facet normal -4.026594e-02  9.991890e-01 -2.431299e-16
   outer loop
     vertex -1.581919e+01 -1.489063e+00  3.000000e+00
     vertex -1.606040e+01 -1.498783e+00  1.500000e+00
     vertex -1.606040e+01 -1.498783e+00  3.000000e+00
   endloop
 endfacet
 facet normal -4.026594e-02  9.991890e-01  5.254078e-17
   outer loop
     vertex -1.581919e+01 -1.489063e+00  3.000000e+00
     vertex -1.581919e+01 -1.489063e+00  1.500000e+00
     vertex -1.606040e+01 -1.498783e+00  1.500000e+00
   endloop
 endfacet
 facet normal -2.000257e-01  9.797907e-01 -3.305608e-16
   outer loop
     vertex -1.558267e+01 -1.440777e+00  3.000000e+00
     vertex -1.581919e+01 -1.489063e+00  1.500000e+00
     vertex -1.581919e+01 -1.489063e+00  3.000000e+00
   endloop
 endfacet
 facet normal -2.000257e-01  9.797907e-01  1.982365e-16
   outer loop
     vertex -1.558267e+01 -1.440777e+00  3.000000e+00
     vertex -1.558267e+01 -1.440777e+00  1.500000e+00
     vertex -1.581919e+01 -1.489063e+00  1.500000e+00
   endloop
 endfacet
 facet normal -3.546049e-01  9.350162e-01 -9.581472e-18
   outer loop
     vertex -1.535696e+01 -1.355176e+00  3.000000e+00
     vertex -1.558267e+01 -1.440777e+00  1.500000e+00
     vertex -1.558267e+01 -1.440777e+00  3.000000e+00
   endloop
 endfacet
 facet normal -3.546049e-01  9.350162e-01  2.721145e-16
   outer loop
     vertex -1.535696e+01 -1.355176e+00  3.000000e+00
     vertex -1.535696e+01 -1.355176e+00  1.500000e+00
     vertex -1.558267e+01 -1.440777e+00  1.500000e+00
   endloop
 endfacet
 facet normal -5.000000e-01  8.660254e-01  4.790736e-17
   outer loop
     vertex -1.514790e+01 -1.234476e+00  3.000000e+00
     vertex -1.535696e+01 -1.355176e+00  1.500000e+00
     vertex -1.535696e+01 -1.355176e+00  3.000000e+00
   endloop
 endfacet
 facet normal -5.000000e-01  8.660254e-01  1.770661e-16
   outer loop
     vertex -1.514790e+01 -1.234476e+00  3.000000e+00
     vertex -1.514790e+01 -1.234476e+00  1.500000e+00
     vertex -1.535696e+01 -1.355176e+00  1.500000e+00
   endloop
 endfacet
 facet normal -6.324454e-01  7.746050e-01 -6.097837e-17
   outer loop
     vertex -1.514790e+01 -1.234476e+00  3.000000e+00
     vertex -1.496091e+01 -1.081804e+00  1.500000e+00
     vertex -1.514790e+01 -1.234476e+00  1.500000e+00
   endloop
 endfacet
 facet normal -6.324454e-01  7.746050e-01  2.830153e-16
   outer loop
     vertex -1.496091e+01 -1.081804e+00  3.000000e+00
     vertex -1.496091e+01 -1.081804e+00  1.500000e+00
     vertex -1.514790e+01 -1.234476e+00  3.000000e+00
   endloop
 endfacet
 facet normal -7.485107e-01  6.631227e-01  0.000000e+00
   outer loop
     vertex -1.480084e+01 -9.011134e-01  3.000000e+00
     vertex -1.496091e+01 -1.081804e+00  1.500000e+00
     vertex -1.496091e+01 -1.081804e+00  3.000000e+00
   endloop
 endfacet
 facet normal -7.485107e-01  6.631227e-01 -2.957939e-18
   outer loop
     vertex -1.480084e+01 -9.011134e-01  3.000000e+00
     vertex -1.480084e+01 -9.011134e-01  1.500000e+00
     vertex -1.496091e+01 -1.081804e+00  1.500000e+00
   endloop
 endfacet
 facet normal -8.451901e-01  5.344658e-01 -2.874442e-16
   outer loop
     vertex -1.467182e+01 -6.970848e-01  3.000000e+00
     vertex -1.480084e+01 -9.011134e-01  1.500000e+00
     vertex -1.480084e+01 -9.011134e-01  3.000000e+00
   endloop
 endfacet
 facet normal -8.451901e-01  5.344658e-01 -2.097378e-16
   outer loop
     vertex -1.467182e+01 -6.970848e-01  3.000000e+00
     vertex -1.467182e+01 -6.970848e-01  1.500000e+00
     vertex -1.480084e+01 -9.011134e-01  1.500000e+00
   endloop
 endfacet
 facet normal -9.199794e-01  3.919666e-01 -5.092474e-16
   outer loop
     vertex -1.467182e+01 -6.970848e-01  3.000000e+00
     vertex -1.457720e+01 -4.750020e-01  1.500000e+00
     vertex -1.467182e+01 -6.970848e-01  1.500000e+00
   endloop
 endfacet
 facet normal -9.199794e-01  3.919666e-01  6.382499e-16
   outer loop
     vertex -1.457720e+01 -4.750020e-01  3.000000e+00
     vertex -1.457720e+01 -4.750020e-01  1.500000e+00
     vertex -1.467182e+01 -6.970848e-01  3.000000e+00
   endloop
 endfacet
 facet normal -9.709418e-01  2.393157e-01  3.880496e-16
   outer loop
     vertex -1.451942e+01 -2.406169e-01  3.000000e+00
     vertex -1.457720e+01 -4.750020e-01  1.500000e+00
     vertex -1.457720e+01 -4.750020e-01  3.000000e+00
   endloop
 endfacet
 facet normal -9.709418e-01  2.393157e-01  4.073971e-16
   outer loop
     vertex -1.451942e+01 -2.406169e-01  3.000000e+00
     vertex -1.451942e+01 -2.406169e-01  1.500000e+00
     vertex -1.457720e+01 -4.750020e-01  1.500000e+00
   endloop
 endfacet
 facet normal -9.967573e-01  8.046657e-02  1.365360e-16
   outer loop
     vertex -1.450000e+01 -3.673940e-16  3.000000e+00
     vertex -1.451942e+01 -2.406169e-01  1.500000e+00
     vertex -1.451942e+01 -2.406169e-01  3.000000e+00
   endloop
 endfacet
 facet normal -9.967573e-01  8.046657e-02  9.854313e-18
   outer loop
     vertex -1.450000e+01 -3.673940e-16  3.000000e+00
     vertex -1.450000e+01 -1.836970e-16  1.500000e+00
     vertex -1.451942e+01 -2.406169e-01  1.500000e+00
   endloop
 endfacet
 facet normal  9.997836e-01  2.080375e-02  0.000000e+00
   outer loop
     vertex  2.298009e+01  9.567653e-01  5.000000e+00
     vertex  2.300000e+01 -5.633375e-15  5.000000e+00
     vertex  2.300000e+01 -5.633375e-15  3.000000e+00
   endloop
 endfacet
 facet normal  9.997836e-01  2.080375e-02  0.000000e+00
   outer loop
     vertex  2.298009e+01  9.567653e-01  5.000000e+00
     vertex  2.300000e+01 -5.633375e-15  3.000000e+00
     vertex  2.298009e+01  9.567653e-01  3.000000e+00
   endloop
 endfacet
 facet normal  9.980528e-01  6.237523e-02  0.000000e+00
   outer loop
     vertex  2.292040e+01  1.911874e+00  5.000000e+00
     vertex  2.298009e+01  9.567653e-01  5.000000e+00
     vertex  2.298009e+01  9.567653e-01  3.000000e+00
   endloop
 endfacet
 facet normal  9.980528e-01  6.237523e-02  0.000000e+00
   outer loop
     vertex  2.292040e+01  1.911874e+00  5.000000e+00
     vertex  2.298009e+01  9.567653e-01  3.000000e+00
     vertex  2.292040e+01  1.911874e+00  3.000000e+00
   endloop
 endfacet
 facet normal  9.945941e-01  1.038387e-01  0.000000e+00
   outer loop
     vertex  2.282103e+01  2.863673e+00  5.000000e+00
     vertex  2.292040e+01  1.911874e+00  5.000000e+00
     vertex  2.292040e+01  1.911874e+00  3.000000e+00
   endloop
 endfacet
 facet normal  9.945941e-01  1.038387e-01  0.000000e+00
   outer loop
     vertex  2.282103e+01  2.863673e+00  5.000000e+00
     vertex  2.292040e+01  1.911874e+00  3.000000e+00
     vertex  2.282103e+01  2.863673e+00  3.000000e+00
   endloop
 endfacet
 facet normal  9.894137e-01  1.451225e-01  0.000000e+00
   outer loop
     vertex  2.268215e+01  3.810515e+00  5.000000e+00
     vertex  2.282103e+01  2.863673e+00  5.000000e+00
     vertex  2.282103e+01  2.863673e+00  3.000000e+00
   endloop
 endfacet
 facet normal  9.894137e-01  1.451225e-01  0.000000e+00
   outer loop
     vertex  2.268215e+01  3.810515e+00  5.000000e+00
     vertex  2.282103e+01  2.863673e+00  3.000000e+00
     vertex  2.268215e+01  3.810515e+00  3.000000e+00
   endloop
 endfacet
 facet normal  9.825204e-01  1.861550e-01  0.000000e+00
   outer loop
     vertex  2.250401e+01  4.750760e+00  5.000000e+00
     vertex  2.268215e+01  3.810515e+00  5.000000e+00
     vertex  2.268215e+01  3.810515e+00  3.000000e+00
   endloop
 endfacet
 facet normal  9.825204e-01  1.861550e-01  0.000000e+00
   outer loop
     vertex  2.250401e+01  4.750760e+00  5.000000e+00
     vertex  2.268215e+01  3.810515e+00  3.000000e+00
     vertex  2.250401e+01  4.750760e+00  3.000000e+00
   endloop
 endfacet
 facet normal  9.739262e-01  2.268652e-01  0.000000e+00
   outer loop
     vertex  2.250401e+01  4.750760e+00  5.000000e+00
     vertex  2.250401e+01  4.750760e+00  3.000000e+00
     vertex  2.228690e+01  5.682781e+00  3.000000e+00
   endloop
 endfacet
 facet normal  9.739262e-01  2.268652e-01  0.000000e+00
   outer loop
     vertex  2.228690e+01  5.682781e+00  5.000000e+00
     vertex  2.250401e+01  4.750760e+00  5.000000e+00
     vertex  2.228690e+01  5.682781e+00  3.000000e+00
   endloop
 endfacet
 facet normal  9.636459e-01  2.671827e-01  0.000000e+00
   outer loop
     vertex  2.203122e+01  6.604963e+00  5.000000e+00
     vertex  2.228690e+01  5.682781e+00  5.000000e+00
     vertex  2.228690e+01  5.682781e+00  3.000000e+00
   endloop
 endfacet
 facet normal  9.636459e-01  2.671827e-01  0.000000e+00
   outer loop
     vertex  2.203122e+01  6.604963e+00  5.000000e+00
     vertex  2.228690e+01  5.682781e+00  3.000000e+00
     vertex  2.203122e+01  6.604963e+00  3.000000e+00
   endloop
 endfacet
 facet normal  9.516974e-01  3.070376e-01  0.000000e+00
   outer loop
     vertex  2.173739e+01  7.515711e+00  5.000000e+00
     vertex  2.203122e+01  6.604963e+00  5.000000e+00
     vertex  2.203122e+01  6.604963e+00  3.000000e+00
   endloop
 endfacet
 facet normal  9.516974e-01  3.070376e-01  0.000000e+00
   outer loop
     vertex  2.173739e+01  7.515711e+00  5.000000e+00
     vertex  2.203122e+01  6.604963e+00  3.000000e+00
     vertex  2.173739e+01  7.515711e+00  3.000000e+00
   endloop
 endfacet
 facet normal  9.381013e-01  3.463610e-01  0.000000e+00
   outer loop
     vertex  2.140593e+01  8.413448e+00  5.000000e+00
     vertex  2.173739e+01  7.515711e+00  5.000000e+00
     vertex  2.173739e+01  7.515711e+00  3.000000e+00
   endloop
 endfacet
 facet normal  9.381013e-01  3.463610e-01  0.000000e+00
   outer loop
     vertex  2.140593e+01  8.413448e+00  5.000000e+00
     vertex  2.173739e+01  7.515711e+00  3.000000e+00
     vertex  2.140593e+01  8.413448e+00  3.000000e+00
   endloop
 endfacet
 facet normal  9.228812e-01  3.850848e-01  0.000000e+00
   outer loop
     vertex  2.103742e+01  9.296620e+00  5.000000e+00
     vertex  2.140593e+01  8.413448e+00  5.000000e+00
     vertex  2.140593e+01  8.413448e+00  3.000000e+00
   endloop
 endfacet
 facet normal  9.228812e-01  3.850848e-01  0.000000e+00
   outer loop
     vertex  2.103742e+01  9.296620e+00  5.000000e+00
     vertex  2.140593e+01  8.413448e+00  3.000000e+00
     vertex  2.103742e+01  9.296620e+00  3.000000e+00
   endloop
 endfacet
 facet normal  9.060634e-01  4.231420e-01  0.000000e+00
   outer loop
     vertex  2.063248e+01  1.016370e+01  5.000000e+00
     vertex  2.103742e+01  9.296620e+00  5.000000e+00
     vertex  2.103742e+01  9.296620e+00  3.000000e+00
   endloop
 endfacet
 facet normal  9.060634e-01  4.231420e-01  0.000000e+00
   outer loop
     vertex  2.063248e+01  1.016370e+01  5.000000e+00
     vertex  2.103742e+01  9.296620e+00  3.000000e+00
     vertex  2.063248e+01  1.016370e+01  3.000000e+00
   endloop
 endfacet
 facet normal  8.876770e-01  4.604666e-01  0.000000e+00
   outer loop
     vertex  2.019183e+01  1.101318e+01  5.000000e+00
     vertex  2.063248e+01  1.016370e+01  5.000000e+00
     vertex  2.063248e+01  1.016370e+01  3.000000e+00
   endloop
 endfacet
 facet normal  8.876770e-01  4.604666e-01  0.000000e+00
   outer loop
     vertex  2.019183e+01  1.101318e+01  5.000000e+00
     vertex  2.063248e+01  1.016370e+01  3.000000e+00
     vertex  2.019183e+01  1.101318e+01  3.000000e+00
   endloop
 endfacet
 facet normal  8.677540e-01  4.969940e-01  0.000000e+00
   outer loop
     vertex  1.971622e+01  1.184360e+01  5.000000e+00
     vertex  2.019183e+01  1.101318e+01  5.000000e+00
     vertex  2.019183e+01  1.101318e+01  3.000000e+00
   endloop
 endfacet
 facet normal  8.677540e-01  4.969940e-01  0.000000e+00
   outer loop
     vertex  1.971622e+01  1.184360e+01  5.000000e+00
     vertex  2.019183e+01  1.101318e+01  3.000000e+00
     vertex  1.971622e+01  1.184360e+01  3.000000e+00
   endloop
 endfacet
 facet normal  8.463286e-01  5.326611e-01  0.000000e+00
   outer loop
     vertex  1.920648e+01  1.265351e+01  5.000000e+00
     vertex  1.971622e+01  1.184360e+01  5.000000e+00
     vertex  1.971622e+01  1.184360e+01  3.000000e+00
   endloop
 endfacet
 facet normal  8.463286e-01  5.326611e-01  0.000000e+00
   outer loop
     vertex  1.920648e+01  1.265351e+01  5.000000e+00
     vertex  1.971622e+01  1.184360e+01  3.000000e+00
     vertex  1.920648e+01  1.265351e+01  3.000000e+00
   endloop
 endfacet
 facet normal  8.234382e-01  5.674060e-01  0.000000e+00
   outer loop
     vertex  1.920648e+01  1.265351e+01  5.000000e+00
     vertex  1.920648e+01  1.265351e+01  3.000000e+00
     vertex  1.866348e+01  1.344152e+01  3.000000e+00
   endloop
 endfacet
 facet normal  8.234382e-01  5.674060e-01  0.000000e+00
   outer loop
     vertex  1.866348e+01  1.344152e+01  5.000000e+00
     vertex  1.920648e+01  1.265351e+01  5.000000e+00
     vertex  1.866348e+01  1.344152e+01  3.000000e+00
   endloop
 endfacet
 facet normal  7.991222e-01  6.011687e-01  0.000000e+00
   outer loop
     vertex  1.808818e+01  1.420626e+01  5.000000e+00
     vertex  1.866348e+01  1.344152e+01  3.000000e+00
     vertex  1.808818e+01  1.420626e+01  3.000000e+00
   endloop
 endfacet
 facet normal  7.991222e-01  6.011687e-01  0.000000e+00
   outer loop
     vertex  1.808818e+01  1.420626e+01  5.000000e+00
     vertex  1.866348e+01  1.344152e+01  5.000000e+00
     vertex  1.866348e+01  1.344152e+01  3.000000e+00
   endloop
 endfacet
 facet normal  7.734227e-01  6.338906e-01  0.000000e+00
   outer loop
     vertex  1.748157e+01  1.494640e+01  5.000000e+00
     vertex  1.808818e+01  1.420626e+01  3.000000e+00
     vertex  1.748157e+01  1.494640e+01  3.000000e+00
   endloop
 endfacet
 facet normal  7.463844e-01  6.655151e-01  0.000000e+00
   outer loop
     vertex  1.748157e+01  1.494640e+01  5.000000e+00
     vertex  1.748157e+01  1.494640e+01  3.000000e+00
     vertex  1.684469e+01  1.566067e+01  3.000000e+00
   endloop
 endfacet
 facet normal  7.734227e-01  6.338906e-01  0.000000e+00
   outer loop
     vertex  1.748157e+01  1.494640e+01  5.000000e+00
     vertex  1.808818e+01  1.420626e+01  5.000000e+00
     vertex  1.808818e+01  1.420626e+01  3.000000e+00
   endloop
 endfacet
 facet normal  7.463844e-01  6.655151e-01  0.000000e+00
   outer loop
     vertex  1.684469e+01  1.566067e+01  5.000000e+00
     vertex  1.748157e+01  1.494640e+01  5.000000e+00
     vertex  1.684469e+01  1.566067e+01  3.000000e+00
   endloop
 endfacet
 facet normal  7.180539e-01  6.959875e-01  0.000000e+00
   outer loop
     vertex  1.617865e+01  1.634783e+01  5.000000e+00
     vertex  1.684469e+01  1.566067e+01  3.000000e+00
     vertex  1.617865e+01  1.634783e+01  3.000000e+00
   endloop
 endfacet
 facet normal  7.180539e-01  6.959875e-01  0.000000e+00
   outer loop
     vertex  1.617865e+01  1.634783e+01  5.000000e+00
     vertex  1.684469e+01  1.566067e+01  5.000000e+00
     vertex  1.684469e+01  1.566067e+01  3.000000e+00
   endloop
 endfacet
 facet normal  6.884803e-01  7.252550e-01  0.000000e+00
   outer loop
     vertex  1.548460e+01  1.700668e+01  5.000000e+00
     vertex  1.617865e+01  1.634783e+01  3.000000e+00
     vertex  1.548460e+01  1.700668e+01  3.000000e+00
   endloop
 endfacet
 facet normal  6.884803e-01  7.252550e-01  0.000000e+00
   outer loop
     vertex  1.548460e+01  1.700668e+01  5.000000e+00
     vertex  1.617865e+01  1.634783e+01  5.000000e+00
     vertex  1.617865e+01  1.634783e+01  3.000000e+00
   endloop
 endfacet
 facet normal  6.577149e-01  7.532670e-01  0.000000e+00
   outer loop
     vertex  1.476374e+01  1.763610e+01  5.000000e+00
     vertex  1.548460e+01  1.700668e+01  3.000000e+00
     vertex  1.476374e+01  1.763610e+01  3.000000e+00
   endloop
 endfacet
 facet normal  6.577149e-01  7.532670e-01  0.000000e+00
   outer loop
     vertex  1.476374e+01  1.763610e+01  5.000000e+00
     vertex  1.548460e+01  1.700668e+01  5.000000e+00
     vertex  1.548460e+01  1.700668e+01  3.000000e+00
   endloop
 endfacet
 facet normal  6.258108e-01  7.799749e-01  0.000000e+00
   outer loop
     vertex  1.401733e+01  1.823498e+01  5.000000e+00
     vertex  1.476374e+01  1.763610e+01  3.000000e+00
     vertex  1.401733e+01  1.823498e+01  3.000000e+00
   endloop
 endfacet
 facet normal  6.258108e-01  7.799749e-01  0.000000e+00
   outer loop
     vertex  1.401733e+01  1.823498e+01  5.000000e+00
     vertex  1.476374e+01  1.763610e+01  5.000000e+00
     vertex  1.476374e+01  1.763610e+01  3.000000e+00
   endloop
 endfacet
 facet normal  5.928233e-01  8.053326e-01  0.000000e+00
   outer loop
     vertex  1.324664e+01  1.880230e+01  5.000000e+00
     vertex  1.401733e+01  1.823498e+01  3.000000e+00
     vertex  1.324664e+01  1.880230e+01  3.000000e+00
   endloop
 endfacet
 facet normal  5.588095e-01  8.292960e-01  0.000000e+00
   outer loop
     vertex  1.324664e+01  1.880230e+01  5.000000e+00
     vertex  1.324664e+01  1.880230e+01  3.000000e+00
     vertex  1.245303e+01  1.933706e+01  3.000000e+00
   endloop
 endfacet
 facet normal  5.928233e-01  8.053326e-01  0.000000e+00
   outer loop
     vertex  1.324664e+01  1.880230e+01  5.000000e+00
     vertex  1.401733e+01  1.823498e+01  5.000000e+00
     vertex  1.401733e+01  1.823498e+01  3.000000e+00
   endloop
 endfacet
 facet normal  5.588095e-01  8.292960e-01  0.000000e+00
   outer loop
     vertex  1.245303e+01  1.933706e+01  5.000000e+00
     vertex  1.324664e+01  1.880230e+01  5.000000e+00
     vertex  1.245303e+01  1.933706e+01  3.000000e+00
   endloop
 endfacet
 facet normal  5.238284e-01  8.518238e-01  0.000000e+00
   outer loop
     vertex  1.245303e+01  1.933706e+01  5.000000e+00
     vertex  1.245303e+01  1.933706e+01  3.000000e+00
     vertex  1.163786e+01  1.983835e+01  3.000000e+00
   endloop
 endfacet
 facet normal  5.238284e-01  8.518238e-01  0.000000e+00
   outer loop
     vertex  1.163786e+01  1.983835e+01  5.000000e+00
     vertex  1.245303e+01  1.933706e+01  5.000000e+00
     vertex  1.163786e+01  1.983835e+01  3.000000e+00
   endloop
 endfacet
 facet normal  4.879404e-01  8.728770e-01  0.000000e+00
   outer loop
     vertex  1.163786e+01  1.983835e+01  5.000000e+00
     vertex  1.163786e+01  1.983835e+01  3.000000e+00
     vertex  1.080254e+01  2.030530e+01  3.000000e+00
   endloop
 endfacet
 facet normal  4.879404e-01  8.728770e-01  0.000000e+00
   outer loop
     vertex  1.080254e+01  2.030530e+01  5.000000e+00
     vertex  1.163786e+01  1.983835e+01  5.000000e+00
     vertex  1.080254e+01  2.030530e+01  3.000000e+00
   endloop
 endfacet
 facet normal  4.512077e-01  8.924190e-01  0.000000e+00
   outer loop
     vertex  1.080254e+01  2.030530e+01  5.000000e+00
     vertex  1.080254e+01  2.030530e+01  3.000000e+00
     vertex  9.948520e+00  2.073709e+01  3.000000e+00
   endloop
 endfacet
 facet normal  4.512077e-01  8.924190e-01  0.000000e+00
   outer loop
     vertex  9.948520e+00  2.073709e+01  5.000000e+00
     vertex  1.080254e+01  2.030530e+01  5.000000e+00
     vertex  9.948520e+00  2.073709e+01  3.000000e+00
   endloop
 endfacet
 facet normal  4.136938e-01  9.104161e-01  0.000000e+00
   outer loop
     vertex  9.948520e+00  2.073709e+01  5.000000e+00
     vertex  9.948520e+00  2.073709e+01  3.000000e+00
     vertex  9.077277e+00  2.113298e+01  3.000000e+00
   endloop
 endfacet
 facet normal  4.136938e-01  9.104161e-01  0.000000e+00
   outer loop
     vertex  9.077277e+00  2.113298e+01  5.000000e+00
     vertex  9.948520e+00  2.073709e+01  5.000000e+00
     vertex  9.077277e+00  2.113298e+01  3.000000e+00
   endloop
 endfacet
 facet normal  3.754638e-01  9.268371e-01  0.000000e+00
   outer loop
     vertex  8.190319e+00  2.149229e+01  5.000000e+00
     vertex  9.077277e+00  2.113298e+01  5.000000e+00
     vertex  9.077277e+00  2.113298e+01  3.000000e+00
   endloop
 endfacet
 facet normal  3.754638e-01  9.268371e-01  0.000000e+00
   outer loop
     vertex  8.190319e+00  2.149229e+01  5.000000e+00
     vertex  9.077277e+00  2.113298e+01  3.000000e+00
     vertex  8.190319e+00  2.149229e+01  3.000000e+00
   endloop
 endfacet
 facet normal  3.365838e-01  9.416535e-01  0.000000e+00
   outer loop
     vertex  7.289183e+00  2.181439e+01  5.000000e+00
     vertex  8.190319e+00  2.149229e+01  5.000000e+00
     vertex  8.190319e+00  2.149229e+01  3.000000e+00
   endloop
 endfacet
 facet normal  3.365838e-01  9.416535e-01  0.000000e+00
   outer loop
     vertex  7.289183e+00  2.181439e+01  5.000000e+00
     vertex  8.190319e+00  2.149229e+01  3.000000e+00
     vertex  7.289183e+00  2.181439e+01  3.000000e+00
   endloop
 endfacet
 facet normal  2.971210e-01  9.548398e-01  0.000000e+00
   outer loop
     vertex  6.375427e+00  2.209873e+01  5.000000e+00
     vertex  7.289183e+00  2.181439e+01  5.000000e+00
     vertex  7.289183e+00  2.181439e+01  3.000000e+00
   endloop
 endfacet
 facet normal  2.971210e-01  9.548398e-01  0.000000e+00
   outer loop
     vertex  6.375427e+00  2.209873e+01  5.000000e+00
     vertex  7.289183e+00  2.181439e+01  3.000000e+00
     vertex  6.375427e+00  2.209873e+01  3.000000e+00
   endloop
 endfacet
 facet normal  2.571440e-01  9.663731e-01  0.000000e+00
   outer loop
     vertex  5.450635e+00  2.234481e+01  5.000000e+00
     vertex  6.375427e+00  2.209873e+01  5.000000e+00
     vertex  6.375427e+00  2.209873e+01  3.000000e+00
   endloop
 endfacet
 facet normal  2.571440e-01  9.663731e-01  0.000000e+00
   outer loop
     vertex  5.450635e+00  2.234481e+01  5.000000e+00
     vertex  6.375427e+00  2.209873e+01  3.000000e+00
     vertex  5.450635e+00  2.234481e+01  3.000000e+00
   endloop
 endfacet
 facet normal  2.167217e-01  9.762334e-01  0.000000e+00
   outer loop
     vertex  4.516406e+00  2.255221e+01  5.000000e+00
     vertex  5.450635e+00  2.234481e+01  5.000000e+00
     vertex  5.450635e+00  2.234481e+01  3.000000e+00
   endloop
 endfacet
 facet normal  2.167217e-01  9.762334e-01  0.000000e+00
   outer loop
     vertex  4.516406e+00  2.255221e+01  5.000000e+00
     vertex  5.450635e+00  2.234481e+01  3.000000e+00
     vertex  4.516406e+00  2.255221e+01  3.000000e+00
   endloop
 endfacet
 facet normal  1.759243e-01  9.844037e-01  0.000000e+00
   outer loop
     vertex  3.574359e+00  2.272056e+01  5.000000e+00
     vertex  4.516406e+00  2.255221e+01  5.000000e+00
     vertex  4.516406e+00  2.255221e+01  3.000000e+00
   endloop
 endfacet
 facet normal  1.759243e-01  9.844037e-01  0.000000e+00
   outer loop
     vertex  3.574359e+00  2.272056e+01  5.000000e+00
     vertex  4.516406e+00  2.255221e+01  3.000000e+00
     vertex  3.574359e+00  2.272056e+01  3.000000e+00
   endloop
 endfacet
 facet normal  1.348223e-01  9.908698e-01  0.000000e+00
   outer loop
     vertex  2.626124e+00  2.284958e+01  5.000000e+00
     vertex  3.574359e+00  2.272056e+01  5.000000e+00
     vertex  3.574359e+00  2.272056e+01  3.000000e+00
   endloop
 endfacet
 facet normal  1.348223e-01  9.908698e-01  0.000000e+00
   outer loop
     vertex  2.626124e+00  2.284958e+01  5.000000e+00
     vertex  3.574359e+00  2.272056e+01  3.000000e+00
     vertex  2.626124e+00  2.284958e+01  3.000000e+00
   endloop
 endfacet
 facet normal  9.348691e-02  9.956205e-01  0.000000e+00
   outer loop
     vertex  1.673343e+00  2.293905e+01  5.000000e+00
     vertex  2.626124e+00  2.284958e+01  5.000000e+00
     vertex  2.626124e+00  2.284958e+01  3.000000e+00
   endloop
 endfacet
 facet normal  9.348691e-02  9.956205e-01  0.000000e+00
   outer loop
     vertex  1.673343e+00  2.293905e+01  5.000000e+00
     vertex  2.626124e+00  2.284958e+01  3.000000e+00
     vertex  1.673343e+00  2.293905e+01  3.000000e+00
   endloop
 endfacet
 facet normal  5.198967e-02  9.986476e-01  0.000000e+00
   outer loop
     vertex  7.176646e-01  2.298880e+01  5.000000e+00
     vertex  1.673343e+00  2.293905e+01  5.000000e+00
     vertex  1.673343e+00  2.293905e+01  3.000000e+00
   endloop
 endfacet
 facet normal  5.198967e-02  9.986476e-01  0.000000e+00
   outer loop
     vertex  7.176646e-01  2.298880e+01  5.000000e+00
     vertex  1.673343e+00  2.293905e+01  3.000000e+00
     vertex  7.176646e-01  2.298880e+01  3.000000e+00
   endloop
 endfacet
 facet normal  1.040244e-02  9.999459e-01  0.000000e+00
   outer loop
     vertex -2.392561e-01  2.299876e+01  5.000000e+00
     vertex  7.176646e-01  2.298880e+01  5.000000e+00
     vertex  7.176646e-01  2.298880e+01  3.000000e+00
   endloop
 endfacet
 facet normal  1.040244e-02  9.999459e-01  0.000000e+00
   outer loop
     vertex -2.392561e-01  2.299876e+01  5.000000e+00
     vertex  7.176646e-01  2.298880e+01  3.000000e+00
     vertex -2.392561e-01  2.299876e+01  3.000000e+00
   endloop
 endfacet
 facet normal -3.120281e-02  9.995131e-01  0.000000e+00
   outer loop
     vertex -1.195763e+00  2.296890e+01  5.000000e+00
     vertex -2.392561e-01  2.299876e+01  5.000000e+00
     vertex -2.392561e-01  2.299876e+01  3.000000e+00
   endloop
 endfacet
 facet normal -3.120281e-02  9.995131e-01  0.000000e+00
   outer loop
     vertex -1.195763e+00  2.296890e+01  5.000000e+00
     vertex -2.392561e-01  2.299876e+01  3.000000e+00
     vertex -1.195763e+00  2.296890e+01  3.000000e+00
   endloop
 endfacet
 facet normal -7.275404e-02  9.973499e-01  0.000000e+00
   outer loop
     vertex -2.150199e+00  2.289927e+01  5.000000e+00
     vertex -1.195763e+00  2.296890e+01  5.000000e+00
     vertex -1.195763e+00  2.296890e+01  3.000000e+00
   endloop
 endfacet
 facet normal -7.275404e-02  9.973499e-01  0.000000e+00
   outer loop
     vertex -2.150199e+00  2.289927e+01  5.000000e+00
     vertex -1.195763e+00  2.296890e+01  3.000000e+00
     vertex -2.150199e+00  2.289927e+01  3.000000e+00
   endloop
 endfacet
 facet normal -1.141793e-01  9.934602e-01  0.000000e+00
   outer loop
     vertex -3.100913e+00  2.279001e+01  5.000000e+00
     vertex -2.150199e+00  2.289927e+01  5.000000e+00
     vertex -2.150199e+00  2.289927e+01  3.000000e+00
   endloop
 endfacet
 facet normal -1.141793e-01  9.934602e-01  0.000000e+00
   outer loop
     vertex -3.100913e+00  2.279001e+01  5.000000e+00
     vertex -2.150199e+00  2.289927e+01  3.000000e+00
     vertex -3.100913e+00  2.279001e+01  3.000000e+00
   endloop
 endfacet
 facet normal -1.554069e-01  9.878505e-01  0.000000e+00
   outer loop
     vertex -4.046259e+00  2.264129e+01  5.000000e+00
     vertex -3.100913e+00  2.279001e+01  5.000000e+00
     vertex -3.100913e+00  2.279001e+01  3.000000e+00
   endloop
 endfacet
 facet normal -1.554069e-01  9.878505e-01  0.000000e+00
   outer loop
     vertex -4.046259e+00  2.264129e+01  5.000000e+00
     vertex -3.100913e+00  2.279001e+01  3.000000e+00
     vertex -4.046259e+00  2.264129e+01  3.000000e+00
   endloop
 endfacet
 facet normal -1.963655e-01  9.805308e-01  0.000000e+00
   outer loop
     vertex -4.984599e+00  2.245337e+01  5.000000e+00
     vertex -4.046259e+00  2.264129e+01  5.000000e+00
     vertex -4.046259e+00  2.264129e+01  3.000000e+00
   endloop
 endfacet
 facet normal -1.963655e-01  9.805308e-01  0.000000e+00
   outer loop
     vertex -4.984599e+00  2.245337e+01  5.000000e+00
     vertex -4.046259e+00  2.264129e+01  3.000000e+00
     vertex -4.984599e+00  2.245337e+01  3.000000e+00
   endloop
 endfacet
 facet normal -2.369841e-01  9.715135e-01  0.000000e+00
   outer loop
     vertex -4.984599e+00  2.245337e+01  5.000000e+00
     vertex -4.984599e+00  2.245337e+01  3.000000e+00
     vertex -5.914311e+00  2.222658e+01  3.000000e+00
   endloop
 endfacet
 facet normal -2.369841e-01  9.715135e-01  0.000000e+00
   outer loop
     vertex -5.914311e+00  2.222658e+01  5.000000e+00
     vertex -4.984599e+00  2.245337e+01  5.000000e+00
     vertex -5.914311e+00  2.222658e+01  3.000000e+00
   endloop
 endfacet
 facet normal -2.771925e-01  9.608144e-01  0.000000e+00
   outer loop
     vertex -6.833784e+00  2.196132e+01  5.000000e+00
     vertex -5.914311e+00  2.222658e+01  5.000000e+00
     vertex -5.914311e+00  2.222658e+01  3.000000e+00
   endloop
 endfacet
 facet normal -2.771925e-01  9.608144e-01  0.000000e+00
   outer loop
     vertex -6.833784e+00  2.196132e+01  5.000000e+00
     vertex -5.914311e+00  2.222658e+01  3.000000e+00
     vertex -6.833784e+00  2.196132e+01  3.000000e+00
   endloop
 endfacet
 facet normal -3.169210e-01  9.484519e-01  0.000000e+00
   outer loop
     vertex -7.741426e+00  2.165803e+01  5.000000e+00
     vertex -6.833784e+00  2.196132e+01  5.000000e+00
     vertex -6.833784e+00  2.196132e+01  3.000000e+00
   endloop
 endfacet
 facet normal -3.169210e-01  9.484519e-01  0.000000e+00
   outer loop
     vertex -7.741426e+00  2.165803e+01  5.000000e+00
     vertex -6.833784e+00  2.196132e+01  3.000000e+00
     vertex -7.741426e+00  2.165803e+01  3.000000e+00
   endloop
 endfacet
 facet normal -3.561008e-01  9.344475e-01  0.000000e+00
   outer loop
     vertex -8.635667e+00  2.131725e+01  5.000000e+00
     vertex -7.741426e+00  2.165803e+01  5.000000e+00
     vertex -7.741426e+00  2.165803e+01  3.000000e+00
   endloop
 endfacet
 facet normal -3.561008e-01  9.344475e-01  0.000000e+00
   outer loop
     vertex -8.635667e+00  2.131725e+01  5.000000e+00
     vertex -7.741426e+00  2.165803e+01  3.000000e+00
     vertex -8.635667e+00  2.131725e+01  3.000000e+00
   endloop
 endfacet
 facet normal -3.946642e-01  9.188254e-01  0.000000e+00
   outer loop
     vertex -9.514958e+00  2.093957e+01  5.000000e+00
     vertex -8.635667e+00  2.131725e+01  5.000000e+00
     vertex -8.635667e+00  2.131725e+01  3.000000e+00
   endloop
 endfacet
 facet normal -3.946642e-01  9.188254e-01  0.000000e+00
   outer loop
     vertex -9.514958e+00  2.093957e+01  5.000000e+00
     vertex -8.635667e+00  2.131725e+01  3.000000e+00
     vertex -9.514958e+00  2.093957e+01  3.000000e+00
   endloop
 endfacet
 facet normal -4.325443e-01  9.016127e-01  0.000000e+00
   outer loop
     vertex -1.037778e+01  2.052564e+01  5.000000e+00
     vertex -9.514958e+00  2.093957e+01  3.000000e+00
     vertex -1.037778e+01  2.052564e+01  3.000000e+00
   endloop
 endfacet
 facet normal -4.325443e-01  9.016127e-01  0.000000e+00
   outer loop
     vertex -1.037778e+01  2.052564e+01  5.000000e+00
     vertex -9.514958e+00  2.093957e+01  5.000000e+00
     vertex -9.514958e+00  2.093957e+01  3.000000e+00
   endloop
 endfacet
 facet normal -4.696757e-01  8.828390e-01  0.000000e+00
   outer loop
     vertex -1.122263e+01  2.007617e+01  5.000000e+00
     vertex -1.037778e+01  2.052564e+01  3.000000e+00
     vertex -1.122263e+01  2.007617e+01  3.000000e+00
   endloop
 endfacet
 facet normal -4.696757e-01  8.828390e-01  0.000000e+00
   outer loop
     vertex -1.122263e+01  2.007617e+01  5.000000e+00
     vertex -1.037778e+01  2.052564e+01  5.000000e+00
     vertex -1.037778e+01  2.052564e+01  3.000000e+00
   endloop
 endfacet
 facet normal -5.059939e-01  8.625371e-01  0.000000e+00
   outer loop
     vertex -1.204805e+01  1.959195e+01  5.000000e+00
     vertex -1.122263e+01  2.007617e+01  3.000000e+00
     vertex -1.204805e+01  1.959195e+01  3.000000e+00
   endloop
 endfacet
 facet normal -5.059939e-01  8.625371e-01  0.000000e+00
   outer loop
     vertex -1.204805e+01  1.959195e+01  5.000000e+00
     vertex -1.122263e+01  2.007617e+01  5.000000e+00
     vertex -1.122263e+01  2.007617e+01  3.000000e+00
   endloop
 endfacet
 facet normal -5.414361e-01  8.407419e-01  0.000000e+00
   outer loop
     vertex -1.285262e+01  1.907381e+01  5.000000e+00
     vertex -1.204805e+01  1.959195e+01  3.000000e+00
     vertex -1.285262e+01  1.907381e+01  3.000000e+00
   endloop
 endfacet
 facet normal -5.414361e-01  8.407419e-01  0.000000e+00
   outer loop
     vertex -1.285262e+01  1.907381e+01  5.000000e+00
     vertex -1.204805e+01  1.959195e+01  5.000000e+00
     vertex -1.204805e+01  1.959195e+01  3.000000e+00
   endloop
 endfacet
 facet normal -5.759411e-01  8.174912e-01  0.000000e+00
   outer loop
     vertex -1.363494e+01  1.852265e+01  5.000000e+00
     vertex -1.285262e+01  1.907381e+01  3.000000e+00
     vertex -1.363494e+01  1.852265e+01  3.000000e+00
   endloop
 endfacet
 facet normal -5.759411e-01  8.174912e-01  0.000000e+00
   outer loop
     vertex -1.363494e+01  1.852265e+01  5.000000e+00
     vertex -1.285262e+01  1.907381e+01  5.000000e+00
     vertex -1.285262e+01  1.907381e+01  3.000000e+00
   endloop
 endfacet
 facet normal -6.094489e-01  7.928253e-01  0.000000e+00
   outer loop
     vertex -1.439365e+01  1.793942e+01  5.000000e+00
     vertex -1.363494e+01  1.852265e+01  3.000000e+00
     vertex -1.439365e+01  1.793942e+01  3.000000e+00
   endloop
 endfacet
 facet normal -6.094489e-01  7.928253e-01  0.000000e+00
   outer loop
     vertex -1.439365e+01  1.793942e+01  5.000000e+00
     vertex -1.363494e+01  1.852265e+01  5.000000e+00
     vertex -1.363494e+01  1.852265e+01  3.000000e+00
   endloop
 endfacet
 facet normal -6.419018e-01  7.667869e-01  0.000000e+00
   outer loop
     vertex -1.512744e+01  1.732514e+01  5.000000e+00
     vertex -1.439365e+01  1.793942e+01  3.000000e+00
     vertex -1.512744e+01  1.732514e+01  3.000000e+00
   endloop
 endfacet
 facet normal -6.419018e-01  7.667869e-01  0.000000e+00
   outer loop
     vertex -1.512744e+01  1.732514e+01  5.000000e+00
     vertex -1.439365e+01  1.793942e+01  5.000000e+00
     vertex -1.439365e+01  1.793942e+01  3.000000e+00
   endloop
 endfacet
 facet normal -6.732433e-01  7.394210e-01  0.000000e+00
   outer loop
     vertex -1.583505e+01  1.668087e+01  5.000000e+00
     vertex -1.512744e+01  1.732514e+01  3.000000e+00
     vertex -1.583505e+01  1.668087e+01  3.000000e+00
   endloop
 endfacet
 facet normal -6.732433e-01  7.394210e-01  0.000000e+00
   outer loop
     vertex -1.583505e+01  1.668087e+01  5.000000e+00
     vertex -1.512744e+01  1.732514e+01  5.000000e+00
     vertex -1.512744e+01  1.732514e+01  3.000000e+00
   endloop
 endfacet
 facet normal -7.034193e-01  7.107751e-01  0.000000e+00
   outer loop
     vertex -1.651524e+01  1.600771e+01  5.000000e+00
     vertex -1.583505e+01  1.668087e+01  3.000000e+00
     vertex -1.651524e+01  1.600771e+01  3.000000e+00
   endloop
 endfacet
 facet normal -7.323776e-01  6.808987e-01  0.000000e+00
   outer loop
     vertex -1.651524e+01  1.600771e+01  5.000000e+00
     vertex -1.651524e+01  1.600771e+01  3.000000e+00
     vertex -1.716684e+01  1.530685e+01  3.000000e+00
   endloop
 endfacet
 facet normal -7.034193e-01  7.107751e-01  0.000000e+00
   outer loop
     vertex -1.651524e+01  1.600771e+01  5.000000e+00
     vertex -1.583505e+01  1.668087e+01  5.000000e+00
     vertex -1.583505e+01  1.668087e+01  3.000000e+00
   endloop
 endfacet
 facet normal -7.323776e-01  6.808987e-01  0.000000e+00
   outer loop
     vertex -1.716684e+01  1.530685e+01  5.000000e+00
     vertex -1.651524e+01  1.600771e+01  5.000000e+00
     vertex -1.716684e+01  1.530685e+01  3.000000e+00
   endloop
 endfacet
 facet normal -7.600681e-01  6.498435e-01  0.000000e+00
   outer loop
     vertex -1.778872e+01  1.457948e+01  5.000000e+00
     vertex -1.716684e+01  1.530685e+01  3.000000e+00
     vertex -1.778872e+01  1.457948e+01  3.000000e+00
   endloop
 endfacet
 facet normal -7.864427e-01  6.176633e-01  0.000000e+00
   outer loop
     vertex -1.778872e+01  1.457948e+01  5.000000e+00
     vertex -1.778872e+01  1.457948e+01  3.000000e+00
     vertex -1.837981e+01  1.382688e+01  3.000000e+00
   endloop
 endfacet
 facet normal -7.600681e-01  6.498435e-01  0.000000e+00
   outer loop
     vertex -1.778872e+01  1.457948e+01  5.000000e+00
     vertex -1.716684e+01  1.530685e+01  5.000000e+00
     vertex -1.716684e+01  1.530685e+01  3.000000e+00
   endloop
 endfacet
 facet normal -7.864427e-01  6.176633e-01  0.000000e+00
   outer loop
     vertex -1.837981e+01  1.382688e+01  5.000000e+00
     vertex -1.778872e+01  1.457948e+01  5.000000e+00
     vertex -1.837981e+01  1.382688e+01  3.000000e+00
   endloop
 endfacet
 facet normal -8.114558e-01  5.844138e-01  0.000000e+00
   outer loop
     vertex -1.893908e+01  1.305034e+01  5.000000e+00
     vertex -1.837981e+01  1.382688e+01  3.000000e+00
     vertex -1.893908e+01  1.305034e+01  3.000000e+00
   endloop
 endfacet
 facet normal -8.350641e-01  5.501526e-01  0.000000e+00
   outer loop
     vertex -1.893908e+01  1.305034e+01  5.000000e+00
     vertex -1.893908e+01  1.305034e+01  3.000000e+00
     vertex -1.946556e+01  1.225120e+01  3.000000e+00
   endloop
 endfacet
 facet normal -8.114558e-01  5.844138e-01  0.000000e+00
   outer loop
     vertex -1.893908e+01  1.305034e+01  5.000000e+00
     vertex -1.837981e+01  1.382688e+01  5.000000e+00
     vertex -1.837981e+01  1.382688e+01  3.000000e+00
   endloop
 endfacet
 facet normal -8.350641e-01  5.501526e-01  0.000000e+00
   outer loop
     vertex -1.946556e+01  1.225120e+01  5.000000e+00
     vertex -1.893908e+01  1.305034e+01  5.000000e+00
     vertex -1.946556e+01  1.225120e+01  3.000000e+00
   endloop
 endfacet
 facet normal -8.572268e-01  5.149390e-01  0.000000e+00
   outer loop
     vertex -1.995834e+01  1.143086e+01  5.000000e+00
     vertex -1.946556e+01  1.225120e+01  3.000000e+00
     vertex -1.995834e+01  1.143086e+01  3.000000e+00
   endloop
 endfacet
 facet normal -8.572268e-01  5.149390e-01  0.000000e+00
   outer loop
     vertex -1.995834e+01  1.143086e+01  5.000000e+00
     vertex -1.946556e+01  1.225120e+01  5.000000e+00
     vertex -1.946556e+01  1.225120e+01  3.000000e+00
   endloop
 endfacet
 facet normal -8.779055e-01  4.788339e-01  0.000000e+00
   outer loop
     vertex -2.041657e+01  1.059073e+01  5.000000e+00
     vertex -1.995834e+01  1.143086e+01  3.000000e+00
     vertex -2.041657e+01  1.059073e+01  3.000000e+00
   endloop
 endfacet
 facet normal -8.779055e-01  4.788339e-01  0.000000e+00
   outer loop
     vertex -2.041657e+01  1.059073e+01  5.000000e+00
     vertex -1.995834e+01  1.143086e+01  5.000000e+00
     vertex -1.995834e+01  1.143086e+01  3.000000e+00
   endloop
 endfacet
 facet normal -8.970644e-01  4.418999e-01  0.000000e+00
   outer loop
     vertex -2.083946e+01  9.732265e+00  5.000000e+00
     vertex -2.041657e+01  1.059073e+01  3.000000e+00
     vertex -2.083946e+01  9.732265e+00  3.000000e+00
   endloop
 endfacet
 facet normal -9.146702e-01  4.042009e-01  0.000000e+00
   outer loop
     vertex -2.083946e+01  9.732265e+00  5.000000e+00
     vertex -2.083946e+01  9.732265e+00  3.000000e+00
     vertex -2.122627e+01  8.856951e+00  3.000000e+00
   endloop
 endfacet
 facet normal -8.970644e-01  4.418999e-01  0.000000e+00
   outer loop
     vertex -2.083946e+01  9.732265e+00  5.000000e+00
     vertex -2.041657e+01  1.059073e+01  5.000000e+00
     vertex -2.041657e+01  1.059073e+01  3.000000e+00
   endloop
 endfacet
 facet normal -9.306927e-01  3.658021e-01  0.000000e+00
   outer loop
     vertex -2.122627e+01  8.856951e+00  5.000000e+00
     vertex -2.122627e+01  8.856951e+00  3.000000e+00
     vertex -2.157633e+01  7.966304e+00  3.000000e+00
   endloop
 endfacet
 facet normal -9.146702e-01  4.042009e-01  0.000000e+00
   outer loop
     vertex -2.122627e+01  8.856951e+00  5.000000e+00
     vertex -2.083946e+01  9.732265e+00  5.000000e+00
     vertex -2.122627e+01  8.856951e+00  3.000000e+00
   endloop
 endfacet
 facet normal -9.306927e-01  3.658021e-01  0.000000e+00
   outer loop
     vertex -2.157633e+01  7.966304e+00  5.000000e+00
     vertex -2.122627e+01  8.856951e+00  5.000000e+00
     vertex -2.157633e+01  7.966304e+00  3.000000e+00
   endloop
 endfacet
 facet normal -9.451039e-01  3.267701e-01  0.000000e+00
   outer loop
     vertex -2.188904e+01  7.061865e+00  5.000000e+00
     vertex -2.157633e+01  7.966304e+00  3.000000e+00
     vertex -2.188904e+01  7.061865e+00  3.000000e+00
   endloop
 endfacet
 facet normal -9.451039e-01  3.267701e-01  0.000000e+00
   outer loop
     vertex -2.188904e+01  7.061865e+00  5.000000e+00
     vertex -2.157633e+01  7.966304e+00  5.000000e+00
     vertex -2.157633e+01  7.966304e+00  3.000000e+00
   endloop
 endfacet
 facet normal -9.578789e-01  2.871723e-01  0.000000e+00
   outer loop
     vertex -2.216386e+01  6.145202e+00  5.000000e+00
     vertex -2.188904e+01  7.061865e+00  3.000000e+00
     vertex -2.216386e+01  6.145202e+00  3.000000e+00
   endloop
 endfacet
 facet normal -9.578789e-01  2.871723e-01  0.000000e+00
   outer loop
     vertex -2.216386e+01  6.145202e+00  5.000000e+00
     vertex -2.188904e+01  7.061865e+00  5.000000e+00
     vertex -2.188904e+01  7.061865e+00  3.000000e+00
   endloop
 endfacet
 facet normal -9.689957e-01  2.470774e-01  0.000000e+00
   outer loop
     vertex -2.240030e+01  5.217900e+00  5.000000e+00
     vertex -2.216386e+01  6.145202e+00  3.000000e+00
     vertex -2.240030e+01  5.217900e+00  3.000000e+00
   endloop
 endfacet
 facet normal -9.784350e-01  2.065548e-01  0.000000e+00
   outer loop
     vertex -2.240030e+01  5.217900e+00  5.000000e+00
     vertex -2.240030e+01  5.217900e+00  3.000000e+00
     vertex -2.259797e+01  4.281564e+00  3.000000e+00
   endloop
 endfacet
 facet normal -9.689957e-01  2.470774e-01  0.000000e+00
   outer loop
     vertex -2.240030e+01  5.217900e+00  5.000000e+00
     vertex -2.216386e+01  6.145202e+00  5.000000e+00
     vertex -2.216386e+01  6.145202e+00  3.000000e+00
   endloop
 endfacet
 facet normal -9.861805e-01  1.656746e-01  0.000000e+00
   outer loop
     vertex -2.259797e+01  4.281564e+00  5.000000e+00
     vertex -2.259797e+01  4.281564e+00  3.000000e+00
     vertex -2.275652e+01  3.337817e+00  3.000000e+00
   endloop
 endfacet
 facet normal -9.784350e-01  2.065548e-01  0.000000e+00
   outer loop
     vertex -2.259797e+01  4.281564e+00  5.000000e+00
     vertex -2.240030e+01  5.217900e+00  5.000000e+00
     vertex -2.259797e+01  4.281564e+00  3.000000e+00
   endloop
 endfacet
 facet normal -9.861805e-01  1.656746e-01  0.000000e+00
   outer loop
     vertex -2.275652e+01  3.337817e+00  5.000000e+00
     vertex -2.259797e+01  4.281564e+00  5.000000e+00
     vertex -2.275652e+01  3.337817e+00  3.000000e+00
   endloop
 endfacet
 facet normal -9.922187e-01  1.245075e-01  0.000000e+00
   outer loop
     vertex -2.287567e+01  2.388291e+00  5.000000e+00
     vertex -2.275652e+01  3.337817e+00  3.000000e+00
     vertex -2.287567e+01  2.388291e+00  3.000000e+00
   endloop
 endfacet
 facet normal -9.922187e-01  1.245075e-01  0.000000e+00
   outer loop
     vertex -2.287567e+01  2.388291e+00  5.000000e+00
     vertex -2.275652e+01  3.337817e+00  5.000000e+00
     vertex -2.275652e+01  3.337817e+00  3.000000e+00
   endloop
 endfacet
 facet normal -9.965391e-01  8.312497e-02  0.000000e+00
   outer loop
     vertex -2.295521e+01  1.434630e+00  5.000000e+00
     vertex -2.287567e+01  2.388291e+00  3.000000e+00
     vertex -2.295521e+01  1.434630e+00  3.000000e+00
   endloop
 endfacet
 facet normal -9.991344e-01  4.159849e-02  0.000000e+00
   outer loop
     vertex -2.295521e+01  1.434630e+00  5.000000e+00
     vertex -2.295521e+01  1.434630e+00  3.000000e+00
     vertex -2.299502e+01  4.784862e-01  3.000000e+00
   endloop
 endfacet
 facet normal -9.965391e-01  8.312497e-02  0.000000e+00
   outer loop
     vertex -2.295521e+01  1.434630e+00  5.000000e+00
     vertex -2.287567e+01  2.388291e+00  5.000000e+00
     vertex -2.287567e+01  2.388291e+00  3.000000e+00
   endloop
 endfacet
 facet normal -9.991344e-01  4.159849e-02  0.000000e+00
   outer loop
     vertex -2.299502e+01  4.784862e-01  5.000000e+00
     vertex -2.295521e+01  1.434630e+00  5.000000e+00
     vertex -2.299502e+01  4.784862e-01  3.000000e+00
   endloop
 endfacet
 facet normal -1.000000e+00 -3.712451e-15  0.000000e+00
   outer loop
     vertex -2.299502e+01 -4.784862e-01  5.000000e+00
     vertex -2.299502e+01  4.784862e-01  5.000000e+00
     vertex -2.299502e+01  4.784862e-01  3.000000e+00
   endloop
 endfacet
 facet normal -1.000000e+00 -3.712451e-15 -0.000000e+00
   outer loop
     vertex -2.299502e+01 -4.784862e-01  5.000000e+00
     vertex -2.299502e+01  4.784862e-01  3.000000e+00
     vertex -2.299502e+01 -4.784862e-01  3.000000e+00
   endloop
 endfacet
 facet normal -9.991344e-01 -4.159849e-02  0.000000e+00
   outer loop
     vertex -2.295521e+01 -1.434630e+00  5.000000e+00
     vertex -2.299502e+01 -4.784862e-01  5.000000e+00
     vertex -2.299502e+01 -4.784862e-01  3.000000e+00
   endloop
 endfacet
 facet normal -9.991344e-01 -4.159849e-02 -0.000000e+00
   outer loop
     vertex -2.295521e+01 -1.434630e+00  5.000000e+00
     vertex -2.299502e+01 -4.784862e-01  3.000000e+00
     vertex -2.295521e+01 -1.434630e+00  3.000000e+00
   endloop
 endfacet
 facet normal -9.965391e-01 -8.312497e-02 -0.000000e+00
   outer loop
     vertex -2.295521e+01 -1.434630e+00  5.000000e+00
     vertex -2.295521e+01 -1.434630e+00  3.000000e+00
     vertex -2.287567e+01 -2.388291e+00  3.000000e+00
   endloop
 endfacet
 facet normal -9.965391e-01 -8.312497e-02 -0.000000e+00
   outer loop
     vertex -2.287567e+01 -2.388291e+00  5.000000e+00
     vertex -2.295521e+01 -1.434630e+00  5.000000e+00
     vertex -2.287567e+01 -2.388291e+00  3.000000e+00
   endloop
 endfacet
 facet normal -9.922187e-01 -1.245075e-01  0.000000e+00
   outer loop
     vertex -2.275652e+01 -3.337817e+00  5.000000e+00
     vertex -2.287567e+01 -2.388291e+00  5.000000e+00
     vertex -2.287567e+01 -2.388291e+00  3.000000e+00
   endloop
 endfacet
 facet normal -9.922187e-01 -1.245075e-01 -0.000000e+00
   outer loop
     vertex -2.275652e+01 -3.337817e+00  5.000000e+00
     vertex -2.287567e+01 -2.388291e+00  3.000000e+00
     vertex -2.275652e+01 -3.337817e+00  3.000000e+00
   endloop
 endfacet
 facet normal -9.861805e-01 -1.656746e-01  0.000000e+00
   outer loop
     vertex -2.259797e+01 -4.281564e+00  5.000000e+00
     vertex -2.275652e+01 -3.337817e+00  5.000000e+00
     vertex -2.275652e+01 -3.337817e+00  3.000000e+00
   endloop
 endfacet
 facet normal -9.861805e-01 -1.656746e-01 -0.000000e+00
   outer loop
     vertex -2.259797e+01 -4.281564e+00  5.000000e+00
     vertex -2.275652e+01 -3.337817e+00  3.000000e+00
     vertex -2.259797e+01 -4.281564e+00  3.000000e+00
   endloop
 endfacet
 facet normal -9.784350e-01 -2.065548e-01 -0.000000e+00
   outer loop
     vertex -2.259797e+01 -4.281564e+00  5.000000e+00
     vertex -2.259797e+01 -4.281564e+00  3.000000e+00
     vertex -2.240030e+01 -5.217900e+00  3.000000e+00
   endloop
 endfacet
 facet normal -9.784350e-01 -2.065548e-01 -0.000000e+00
   outer loop
     vertex -2.240030e+01 -5.217900e+00  5.000000e+00
     vertex -2.259797e+01 -4.281564e+00  5.000000e+00
     vertex -2.240030e+01 -5.217900e+00  3.000000e+00
   endloop
 endfacet
 facet normal -9.689957e-01 -2.470774e-01  0.000000e+00
   outer loop
     vertex -2.216386e+01 -6.145202e+00  5.000000e+00
     vertex -2.240030e+01 -5.217900e+00  5.000000e+00
     vertex -2.240030e+01 -5.217900e+00  3.000000e+00
   endloop
 endfacet
 facet normal -9.689957e-01 -2.470774e-01 -0.000000e+00
   outer loop
     vertex -2.216386e+01 -6.145202e+00  5.000000e+00
     vertex -2.240030e+01 -5.217900e+00  3.000000e+00
     vertex -2.216386e+01 -6.145202e+00  3.000000e+00
   endloop
 endfacet
 facet normal -9.578789e-01 -2.871723e-01 -0.000000e+00
   outer loop
     vertex -2.188904e+01 -7.061865e+00  5.000000e+00
     vertex -2.216386e+01 -6.145202e+00  3.000000e+00
     vertex -2.188904e+01 -7.061865e+00  3.000000e+00
   endloop
 endfacet
 facet normal -9.578789e-01 -2.871723e-01  0.000000e+00
   outer loop
     vertex -2.188904e+01 -7.061865e+00  5.000000e+00
     vertex -2.216386e+01 -6.145202e+00  5.000000e+00
     vertex -2.216386e+01 -6.145202e+00  3.000000e+00
   endloop
 endfacet
 facet normal -9.451039e-01 -3.267701e-01 -0.000000e+00
   outer loop
     vertex -2.157633e+01 -7.966304e+00  5.000000e+00
     vertex -2.188904e+01 -7.061865e+00  3.000000e+00
     vertex -2.157633e+01 -7.966304e+00  3.000000e+00
   endloop
 endfacet
 facet normal -9.306927e-01 -3.658021e-01 -0.000000e+00
   outer loop
     vertex -2.157633e+01 -7.966304e+00  5.000000e+00
     vertex -2.157633e+01 -7.966304e+00  3.000000e+00
     vertex -2.122627e+01 -8.856951e+00  3.000000e+00
   endloop
 endfacet
 facet normal -9.451039e-01 -3.267701e-01  0.000000e+00
   outer loop
     vertex -2.157633e+01 -7.966304e+00  5.000000e+00
     vertex -2.188904e+01 -7.061865e+00  5.000000e+00
     vertex -2.188904e+01 -7.061865e+00  3.000000e+00
   endloop
 endfacet
 facet normal -9.306927e-01 -3.658021e-01 -0.000000e+00
   outer loop
     vertex -2.122627e+01 -8.856951e+00  5.000000e+00
     vertex -2.157633e+01 -7.966304e+00  5.000000e+00
     vertex -2.122627e+01 -8.856951e+00  3.000000e+00
   endloop
 endfacet
 facet normal -9.146702e-01 -4.042009e-01 -0.000000e+00
   outer loop
     vertex -2.083946e+01 -9.732265e+00  5.000000e+00
     vertex -2.122627e+01 -8.856951e+00  3.000000e+00
     vertex -2.083946e+01 -9.732265e+00  3.000000e+00
   endloop
 endfacet
 facet normal -8.970644e-01 -4.418999e-01 -0.000000e+00
   outer loop
     vertex -2.083946e+01 -9.732265e+00  5.000000e+00
     vertex -2.083946e+01 -9.732265e+00  3.000000e+00
     vertex -2.041657e+01 -1.059073e+01  3.000000e+00
   endloop
 endfacet
 facet normal -9.146702e-01 -4.042009e-01  0.000000e+00
   outer loop
     vertex -2.083946e+01 -9.732265e+00  5.000000e+00
     vertex -2.122627e+01 -8.856951e+00  5.000000e+00
     vertex -2.122627e+01 -8.856951e+00  3.000000e+00
   endloop
 endfacet
 facet normal -8.970644e-01 -4.418999e-01 -0.000000e+00
   outer loop
     vertex -2.041657e+01 -1.059073e+01  5.000000e+00
     vertex -2.083946e+01 -9.732265e+00  5.000000e+00
     vertex -2.041657e+01 -1.059073e+01  3.000000e+00
   endloop
 endfacet
 facet normal -8.779055e-01 -4.788339e-01 -0.000000e+00
   outer loop
     vertex -1.995834e+01 -1.143086e+01  5.000000e+00
     vertex -2.041657e+01 -1.059073e+01  3.000000e+00
     vertex -1.995834e+01 -1.143086e+01  3.000000e+00
   endloop
 endfacet
 facet normal -8.572268e-01 -5.149390e-01 -0.000000e+00
   outer loop
     vertex -1.995834e+01 -1.143086e+01  5.000000e+00
     vertex -1.995834e+01 -1.143086e+01  3.000000e+00
     vertex -1.946556e+01 -1.225120e+01  3.000000e+00
   endloop
 endfacet
 facet normal -8.779055e-01 -4.788339e-01  0.000000e+00
   outer loop
     vertex -1.995834e+01 -1.143086e+01  5.000000e+00
     vertex -2.041657e+01 -1.059073e+01  5.000000e+00
     vertex -2.041657e+01 -1.059073e+01  3.000000e+00
   endloop
 endfacet
 facet normal -8.572268e-01 -5.149390e-01 -0.000000e+00
   outer loop
     vertex -1.946556e+01 -1.225120e+01  5.000000e+00
     vertex -1.995834e+01 -1.143086e+01  5.000000e+00
     vertex -1.946556e+01 -1.225120e+01  3.000000e+00
   endloop
 endfacet
 facet normal -8.350641e-01 -5.501526e-01 -0.000000e+00
   outer loop
     vertex -1.893908e+01 -1.305034e+01  5.000000e+00
     vertex -1.946556e+01 -1.225120e+01  3.000000e+00
     vertex -1.893908e+01 -1.305034e+01  3.000000e+00
   endloop
 endfacet
 facet normal -8.350641e-01 -5.501526e-01  0.000000e+00
   outer loop
     vertex -1.893908e+01 -1.305034e+01  5.000000e+00
     vertex -1.946556e+01 -1.225120e+01  5.000000e+00
     vertex -1.946556e+01 -1.225120e+01  3.000000e+00
   endloop
 endfacet
 facet normal -8.114558e-01 -5.844138e-01 -0.000000e+00
   outer loop
     vertex -1.837981e+01 -1.382688e+01  5.000000e+00
     vertex -1.893908e+01 -1.305034e+01  3.000000e+00
     vertex -1.837981e+01 -1.382688e+01  3.000000e+00
   endloop
 endfacet
 facet normal -8.114558e-01 -5.844138e-01  0.000000e+00
   outer loop
     vertex -1.837981e+01 -1.382688e+01  5.000000e+00
     vertex -1.893908e+01 -1.305034e+01  5.000000e+00
     vertex -1.893908e+01 -1.305034e+01  3.000000e+00
   endloop
 endfacet
 facet normal -7.864427e-01 -6.176633e-01 -0.000000e+00
   outer loop
     vertex -1.778872e+01 -1.457948e+01  5.000000e+00
     vertex -1.837981e+01 -1.382688e+01  3.000000e+00
     vertex -1.778872e+01 -1.457948e+01  3.000000e+00
   endloop
 endfacet
 facet normal -7.600681e-01 -6.498435e-01 -0.000000e+00
   outer loop
     vertex -1.778872e+01 -1.457948e+01  5.000000e+00
     vertex -1.778872e+01 -1.457948e+01  3.000000e+00
     vertex -1.716684e+01 -1.530685e+01  3.000000e+00
   endloop
 endfacet
 facet normal -7.864427e-01 -6.176633e-01  0.000000e+00
   outer loop
     vertex -1.778872e+01 -1.457948e+01  5.000000e+00
     vertex -1.837981e+01 -1.382688e+01  5.000000e+00
     vertex -1.837981e+01 -1.382688e+01  3.000000e+00
   endloop
 endfacet
 facet normal -7.600681e-01 -6.498435e-01 -0.000000e+00
   outer loop
     vertex -1.716684e+01 -1.530685e+01  5.000000e+00
     vertex -1.778872e+01 -1.457948e+01  5.000000e+00
     vertex -1.716684e+01 -1.530685e+01  3.000000e+00
   endloop
 endfacet
 facet normal -7.323776e-01 -6.808987e-01 -0.000000e+00
   outer loop
     vertex -1.651524e+01 -1.600771e+01  5.000000e+00
     vertex -1.716684e+01 -1.530685e+01  3.000000e+00
     vertex -1.651524e+01 -1.600771e+01  3.000000e+00
   endloop
 endfacet
 facet normal -7.323776e-01 -6.808987e-01  0.000000e+00
   outer loop
     vertex -1.651524e+01 -1.600771e+01  5.000000e+00
     vertex -1.716684e+01 -1.530685e+01  5.000000e+00
     vertex -1.716684e+01 -1.530685e+01  3.000000e+00
   endloop
 endfacet
 facet normal -7.034193e-01 -7.107751e-01 -0.000000e+00
   outer loop
     vertex -1.583505e+01 -1.668087e+01  5.000000e+00
     vertex -1.651524e+01 -1.600771e+01  3.000000e+00
     vertex -1.583505e+01 -1.668087e+01  3.000000e+00
   endloop
 endfacet
 facet normal -7.034193e-01 -7.107751e-01  0.000000e+00
   outer loop
     vertex -1.583505e+01 -1.668087e+01  5.000000e+00
     vertex -1.651524e+01 -1.600771e+01  5.000000e+00
     vertex -1.651524e+01 -1.600771e+01  3.000000e+00
   endloop
 endfacet
 facet normal -6.732433e-01 -7.394210e-01 -0.000000e+00
   outer loop
     vertex -1.512744e+01 -1.732514e+01  5.000000e+00
     vertex -1.583505e+01 -1.668087e+01  3.000000e+00
     vertex -1.512744e+01 -1.732514e+01  3.000000e+00
   endloop
 endfacet
 facet normal -6.732433e-01 -7.394210e-01  0.000000e+00
   outer loop
     vertex -1.512744e+01 -1.732514e+01  5.000000e+00
     vertex -1.583505e+01 -1.668087e+01  5.000000e+00
     vertex -1.583505e+01 -1.668087e+01  3.000000e+00
   endloop
 endfacet
 facet normal -6.419018e-01 -7.667869e-01 -0.000000e+00
   outer loop
     vertex -1.439365e+01 -1.793942e+01  5.000000e+00
     vertex -1.512744e+01 -1.732514e+01  3.000000e+00
     vertex -1.439365e+01 -1.793942e+01  3.000000e+00
   endloop
 endfacet
 facet normal -6.094489e-01 -7.928253e-01 -0.000000e+00
   outer loop
     vertex -1.439365e+01 -1.793942e+01  5.000000e+00
     vertex -1.439365e+01 -1.793942e+01  3.000000e+00
     vertex -1.363494e+01 -1.852265e+01  3.000000e+00
   endloop
 endfacet
 facet normal -6.419018e-01 -7.667869e-01  0.000000e+00
   outer loop
     vertex -1.439365e+01 -1.793942e+01  5.000000e+00
     vertex -1.512744e+01 -1.732514e+01  5.000000e+00
     vertex -1.512744e+01 -1.732514e+01  3.000000e+00
   endloop
 endfacet
 facet normal -5.759411e-01 -8.174912e-01 -0.000000e+00
   outer loop
     vertex -1.363494e+01 -1.852265e+01  5.000000e+00
     vertex -1.363494e+01 -1.852265e+01  3.000000e+00
     vertex -1.285262e+01 -1.907381e+01  3.000000e+00
   endloop
 endfacet
 facet normal -6.094489e-01 -7.928253e-01 -0.000000e+00
   outer loop
     vertex -1.363494e+01 -1.852265e+01  5.000000e+00
     vertex -1.439365e+01 -1.793942e+01  5.000000e+00
     vertex -1.363494e+01 -1.852265e+01  3.000000e+00
   endloop
 endfacet
 facet normal -5.414361e-01 -8.407419e-01 -0.000000e+00
   outer loop
     vertex -1.285262e+01 -1.907381e+01  5.000000e+00
     vertex -1.285262e+01 -1.907381e+01  3.000000e+00
     vertex -1.204805e+01 -1.959195e+01  3.000000e+00
   endloop
 endfacet
 facet normal -5.759411e-01 -8.174912e-01 -0.000000e+00
   outer loop
     vertex -1.285262e+01 -1.907381e+01  5.000000e+00
     vertex -1.363494e+01 -1.852265e+01  5.000000e+00
     vertex -1.285262e+01 -1.907381e+01  3.000000e+00
   endloop
 endfacet
 facet normal -5.414361e-01 -8.407419e-01 -0.000000e+00
   outer loop
     vertex -1.204805e+01 -1.959195e+01  5.000000e+00
     vertex -1.285262e+01 -1.907381e+01  5.000000e+00
     vertex -1.204805e+01 -1.959195e+01  3.000000e+00
   endloop
 endfacet
 facet normal -5.059939e-01 -8.625371e-01  0.000000e+00
   outer loop
     vertex -1.122263e+01 -2.007617e+01  5.000000e+00
     vertex -1.204805e+01 -1.959195e+01  5.000000e+00
     vertex -1.204805e+01 -1.959195e+01  3.000000e+00
   endloop
 endfacet
 facet normal -5.059939e-01 -8.625371e-01 -0.000000e+00
   outer loop
     vertex -1.122263e+01 -2.007617e+01  5.000000e+00
     vertex -1.204805e+01 -1.959195e+01  3.000000e+00
     vertex -1.122263e+01 -2.007617e+01  3.000000e+00
   endloop
 endfacet
 facet normal -4.696757e-01 -8.828390e-01  0.000000e+00
   outer loop
     vertex -1.037778e+01 -2.052564e+01  5.000000e+00
     vertex -1.122263e+01 -2.007617e+01  5.000000e+00
     vertex -1.122263e+01 -2.007617e+01  3.000000e+00
   endloop
 endfacet
 facet normal -4.696757e-01 -8.828390e-01 -0.000000e+00
   outer loop
     vertex -1.037778e+01 -2.052564e+01  5.000000e+00
     vertex -1.122263e+01 -2.007617e+01  3.000000e+00
     vertex -1.037778e+01 -2.052564e+01  3.000000e+00
   endloop
 endfacet
 facet normal -4.325443e-01 -9.016127e-01  0.000000e+00
   outer loop
     vertex -9.514958e+00 -2.093957e+01  5.000000e+00
     vertex -1.037778e+01 -2.052564e+01  5.000000e+00
     vertex -1.037778e+01 -2.052564e+01  3.000000e+00
   endloop
 endfacet
 facet normal -4.325443e-01 -9.016127e-01 -0.000000e+00
   outer loop
     vertex -9.514958e+00 -2.093957e+01  5.000000e+00
     vertex -1.037778e+01 -2.052564e+01  3.000000e+00
     vertex -9.514958e+00 -2.093957e+01  3.000000e+00
   endloop
 endfacet
 facet normal -3.946642e-01 -9.188254e-01  0.000000e+00
   outer loop
     vertex -8.635667e+00 -2.131725e+01  5.000000e+00
     vertex -9.514958e+00 -2.093957e+01  5.000000e+00
     vertex -9.514958e+00 -2.093957e+01  3.000000e+00
   endloop
 endfacet
 facet normal -3.946642e-01 -9.188254e-01 -0.000000e+00
   outer loop
     vertex -8.635667e+00 -2.131725e+01  5.000000e+00
     vertex -9.514958e+00 -2.093957e+01  3.000000e+00
     vertex -8.635667e+00 -2.131725e+01  3.000000e+00
   endloop
 endfacet
 facet normal -3.561008e-01 -9.344475e-01 -0.000000e+00
   outer loop
     vertex -8.635667e+00 -2.131725e+01  5.000000e+00
     vertex -8.635667e+00 -2.131725e+01  3.000000e+00
     vertex -7.741426e+00 -2.165803e+01  3.000000e+00
   endloop
 endfacet
 facet normal -3.561008e-01 -9.344475e-01 -0.000000e+00
   outer loop
     vertex -7.741426e+00 -2.165803e+01  5.000000e+00
     vertex -8.635667e+00 -2.131725e+01  5.000000e+00
     vertex -7.741426e+00 -2.165803e+01  3.000000e+00
   endloop
 endfacet
 facet normal -3.169210e-01 -9.484519e-01  0.000000e+00
   outer loop
     vertex -6.833784e+00 -2.196132e+01  5.000000e+00
     vertex -7.741426e+00 -2.165803e+01  5.000000e+00
     vertex -7.741426e+00 -2.165803e+01  3.000000e+00
   endloop
 endfacet
 facet normal -3.169210e-01 -9.484519e-01 -0.000000e+00
   outer loop
     vertex -6.833784e+00 -2.196132e+01  5.000000e+00
     vertex -7.741426e+00 -2.165803e+01  3.000000e+00
     vertex -6.833784e+00 -2.196132e+01  3.000000e+00
   endloop
 endfacet
 facet normal -2.771925e-01 -9.608144e-01 -0.000000e+00
   outer loop
     vertex -6.833784e+00 -2.196132e+01  5.000000e+00
     vertex -6.833784e+00 -2.196132e+01  3.000000e+00
     vertex -5.914311e+00 -2.222658e+01  3.000000e+00
   endloop
 endfacet
 facet normal -2.771925e-01 -9.608144e-01 -0.000000e+00
   outer loop
     vertex -5.914311e+00 -2.222658e+01  5.000000e+00
     vertex -6.833784e+00 -2.196132e+01  5.000000e+00
     vertex -5.914311e+00 -2.222658e+01  3.000000e+00
   endloop
 endfacet
 facet normal -2.369841e-01 -9.715135e-01  0.000000e+00
   outer loop
     vertex -4.984599e+00 -2.245337e+01  5.000000e+00
     vertex -5.914311e+00 -2.222658e+01  5.000000e+00
     vertex -5.914311e+00 -2.222658e+01  3.000000e+00
   endloop
 endfacet
 facet normal -2.369841e-01 -9.715135e-01 -0.000000e+00
   outer loop
     vertex -4.984599e+00 -2.245337e+01  5.000000e+00
     vertex -5.914311e+00 -2.222658e+01  3.000000e+00
     vertex -4.984599e+00 -2.245337e+01  3.000000e+00
   endloop
 endfacet
 facet normal -1.963655e-01 -9.805308e-01  0.000000e+00
   outer loop
     vertex -4.046259e+00 -2.264129e+01  5.000000e+00
     vertex -4.984599e+00 -2.245337e+01  5.000000e+00
     vertex -4.984599e+00 -2.245337e+01  3.000000e+00
   endloop
 endfacet
 facet normal -1.963655e-01 -9.805308e-01 -0.000000e+00
   outer loop
     vertex -4.046259e+00 -2.264129e+01  5.000000e+00
     vertex -4.984599e+00 -2.245337e+01  3.000000e+00
     vertex -4.046259e+00 -2.264129e+01  3.000000e+00
   endloop
 endfacet
 facet normal -1.554069e-01 -9.878505e-01 -0.000000e+00
   outer loop
     vertex -4.046259e+00 -2.264129e+01  5.000000e+00
     vertex -4.046259e+00 -2.264129e+01  3.000000e+00
     vertex -3.100913e+00 -2.279001e+01  3.000000e+00
   endloop
 endfacet
 facet normal -1.554069e-01 -9.878505e-01 -0.000000e+00
   outer loop
     vertex -3.100913e+00 -2.279001e+01  5.000000e+00
     vertex -4.046259e+00 -2.264129e+01  5.000000e+00
     vertex -3.100913e+00 -2.279001e+01  3.000000e+00
   endloop
 endfacet
 facet normal -1.141793e-01 -9.934602e-01 -0.000000e+00
   outer loop
     vertex -3.100913e+00 -2.279001e+01  5.000000e+00
     vertex -3.100913e+00 -2.279001e+01  3.000000e+00
     vertex -2.150199e+00 -2.289927e+01  3.000000e+00
   endloop
 endfacet
 facet normal -1.141793e-01 -9.934602e-01 -0.000000e+00
   outer loop
     vertex -2.150199e+00 -2.289927e+01  5.000000e+00
     vertex -3.100913e+00 -2.279001e+01  5.000000e+00
     vertex -2.150199e+00 -2.289927e+01  3.000000e+00
   endloop
 endfacet
 facet normal -7.275404e-02 -9.973499e-01  0.000000e+00
   outer loop
     vertex -1.195763e+00 -2.296890e+01  5.000000e+00
     vertex -2.150199e+00 -2.289927e+01  5.000000e+00
     vertex -2.150199e+00 -2.289927e+01  3.000000e+00
   endloop
 endfacet
 facet normal -7.275404e-02 -9.973499e-01 -0.000000e+00
   outer loop
     vertex -1.195763e+00 -2.296890e+01  5.000000e+00
     vertex -2.150199e+00 -2.289927e+01  3.000000e+00
     vertex -1.195763e+00 -2.296890e+01  3.000000e+00
   endloop
 endfacet
 facet normal -3.120281e-02 -9.995131e-01  0.000000e+00
   outer loop
     vertex -2.392561e-01 -2.299876e+01  5.000000e+00
     vertex -1.195763e+00 -2.296890e+01  5.000000e+00
     vertex -1.195763e+00 -2.296890e+01  3.000000e+00
   endloop
 endfacet
 facet normal -3.120281e-02 -9.995131e-01 -0.000000e+00
   outer loop
     vertex -2.392561e-01 -2.299876e+01  5.000000e+00
     vertex -1.195763e+00 -2.296890e+01  3.000000e+00
     vertex -2.392561e-01 -2.299876e+01  3.000000e+00
   endloop
 endfacet
 facet normal  1.040244e-02 -9.999459e-01  0.000000e+00
   outer loop
     vertex  7.176646e-01 -2.298880e+01  5.000000e+00
     vertex -2.392561e-01 -2.299876e+01  5.000000e+00
     vertex -2.392561e-01 -2.299876e+01  3.000000e+00
   endloop
 endfacet
 facet normal  1.040244e-02 -9.999459e-01  0.000000e+00
   outer loop
     vertex  7.176646e-01 -2.298880e+01  5.000000e+00
     vertex -2.392561e-01 -2.299876e+01  3.000000e+00
     vertex  7.176646e-01 -2.298880e+01  3.000000e+00
   endloop
 endfacet
 facet normal  5.198967e-02 -9.986476e-01  0.000000e+00
   outer loop
     vertex  7.176646e-01 -2.298880e+01  5.000000e+00
     vertex  7.176646e-01 -2.298880e+01  3.000000e+00
     vertex  1.673343e+00 -2.293905e+01  3.000000e+00
   endloop
 endfacet
 facet normal  5.198967e-02 -9.986476e-01  0.000000e+00
   outer loop
     vertex  1.673343e+00 -2.293905e+01  5.000000e+00
     vertex  7.176646e-01 -2.298880e+01  5.000000e+00
     vertex  1.673343e+00 -2.293905e+01  3.000000e+00
   endloop
 endfacet
 facet normal  9.348691e-02 -9.956205e-01  0.000000e+00
   outer loop
     vertex  2.626124e+00 -2.284958e+01  5.000000e+00
     vertex  1.673343e+00 -2.293905e+01  5.000000e+00
     vertex  1.673343e+00 -2.293905e+01  3.000000e+00
   endloop
 endfacet
 facet normal  9.348691e-02 -9.956205e-01  0.000000e+00
   outer loop
     vertex  2.626124e+00 -2.284958e+01  5.000000e+00
     vertex  1.673343e+00 -2.293905e+01  3.000000e+00
     vertex  2.626124e+00 -2.284958e+01  3.000000e+00
   endloop
 endfacet
 facet normal  1.348223e-01 -9.908698e-01  0.000000e+00
   outer loop
     vertex  2.626124e+00 -2.284958e+01  5.000000e+00
     vertex  2.626124e+00 -2.284958e+01  3.000000e+00
     vertex  3.574359e+00 -2.272056e+01  3.000000e+00
   endloop
 endfacet
 facet normal  1.348223e-01 -9.908698e-01  0.000000e+00
   outer loop
     vertex  3.574359e+00 -2.272056e+01  5.000000e+00
     vertex  2.626124e+00 -2.284958e+01  5.000000e+00
     vertex  3.574359e+00 -2.272056e+01  3.000000e+00
   endloop
 endfacet
 facet normal  1.759243e-01 -9.844037e-01  0.000000e+00
   outer loop
     vertex  3.574359e+00 -2.272056e+01  5.000000e+00
     vertex  3.574359e+00 -2.272056e+01  3.000000e+00
     vertex  4.516406e+00 -2.255221e+01  3.000000e+00
   endloop
 endfacet
 facet normal  1.759243e-01 -9.844037e-01  0.000000e+00
   outer loop
     vertex  4.516406e+00 -2.255221e+01  5.000000e+00
     vertex  3.574359e+00 -2.272056e+01  5.000000e+00
     vertex  4.516406e+00 -2.255221e+01  3.000000e+00
   endloop
 endfacet
 facet normal  2.167217e-01 -9.762334e-01  0.000000e+00
   outer loop
     vertex  5.450635e+00 -2.234481e+01  5.000000e+00
     vertex  4.516406e+00 -2.255221e+01  3.000000e+00
     vertex  5.450635e+00 -2.234481e+01  3.000000e+00
   endloop
 endfacet
 facet normal  2.167217e-01 -9.762334e-01  0.000000e+00
   outer loop
     vertex  5.450635e+00 -2.234481e+01  5.000000e+00
     vertex  4.516406e+00 -2.255221e+01  5.000000e+00
     vertex  4.516406e+00 -2.255221e+01  3.000000e+00
   endloop
 endfacet
 facet normal  2.571440e-01 -9.663731e-01  0.000000e+00
   outer loop
     vertex  6.375427e+00 -2.209873e+01  5.000000e+00
     vertex  5.450635e+00 -2.234481e+01  3.000000e+00
     vertex  6.375427e+00 -2.209873e+01  3.000000e+00
   endloop
 endfacet
 facet normal  2.571440e-01 -9.663731e-01  0.000000e+00
   outer loop
     vertex  6.375427e+00 -2.209873e+01  5.000000e+00
     vertex  5.450635e+00 -2.234481e+01  5.000000e+00
     vertex  5.450635e+00 -2.234481e+01  3.000000e+00
   endloop
 endfacet
 facet normal  2.971210e-01 -9.548398e-01  0.000000e+00
   outer loop
     vertex  7.289183e+00 -2.181439e+01  5.000000e+00
     vertex  6.375427e+00 -2.209873e+01  3.000000e+00
     vertex  7.289183e+00 -2.181439e+01  3.000000e+00
   endloop
 endfacet
 facet normal  2.971210e-01 -9.548398e-01  0.000000e+00
   outer loop
     vertex  7.289183e+00 -2.181439e+01  5.000000e+00
     vertex  6.375427e+00 -2.209873e+01  5.000000e+00
     vertex  6.375427e+00 -2.209873e+01  3.000000e+00
   endloop
 endfacet
 facet normal  3.365838e-01 -9.416535e-01  0.000000e+00
   outer loop
     vertex  8.190319e+00 -2.149229e+01  5.000000e+00
     vertex  7.289183e+00 -2.181439e+01  3.000000e+00
     vertex  8.190319e+00 -2.149229e+01  3.000000e+00
   endloop
 endfacet
 facet normal  3.365838e-01 -9.416535e-01  0.000000e+00
   outer loop
     vertex  8.190319e+00 -2.149229e+01  5.000000e+00
     vertex  7.289183e+00 -2.181439e+01  5.000000e+00
     vertex  7.289183e+00 -2.181439e+01  3.000000e+00
   endloop
 endfacet
 facet normal  3.754638e-01 -9.268371e-01  0.000000e+00
   outer loop
     vertex  9.077277e+00 -2.113298e+01  5.000000e+00
     vertex  8.190319e+00 -2.149229e+01  3.000000e+00
     vertex  9.077277e+00 -2.113298e+01  3.000000e+00
   endloop
 endfacet
 facet normal  4.136938e-01 -9.104161e-01  0.000000e+00
   outer loop
     vertex  9.077277e+00 -2.113298e+01  5.000000e+00
     vertex  9.077277e+00 -2.113298e+01  3.000000e+00
     vertex  9.948520e+00 -2.073709e+01  3.000000e+00
   endloop
 endfacet
 facet normal  3.754638e-01 -9.268371e-01  0.000000e+00
   outer loop
     vertex  9.077277e+00 -2.113298e+01  5.000000e+00
     vertex  8.190319e+00 -2.149229e+01  5.000000e+00
     vertex  8.190319e+00 -2.149229e+01  3.000000e+00
   endloop
 endfacet
 facet normal  4.136938e-01 -9.104161e-01  0.000000e+00
   outer loop
     vertex  9.948520e+00 -2.073709e+01  5.000000e+00
     vertex  9.077277e+00 -2.113298e+01  5.000000e+00
     vertex  9.948520e+00 -2.073709e+01  3.000000e+00
   endloop
 endfacet
 facet normal  4.512077e-01 -8.924190e-01  0.000000e+00
   outer loop
     vertex  1.080254e+01 -2.030530e+01  5.000000e+00
     vertex  9.948520e+00 -2.073709e+01  5.000000e+00
     vertex  9.948520e+00 -2.073709e+01  3.000000e+00
   endloop
 endfacet
 facet normal  4.512077e-01 -8.924190e-01  0.000000e+00
   outer loop
     vertex  1.080254e+01 -2.030530e+01  5.000000e+00
     vertex  9.948520e+00 -2.073709e+01  3.000000e+00
     vertex  1.080254e+01 -2.030530e+01  3.000000e+00
   endloop
 endfacet
 facet normal  4.879404e-01 -8.728770e-01  0.000000e+00
   outer loop
     vertex  1.080254e+01 -2.030530e+01  5.000000e+00
     vertex  1.080254e+01 -2.030530e+01  3.000000e+00
     vertex  1.163786e+01 -1.983835e+01  3.000000e+00
   endloop
 endfacet
 facet normal  4.879404e-01 -8.728770e-01  0.000000e+00
   outer loop
     vertex  1.163786e+01 -1.983835e+01  5.000000e+00
     vertex  1.080254e+01 -2.030530e+01  5.000000e+00
     vertex  1.163786e+01 -1.983835e+01  3.000000e+00
   endloop
 endfacet
 facet normal  5.238284e-01 -8.518238e-01  0.000000e+00
   outer loop
     vertex  1.245303e+01 -1.933706e+01  5.000000e+00
     vertex  1.163786e+01 -1.983835e+01  5.000000e+00
     vertex  1.163786e+01 -1.983835e+01  3.000000e+00
   endloop
 endfacet
 facet normal  5.238284e-01 -8.518238e-01  0.000000e+00
   outer loop
     vertex  1.245303e+01 -1.933706e+01  5.000000e+00
     vertex  1.163786e+01 -1.983835e+01  3.000000e+00
     vertex  1.245303e+01 -1.933706e+01  3.000000e+00
   endloop
 endfacet
 facet normal  5.588095e-01 -8.292960e-01  0.000000e+00
   outer loop
     vertex  1.324664e+01 -1.880230e+01  5.000000e+00
     vertex  1.245303e+01 -1.933706e+01  5.000000e+00
     vertex  1.245303e+01 -1.933706e+01  3.000000e+00
   endloop
 endfacet
 facet normal  5.588095e-01 -8.292960e-01  0.000000e+00
   outer loop
     vertex  1.324664e+01 -1.880230e+01  5.000000e+00
     vertex  1.245303e+01 -1.933706e+01  3.000000e+00
     vertex  1.324664e+01 -1.880230e+01  3.000000e+00
   endloop
 endfacet
 facet normal  5.928233e-01 -8.053326e-01  0.000000e+00
   outer loop
     vertex  1.324664e+01 -1.880230e+01  5.000000e+00
     vertex  1.324664e+01 -1.880230e+01  3.000000e+00
     vertex  1.401733e+01 -1.823498e+01  3.000000e+00
   endloop
 endfacet
 facet normal  5.928233e-01 -8.053326e-01  0.000000e+00
   outer loop
     vertex  1.401733e+01 -1.823498e+01  5.000000e+00
     vertex  1.324664e+01 -1.880230e+01  5.000000e+00
     vertex  1.401733e+01 -1.823498e+01  3.000000e+00
   endloop
 endfacet
 facet normal  6.258108e-01 -7.799749e-01  0.000000e+00
   outer loop
     vertex  1.401733e+01 -1.823498e+01  5.000000e+00
     vertex  1.401733e+01 -1.823498e+01  3.000000e+00
     vertex  1.476374e+01 -1.763610e+01  3.000000e+00
   endloop
 endfacet
 facet normal  6.258108e-01 -7.799749e-01  0.000000e+00
   outer loop
     vertex  1.476374e+01 -1.763610e+01  5.000000e+00
     vertex  1.401733e+01 -1.823498e+01  5.000000e+00
     vertex  1.476374e+01 -1.763610e+01  3.000000e+00
   endloop
 endfacet
 facet normal  6.577149e-01 -7.532670e-01  0.000000e+00
   outer loop
     vertex  1.548460e+01 -1.700668e+01  5.000000e+00
     vertex  1.476374e+01 -1.763610e+01  5.000000e+00
     vertex  1.476374e+01 -1.763610e+01  3.000000e+00
   endloop
 endfacet
 facet normal  6.577149e-01 -7.532670e-01  0.000000e+00
   outer loop
     vertex  1.548460e+01 -1.700668e+01  5.000000e+00
     vertex  1.476374e+01 -1.763610e+01  3.000000e+00
     vertex  1.548460e+01 -1.700668e+01  3.000000e+00
   endloop
 endfacet
 facet normal  6.884803e-01 -7.252550e-01  0.000000e+00
   outer loop
     vertex  1.617865e+01 -1.634783e+01  5.000000e+00
     vertex  1.548460e+01 -1.700668e+01  5.000000e+00
     vertex  1.548460e+01 -1.700668e+01  3.000000e+00
   endloop
 endfacet
 facet normal  6.884803e-01 -7.252550e-01  0.000000e+00
   outer loop
     vertex  1.617865e+01 -1.634783e+01  5.000000e+00
     vertex  1.548460e+01 -1.700668e+01  3.000000e+00
     vertex  1.617865e+01 -1.634783e+01  3.000000e+00
   endloop
 endfacet
 facet normal  7.180539e-01 -6.959875e-01  0.000000e+00
   outer loop
     vertex  1.684469e+01 -1.566067e+01  5.000000e+00
     vertex  1.617865e+01 -1.634783e+01  5.000000e+00
     vertex  1.617865e+01 -1.634783e+01  3.000000e+00
   endloop
 endfacet
 facet normal  7.180539e-01 -6.959875e-01  0.000000e+00
   outer loop
     vertex  1.684469e+01 -1.566067e+01  5.000000e+00
     vertex  1.617865e+01 -1.634783e+01  3.000000e+00
     vertex  1.684469e+01 -1.566067e+01  3.000000e+00
   endloop
 endfacet
 facet normal  7.463844e-01 -6.655151e-01  0.000000e+00
   outer loop
     vertex  1.684469e+01 -1.566067e+01  5.000000e+00
     vertex  1.684469e+01 -1.566067e+01  3.000000e+00
     vertex  1.748157e+01 -1.494640e+01  3.000000e+00
   endloop
 endfacet
 facet normal  7.463844e-01 -6.655151e-01  0.000000e+00
   outer loop
     vertex  1.748157e+01 -1.494640e+01  5.000000e+00
     vertex  1.684469e+01 -1.566067e+01  5.000000e+00
     vertex  1.748157e+01 -1.494640e+01  3.000000e+00
   endloop
 endfacet
 facet normal  7.734227e-01 -6.338906e-01  0.000000e+00
   outer loop
     vertex  1.748157e+01 -1.494640e+01  5.000000e+00
     vertex  1.748157e+01 -1.494640e+01  3.000000e+00
     vertex  1.808818e+01 -1.420626e+01  3.000000e+00
   endloop
 endfacet
 facet normal  7.734227e-01 -6.338906e-01  0.000000e+00
   outer loop
     vertex  1.808818e+01 -1.420626e+01  5.000000e+00
     vertex  1.748157e+01 -1.494640e+01  5.000000e+00
     vertex  1.808818e+01 -1.420626e+01  3.000000e+00
   endloop
 endfacet
 facet normal  7.991222e-01 -6.011687e-01  0.000000e+00
   outer loop
     vertex  1.866348e+01 -1.344152e+01  5.000000e+00
     vertex  1.808818e+01 -1.420626e+01  5.000000e+00
     vertex  1.808818e+01 -1.420626e+01  3.000000e+00
   endloop
 endfacet
 facet normal  7.991222e-01 -6.011687e-01  0.000000e+00
   outer loop
     vertex  1.866348e+01 -1.344152e+01  5.000000e+00
     vertex  1.808818e+01 -1.420626e+01  3.000000e+00
     vertex  1.866348e+01 -1.344152e+01  3.000000e+00
   endloop
 endfacet
 facet normal  8.234382e-01 -5.674060e-01  0.000000e+00
   outer loop
     vertex  1.866348e+01 -1.344152e+01  5.000000e+00
     vertex  1.866348e+01 -1.344152e+01  3.000000e+00
     vertex  1.920648e+01 -1.265351e+01  3.000000e+00
   endloop
 endfacet
 facet normal  8.234382e-01 -5.674060e-01  0.000000e+00
   outer loop
     vertex  1.920648e+01 -1.265351e+01  5.000000e+00
     vertex  1.866348e+01 -1.344152e+01  5.000000e+00
     vertex  1.920648e+01 -1.265351e+01  3.000000e+00
   endloop
 endfacet
 facet normal  8.463286e-01 -5.326611e-01  0.000000e+00
   outer loop
     vertex  1.971622e+01 -1.184360e+01  5.000000e+00
     vertex  1.920648e+01 -1.265351e+01  5.000000e+00
     vertex  1.920648e+01 -1.265351e+01  3.000000e+00
   endloop
 endfacet
 facet normal  8.463286e-01 -5.326611e-01  0.000000e+00
   outer loop
     vertex  1.971622e+01 -1.184360e+01  5.000000e+00
     vertex  1.920648e+01 -1.265351e+01  3.000000e+00
     vertex  1.971622e+01 -1.184360e+01  3.000000e+00
   endloop
 endfacet
 facet normal  8.677540e-01 -4.969940e-01  0.000000e+00
   outer loop
     vertex  1.971622e+01 -1.184360e+01  5.000000e+00
     vertex  1.971622e+01 -1.184360e+01  3.000000e+00
     vertex  2.019183e+01 -1.101318e+01  3.000000e+00
   endloop
 endfacet
 facet normal  8.677540e-01 -4.969940e-01  0.000000e+00
   outer loop
     vertex  2.019183e+01 -1.101318e+01  5.000000e+00
     vertex  1.971622e+01 -1.184360e+01  5.000000e+00
     vertex  2.019183e+01 -1.101318e+01  3.000000e+00
   endloop
 endfacet
 facet normal  8.876770e-01 -4.604666e-01  0.000000e+00
   outer loop
     vertex  2.019183e+01 -1.101318e+01  5.000000e+00
     vertex  2.019183e+01 -1.101318e+01  3.000000e+00
     vertex  2.063248e+01 -1.016370e+01  3.000000e+00
   endloop
 endfacet
 facet normal  8.876770e-01 -4.604666e-01  0.000000e+00
   outer loop
     vertex  2.063248e+01 -1.016370e+01  5.000000e+00
     vertex  2.019183e+01 -1.101318e+01  5.000000e+00
     vertex  2.063248e+01 -1.016370e+01  3.000000e+00
   endloop
 endfacet
 facet normal  9.060634e-01 -4.231420e-01  0.000000e+00
   outer loop
     vertex  2.103742e+01 -9.296620e+00  5.000000e+00
     vertex  2.063248e+01 -1.016370e+01  5.000000e+00
     vertex  2.063248e+01 -1.016370e+01  3.000000e+00
   endloop
 endfacet
 facet normal  9.060634e-01 -4.231420e-01  0.000000e+00
   outer loop
     vertex  2.103742e+01 -9.296620e+00  5.000000e+00
     vertex  2.063248e+01 -1.016370e+01  3.000000e+00
     vertex  2.103742e+01 -9.296620e+00  3.000000e+00
   endloop
 endfacet
 facet normal  9.228812e-01 -3.850848e-01  0.000000e+00
   outer loop
     vertex  2.140593e+01 -8.413448e+00  5.000000e+00
     vertex  2.103742e+01 -9.296620e+00  5.000000e+00
     vertex  2.103742e+01 -9.296620e+00  3.000000e+00
   endloop
 endfacet
 facet normal  9.228812e-01 -3.850848e-01  0.000000e+00
   outer loop
     vertex  2.140593e+01 -8.413448e+00  5.000000e+00
     vertex  2.103742e+01 -9.296620e+00  3.000000e+00
     vertex  2.140593e+01 -8.413448e+00  3.000000e+00
   endloop
 endfacet
 facet normal  9.381013e-01 -3.463610e-01  0.000000e+00
   outer loop
     vertex  2.140593e+01 -8.413448e+00  5.000000e+00
     vertex  2.140593e+01 -8.413448e+00  3.000000e+00
     vertex  2.173739e+01 -7.515711e+00  3.000000e+00
   endloop
 endfacet
 facet normal  9.381013e-01 -3.463610e-01  0.000000e+00
   outer loop
     vertex  2.173739e+01 -7.515711e+00  5.000000e+00
     vertex  2.140593e+01 -8.413448e+00  5.000000e+00
     vertex  2.173739e+01 -7.515711e+00  3.000000e+00
   endloop
 endfacet
 facet normal  9.516974e-01 -3.070376e-01  0.000000e+00
   outer loop
     vertex  2.203122e+01 -6.604963e+00  5.000000e+00
     vertex  2.173739e+01 -7.515711e+00  5.000000e+00
     vertex  2.173739e+01 -7.515711e+00  3.000000e+00
   endloop
 endfacet
 facet normal  9.516974e-01 -3.070376e-01  0.000000e+00
   outer loop
     vertex  2.203122e+01 -6.604963e+00  5.000000e+00
     vertex  2.173739e+01 -7.515711e+00  3.000000e+00
     vertex  2.203122e+01 -6.604963e+00  3.000000e+00
   endloop
 endfacet
 facet normal  9.636459e-01 -2.671827e-01  0.000000e+00
   outer loop
     vertex  2.228690e+01 -5.682781e+00  5.000000e+00
     vertex  2.203122e+01 -6.604963e+00  5.000000e+00
     vertex  2.203122e+01 -6.604963e+00  3.000000e+00
   endloop
 endfacet
 facet normal  9.636459e-01 -2.671827e-01  0.000000e+00
   outer loop
     vertex  2.228690e+01 -5.682781e+00  5.000000e+00
     vertex  2.203122e+01 -6.604963e+00  3.000000e+00
     vertex  2.228690e+01 -5.682781e+00  3.000000e+00
   endloop
 endfacet
 facet normal  9.739262e-01 -2.268652e-01  0.000000e+00
   outer loop
     vertex  2.228690e+01 -5.682781e+00  5.000000e+00
     vertex  2.228690e+01 -5.682781e+00  3.000000e+00
     vertex  2.250401e+01 -4.750760e+00  3.000000e+00
   endloop
 endfacet
 facet normal  9.739262e-01 -2.268652e-01  0.000000e+00
   outer loop
     vertex  2.250401e+01 -4.750760e+00  5.000000e+00
     vertex  2.228690e+01 -5.682781e+00  5.000000e+00
     vertex  2.250401e+01 -4.750760e+00  3.000000e+00
   endloop
 endfacet
 facet normal  9.825204e-01 -1.861550e-01  0.000000e+00
   outer loop
     vertex  2.268215e+01 -3.810515e+00  5.000000e+00
     vertex  2.250401e+01 -4.750760e+00  5.000000e+00
     vertex  2.250401e+01 -4.750760e+00  3.000000e+00
   endloop
 endfacet
 facet normal  9.825204e-01 -1.861550e-01  0.000000e+00
   outer loop
     vertex  2.268215e+01 -3.810515e+00  5.000000e+00
     vertex  2.250401e+01 -4.750760e+00  3.000000e+00
     vertex  2.268215e+01 -3.810515e+00  3.000000e+00
   endloop
 endfacet
 facet normal  9.894137e-01 -1.451225e-01  0.000000e+00
   outer loop
     vertex  2.268215e+01 -3.810515e+00  5.000000e+00
     vertex  2.268215e+01 -3.810515e+00  3.000000e+00
     vertex  2.282103e+01 -2.863673e+00  3.000000e+00
   endloop
 endfacet
 facet normal  9.894137e-01 -1.451225e-01  0.000000e+00
   outer loop
     vertex  2.282103e+01 -2.863673e+00  5.000000e+00
     vertex  2.268215e+01 -3.810515e+00  5.000000e+00
     vertex  2.282103e+01 -2.863673e+00  3.000000e+00
   endloop
 endfacet
 facet normal  9.945941e-01 -1.038387e-01  0.000000e+00
   outer loop
     vertex  2.282103e+01 -2.863673e+00  5.000000e+00
     vertex  2.282103e+01 -2.863673e+00  3.000000e+00
     vertex  2.292040e+01 -1.911874e+00  3.000000e+00
   endloop
 endfacet
 facet normal  9.945941e-01 -1.038387e-01  0.000000e+00
   outer loop
     vertex  2.292040e+01 -1.911874e+00  5.000000e+00
     vertex  2.282103e+01 -2.863673e+00  5.000000e+00
     vertex  2.292040e+01 -1.911874e+00  3.000000e+00
   endloop
 endfacet
 facet normal  9.980528e-01 -6.237523e-02  0.000000e+00
   outer loop
     vertex  2.298009e+01 -9.567653e-01  5.000000e+00
     vertex  2.292040e+01 -1.911874e+00  3.000000e+00
     vertex  2.298009e+01 -9.567653e-01  3.000000e+00
   endloop
 endfacet
 facet normal  9.980528e-01 -6.237523e-02  0.000000e+00
   outer loop
     vertex  2.298009e+01 -9.567653e-01  5.000000e+00
     vertex  2.292040e+01 -1.911874e+00  5.000000e+00
     vertex  2.292040e+01 -1.911874e+00  3.000000e+00
   endloop
 endfacet
 facet normal  9.997836e-01 -2.080375e-02  0.000000e+00
   outer loop
     vertex  2.300000e+01 -5.633375e-15  5.000000e+00
     vertex  2.298009e+01 -9.567653e-01  3.000000e+00
     vertex  2.300000e+01 -5.633375e-15  3.000000e+00
   endloop
 endfacet
 facet normal  9.997836e-01 -2.080375e-02  0.000000e+00
   outer loop
     vertex  2.300000e+01 -5.633375e-15  5.000000e+00
     vertex  2.298009e+01 -9.567653e-01  5.000000e+00
     vertex  2.298009e+01 -9.567653e-01  3.000000e+00
   endloop
 endfacet
 facet normal -9.997518e-01 -2.227896e-02  0.000000e+00
   outer loop
     vertex  2.008005e+01  8.953917e-01  5.000000e+00
     vertex  2.010000e+01 -4.923080e-15  3.000000e+00
     vertex  2.010000e+01 -4.923080e-15  5.000000e+00
   endloop
 endfacet
 facet normal -9.997518e-01 -2.227896e-02 -0.000000e+00
   outer loop
     vertex  2.008005e+01  8.953917e-01  5.000000e+00
     vertex  2.008005e+01  8.953917e-01  3.000000e+00
     vertex  2.010000e+01 -4.923080e-15  3.000000e+00
   endloop
 endfacet
 facet normal -9.977669e-01 -6.679263e-02 -0.000000e+00
   outer loop
     vertex  2.002023e+01  1.789006e+00  5.000000e+00
     vertex  2.002023e+01  1.789006e+00  3.000000e+00
     vertex  2.008005e+01  8.953917e-01  3.000000e+00
   endloop
 endfacet
 facet normal -9.977669e-01 -6.679263e-02  0.000000e+00
   outer loop
     vertex  2.002023e+01  1.789006e+00  5.000000e+00
     vertex  2.008005e+01  8.953917e-01  3.000000e+00
     vertex  2.008005e+01  8.953917e-01  5.000000e+00
   endloop
 endfacet
 facet normal -9.938010e-01 -1.111737e-01 -0.000000e+00
   outer loop
     vertex  1.992066e+01  2.679068e+00  5.000000e+00
     vertex  1.992066e+01  2.679068e+00  3.000000e+00
     vertex  2.002023e+01  1.789006e+00  3.000000e+00
   endloop
 endfacet
 facet normal -9.938010e-01 -1.111737e-01  0.000000e+00
   outer loop
     vertex  1.992066e+01  2.679068e+00  5.000000e+00
     vertex  2.002023e+01  1.789006e+00  3.000000e+00
     vertex  2.002023e+01  1.789006e+00  5.000000e+00
   endloop
 endfacet
 facet normal -9.878620e-01 -1.553340e-01  0.000000e+00
   outer loop
     vertex  1.978154e+01  3.563811e+00  5.000000e+00
     vertex  1.992066e+01  2.679068e+00  3.000000e+00
     vertex  1.992066e+01  2.679068e+00  5.000000e+00
   endloop
 endfacet
 facet normal -9.878620e-01 -1.553340e-01 -0.000000e+00
   outer loop
     vertex  1.978154e+01  3.563811e+00  5.000000e+00
     vertex  1.978154e+01  3.563811e+00  3.000000e+00
     vertex  1.992066e+01  2.679068e+00  3.000000e+00
   endloop
 endfacet
 facet normal -9.799617e-01 -1.991860e-01 -0.000000e+00
   outer loop
     vertex  1.978154e+01  3.563811e+00  5.000000e+00
     vertex  1.960314e+01  4.441478e+00  3.000000e+00
     vertex  1.978154e+01  3.563811e+00  3.000000e+00
   endloop
 endfacet
 facet normal -9.799617e-01 -1.991860e-01 -0.000000e+00
   outer loop
     vertex  1.960314e+01  4.441478e+00  5.000000e+00
     vertex  1.960314e+01  4.441478e+00  3.000000e+00
     vertex  1.978154e+01  3.563811e+00  5.000000e+00
   endloop
 endfacet
 facet normal -9.701158e-01 -2.426425e-01  0.000000e+00
   outer loop
     vertex  1.938583e+01  5.310328e+00  5.000000e+00
     vertex  1.960314e+01  4.441478e+00  3.000000e+00
     vertex  1.960314e+01  4.441478e+00  5.000000e+00
   endloop
 endfacet
 facet normal -9.701158e-01 -2.426425e-01 -0.000000e+00
   outer loop
     vertex  1.938583e+01  5.310328e+00  5.000000e+00
     vertex  1.938583e+01  5.310328e+00  3.000000e+00
     vertex  1.960314e+01  4.441478e+00  3.000000e+00
   endloop
 endfacet
 facet normal -9.583438e-01 -2.856172e-01  0.000000e+00
   outer loop
     vertex  1.913003e+01  6.168634e+00  5.000000e+00
     vertex  1.938583e+01  5.310328e+00  3.000000e+00
     vertex  1.938583e+01  5.310328e+00  5.000000e+00
   endloop
 endfacet
 facet normal -9.583438e-01 -2.856172e-01 -0.000000e+00
   outer loop
     vertex  1.913003e+01  6.168634e+00  5.000000e+00
     vertex  1.913003e+01  6.168634e+00  3.000000e+00
     vertex  1.938583e+01  5.310328e+00  3.000000e+00
   endloop
 endfacet
 facet normal -9.446691e-01 -3.280249e-01  0.000000e+00
   outer loop
     vertex  1.883624e+01  7.014693e+00  5.000000e+00
     vertex  1.913003e+01  6.168634e+00  3.000000e+00
     vertex  1.913003e+01  6.168634e+00  5.000000e+00
   endloop
 endfacet
 facet normal -9.446691e-01 -3.280249e-01 -0.000000e+00
   outer loop
     vertex  1.883624e+01  7.014693e+00  5.000000e+00
     vertex  1.883624e+01  7.014693e+00  3.000000e+00
     vertex  1.913003e+01  6.168634e+00  3.000000e+00
   endloop
 endfacet
 facet normal -9.291188e-01 -3.697813e-01 -0.000000e+00
   outer loop
     vertex  1.883624e+01  7.014693e+00  5.000000e+00
     vertex  1.850506e+01  7.846824e+00  3.000000e+00
     vertex  1.883624e+01  7.014693e+00  3.000000e+00
   endloop
 endfacet
 facet normal -9.291188e-01 -3.697813e-01 -0.000000e+00
   outer loop
     vertex  1.850506e+01  7.846824e+00  5.000000e+00
     vertex  1.850506e+01  7.846824e+00  3.000000e+00
     vertex  1.883624e+01  7.014693e+00  5.000000e+00
   endloop
 endfacet
 facet normal -9.117239e-01 -4.108035e-01  0.000000e+00
   outer loop
     vertex  1.813714e+01  8.663377e+00  5.000000e+00
     vertex  1.850506e+01  7.846824e+00  3.000000e+00
     vertex  1.850506e+01  7.846824e+00  5.000000e+00
   endloop
 endfacet
 facet normal -9.117239e-01 -4.108035e-01 -0.000000e+00
   outer loop
     vertex  1.813714e+01  8.663377e+00  5.000000e+00
     vertex  1.813714e+01  8.663377e+00  3.000000e+00
     vertex  1.850506e+01  7.846824e+00  3.000000e+00
   endloop
 endfacet
 facet normal -8.925188e-01 -4.510101e-01  0.000000e+00
   outer loop
     vertex  1.773321e+01  9.462730e+00  5.000000e+00
     vertex  1.813714e+01  8.663377e+00  3.000000e+00
     vertex  1.813714e+01  8.663377e+00  5.000000e+00
   endloop
 endfacet
 facet normal -8.925188e-01 -4.510101e-01 -0.000000e+00
   outer loop
     vertex  1.773321e+01  9.462730e+00  5.000000e+00
     vertex  1.773321e+01  9.462730e+00  3.000000e+00
     vertex  1.813714e+01  8.663377e+00  3.000000e+00
   endloop
 endfacet
 facet normal -8.715417e-01 -4.903213e-01  0.000000e+00
   outer loop
     vertex  1.729407e+01  1.024329e+01  5.000000e+00
     vertex  1.773321e+01  9.462730e+00  3.000000e+00
     vertex  1.773321e+01  9.462730e+00  5.000000e+00
   endloop
 endfacet
 facet normal -8.715417e-01 -4.903213e-01 -0.000000e+00
   outer loop
     vertex  1.729407e+01  1.024329e+01  5.000000e+00
     vertex  1.729407e+01  1.024329e+01  3.000000e+00
     vertex  1.773321e+01  9.462730e+00  3.000000e+00
   endloop
 endfacet
 facet normal -8.488343e-01 -5.286590e-01 -0.000000e+00
   outer loop
     vertex  1.729407e+01  1.024329e+01  5.000000e+00
     vertex  1.682060e+01  1.100352e+01  3.000000e+00
     vertex  1.729407e+01  1.024329e+01  3.000000e+00
   endloop
 endfacet
 facet normal -8.488343e-01 -5.286590e-01 -0.000000e+00
   outer loop
     vertex  1.682060e+01  1.100352e+01  5.000000e+00
     vertex  1.682060e+01  1.100352e+01  3.000000e+00
     vertex  1.729407e+01  1.024329e+01  5.000000e+00
   endloop
 endfacet
 facet normal -8.244416e-01 -5.659471e-01 -0.000000e+00
   outer loop
     vertex  1.682060e+01  1.100352e+01  5.000000e+00
     vertex  1.631373e+01  1.174190e+01  3.000000e+00
     vertex  1.682060e+01  1.100352e+01  3.000000e+00
   endloop
 endfacet
 facet normal -8.244416e-01 -5.659471e-01 -0.000000e+00
   outer loop
     vertex  1.631373e+01  1.174190e+01  5.000000e+00
     vertex  1.631373e+01  1.174190e+01  3.000000e+00
     vertex  1.682060e+01  1.100352e+01  5.000000e+00
   endloop
 endfacet
 facet normal -7.984120e-01 -6.021116e-01 -0.000000e+00
   outer loop
     vertex  1.631373e+01  1.174190e+01  5.000000e+00
     vertex  1.577447e+01  1.245697e+01  3.000000e+00
     vertex  1.631373e+01  1.174190e+01  3.000000e+00
   endloop
 endfacet
 facet normal -7.984120e-01 -6.021116e-01 -0.000000e+00
   outer loop
     vertex  1.577447e+01  1.245697e+01  5.000000e+00
     vertex  1.577447e+01  1.245697e+01  3.000000e+00
     vertex  1.631373e+01  1.174190e+01  5.000000e+00
   endloop
 endfacet
 facet normal -7.707972e-01 -6.370806e-01  0.000000e+00
   outer loop
     vertex  1.520389e+01  1.314731e+01  5.000000e+00
     vertex  1.577447e+01  1.245697e+01  3.000000e+00
     vertex  1.577447e+01  1.245697e+01  5.000000e+00
   endloop
 endfacet
 facet normal -7.707972e-01 -6.370806e-01 -0.000000e+00
   outer loop
     vertex  1.520389e+01  1.314731e+01  5.000000e+00
     vertex  1.520389e+01  1.314731e+01  3.000000e+00
     vertex  1.577447e+01  1.245697e+01  3.000000e+00
   endloop
 endfacet
 facet normal -7.416521e-01 -6.707847e-01 -0.000000e+00
   outer loop
     vertex  1.520389e+01  1.314731e+01  5.000000e+00
     vertex  1.460313e+01  1.381154e+01  3.000000e+00
     vertex  1.520389e+01  1.314731e+01  3.000000e+00
   endloop
 endfacet
 facet normal -7.416521e-01 -6.707847e-01 -0.000000e+00
   outer loop
     vertex  1.460313e+01  1.381154e+01  5.000000e+00
     vertex  1.460313e+01  1.381154e+01  3.000000e+00
     vertex  1.520389e+01  1.314731e+01  5.000000e+00
   endloop
 endfacet
 facet normal -7.110345e-01 -7.031571e-01  0.000000e+00
   outer loop
     vertex  1.397337e+01  1.444836e+01  5.000000e+00
     vertex  1.460313e+01  1.381154e+01  3.000000e+00
     vertex  1.460313e+01  1.381154e+01  5.000000e+00
   endloop
 endfacet
 facet normal -7.110345e-01 -7.031571e-01 -0.000000e+00
   outer loop
     vertex  1.397337e+01  1.444836e+01  5.000000e+00
     vertex  1.397337e+01  1.444836e+01  3.000000e+00
     vertex  1.460313e+01  1.381154e+01  3.000000e+00
   endloop
 endfacet
 facet normal -6.790052e-01 -7.341334e-01 -0.000000e+00
   outer loop
     vertex  1.397337e+01  1.444836e+01  5.000000e+00
     vertex  1.331587e+01  1.505648e+01  3.000000e+00
     vertex  1.397337e+01  1.444836e+01  3.000000e+00
   endloop
 endfacet
 facet normal -6.790052e-01 -7.341334e-01 -0.000000e+00
   outer loop
     vertex  1.331587e+01  1.505648e+01  5.000000e+00
     vertex  1.331587e+01  1.505648e+01  3.000000e+00
     vertex  1.397337e+01  1.444836e+01  5.000000e+00
   endloop
 endfacet
 facet normal -6.456279e-01 -7.636522e-01  0.000000e+00
   outer loop
     vertex  1.263193e+01  1.563472e+01  5.000000e+00
     vertex  1.331587e+01  1.505648e+01  3.000000e+00
     vertex  1.331587e+01  1.505648e+01  5.000000e+00
   endloop
 endfacet
 facet normal -6.456279e-01 -7.636522e-01 -0.000000e+00
   outer loop
     vertex  1.263193e+01  1.563472e+01  5.000000e+00
     vertex  1.263193e+01  1.563472e+01  3.000000e+00
     vertex  1.331587e+01  1.505648e+01  3.000000e+00
   endloop
 endfacet
 facet normal -6.109686e-01 -7.916548e-01 -0.000000e+00
   outer loop
     vertex  1.192291e+01  1.618191e+01  5.000000e+00
     vertex  1.192291e+01  1.618191e+01  3.000000e+00
     vertex  1.263193e+01  1.563472e+01  3.000000e+00
   endloop
 endfacet
 facet normal -6.109686e-01 -7.916548e-01  0.000000e+00
   outer loop
     vertex  1.192291e+01  1.618191e+01  5.000000e+00
     vertex  1.263193e+01  1.563472e+01  3.000000e+00
     vertex  1.263193e+01  1.563472e+01  5.000000e+00
   endloop
 endfacet
 facet normal -5.750964e-01 -8.180857e-01 -0.000000e+00
   outer loop
     vertex  1.119022e+01  1.669697e+01  5.000000e+00
     vertex  1.119022e+01  1.669697e+01  3.000000e+00
     vertex  1.192291e+01  1.618191e+01  3.000000e+00
   endloop
 endfacet
 facet normal -5.750964e-01 -8.180857e-01  0.000000e+00
   outer loop
     vertex  1.119022e+01  1.669697e+01  5.000000e+00
     vertex  1.192291e+01  1.618191e+01  3.000000e+00
     vertex  1.192291e+01  1.618191e+01  5.000000e+00
   endloop
 endfacet
 facet normal -5.380824e-01 -8.428923e-01 -0.000000e+00
   outer loop
     vertex  1.043532e+01  1.717889e+01  5.000000e+00
     vertex  1.043532e+01  1.717889e+01  3.000000e+00
     vertex  1.119022e+01  1.669697e+01  3.000000e+00
   endloop
 endfacet
 facet normal -5.380824e-01 -8.428923e-01  0.000000e+00
   outer loop
     vertex  1.043532e+01  1.717889e+01  5.000000e+00
     vertex  1.119022e+01  1.669697e+01  3.000000e+00
     vertex  1.119022e+01  1.669697e+01  5.000000e+00
   endloop
 endfacet
 facet normal -5.000000e-01 -8.660254e-01 -0.000000e+00
   outer loop
     vertex  9.659693e+00  1.762669e+01  5.000000e+00
     vertex  9.659693e+00  1.762669e+01  3.000000e+00
     vertex  1.043532e+01  1.717889e+01  3.000000e+00
   endloop
 endfacet
 facet normal -5.000000e-01 -8.660254e-01  0.000000e+00
   outer loop
     vertex  9.659693e+00  1.762669e+01  5.000000e+00
     vertex  1.043532e+01  1.717889e+01  3.000000e+00
     vertex  1.043532e+01  1.717889e+01  5.000000e+00
   endloop
 endfacet
 facet normal -4.609249e-01 -8.874391e-01 -0.000000e+00
   outer loop
     vertex  8.864890e+00  1.803950e+01  5.000000e+00
     vertex  8.864890e+00  1.803950e+01  3.000000e+00
     vertex  9.659693e+00  1.762669e+01  3.000000e+00
   endloop
 endfacet
 facet normal -4.609249e-01 -8.874391e-01  0.000000e+00
   outer loop
     vertex  8.864890e+00  1.803950e+01  5.000000e+00
     vertex  9.659693e+00  1.762669e+01  3.000000e+00
     vertex  9.659693e+00  1.762669e+01  5.000000e+00
   endloop
 endfacet
 facet normal -4.209348e-01 -9.070909e-01 -0.000000e+00
   outer loop
     vertex  8.052487e+00  1.841650e+01  5.000000e+00
     vertex  8.052487e+00  1.841650e+01  3.000000e+00
     vertex  8.864890e+00  1.803950e+01  3.000000e+00
   endloop
 endfacet
 facet normal -4.209348e-01 -9.070909e-01  0.000000e+00
   outer loop
     vertex  8.052487e+00  1.841650e+01  5.000000e+00
     vertex  8.864890e+00  1.803950e+01  3.000000e+00
     vertex  8.864890e+00  1.803950e+01  5.000000e+00
   endloop
 endfacet
 facet normal -3.801089e-01 -9.249418e-01 -0.000000e+00
   outer loop
     vertex  7.224096e+00  1.875693e+01  5.000000e+00
     vertex  7.224096e+00  1.875693e+01  3.000000e+00
     vertex  8.052487e+00  1.841650e+01  3.000000e+00
   endloop
 endfacet
 facet normal -3.801089e-01 -9.249418e-01  0.000000e+00
   outer loop
     vertex  7.224096e+00  1.875693e+01  5.000000e+00
     vertex  8.052487e+00  1.841650e+01  3.000000e+00
     vertex  8.052487e+00  1.841650e+01  5.000000e+00
   endloop
 endfacet
 facet normal -3.385283e-01 -9.409562e-01 -0.000000e+00
   outer loop
     vertex  6.381363e+00  1.906012e+01  5.000000e+00
     vertex  6.381363e+00  1.906012e+01  3.000000e+00
     vertex  7.224096e+00  1.875693e+01  3.000000e+00
   endloop
 endfacet
 facet normal -3.385283e-01 -9.409562e-01  0.000000e+00
   outer loop
     vertex  6.381363e+00  1.906012e+01  5.000000e+00
     vertex  7.224096e+00  1.875693e+01  3.000000e+00
     vertex  7.224096e+00  1.875693e+01  5.000000e+00
   endloop
 endfacet
 facet normal -2.962756e-01 -9.551025e-01 -0.000000e+00
   outer loop
     vertex  5.525959e+00  1.932547e+01  5.000000e+00
     vertex  5.525959e+00  1.932547e+01  3.000000e+00
     vertex  6.381363e+00  1.906012e+01  3.000000e+00
   endloop
 endfacet
 facet normal -2.962756e-01 -9.551025e-01  0.000000e+00
   outer loop
     vertex  5.525959e+00  1.932547e+01  5.000000e+00
     vertex  6.381363e+00  1.906012e+01  3.000000e+00
     vertex  6.381363e+00  1.906012e+01  5.000000e+00
   endloop
 endfacet
 facet normal -2.534347e-01 -9.673525e-01  0.000000e+00
   outer loop
     vertex  4.659585e+00  1.955245e+01  5.000000e+00
     vertex  5.525959e+00  1.932547e+01  3.000000e+00
     vertex  5.525959e+00  1.932547e+01  5.000000e+00
   endloop
 endfacet
 facet normal -2.534347e-01 -9.673525e-01 -0.000000e+00
   outer loop
     vertex  4.659585e+00  1.955245e+01  5.000000e+00
     vertex  4.659585e+00  1.955245e+01  3.000000e+00
     vertex  5.525959e+00  1.932547e+01  3.000000e+00
   endloop
 endfacet
 facet normal -2.100906e-01 -9.776819e-01  0.000000e+00
   outer loop
     vertex  3.783959e+00  1.974061e+01  5.000000e+00
     vertex  4.659585e+00  1.955245e+01  3.000000e+00
     vertex  4.659585e+00  1.955245e+01  5.000000e+00
   endloop
 endfacet
 facet normal -2.100906e-01 -9.776819e-01 -0.000000e+00
   outer loop
     vertex  3.783959e+00  1.974061e+01  5.000000e+00
     vertex  3.783959e+00  1.974061e+01  3.000000e+00
     vertex  4.659585e+00  1.955245e+01  3.000000e+00
   endloop
 endfacet
 facet normal -1.663294e-01 -9.860703e-01 -0.000000e+00
   outer loop
     vertex  3.783959e+00  1.974061e+01  5.000000e+00
     vertex  2.900821e+00  1.988958e+01  3.000000e+00
     vertex  3.783959e+00  1.974061e+01  3.000000e+00
   endloop
 endfacet
 facet normal -1.663294e-01 -9.860703e-01 -0.000000e+00
   outer loop
     vertex  2.900821e+00  1.988958e+01  5.000000e+00
     vertex  2.900821e+00  1.988958e+01  3.000000e+00
     vertex  3.783959e+00  1.974061e+01  5.000000e+00
   endloop
 endfacet
 facet normal -1.222379e-01 -9.925008e-01  0.000000e+00
   outer loop
     vertex  2.011923e+00  1.999905e+01  5.000000e+00
     vertex  2.900821e+00  1.988958e+01  3.000000e+00
     vertex  2.900821e+00  1.988958e+01  5.000000e+00
   endloop
 endfacet
 facet normal -1.222379e-01 -9.925008e-01 -0.000000e+00
   outer loop
     vertex  2.011923e+00  1.999905e+01  5.000000e+00
     vertex  2.011923e+00  1.999905e+01  3.000000e+00
     vertex  2.900821e+00  1.988958e+01  3.000000e+00
   endloop
 endfacet
 facet normal -7.790378e-02 -9.969609e-01  0.000000e+00
   outer loop
     vertex  1.119031e+00  2.006883e+01  5.000000e+00
     vertex  2.011923e+00  1.999905e+01  3.000000e+00
     vertex  2.011923e+00  1.999905e+01  5.000000e+00
   endloop
 endfacet
 facet normal -7.790378e-02 -9.969609e-01 -0.000000e+00
   outer loop
     vertex  1.119031e+00  2.006883e+01  5.000000e+00
     vertex  1.119031e+00  2.006883e+01  3.000000e+00
     vertex  2.011923e+00  1.999905e+01  3.000000e+00
   endloop
 endfacet
 facet normal -3.341498e-02 -9.994416e-01  0.000000e+00
   outer loop
     vertex  2.239174e-01  2.009875e+01  5.000000e+00
     vertex  1.119031e+00  2.006883e+01  3.000000e+00
     vertex  1.119031e+00  2.006883e+01  5.000000e+00
   endloop
 endfacet
 facet normal -3.341498e-02 -9.994416e-01 -0.000000e+00
   outer loop
     vertex  2.239174e-01  2.009875e+01  5.000000e+00
     vertex  2.239174e-01  2.009875e+01  3.000000e+00
     vertex  1.119031e+00  2.006883e+01  3.000000e+00
   endloop
 endfacet
 facet normal  1.114017e-02 -9.999379e-01  0.000000e+00
   outer loop
     vertex -6.716410e-01  2.008878e+01  5.000000e+00
     vertex  2.239174e-01  2.009875e+01  3.000000e+00
     vertex  2.239174e-01  2.009875e+01  5.000000e+00
   endloop
 endfacet
 facet normal  1.114017e-02 -9.999379e-01  0.000000e+00
   outer loop
     vertex -6.716410e-01  2.008878e+01  5.000000e+00
     vertex -6.716410e-01  2.008878e+01  3.000000e+00
     vertex  2.239174e-01  2.009875e+01  3.000000e+00
   endloop
 endfacet
 facet normal  5.567320e-02 -9.984490e-01  0.000000e+00
   outer loop
     vertex -1.565866e+00  2.003891e+01  5.000000e+00
     vertex -6.716410e-01  2.008878e+01  3.000000e+00
     vertex -6.716410e-01  2.008878e+01  5.000000e+00
   endloop
 endfacet
 facet normal  5.567320e-02 -9.984490e-01  0.000000e+00
   outer loop
     vertex -1.565866e+00  2.003891e+01  5.000000e+00
     vertex -1.565866e+00  2.003891e+01  3.000000e+00
     vertex -6.716410e-01  2.008878e+01  3.000000e+00
   endloop
 endfacet
 facet normal  1.000957e-01 -9.949778e-01  0.000000e+00
   outer loop
     vertex -2.456982e+00  1.994927e+01  5.000000e+00
     vertex -1.565866e+00  2.003891e+01  3.000000e+00
     vertex -1.565866e+00  2.003891e+01  5.000000e+00
   endloop
 endfacet
 facet normal  1.000957e-01 -9.949778e-01  0.000000e+00
   outer loop
     vertex -2.456982e+00  1.994927e+01  5.000000e+00
     vertex -2.456982e+00  1.994927e+01  3.000000e+00
     vertex -1.565866e+00  2.003891e+01  3.000000e+00
   endloop
 endfacet
 facet normal  1.443195e-01 -9.895311e-01  0.000000e+00
   outer loop
     vertex -3.343220e+00  1.982001e+01  5.000000e+00
     vertex -2.456982e+00  1.994927e+01  3.000000e+00
     vertex -2.456982e+00  1.994927e+01  5.000000e+00
   endloop
 endfacet
 facet normal  1.443195e-01 -9.895311e-01  0.000000e+00
   outer loop
     vertex -3.343220e+00  1.982001e+01  5.000000e+00
     vertex -3.343220e+00  1.982001e+01  3.000000e+00
     vertex -2.456982e+00  1.994927e+01  3.000000e+00
   endloop
 endfacet
 facet normal  1.882567e-01 -9.821199e-01  0.000000e+00
   outer loop
     vertex -4.222820e+00  1.965141e+01  5.000000e+00
     vertex -3.343220e+00  1.982001e+01  3.000000e+00
     vertex -3.343220e+00  1.982001e+01  5.000000e+00
   endloop
 endfacet
 facet normal  1.882567e-01 -9.821199e-01  0.000000e+00
   outer loop
     vertex -4.222820e+00  1.965141e+01  5.000000e+00
     vertex -4.222820e+00  1.965141e+01  3.000000e+00
     vertex -3.343220e+00  1.982001e+01  3.000000e+00
   endloop
 endfacet
 facet normal  2.318202e-01 -9.727587e-01  0.000000e+00
   outer loop
     vertex -5.094037e+00  1.944379e+01  5.000000e+00
     vertex -4.222820e+00  1.965141e+01  3.000000e+00
     vertex -4.222820e+00  1.965141e+01  5.000000e+00
   endloop
 endfacet
 facet normal  2.318202e-01 -9.727587e-01  0.000000e+00
   outer loop
     vertex -5.094037e+00  1.944379e+01  5.000000e+00
     vertex -5.094037e+00  1.944379e+01  3.000000e+00
     vertex -4.222820e+00  1.965141e+01  3.000000e+00
   endloop
 endfacet
 facet normal  2.749234e-01 -9.614661e-01  0.000000e+00
   outer loop
     vertex -5.955139e+00  1.919756e+01  5.000000e+00
     vertex -5.094037e+00  1.944379e+01  3.000000e+00
     vertex -5.094037e+00  1.944379e+01  5.000000e+00
   endloop
 endfacet
 facet normal  2.749234e-01 -9.614661e-01  0.000000e+00
   outer loop
     vertex -5.955139e+00  1.919756e+01  5.000000e+00
     vertex -5.955139e+00  1.919756e+01  3.000000e+00
     vertex -5.094037e+00  1.944379e+01  3.000000e+00
   endloop
 endfacet
 facet normal  3.174807e-01 -9.482647e-01  0.000000e+00
   outer loop
     vertex -6.804418e+00  1.891322e+01  5.000000e+00
     vertex -5.955139e+00  1.919756e+01  3.000000e+00
     vertex -5.955139e+00  1.919756e+01  5.000000e+00
   endloop
 endfacet
 facet normal  3.174807e-01 -9.482647e-01  0.000000e+00
   outer loop
     vertex -6.804418e+00  1.891322e+01  5.000000e+00
     vertex -6.804418e+00  1.891322e+01  3.000000e+00
     vertex -5.955139e+00  1.919756e+01  3.000000e+00
   endloop
 endfacet
 facet normal  3.594078e-01 -9.331806e-01  0.000000e+00
   outer loop
     vertex -7.640188e+00  1.859133e+01  5.000000e+00
     vertex -6.804418e+00  1.891322e+01  3.000000e+00
     vertex -6.804418e+00  1.891322e+01  5.000000e+00
   endloop
 endfacet
 facet normal  3.594078e-01 -9.331806e-01  0.000000e+00
   outer loop
     vertex -7.640188e+00  1.859133e+01  5.000000e+00
     vertex -7.640188e+00  1.859133e+01  3.000000e+00
     vertex -6.804418e+00  1.891322e+01  3.000000e+00
   endloop
 endfacet
 facet normal  4.006212e-01 -9.162438e-01  0.000000e+00
   outer loop
     vertex -8.460789e+00  1.823253e+01  5.000000e+00
     vertex -7.640188e+00  1.859133e+01  3.000000e+00
     vertex -7.640188e+00  1.859133e+01  5.000000e+00
   endloop
 endfacet
 facet normal  4.006212e-01 -9.162438e-01  0.000000e+00
   outer loop
     vertex -8.460789e+00  1.823253e+01  5.000000e+00
     vertex -8.460789e+00  1.823253e+01  3.000000e+00
     vertex -7.640188e+00  1.859133e+01  3.000000e+00
   endloop
 endfacet
 facet normal  4.410393e-01 -8.974878e-01  0.000000e+00
   outer loop
     vertex -9.264591e+00  1.783753e+01  5.000000e+00
     vertex -8.460789e+00  1.823253e+01  3.000000e+00
     vertex -8.460789e+00  1.823253e+01  5.000000e+00
   endloop
 endfacet
 facet normal  4.410393e-01 -8.974878e-01  0.000000e+00
   outer loop
     vertex -9.264591e+00  1.783753e+01  5.000000e+00
     vertex -9.264591e+00  1.783753e+01  3.000000e+00
     vertex -8.460789e+00  1.823253e+01  3.000000e+00
   endloop
 endfacet
 facet normal  4.805818e-01 -8.769499e-01  0.000000e+00
   outer loop
     vertex -1.005000e+01  1.740711e+01  5.000000e+00
     vertex -9.264591e+00  1.783753e+01  3.000000e+00
     vertex -9.264591e+00  1.783753e+01  5.000000e+00
   endloop
 endfacet
 facet normal  4.805818e-01 -8.769499e-01  0.000000e+00
   outer loop
     vertex -1.005000e+01  1.740711e+01  5.000000e+00
     vertex -1.005000e+01  1.740711e+01  3.000000e+00
     vertex -9.264591e+00  1.783753e+01  3.000000e+00
   endloop
 endfacet
 facet normal  5.191700e-01 -8.546710e-01  0.000000e+00
   outer loop
     vertex -1.081546e+01  1.694213e+01  5.000000e+00
     vertex -1.005000e+01  1.740711e+01  3.000000e+00
     vertex -1.005000e+01  1.740711e+01  5.000000e+00
   endloop
 endfacet
 facet normal  5.191700e-01 -8.546710e-01  0.000000e+00
   outer loop
     vertex -1.081546e+01  1.694213e+01  5.000000e+00
     vertex -1.081546e+01  1.694213e+01  3.000000e+00
     vertex -1.005000e+01  1.740711e+01  3.000000e+00
   endloop
 endfacet
 facet normal  5.567276e-01 -8.306951e-01  0.000000e+00
   outer loop
     vertex -1.155944e+01  1.644352e+01  5.000000e+00
     vertex -1.081546e+01  1.694213e+01  3.000000e+00
     vertex -1.081546e+01  1.694213e+01  5.000000e+00
   endloop
 endfacet
 facet normal  5.567276e-01 -8.306951e-01  0.000000e+00
   outer loop
     vertex -1.155944e+01  1.644352e+01  5.000000e+00
     vertex -1.155944e+01  1.644352e+01  3.000000e+00
     vertex -1.081546e+01  1.694213e+01  3.000000e+00
   endloop
 endfacet
 facet normal  5.931797e-01 -8.050701e-01  0.000000e+00
   outer loop
     vertex -1.228047e+01  1.591226e+01  5.000000e+00
     vertex -1.155944e+01  1.644352e+01  3.000000e+00
     vertex -1.155944e+01  1.644352e+01  5.000000e+00
   endloop
 endfacet
 facet normal  5.931797e-01 -8.050701e-01  0.000000e+00
   outer loop
     vertex -1.228047e+01  1.591226e+01  5.000000e+00
     vertex -1.228047e+01  1.591226e+01  3.000000e+00
     vertex -1.155944e+01  1.644352e+01  3.000000e+00
   endloop
 endfacet
 facet normal  6.284542e-01 -7.778466e-01  0.000000e+00
   outer loop
     vertex -1.297712e+01  1.534941e+01  5.000000e+00
     vertex -1.228047e+01  1.591226e+01  3.000000e+00
     vertex -1.228047e+01  1.591226e+01  5.000000e+00
   endloop
 endfacet
 facet normal  6.284542e-01 -7.778466e-01  0.000000e+00
   outer loop
     vertex -1.297712e+01  1.534941e+01  5.000000e+00
     vertex -1.297712e+01  1.534941e+01  3.000000e+00
     vertex -1.228047e+01  1.591226e+01  3.000000e+00
   endloop
 endfacet
 facet normal  6.624810e-01 -7.490787e-01  0.000000e+00
   outer loop
     vertex -1.364801e+01  1.475608e+01  5.000000e+00
     vertex -1.364801e+01  1.475608e+01  3.000000e+00
     vertex -1.297712e+01  1.534941e+01  3.000000e+00
   endloop
 endfacet
 facet normal  6.624810e-01 -7.490787e-01  0.000000e+00
   outer loop
     vertex -1.364801e+01  1.475608e+01  5.000000e+00
     vertex -1.297712e+01  1.534941e+01  3.000000e+00
     vertex -1.297712e+01  1.534941e+01  5.000000e+00
   endloop
 endfacet
 facet normal  6.951924e-01 -7.188237e-01  0.000000e+00
   outer loop
     vertex -1.429179e+01  1.413346e+01  5.000000e+00
     vertex -1.429179e+01  1.413346e+01  3.000000e+00
     vertex -1.364801e+01  1.475608e+01  3.000000e+00
   endloop
 endfacet
 facet normal  6.951924e-01 -7.188237e-01  0.000000e+00
   outer loop
     vertex -1.429179e+01  1.413346e+01  5.000000e+00
     vertex -1.364801e+01  1.475608e+01  3.000000e+00
     vertex -1.364801e+01  1.475608e+01  5.000000e+00
   endloop
 endfacet
 facet normal  7.265236e-01 -6.871415e-01  0.000000e+00
   outer loop
     vertex -1.490721e+01  1.348277e+01  5.000000e+00
     vertex -1.429179e+01  1.413346e+01  3.000000e+00
     vertex -1.429179e+01  1.413346e+01  5.000000e+00
   endloop
 endfacet
 facet normal  7.265236e-01 -6.871415e-01  0.000000e+00
   outer loop
     vertex -1.490721e+01  1.348277e+01  5.000000e+00
     vertex -1.490721e+01  1.348277e+01  3.000000e+00
     vertex -1.429179e+01  1.413346e+01  3.000000e+00
   endloop
 endfacet
 facet normal  7.564124e-01 -6.540950e-01  0.000000e+00
   outer loop
     vertex -1.549302e+01  1.280532e+01  5.000000e+00
     vertex -1.490721e+01  1.348277e+01  3.000000e+00
     vertex -1.490721e+01  1.348277e+01  5.000000e+00
   endloop
 endfacet
 facet normal  7.564124e-01 -6.540950e-01  0.000000e+00
   outer loop
     vertex -1.549302e+01  1.280532e+01  5.000000e+00
     vertex -1.549302e+01  1.280532e+01  3.000000e+00
     vertex -1.490721e+01  1.348277e+01  3.000000e+00
   endloop
 endfacet
 facet normal  7.847994e-01 -6.197499e-01  0.000000e+00
   outer loop
     vertex -1.549302e+01  1.280532e+01  5.000000e+00
     vertex -1.604808e+01  1.210244e+01  3.000000e+00
     vertex -1.549302e+01  1.280532e+01  3.000000e+00
   endloop
 endfacet
 facet normal  7.847994e-01 -6.197499e-01  0.000000e+00
   outer loop
     vertex -1.604808e+01  1.210244e+01  5.000000e+00
     vertex -1.604808e+01  1.210244e+01  3.000000e+00
     vertex -1.549302e+01  1.280532e+01  5.000000e+00
   endloop
 endfacet
 facet normal  8.116282e-01 -5.841743e-01  0.000000e+00
   outer loop
     vertex -1.657128e+01  1.137554e+01  5.000000e+00
     vertex -1.604808e+01  1.210244e+01  3.000000e+00
     vertex -1.604808e+01  1.210244e+01  5.000000e+00
   endloop
 endfacet
 facet normal  8.116282e-01 -5.841743e-01  0.000000e+00
   outer loop
     vertex -1.657128e+01  1.137554e+01  5.000000e+00
     vertex -1.657128e+01  1.137554e+01  3.000000e+00
     vertex -1.604808e+01  1.210244e+01  3.000000e+00
   endloop
 endfacet
 facet normal  8.368456e-01 -5.474389e-01  0.000000e+00
   outer loop
     vertex -1.706157e+01  1.062605e+01  5.000000e+00
     vertex -1.657128e+01  1.137554e+01  3.000000e+00
     vertex -1.657128e+01  1.137554e+01  5.000000e+00
   endloop
 endfacet
 facet normal  8.368456e-01 -5.474389e-01  0.000000e+00
   outer loop
     vertex -1.706157e+01  1.062605e+01  5.000000e+00
     vertex -1.706157e+01  1.062605e+01  3.000000e+00
     vertex -1.657128e+01  1.137554e+01  3.000000e+00
   endloop
 endfacet
 facet normal  8.604016e-01 -5.096166e-01  0.000000e+00
   outer loop
     vertex -1.751799e+01  9.855458e+00  5.000000e+00
     vertex -1.751799e+01  9.855458e+00  3.000000e+00
     vertex -1.706157e+01  1.062605e+01  3.000000e+00
   endloop
 endfacet
 facet normal  8.604016e-01 -5.096166e-01  0.000000e+00
   outer loop
     vertex -1.751799e+01  9.855458e+00  5.000000e+00
     vertex -1.706157e+01  1.062605e+01  3.000000e+00
     vertex -1.706157e+01  1.062605e+01  5.000000e+00
   endloop
 endfacet
 facet normal  8.822493e-01 -4.707826e-01  0.000000e+00
   outer loop
     vertex -1.793963e+01  9.065303e+00  5.000000e+00
     vertex -1.793963e+01  9.065303e+00  3.000000e+00
     vertex -1.751799e+01  9.855458e+00  3.000000e+00
   endloop
 endfacet
 facet normal  8.822493e-01 -4.707826e-01  0.000000e+00
   outer loop
     vertex -1.793963e+01  9.065303e+00  5.000000e+00
     vertex -1.751799e+01  9.855458e+00  3.000000e+00
     vertex -1.751799e+01  9.855458e+00  5.000000e+00
   endloop
 endfacet
 facet normal  9.023453e-01 -4.310138e-01  0.000000e+00
   outer loop
     vertex -1.832565e+01  8.257150e+00  5.000000e+00
     vertex -1.832565e+01  8.257150e+00  3.000000e+00
     vertex -1.793963e+01  9.065303e+00  3.000000e+00
   endloop
 endfacet
 facet normal  9.023453e-01 -4.310138e-01  0.000000e+00
   outer loop
     vertex -1.832565e+01  8.257150e+00  5.000000e+00
     vertex -1.793963e+01  9.065303e+00  3.000000e+00
     vertex -1.793963e+01  9.065303e+00  5.000000e+00
   endloop
 endfacet
 facet normal  9.206499e-01 -3.903893e-01  0.000000e+00
   outer loop
     vertex -1.867529e+01  7.432603e+00  5.000000e+00
     vertex -1.867529e+01  7.432603e+00  3.000000e+00
     vertex -1.832565e+01  8.257150e+00  3.000000e+00
   endloop
 endfacet
 facet normal  9.206499e-01 -3.903893e-01  0.000000e+00
   outer loop
     vertex -1.867529e+01  7.432603e+00  5.000000e+00
     vertex -1.832565e+01  8.257150e+00  3.000000e+00
     vertex -1.832565e+01  8.257150e+00  5.000000e+00
   endloop
 endfacet
 facet normal  9.371266e-01 -3.489897e-01  0.000000e+00
   outer loop
     vertex -1.898785e+01  6.593300e+00  5.000000e+00
     vertex -1.898785e+01  6.593300e+00  3.000000e+00
     vertex -1.867529e+01  7.432603e+00  3.000000e+00
   endloop
 endfacet
 facet normal  9.371266e-01 -3.489897e-01  0.000000e+00
   outer loop
     vertex -1.898785e+01  6.593300e+00  5.000000e+00
     vertex -1.867529e+01  7.432603e+00  3.000000e+00
     vertex -1.867529e+01  7.432603e+00  5.000000e+00
   endloop
 endfacet
 facet normal  9.517427e-01 -3.068972e-01  0.000000e+00
   outer loop
     vertex -1.926271e+01  5.740906e+00  5.000000e+00
     vertex -1.926271e+01  5.740906e+00  3.000000e+00
     vertex -1.898785e+01  6.593300e+00  3.000000e+00
   endloop
 endfacet
 facet normal  9.517427e-01 -3.068972e-01  0.000000e+00
   outer loop
     vertex -1.926271e+01  5.740906e+00  5.000000e+00
     vertex -1.898785e+01  6.593300e+00  3.000000e+00
     vertex -1.898785e+01  6.593300e+00  5.000000e+00
   endloop
 endfacet
 facet normal  9.644692e-01 -2.641954e-01  0.000000e+00
   outer loop
     vertex -1.949933e+01  4.877113e+00  5.000000e+00
     vertex -1.949933e+01  4.877113e+00  3.000000e+00
     vertex -1.926271e+01  5.740906e+00  3.000000e+00
   endloop
 endfacet
 facet normal  9.644692e-01 -2.641954e-01  0.000000e+00
   outer loop
     vertex -1.949933e+01  4.877113e+00  5.000000e+00
     vertex -1.926271e+01  5.740906e+00  3.000000e+00
     vertex -1.926271e+01  5.740906e+00  5.000000e+00
   endloop
 endfacet
 facet normal  9.752808e-01 -2.209691e-01  0.000000e+00
   outer loop
     vertex -1.969723e+01  4.003638e+00  5.000000e+00
     vertex -1.969723e+01  4.003638e+00  3.000000e+00
     vertex -1.949933e+01  4.877113e+00  3.000000e+00
   endloop
 endfacet
 facet normal  9.752808e-01 -2.209691e-01  0.000000e+00
   outer loop
     vertex -1.969723e+01  4.003638e+00  5.000000e+00
     vertex -1.949933e+01  4.877113e+00  3.000000e+00
     vertex -1.949933e+01  4.877113e+00  5.000000e+00
   endloop
 endfacet
 facet normal  9.841561e-01 -1.773040e-01  0.000000e+00
   outer loop
     vertex -1.985603e+01  3.122214e+00  5.000000e+00
     vertex -1.985603e+01  3.122214e+00  3.000000e+00
     vertex -1.969723e+01  4.003638e+00  3.000000e+00
   endloop
 endfacet
 facet normal  9.841561e-01 -1.773040e-01  0.000000e+00
   outer loop
     vertex -1.985603e+01  3.122214e+00  5.000000e+00
     vertex -1.969723e+01  4.003638e+00  3.000000e+00
     vertex -1.969723e+01  4.003638e+00  5.000000e+00
   endloop
 endfacet
 facet normal  9.910775e-01 -1.332870e-01  0.000000e+00
   outer loop
     vertex -1.997540e+01  2.234591e+00  5.000000e+00
     vertex -1.997540e+01  2.234591e+00  3.000000e+00
     vertex -1.985603e+01  3.122214e+00  3.000000e+00
   endloop
 endfacet
 facet normal  9.910775e-01 -1.332870e-01  0.000000e+00
   outer loop
     vertex -1.997540e+01  2.234591e+00  5.000000e+00
     vertex -1.985603e+01  3.122214e+00  3.000000e+00
     vertex -1.985603e+01  3.122214e+00  5.000000e+00
   endloop
 endfacet
 facet normal  9.960312e-01 -8.900526e-02  0.000000e+00
   outer loop
     vertex -2.005511e+01  1.342532e+00  5.000000e+00
     vertex -2.005511e+01  1.342532e+00  3.000000e+00
     vertex -1.997540e+01  2.234591e+00  3.000000e+00
   endloop
 endfacet
 facet normal  9.960312e-01 -8.900526e-02  0.000000e+00
   outer loop
     vertex -2.005511e+01  1.342532e+00  5.000000e+00
     vertex -1.997540e+01  2.234591e+00  3.000000e+00
     vertex -1.997540e+01  2.234591e+00  5.000000e+00
   endloop
 endfacet
 facet normal  9.990073e-01 -4.454685e-02  0.000000e+00
   outer loop
     vertex -2.009501e+01  4.478070e-01  5.000000e+00
     vertex -2.009501e+01  4.478070e-01  3.000000e+00
     vertex -2.005511e+01  1.342532e+00  3.000000e+00
   endloop
 endfacet
 facet normal  9.990073e-01 -4.454685e-02  0.000000e+00
   outer loop
     vertex -2.009501e+01  4.478070e-01  5.000000e+00
     vertex -2.005511e+01  1.342532e+00  3.000000e+00
     vertex -2.005511e+01  1.342532e+00  5.000000e+00
   endloop
 endfacet
 facet normal  1.000000e+00  3.966791e-15  0.000000e+00
   outer loop
     vertex -2.009501e+01 -4.478070e-01  5.000000e+00
     vertex -2.009501e+01 -4.478070e-01  3.000000e+00
     vertex -2.009501e+01  4.478070e-01  3.000000e+00
   endloop
 endfacet
 facet normal  1.000000e+00  3.966791e-15  0.000000e+00
   outer loop
     vertex -2.009501e+01 -4.478070e-01  5.000000e+00
     vertex -2.009501e+01  4.478070e-01  3.000000e+00
     vertex -2.009501e+01  4.478070e-01  5.000000e+00
   endloop
 endfacet
 facet normal  9.990073e-01  4.454685e-02  0.000000e+00
   outer loop
     vertex -2.005511e+01 -1.342532e+00  5.000000e+00
     vertex -2.005511e+01 -1.342532e+00  3.000000e+00
     vertex -2.009501e+01 -4.478070e-01  3.000000e+00
   endloop
 endfacet
 facet normal  9.990073e-01  4.454685e-02  0.000000e+00
   outer loop
     vertex -2.005511e+01 -1.342532e+00  5.000000e+00
     vertex -2.009501e+01 -4.478070e-01  3.000000e+00
     vertex -2.009501e+01 -4.478070e-01  5.000000e+00
   endloop
 endfacet
 facet normal  9.960312e-01  8.900526e-02  0.000000e+00
   outer loop
     vertex -1.997540e+01 -2.234591e+00  5.000000e+00
     vertex -1.997540e+01 -2.234591e+00  3.000000e+00
     vertex -2.005511e+01 -1.342532e+00  3.000000e+00
   endloop
 endfacet
 facet normal  9.960312e-01  8.900526e-02  0.000000e+00
   outer loop
     vertex -1.997540e+01 -2.234591e+00  5.000000e+00
     vertex -2.005511e+01 -1.342532e+00  3.000000e+00
     vertex -2.005511e+01 -1.342532e+00  5.000000e+00
   endloop
 endfacet
 facet normal  9.910775e-01  1.332870e-01  0.000000e+00
   outer loop
     vertex -1.985603e+01 -3.122214e+00  5.000000e+00
     vertex -1.985603e+01 -3.122214e+00  3.000000e+00
     vertex -1.997540e+01 -2.234591e+00  3.000000e+00
   endloop
 endfacet
 facet normal  9.910775e-01  1.332870e-01  0.000000e+00
   outer loop
     vertex -1.985603e+01 -3.122214e+00  5.000000e+00
     vertex -1.997540e+01 -2.234591e+00  3.000000e+00
     vertex -1.997540e+01 -2.234591e+00  5.000000e+00
   endloop
 endfacet
 facet normal  9.841561e-01  1.773040e-01  0.000000e+00
   outer loop
     vertex -1.969723e+01 -4.003638e+00  5.000000e+00
     vertex -1.969723e+01 -4.003638e+00  3.000000e+00
     vertex -1.985603e+01 -3.122214e+00  3.000000e+00
   endloop
 endfacet
 facet normal  9.841561e-01  1.773040e-01  0.000000e+00
   outer loop
     vertex -1.969723e+01 -4.003638e+00  5.000000e+00
     vertex -1.985603e+01 -3.122214e+00  3.000000e+00
     vertex -1.985603e+01 -3.122214e+00  5.000000e+00
   endloop
 endfacet
 facet normal  9.752808e-01  2.209691e-01  0.000000e+00
   outer loop
     vertex -1.949933e+01 -4.877113e+00  5.000000e+00
     vertex -1.949933e+01 -4.877113e+00  3.000000e+00
     vertex -1.969723e+01 -4.003638e+00  3.000000e+00
   endloop
 endfacet
 facet normal  9.752808e-01  2.209691e-01  0.000000e+00
   outer loop
     vertex -1.949933e+01 -4.877113e+00  5.000000e+00
     vertex -1.969723e+01 -4.003638e+00  3.000000e+00
     vertex -1.969723e+01 -4.003638e+00  5.000000e+00
   endloop
 endfacet
 facet normal  9.644692e-01  2.641954e-01  0.000000e+00
   outer loop
     vertex -1.926271e+01 -5.740906e+00  5.000000e+00
     vertex -1.926271e+01 -5.740906e+00  3.000000e+00
     vertex -1.949933e+01 -4.877113e+00  3.000000e+00
   endloop
 endfacet
 facet normal  9.644692e-01  2.641954e-01  0.000000e+00
   outer loop
     vertex -1.926271e+01 -5.740906e+00  5.000000e+00
     vertex -1.949933e+01 -4.877113e+00  3.000000e+00
     vertex -1.949933e+01 -4.877113e+00  5.000000e+00
   endloop
 endfacet
 facet normal  9.517427e-01  3.068972e-01  0.000000e+00
   outer loop
     vertex -1.898785e+01 -6.593300e+00  5.000000e+00
     vertex -1.898785e+01 -6.593300e+00  3.000000e+00
     vertex -1.926271e+01 -5.740906e+00  3.000000e+00
   endloop
 endfacet
 facet normal  9.517427e-01  3.068972e-01  0.000000e+00
   outer loop
     vertex -1.898785e+01 -6.593300e+00  5.000000e+00
     vertex -1.926271e+01 -5.740906e+00  3.000000e+00
     vertex -1.926271e+01 -5.740906e+00  5.000000e+00
   endloop
 endfacet
 facet normal  9.371266e-01  3.489897e-01  0.000000e+00
   outer loop
     vertex -1.867529e+01 -7.432603e+00  5.000000e+00
     vertex -1.867529e+01 -7.432603e+00  3.000000e+00
     vertex -1.898785e+01 -6.593300e+00  3.000000e+00
   endloop
 endfacet
 facet normal  9.371266e-01  3.489897e-01  0.000000e+00
   outer loop
     vertex -1.867529e+01 -7.432603e+00  5.000000e+00
     vertex -1.898785e+01 -6.593300e+00  3.000000e+00
     vertex -1.898785e+01 -6.593300e+00  5.000000e+00
   endloop
 endfacet
 facet normal  9.206499e-01  3.903893e-01  0.000000e+00
   outer loop
     vertex -1.832565e+01 -8.257150e+00  5.000000e+00
     vertex -1.867529e+01 -7.432603e+00  3.000000e+00
     vertex -1.867529e+01 -7.432603e+00  5.000000e+00
   endloop
 endfacet
 facet normal  9.206499e-01  3.903893e-01  0.000000e+00
   outer loop
     vertex -1.832565e+01 -8.257150e+00  5.000000e+00
     vertex -1.832565e+01 -8.257150e+00  3.000000e+00
     vertex -1.867529e+01 -7.432603e+00  3.000000e+00
   endloop
 endfacet
 facet normal  9.023453e-01  4.310138e-01  0.000000e+00
   outer loop
     vertex -1.793963e+01 -9.065303e+00  5.000000e+00
     vertex -1.832565e+01 -8.257150e+00  3.000000e+00
     vertex -1.832565e+01 -8.257150e+00  5.000000e+00
   endloop
 endfacet
 facet normal  9.023453e-01  4.310138e-01  0.000000e+00
   outer loop
     vertex -1.793963e+01 -9.065303e+00  5.000000e+00
     vertex -1.793963e+01 -9.065303e+00  3.000000e+00
     vertex -1.832565e+01 -8.257150e+00  3.000000e+00
   endloop
 endfacet
 facet normal  8.822493e-01  4.707826e-01  0.000000e+00
   outer loop
     vertex -1.751799e+01 -9.855458e+00  5.000000e+00
     vertex -1.793963e+01 -9.065303e+00  3.000000e+00
     vertex -1.793963e+01 -9.065303e+00  5.000000e+00
   endloop
 endfacet
 facet normal  8.822493e-01  4.707826e-01  0.000000e+00
   outer loop
     vertex -1.751799e+01 -9.855458e+00  5.000000e+00
     vertex -1.751799e+01 -9.855458e+00  3.000000e+00
     vertex -1.793963e+01 -9.065303e+00  3.000000e+00
   endloop
 endfacet
 facet normal  8.604016e-01  5.096166e-01  0.000000e+00
   outer loop
     vertex -1.706157e+01 -1.062605e+01  5.000000e+00
     vertex -1.751799e+01 -9.855458e+00  3.000000e+00
     vertex -1.751799e+01 -9.855458e+00  5.000000e+00
   endloop
 endfacet
 facet normal  8.604016e-01  5.096166e-01  0.000000e+00
   outer loop
     vertex -1.706157e+01 -1.062605e+01  5.000000e+00
     vertex -1.706157e+01 -1.062605e+01  3.000000e+00
     vertex -1.751799e+01 -9.855458e+00  3.000000e+00
   endloop
 endfacet
 facet normal  8.368456e-01  5.474389e-01  0.000000e+00
   outer loop
     vertex -1.657128e+01 -1.137554e+01  5.000000e+00
     vertex -1.706157e+01 -1.062605e+01  3.000000e+00
     vertex -1.706157e+01 -1.062605e+01  5.000000e+00
   endloop
 endfacet
 facet normal  8.368456e-01  5.474389e-01  0.000000e+00
   outer loop
     vertex -1.657128e+01 -1.137554e+01  5.000000e+00
     vertex -1.657128e+01 -1.137554e+01  3.000000e+00
     vertex -1.706157e+01 -1.062605e+01  3.000000e+00
   endloop
 endfacet
 facet normal  8.116282e-01  5.841743e-01  0.000000e+00
   outer loop
     vertex -1.604808e+01 -1.210244e+01  5.000000e+00
     vertex -1.657128e+01 -1.137554e+01  3.000000e+00
     vertex -1.657128e+01 -1.137554e+01  5.000000e+00
   endloop
 endfacet
 facet normal  8.116282e-01  5.841743e-01  0.000000e+00
   outer loop
     vertex -1.604808e+01 -1.210244e+01  5.000000e+00
     vertex -1.604808e+01 -1.210244e+01  3.000000e+00
     vertex -1.657128e+01 -1.137554e+01  3.000000e+00
   endloop
 endfacet
 facet normal  7.847994e-01  6.197499e-01  0.000000e+00
   outer loop
     vertex -1.549302e+01 -1.280532e+01  5.000000e+00
     vertex -1.604808e+01 -1.210244e+01  3.000000e+00
     vertex -1.604808e+01 -1.210244e+01  5.000000e+00
   endloop
 endfacet
 facet normal  7.847994e-01  6.197499e-01  0.000000e+00
   outer loop
     vertex -1.549302e+01 -1.280532e+01  5.000000e+00
     vertex -1.549302e+01 -1.280532e+01  3.000000e+00
     vertex -1.604808e+01 -1.210244e+01  3.000000e+00
   endloop
 endfacet
 facet normal  7.564124e-01  6.540950e-01  0.000000e+00
   outer loop
     vertex -1.490721e+01 -1.348277e+01  5.000000e+00
     vertex -1.549302e+01 -1.280532e+01  3.000000e+00
     vertex -1.549302e+01 -1.280532e+01  5.000000e+00
   endloop
 endfacet
 facet normal  7.564124e-01  6.540950e-01  0.000000e+00
   outer loop
     vertex -1.490721e+01 -1.348277e+01  5.000000e+00
     vertex -1.490721e+01 -1.348277e+01  3.000000e+00
     vertex -1.549302e+01 -1.280532e+01  3.000000e+00
   endloop
 endfacet
 facet normal  7.265236e-01  6.871415e-01  0.000000e+00
   outer loop
     vertex -1.429179e+01 -1.413346e+01  5.000000e+00
     vertex -1.429179e+01 -1.413346e+01  3.000000e+00
     vertex -1.490721e+01 -1.348277e+01  3.000000e+00
   endloop
 endfacet
 facet normal  7.265236e-01  6.871415e-01  0.000000e+00
   outer loop
     vertex -1.429179e+01 -1.413346e+01  5.000000e+00
     vertex -1.490721e+01 -1.348277e+01  3.000000e+00
     vertex -1.490721e+01 -1.348277e+01  5.000000e+00
   endloop
 endfacet
 facet normal  6.951924e-01  7.188237e-01  0.000000e+00
   outer loop
     vertex -1.364801e+01 -1.475608e+01  5.000000e+00
     vertex -1.364801e+01 -1.475608e+01  3.000000e+00
     vertex -1.429179e+01 -1.413346e+01  3.000000e+00
   endloop
 endfacet
 facet normal  6.951924e-01  7.188237e-01  0.000000e+00
   outer loop
     vertex -1.364801e+01 -1.475608e+01  5.000000e+00
     vertex -1.429179e+01 -1.413346e+01  3.000000e+00
     vertex -1.429179e+01 -1.413346e+01  5.000000e+00
   endloop
 endfacet
 facet normal  6.624810e-01  7.490787e-01  0.000000e+00
   outer loop
     vertex -1.297712e+01 -1.534941e+01  5.000000e+00
     vertex -1.297712e+01 -1.534941e+01  3.000000e+00
     vertex -1.364801e+01 -1.475608e+01  3.000000e+00
   endloop
 endfacet
 facet normal  6.624810e-01  7.490787e-01  0.000000e+00
   outer loop
     vertex -1.297712e+01 -1.534941e+01  5.000000e+00
     vertex -1.364801e+01 -1.475608e+01  3.000000e+00
     vertex -1.364801e+01 -1.475608e+01  5.000000e+00
   endloop
 endfacet
 facet normal  6.284542e-01  7.778466e-01  0.000000e+00
   outer loop
     vertex -1.228047e+01 -1.591226e+01  5.000000e+00
     vertex -1.228047e+01 -1.591226e+01  3.000000e+00
     vertex -1.297712e+01 -1.534941e+01  3.000000e+00
   endloop
 endfacet
 facet normal  6.284542e-01  7.778466e-01  0.000000e+00
   outer loop
     vertex -1.228047e+01 -1.591226e+01  5.000000e+00
     vertex -1.297712e+01 -1.534941e+01  3.000000e+00
     vertex -1.297712e+01 -1.534941e+01  5.000000e+00
   endloop
 endfacet
 facet normal  5.931797e-01  8.050701e-01  0.000000e+00
   outer loop
     vertex -1.155944e+01 -1.644352e+01  5.000000e+00
     vertex -1.155944e+01 -1.644352e+01  3.000000e+00
     vertex -1.228047e+01 -1.591226e+01  3.000000e+00
   endloop
 endfacet
 facet normal  5.931797e-01  8.050701e-01  0.000000e+00
   outer loop
     vertex -1.155944e+01 -1.644352e+01  5.000000e+00
     vertex -1.228047e+01 -1.591226e+01  3.000000e+00
     vertex -1.228047e+01 -1.591226e+01  5.000000e+00
   endloop
 endfacet
 facet normal  5.567276e-01  8.306951e-01  0.000000e+00
   outer loop
     vertex -1.081546e+01 -1.694213e+01  5.000000e+00
     vertex -1.081546e+01 -1.694213e+01  3.000000e+00
     vertex -1.155944e+01 -1.644352e+01  3.000000e+00
   endloop
 endfacet
 facet normal  5.567276e-01  8.306951e-01  0.000000e+00
   outer loop
     vertex -1.081546e+01 -1.694213e+01  5.000000e+00
     vertex -1.155944e+01 -1.644352e+01  3.000000e+00
     vertex -1.155944e+01 -1.644352e+01  5.000000e+00
   endloop
 endfacet
 facet normal  5.191700e-01  8.546710e-01  0.000000e+00
   outer loop
     vertex -1.005000e+01 -1.740711e+01  5.000000e+00
     vertex -1.005000e+01 -1.740711e+01  3.000000e+00
     vertex -1.081546e+01 -1.694213e+01  3.000000e+00
   endloop
 endfacet
 facet normal  5.191700e-01  8.546710e-01  0.000000e+00
   outer loop
     vertex -1.005000e+01 -1.740711e+01  5.000000e+00
     vertex -1.081546e+01 -1.694213e+01  3.000000e+00
     vertex -1.081546e+01 -1.694213e+01  5.000000e+00
   endloop
 endfacet
 facet normal  4.805818e-01  8.769499e-01  0.000000e+00
   outer loop
     vertex -9.264591e+00 -1.783753e+01  5.000000e+00
     vertex -9.264591e+00 -1.783753e+01  3.000000e+00
     vertex -1.005000e+01 -1.740711e+01  3.000000e+00
   endloop
 endfacet
 facet normal  4.805818e-01  8.769499e-01  0.000000e+00
   outer loop
     vertex -9.264591e+00 -1.783753e+01  5.000000e+00
     vertex -1.005000e+01 -1.740711e+01  3.000000e+00
     vertex -1.005000e+01 -1.740711e+01  5.000000e+00
   endloop
 endfacet
 facet normal  4.410393e-01  8.974878e-01  0.000000e+00
   outer loop
     vertex -8.460789e+00 -1.823253e+01  5.000000e+00
     vertex -8.460789e+00 -1.823253e+01  3.000000e+00
     vertex -9.264591e+00 -1.783753e+01  3.000000e+00
   endloop
 endfacet
 facet normal  4.410393e-01  8.974878e-01  0.000000e+00
   outer loop
     vertex -8.460789e+00 -1.823253e+01  5.000000e+00
     vertex -9.264591e+00 -1.783753e+01  3.000000e+00
     vertex -9.264591e+00 -1.783753e+01  5.000000e+00
   endloop
 endfacet
 facet normal  4.006212e-01  9.162438e-01  0.000000e+00
   outer loop
     vertex -7.640188e+00 -1.859133e+01  5.000000e+00
     vertex -7.640188e+00 -1.859133e+01  3.000000e+00
     vertex -8.460789e+00 -1.823253e+01  3.000000e+00
   endloop
 endfacet
 facet normal  4.006212e-01  9.162438e-01  0.000000e+00
   outer loop
     vertex -7.640188e+00 -1.859133e+01  5.000000e+00
     vertex -8.460789e+00 -1.823253e+01  3.000000e+00
     vertex -8.460789e+00 -1.823253e+01  5.000000e+00
   endloop
 endfacet
 facet normal  3.594078e-01  9.331806e-01  0.000000e+00
   outer loop
     vertex -6.804418e+00 -1.891322e+01  5.000000e+00
     vertex -6.804418e+00 -1.891322e+01  3.000000e+00
     vertex -7.640188e+00 -1.859133e+01  3.000000e+00
   endloop
 endfacet
 facet normal  3.594078e-01  9.331806e-01  0.000000e+00
   outer loop
     vertex -6.804418e+00 -1.891322e+01  5.000000e+00
     vertex -7.640188e+00 -1.859133e+01  3.000000e+00
     vertex -7.640188e+00 -1.859133e+01  5.000000e+00
   endloop
 endfacet
 facet normal  3.174807e-01  9.482647e-01  0.000000e+00
   outer loop
     vertex -5.955139e+00 -1.919756e+01  5.000000e+00
     vertex -5.955139e+00 -1.919756e+01  3.000000e+00
     vertex -6.804418e+00 -1.891322e+01  3.000000e+00
   endloop
 endfacet
 facet normal  3.174807e-01  9.482647e-01  0.000000e+00
   outer loop
     vertex -5.955139e+00 -1.919756e+01  5.000000e+00
     vertex -6.804418e+00 -1.891322e+01  3.000000e+00
     vertex -6.804418e+00 -1.891322e+01  5.000000e+00
   endloop
 endfacet
 facet normal  2.749234e-01  9.614661e-01  0.000000e+00
   outer loop
     vertex -5.094037e+00 -1.944379e+01  5.000000e+00
     vertex -5.094037e+00 -1.944379e+01  3.000000e+00
     vertex -5.955139e+00 -1.919756e+01  3.000000e+00
   endloop
 endfacet
 facet normal  2.749234e-01  9.614661e-01  0.000000e+00
   outer loop
     vertex -5.094037e+00 -1.944379e+01  5.000000e+00
     vertex -5.955139e+00 -1.919756e+01  3.000000e+00
     vertex -5.955139e+00 -1.919756e+01  5.000000e+00
   endloop
 endfacet
 facet normal  2.318202e-01  9.727587e-01  0.000000e+00
   outer loop
     vertex -4.222820e+00 -1.965141e+01  5.000000e+00
     vertex -4.222820e+00 -1.965141e+01  3.000000e+00
     vertex -5.094037e+00 -1.944379e+01  3.000000e+00
   endloop
 endfacet
 facet normal  2.318202e-01  9.727587e-01  0.000000e+00
   outer loop
     vertex -4.222820e+00 -1.965141e+01  5.000000e+00
     vertex -5.094037e+00 -1.944379e+01  3.000000e+00
     vertex -5.094037e+00 -1.944379e+01  5.000000e+00
   endloop
 endfacet
 facet normal  1.882567e-01  9.821199e-01  0.000000e+00
   outer loop
     vertex -3.343220e+00 -1.982001e+01  5.000000e+00
     vertex -3.343220e+00 -1.982001e+01  3.000000e+00
     vertex -4.222820e+00 -1.965141e+01  3.000000e+00
   endloop
 endfacet
 facet normal  1.882567e-01  9.821199e-01  0.000000e+00
   outer loop
     vertex -3.343220e+00 -1.982001e+01  5.000000e+00
     vertex -4.222820e+00 -1.965141e+01  3.000000e+00
     vertex -4.222820e+00 -1.965141e+01  5.000000e+00
   endloop
 endfacet
 facet normal  1.443195e-01  9.895311e-01  0.000000e+00
   outer loop
     vertex -2.456982e+00 -1.994927e+01  5.000000e+00
     vertex -2.456982e+00 -1.994927e+01  3.000000e+00
     vertex -3.343220e+00 -1.982001e+01  3.000000e+00
   endloop
 endfacet
 facet normal  1.443195e-01  9.895311e-01  0.000000e+00
   outer loop
     vertex -2.456982e+00 -1.994927e+01  5.000000e+00
     vertex -3.343220e+00 -1.982001e+01  3.000000e+00
     vertex -3.343220e+00 -1.982001e+01  5.000000e+00
   endloop
 endfacet
 facet normal  1.000957e-01  9.949778e-01  0.000000e+00
   outer loop
     vertex -1.565866e+00 -2.003891e+01  5.000000e+00
     vertex -1.565866e+00 -2.003891e+01  3.000000e+00
     vertex -2.456982e+00 -1.994927e+01  3.000000e+00
   endloop
 endfacet
 facet normal  1.000957e-01  9.949778e-01  0.000000e+00
   outer loop
     vertex -1.565866e+00 -2.003891e+01  5.000000e+00
     vertex -2.456982e+00 -1.994927e+01  3.000000e+00
     vertex -2.456982e+00 -1.994927e+01  5.000000e+00
   endloop
 endfacet
 facet normal  5.567320e-02  9.984490e-01  0.000000e+00
   outer loop
     vertex -6.716410e-01 -2.008878e+01  5.000000e+00
     vertex -1.565866e+00 -2.003891e+01  3.000000e+00
     vertex -1.565866e+00 -2.003891e+01  5.000000e+00
   endloop
 endfacet
 facet normal  5.567320e-02  9.984490e-01  0.000000e+00
   outer loop
     vertex -6.716410e-01 -2.008878e+01  5.000000e+00
     vertex -6.716410e-01 -2.008878e+01  3.000000e+00
     vertex -1.565866e+00 -2.003891e+01  3.000000e+00
   endloop
 endfacet
 facet normal  1.114017e-02  9.999379e-01  0.000000e+00
   outer loop
     vertex  2.239174e-01 -2.009875e+01  5.000000e+00
     vertex -6.716410e-01 -2.008878e+01  3.000000e+00
     vertex -6.716410e-01 -2.008878e+01  5.000000e+00
   endloop
 endfacet
 facet normal  1.114017e-02  9.999379e-01  0.000000e+00
   outer loop
     vertex  2.239174e-01 -2.009875e+01  5.000000e+00
     vertex  2.239174e-01 -2.009875e+01  3.000000e+00
     vertex -6.716410e-01 -2.008878e+01  3.000000e+00
   endloop
 endfacet
 facet normal -3.341498e-02  9.994416e-01  0.000000e+00
   outer loop
     vertex  1.119031e+00 -2.006883e+01  5.000000e+00
     vertex  2.239174e-01 -2.009875e+01  3.000000e+00
     vertex  2.239174e-01 -2.009875e+01  5.000000e+00
   endloop
 endfacet
 facet normal -3.341498e-02  9.994416e-01  0.000000e+00
   outer loop
     vertex  1.119031e+00 -2.006883e+01  5.000000e+00
     vertex  1.119031e+00 -2.006883e+01  3.000000e+00
     vertex  2.239174e-01 -2.009875e+01  3.000000e+00
   endloop
 endfacet
 facet normal -7.790378e-02  9.969609e-01  0.000000e+00
   outer loop
     vertex  2.011923e+00 -1.999905e+01  5.000000e+00
     vertex  1.119031e+00 -2.006883e+01  3.000000e+00
     vertex  1.119031e+00 -2.006883e+01  5.000000e+00
   endloop
 endfacet
 facet normal -7.790378e-02  9.969609e-01  0.000000e+00
   outer loop
     vertex  2.011923e+00 -1.999905e+01  5.000000e+00
     vertex  2.011923e+00 -1.999905e+01  3.000000e+00
     vertex  1.119031e+00 -2.006883e+01  3.000000e+00
   endloop
 endfacet
 facet normal -1.222379e-01  9.925008e-01  0.000000e+00
   outer loop
     vertex  2.900821e+00 -1.988958e+01  5.000000e+00
     vertex  2.011923e+00 -1.999905e+01  3.000000e+00
     vertex  2.011923e+00 -1.999905e+01  5.000000e+00
   endloop
 endfacet
 facet normal -1.222379e-01  9.925008e-01  0.000000e+00
   outer loop
     vertex  2.900821e+00 -1.988958e+01  5.000000e+00
     vertex  2.900821e+00 -1.988958e+01  3.000000e+00
     vertex  2.011923e+00 -1.999905e+01  3.000000e+00
   endloop
 endfacet
 facet normal -1.663294e-01  9.860703e-01  0.000000e+00
   outer loop
     vertex  3.783959e+00 -1.974061e+01  5.000000e+00
     vertex  2.900821e+00 -1.988958e+01  3.000000e+00
     vertex  2.900821e+00 -1.988958e+01  5.000000e+00
   endloop
 endfacet
 facet normal -1.663294e-01  9.860703e-01  0.000000e+00
   outer loop
     vertex  3.783959e+00 -1.974061e+01  5.000000e+00
     vertex  3.783959e+00 -1.974061e+01  3.000000e+00
     vertex  2.900821e+00 -1.988958e+01  3.000000e+00
   endloop
 endfacet
 facet normal -2.100906e-01  9.776819e-01  0.000000e+00
   outer loop
     vertex  4.659585e+00 -1.955245e+01  5.000000e+00
     vertex  3.783959e+00 -1.974061e+01  3.000000e+00
     vertex  3.783959e+00 -1.974061e+01  5.000000e+00
   endloop
 endfacet
 facet normal -2.100906e-01  9.776819e-01  0.000000e+00
   outer loop
     vertex  4.659585e+00 -1.955245e+01  5.000000e+00
     vertex  4.659585e+00 -1.955245e+01  3.000000e+00
     vertex  3.783959e+00 -1.974061e+01  3.000000e+00
   endloop
 endfacet
 facet normal -2.534347e-01  9.673525e-01  0.000000e+00
   outer loop
     vertex  5.525959e+00 -1.932547e+01  5.000000e+00
     vertex  4.659585e+00 -1.955245e+01  3.000000e+00
     vertex  4.659585e+00 -1.955245e+01  5.000000e+00
   endloop
 endfacet
 facet normal -2.534347e-01  9.673525e-01  0.000000e+00
   outer loop
     vertex  5.525959e+00 -1.932547e+01  5.000000e+00
     vertex  5.525959e+00 -1.932547e+01  3.000000e+00
     vertex  4.659585e+00 -1.955245e+01  3.000000e+00
   endloop
 endfacet
 facet normal -2.962756e-01  9.551025e-01  0.000000e+00
   outer loop
     vertex  6.381363e+00 -1.906012e+01  5.000000e+00
     vertex  5.525959e+00 -1.932547e+01  3.000000e+00
     vertex  5.525959e+00 -1.932547e+01  5.000000e+00
   endloop
 endfacet
 facet normal -2.962756e-01  9.551025e-01  0.000000e+00
   outer loop
     vertex  6.381363e+00 -1.906012e+01  5.000000e+00
     vertex  6.381363e+00 -1.906012e+01  3.000000e+00
     vertex  5.525959e+00 -1.932547e+01  3.000000e+00
   endloop
 endfacet
 facet normal -3.385283e-01  9.409562e-01  0.000000e+00
   outer loop
     vertex  6.381363e+00 -1.906012e+01  5.000000e+00
     vertex  7.224096e+00 -1.875693e+01  3.000000e+00
     vertex  6.381363e+00 -1.906012e+01  3.000000e+00
   endloop
 endfacet
 facet normal -3.385283e-01  9.409562e-01  0.000000e+00
   outer loop
     vertex  7.224096e+00 -1.875693e+01  5.000000e+00
     vertex  7.224096e+00 -1.875693e+01  3.000000e+00
     vertex  6.381363e+00 -1.906012e+01  5.000000e+00
   endloop
 endfacet
 facet normal -3.801089e-01  9.249418e-01  0.000000e+00
   outer loop
     vertex  8.052487e+00 -1.841650e+01  5.000000e+00
     vertex  7.224096e+00 -1.875693e+01  3.000000e+00
     vertex  7.224096e+00 -1.875693e+01  5.000000e+00
   endloop
 endfacet
 facet normal -3.801089e-01  9.249418e-01  0.000000e+00
   outer loop
     vertex  8.052487e+00 -1.841650e+01  5.000000e+00
     vertex  8.052487e+00 -1.841650e+01  3.000000e+00
     vertex  7.224096e+00 -1.875693e+01  3.000000e+00
   endloop
 endfacet
 facet normal -4.209348e-01  9.070909e-01  0.000000e+00
   outer loop
     vertex  8.864890e+00 -1.803950e+01  5.000000e+00
     vertex  8.052487e+00 -1.841650e+01  3.000000e+00
     vertex  8.052487e+00 -1.841650e+01  5.000000e+00
   endloop
 endfacet
 facet normal -4.209348e-01  9.070909e-01  0.000000e+00
   outer loop
     vertex  8.864890e+00 -1.803950e+01  5.000000e+00
     vertex  8.864890e+00 -1.803950e+01  3.000000e+00
     vertex  8.052487e+00 -1.841650e+01  3.000000e+00
   endloop
 endfacet
 facet normal -4.609249e-01  8.874391e-01  0.000000e+00
   outer loop
     vertex  8.864890e+00 -1.803950e+01  5.000000e+00
     vertex  9.659693e+00 -1.762669e+01  3.000000e+00
     vertex  8.864890e+00 -1.803950e+01  3.000000e+00
   endloop
 endfacet
 facet normal -4.609249e-01  8.874391e-01  0.000000e+00
   outer loop
     vertex  9.659693e+00 -1.762669e+01  5.000000e+00
     vertex  9.659693e+00 -1.762669e+01  3.000000e+00
     vertex  8.864890e+00 -1.803950e+01  5.000000e+00
   endloop
 endfacet
 facet normal -5.000000e-01  8.660254e-01  0.000000e+00
   outer loop
     vertex  1.043532e+01 -1.717889e+01  5.000000e+00
     vertex  9.659693e+00 -1.762669e+01  3.000000e+00
     vertex  9.659693e+00 -1.762669e+01  5.000000e+00
   endloop
 endfacet
 facet normal -5.000000e-01  8.660254e-01  0.000000e+00
   outer loop
     vertex  1.043532e+01 -1.717889e+01  5.000000e+00
     vertex  1.043532e+01 -1.717889e+01  3.000000e+00
     vertex  9.659693e+00 -1.762669e+01  3.000000e+00
   endloop
 endfacet
 facet normal -5.380824e-01  8.428923e-01  0.000000e+00
   outer loop
     vertex  1.119022e+01 -1.669697e+01  5.000000e+00
     vertex  1.043532e+01 -1.717889e+01  3.000000e+00
     vertex  1.043532e+01 -1.717889e+01  5.000000e+00
   endloop
 endfacet
 facet normal -5.380824e-01  8.428923e-01  0.000000e+00
   outer loop
     vertex  1.119022e+01 -1.669697e+01  5.000000e+00
     vertex  1.119022e+01 -1.669697e+01  3.000000e+00
     vertex  1.043532e+01 -1.717889e+01  3.000000e+00
   endloop
 endfacet
 facet normal -5.750964e-01  8.180857e-01  0.000000e+00
   outer loop
     vertex  1.192291e+01 -1.618191e+01  5.000000e+00
     vertex  1.119022e+01 -1.669697e+01  3.000000e+00
     vertex  1.119022e+01 -1.669697e+01  5.000000e+00
   endloop
 endfacet
 facet normal -5.750964e-01  8.180857e-01  0.000000e+00
   outer loop
     vertex  1.192291e+01 -1.618191e+01  5.000000e+00
     vertex  1.192291e+01 -1.618191e+01  3.000000e+00
     vertex  1.119022e+01 -1.669697e+01  3.000000e+00
   endloop
 endfacet
 facet normal -6.109686e-01  7.916548e-01  0.000000e+00
   outer loop
     vertex  1.263193e+01 -1.563472e+01  5.000000e+00
     vertex  1.263193e+01 -1.563472e+01  3.000000e+00
     vertex  1.192291e+01 -1.618191e+01  3.000000e+00
   endloop
 endfacet
 facet normal -6.109686e-01  7.916548e-01  0.000000e+00
   outer loop
     vertex  1.263193e+01 -1.563472e+01  5.000000e+00
     vertex  1.192291e+01 -1.618191e+01  3.000000e+00
     vertex  1.192291e+01 -1.618191e+01  5.000000e+00
   endloop
 endfacet
 facet normal -6.456279e-01  7.636522e-01  0.000000e+00
   outer loop
     vertex  1.331587e+01 -1.505648e+01  5.000000e+00
     vertex  1.331587e+01 -1.505648e+01  3.000000e+00
     vertex  1.263193e+01 -1.563472e+01  3.000000e+00
   endloop
 endfacet
 facet normal -6.790052e-01  7.341334e-01  0.000000e+00
   outer loop
     vertex  1.331587e+01 -1.505648e+01  5.000000e+00
     vertex  1.397337e+01 -1.444836e+01  3.000000e+00
     vertex  1.331587e+01 -1.505648e+01  3.000000e+00
   endloop
 endfacet
 facet normal -6.456279e-01  7.636522e-01  0.000000e+00
   outer loop
     vertex  1.331587e+01 -1.505648e+01  5.000000e+00
     vertex  1.263193e+01 -1.563472e+01  3.000000e+00
     vertex  1.263193e+01 -1.563472e+01  5.000000e+00
   endloop
 endfacet
 facet normal -6.790052e-01  7.341334e-01  0.000000e+00
   outer loop
     vertex  1.397337e+01 -1.444836e+01  5.000000e+00
     vertex  1.397337e+01 -1.444836e+01  3.000000e+00
     vertex  1.331587e+01 -1.505648e+01  5.000000e+00
   endloop
 endfacet
 facet normal -7.110345e-01  7.031571e-01  0.000000e+00
   outer loop
     vertex  1.460313e+01 -1.381154e+01  5.000000e+00
     vertex  1.460313e+01 -1.381154e+01  3.000000e+00
     vertex  1.397337e+01 -1.444836e+01  3.000000e+00
   endloop
 endfacet
 facet normal -7.416521e-01  6.707847e-01  0.000000e+00
   outer loop
     vertex  1.460313e+01 -1.381154e+01  5.000000e+00
     vertex  1.520389e+01 -1.314731e+01  3.000000e+00
     vertex  1.460313e+01 -1.381154e+01  3.000000e+00
   endloop
 endfacet
 facet normal -7.110345e-01  7.031571e-01  0.000000e+00
   outer loop
     vertex  1.460313e+01 -1.381154e+01  5.000000e+00
     vertex  1.397337e+01 -1.444836e+01  3.000000e+00
     vertex  1.397337e+01 -1.444836e+01  5.000000e+00
   endloop
 endfacet
 facet normal -7.416521e-01  6.707847e-01  0.000000e+00
   outer loop
     vertex  1.520389e+01 -1.314731e+01  5.000000e+00
     vertex  1.520389e+01 -1.314731e+01  3.000000e+00
     vertex  1.460313e+01 -1.381154e+01  5.000000e+00
   endloop
 endfacet
 facet normal -7.707972e-01  6.370806e-01  0.000000e+00
   outer loop
     vertex  1.577447e+01 -1.245697e+01  5.000000e+00
     vertex  1.577447e+01 -1.245697e+01  3.000000e+00
     vertex  1.520389e+01 -1.314731e+01  3.000000e+00
   endloop
 endfacet
 facet normal -7.707972e-01  6.370806e-01  0.000000e+00
   outer loop
     vertex  1.577447e+01 -1.245697e+01  5.000000e+00
     vertex  1.520389e+01 -1.314731e+01  3.000000e+00
     vertex  1.520389e+01 -1.314731e+01  5.000000e+00
   endloop
 endfacet
 facet normal -7.984120e-01  6.021116e-01  0.000000e+00
   outer loop
     vertex  1.631373e+01 -1.174190e+01  5.000000e+00
     vertex  1.631373e+01 -1.174190e+01  3.000000e+00
     vertex  1.577447e+01 -1.245697e+01  3.000000e+00
   endloop
 endfacet
 facet normal -7.984120e-01  6.021116e-01  0.000000e+00
   outer loop
     vertex  1.631373e+01 -1.174190e+01  5.000000e+00
     vertex  1.577447e+01 -1.245697e+01  3.000000e+00
     vertex  1.577447e+01 -1.245697e+01  5.000000e+00
   endloop
 endfacet
 facet normal -8.244416e-01  5.659471e-01  0.000000e+00
   outer loop
     vertex  1.682060e+01 -1.100352e+01  5.000000e+00
     vertex  1.682060e+01 -1.100352e+01  3.000000e+00
     vertex  1.631373e+01 -1.174190e+01  3.000000e+00
   endloop
 endfacet
 facet normal -8.488343e-01  5.286590e-01  0.000000e+00
   outer loop
     vertex  1.682060e+01 -1.100352e+01  5.000000e+00
     vertex  1.729407e+01 -1.024329e+01  3.000000e+00
     vertex  1.682060e+01 -1.100352e+01  3.000000e+00
   endloop
 endfacet
 facet normal -8.244416e-01  5.659471e-01  0.000000e+00
   outer loop
     vertex  1.682060e+01 -1.100352e+01  5.000000e+00
     vertex  1.631373e+01 -1.174190e+01  3.000000e+00
     vertex  1.631373e+01 -1.174190e+01  5.000000e+00
   endloop
 endfacet
 facet normal -8.488343e-01  5.286590e-01  0.000000e+00
   outer loop
     vertex  1.729407e+01 -1.024329e+01  5.000000e+00
     vertex  1.729407e+01 -1.024329e+01  3.000000e+00
     vertex  1.682060e+01 -1.100352e+01  5.000000e+00
   endloop
 endfacet
 facet normal -8.715417e-01  4.903213e-01  0.000000e+00
   outer loop
     vertex  1.773321e+01 -9.462730e+00  5.000000e+00
     vertex  1.729407e+01 -1.024329e+01  3.000000e+00
     vertex  1.729407e+01 -1.024329e+01  5.000000e+00
   endloop
 endfacet
 facet normal -8.715417e-01  4.903213e-01  0.000000e+00
   outer loop
     vertex  1.773321e+01 -9.462730e+00  5.000000e+00
     vertex  1.773321e+01 -9.462730e+00  3.000000e+00
     vertex  1.729407e+01 -1.024329e+01  3.000000e+00
   endloop
 endfacet
 facet normal -8.925188e-01  4.510101e-01  0.000000e+00
   outer loop
     vertex  1.813714e+01 -8.663377e+00  5.000000e+00
     vertex  1.773321e+01 -9.462730e+00  3.000000e+00
     vertex  1.773321e+01 -9.462730e+00  5.000000e+00
   endloop
 endfacet
 facet normal -8.925188e-01  4.510101e-01  0.000000e+00
   outer loop
     vertex  1.813714e+01 -8.663377e+00  5.000000e+00
     vertex  1.813714e+01 -8.663377e+00  3.000000e+00
     vertex  1.773321e+01 -9.462730e+00  3.000000e+00
   endloop
 endfacet
 facet normal -9.117239e-01  4.108035e-01  0.000000e+00
   outer loop
     vertex  1.850506e+01 -7.846824e+00  5.000000e+00
     vertex  1.813714e+01 -8.663377e+00  3.000000e+00
     vertex  1.813714e+01 -8.663377e+00  5.000000e+00
   endloop
 endfacet
 facet normal -9.117239e-01  4.108035e-01  0.000000e+00
   outer loop
     vertex  1.850506e+01 -7.846824e+00  5.000000e+00
     vertex  1.850506e+01 -7.846824e+00  3.000000e+00
     vertex  1.813714e+01 -8.663377e+00  3.000000e+00
   endloop
 endfacet
 facet normal -9.291188e-01  3.697813e-01  0.000000e+00
   outer loop
     vertex  1.883624e+01 -7.014693e+00  5.000000e+00
     vertex  1.850506e+01 -7.846824e+00  3.000000e+00
     vertex  1.850506e+01 -7.846824e+00  5.000000e+00
   endloop
 endfacet
 facet normal -9.291188e-01  3.697813e-01  0.000000e+00
   outer loop
     vertex  1.883624e+01 -7.014693e+00  5.000000e+00
     vertex  1.883624e+01 -7.014693e+00  3.000000e+00
     vertex  1.850506e+01 -7.846824e+00  3.000000e+00
   endloop
 endfacet
 facet normal -9.446691e-01  3.280249e-01  0.000000e+00
   outer loop
     vertex  1.913003e+01 -6.168634e+00  5.000000e+00
     vertex  1.883624e+01 -7.014693e+00  3.000000e+00
     vertex  1.883624e+01 -7.014693e+00  5.000000e+00
   endloop
 endfacet
 facet normal -9.446691e-01  3.280249e-01  0.000000e+00
   outer loop
     vertex  1.913003e+01 -6.168634e+00  5.000000e+00
     vertex  1.913003e+01 -6.168634e+00  3.000000e+00
     vertex  1.883624e+01 -7.014693e+00  3.000000e+00
   endloop
 endfacet
 facet normal -9.583438e-01  2.856172e-01  0.000000e+00
   outer loop
     vertex  1.938583e+01 -5.310328e+00  5.000000e+00
     vertex  1.913003e+01 -6.168634e+00  3.000000e+00
     vertex  1.913003e+01 -6.168634e+00  5.000000e+00
   endloop
 endfacet
 facet normal -9.583438e-01  2.856172e-01  0.000000e+00
   outer loop
     vertex  1.938583e+01 -5.310328e+00  5.000000e+00
     vertex  1.938583e+01 -5.310328e+00  3.000000e+00
     vertex  1.913003e+01 -6.168634e+00  3.000000e+00
   endloop
 endfacet
 facet normal -9.701158e-01  2.426425e-01  0.000000e+00
   outer loop
     vertex  1.960314e+01 -4.441478e+00  5.000000e+00
     vertex  1.938583e+01 -5.310328e+00  3.000000e+00
     vertex  1.938583e+01 -5.310328e+00  5.000000e+00
   endloop
 endfacet
 facet normal -9.701158e-01  2.426425e-01  0.000000e+00
   outer loop
     vertex  1.960314e+01 -4.441478e+00  5.000000e+00
     vertex  1.960314e+01 -4.441478e+00  3.000000e+00
     vertex  1.938583e+01 -5.310328e+00  3.000000e+00
   endloop
 endfacet
 facet normal -9.799617e-01  1.991860e-01  0.000000e+00
   outer loop
     vertex  1.978154e+01 -3.563811e+00  5.000000e+00
     vertex  1.960314e+01 -4.441478e+00  3.000000e+00
     vertex  1.960314e+01 -4.441478e+00  5.000000e+00
   endloop
 endfacet
 facet normal -9.799617e-01  1.991860e-01  0.000000e+00
   outer loop
     vertex  1.978154e+01 -3.563811e+00  5.000000e+00
     vertex  1.978154e+01 -3.563811e+00  3.000000e+00
     vertex  1.960314e+01 -4.441478e+00  3.000000e+00
   endloop
 endfacet
 facet normal -9.878620e-01  1.553340e-01  0.000000e+00
   outer loop
     vertex  1.992066e+01 -2.679068e+00  5.000000e+00
     vertex  1.978154e+01 -3.563811e+00  3.000000e+00
     vertex  1.978154e+01 -3.563811e+00  5.000000e+00
   endloop
 endfacet
 facet normal -9.878620e-01  1.553340e-01  0.000000e+00
   outer loop
     vertex  1.992066e+01 -2.679068e+00  5.000000e+00
     vertex  1.992066e+01 -2.679068e+00  3.000000e+00
     vertex  1.978154e+01 -3.563811e+00  3.000000e+00
   endloop
 endfacet
 facet normal -9.938010e-01  1.111737e-01  0.000000e+00
   outer loop
     vertex  2.002023e+01 -1.789006e+00  5.000000e+00
     vertex  1.992066e+01 -2.679068e+00  3.000000e+00
     vertex  1.992066e+01 -2.679068e+00  5.000000e+00
   endloop
 endfacet
 facet normal -9.938010e-01  1.111737e-01  0.000000e+00
   outer loop
     vertex  2.002023e+01 -1.789006e+00  5.000000e+00
     vertex  2.002023e+01 -1.789006e+00  3.000000e+00
     vertex  1.992066e+01 -2.679068e+00  3.000000e+00
   endloop
 endfacet
 facet normal -9.977669e-01  6.679263e-02  0.000000e+00
   outer loop
     vertex  2.008005e+01 -8.953917e-01  5.000000e+00
     vertex  2.002023e+01 -1.789006e+00  3.000000e+00
     vertex  2.002023e+01 -1.789006e+00  5.000000e+00
   endloop
 endfacet
 facet normal -9.977669e-01  6.679263e-02  0.000000e+00
   outer loop
     vertex  2.008005e+01 -8.953917e-01  5.000000e+00
     vertex  2.008005e+01 -8.953917e-01  3.000000e+00
     vertex  2.002023e+01 -1.789006e+00  3.000000e+00
   endloop
 endfacet
 facet normal -9.997518e-01  2.227896e-02  0.000000e+00
   outer loop
     vertex  2.010000e+01 -4.923080e-15  5.000000e+00
     vertex  2.008005e+01 -8.953917e-01  3.000000e+00
     vertex  2.008005e+01 -8.953917e-01  5.000000e+00
   endloop
 endfacet
 facet normal -9.997518e-01  2.227896e-02  0.000000e+00
   outer loop
     vertex  2.010000e+01 -4.923080e-15  5.000000e+00
     vertex  2.010000e+01 -4.923080e-15  3.000000e+00
     vertex  2.008005e+01 -8.953917e-01  3.000000e+00
   endloop
 endfacet
 facet normal  0.000000e+00  0.000000e+00  1.000000e+00
   outer loop
     vertex -1.429179e+01 -1.413346e+01  5.000000e+00
     vertex -1.651524e+01 -1.600771e+01  5.000000e+00
     vertex -1.583505e+01 -1.668087e+01  5.000000e+00
   endloop
 endfacet
 facet normal  0.000000e+00  0.000000e+00  1.000000e+00
   outer loop
     vertex -1.364801e+01 -1.475608e+01  5.000000e+00
     vertex -1.429179e+01 -1.413346e+01  5.000000e+00
     vertex -1.583505e+01 -1.668087e+01  5.000000e+00
   endloop
 endfacet
 facet normal  0.000000e+00  0.000000e+00  1.000000e+00
   outer loop
     vertex -1.364801e+01 -1.475608e+01  5.000000e+00
     vertex -1.583505e+01 -1.668087e+01  5.000000e+00
     vertex -1.512744e+01 -1.732514e+01  5.000000e+00
   endloop
 endfacet
 facet normal  0.000000e+00  0.000000e+00  1.000000e+00
   outer loop
     vertex -1.490721e+01 -1.348277e+01  5.000000e+00
     vertex -1.716684e+01 -1.530685e+01  5.000000e+00
     vertex -1.651524e+01 -1.600771e+01  5.000000e+00
   endloop
 endfacet
 facet normal  0.000000e+00  0.000000e+00  1.000000e+00
   outer loop
     vertex -1.490721e+01 -1.348277e+01  5.000000e+00
     vertex -1.651524e+01 -1.600771e+01  5.000000e+00
     vertex -1.429179e+01 -1.413346e+01  5.000000e+00
   endloop
 endfacet
 facet normal  0.000000e+00  0.000000e+00  1.000000e+00
   outer loop
     vertex -1.297712e+01 -1.534941e+01  5.000000e+00
     vertex -1.364801e+01 -1.475608e+01  5.000000e+00
     vertex -1.512744e+01 -1.732514e+01  5.000000e+00
   endloop
 endfacet
 facet normal  0.000000e+00  0.000000e+00  1.000000e+00
   outer loop
     vertex -1.297712e+01 -1.534941e+01  5.000000e+00
     vertex -1.512744e+01 -1.732514e+01  5.000000e+00
     vertex -1.439365e+01 -1.793942e+01  5.000000e+00
   endloop
 endfacet
 facet normal  0.000000e+00  0.000000e+00  1.000000e+00
   outer loop
     vertex -1.549302e+01 -1.280532e+01  5.000000e+00
     vertex -1.716684e+01 -1.530685e+01  5.000000e+00
     vertex -1.490721e+01 -1.348277e+01  5.000000e+00
   endloop
 endfacet
 facet normal  0.000000e+00  0.000000e+00  1.000000e+00
   outer loop
     vertex -1.549302e+01 -1.280532e+01  5.000000e+00
     vertex -1.778872e+01 -1.457948e+01  5.000000e+00
     vertex -1.716684e+01 -1.530685e+01  5.000000e+00
   endloop
 endfacet
 facet normal  0.000000e+00  0.000000e+00  1.000000e+00
   outer loop
     vertex -1.228047e+01 -1.591226e+01  5.000000e+00
     vertex -1.297712e+01 -1.534941e+01  5.000000e+00
     vertex -1.439365e+01 -1.793942e+01  5.000000e+00
   endloop
 endfacet
 facet normal  0.000000e+00  0.000000e+00  1.000000e+00
   outer loop
     vertex -1.228047e+01 -1.591226e+01  5.000000e+00
     vertex -1.439365e+01 -1.793942e+01  5.000000e+00
     vertex -1.363494e+01 -1.852265e+01  5.000000e+00
   endloop
 endfacet
 facet normal  0.000000e+00  0.000000e+00  1.000000e+00
   outer loop
     vertex -1.604808e+01 -1.210244e+01  5.000000e+00
     vertex -1.778872e+01 -1.457948e+01  5.000000e+00
     vertex -1.549302e+01 -1.280532e+01  5.000000e+00
   endloop
 endfacet
 facet normal  0.000000e+00  0.000000e+00  1.000000e+00
   outer loop
     vertex -1.604808e+01 -1.210244e+01  5.000000e+00
     vertex -1.893908e+01 -1.305034e+01  5.000000e+00
     vertex -1.837981e+01 -1.382688e+01  5.000000e+00
   endloop
 endfacet
 facet normal  0.000000e+00  0.000000e+00  1.000000e+00
   outer loop
     vertex -1.604808e+01 -1.210244e+01  5.000000e+00
     vertex -1.837981e+01 -1.382688e+01  5.000000e+00
     vertex -1.778872e+01 -1.457948e+01  5.000000e+00
   endloop
 endfacet
 facet normal  0.000000e+00  0.000000e+00  1.000000e+00
   outer loop
     vertex -1.155944e+01 -1.644352e+01  5.000000e+00
     vertex -1.228047e+01 -1.591226e+01  5.000000e+00
     vertex -1.363494e+01 -1.852265e+01  5.000000e+00
   endloop
 endfacet
 facet normal  0.000000e+00  0.000000e+00  1.000000e+00
   outer loop
     vertex -1.155944e+01 -1.644352e+01  5.000000e+00
     vertex -1.363494e+01 -1.852265e+01  5.000000e+00
     vertex -1.285262e+01 -1.907381e+01  5.000000e+00
   endloop
 endfacet
 facet normal  0.000000e+00  0.000000e+00  1.000000e+00
   outer loop
     vertex -1.657128e+01 -1.137554e+01  5.000000e+00
     vertex -1.893908e+01 -1.305034e+01  5.000000e+00
     vertex -1.604808e+01 -1.210244e+01  5.000000e+00
   endloop
 endfacet
 facet normal  0.000000e+00  0.000000e+00  1.000000e+00
   outer loop
     vertex -1.657128e+01 -1.137554e+01  5.000000e+00
     vertex -1.946556e+01 -1.225120e+01  5.000000e+00
     vertex -1.893908e+01 -1.305034e+01  5.000000e+00
   endloop
 endfacet
 facet normal  0.000000e+00  0.000000e+00  1.000000e+00
   outer loop
     vertex -1.081546e+01 -1.694213e+01  5.000000e+00
     vertex -1.155944e+01 -1.644352e+01  5.000000e+00
     vertex -1.285262e+01 -1.907381e+01  5.000000e+00
   endloop
 endfacet
 facet normal  0.000000e+00  0.000000e+00  1.000000e+00
   outer loop
     vertex -1.081546e+01 -1.694213e+01  5.000000e+00
     vertex -1.285262e+01 -1.907381e+01  5.000000e+00
     vertex -1.204805e+01 -1.959195e+01  5.000000e+00
   endloop
 endfacet
 facet normal  0.000000e+00  0.000000e+00  1.000000e+00
   outer loop
     vertex -1.706157e+01 -1.062605e+01  5.000000e+00
     vertex -1.946556e+01 -1.225120e+01  5.000000e+00
     vertex -1.657128e+01 -1.137554e+01  5.000000e+00
   endloop
 endfacet
 facet normal  0.000000e+00  0.000000e+00  1.000000e+00
   outer loop
     vertex -1.706157e+01 -1.062605e+01  5.000000e+00
     vertex -1.995834e+01 -1.143086e+01  5.000000e+00
     vertex -1.946556e+01 -1.225120e+01  5.000000e+00
   endloop
 endfacet
 facet normal  0.000000e+00  0.000000e+00  1.000000e+00
   outer loop
     vertex -1.005000e+01 -1.740711e+01  5.000000e+00
     vertex -1.204805e+01 -1.959195e+01  5.000000e+00
     vertex -1.122263e+01 -2.007617e+01  5.000000e+00
   endloop
 endfacet
 facet normal  0.000000e+00  0.000000e+00  1.000000e+00
   outer loop
     vertex -1.005000e+01 -1.740711e+01  5.000000e+00
     vertex -1.081546e+01 -1.694213e+01  5.000000e+00
     vertex -1.204805e+01 -1.959195e+01  5.000000e+00
   endloop
 endfacet
 facet normal  0.000000e+00  0.000000e+00  1.000000e+00
   outer loop
     vertex -1.751799e+01 -9.855458e+00  5.000000e+00
     vertex -1.995834e+01 -1.143086e+01  5.000000e+00
     vertex -1.706157e+01 -1.062605e+01  5.000000e+00
   endloop
 endfacet
 facet normal  0.000000e+00  0.000000e+00  1.000000e+00
   outer loop
     vertex -1.751799e+01 -9.855458e+00  5.000000e+00
     vertex -2.041657e+01 -1.059073e+01  5.000000e+00
     vertex -1.995834e+01 -1.143086e+01  5.000000e+00
   endloop
 endfacet
 facet normal  0.000000e+00  0.000000e+00  1.000000e+00
   outer loop
     vertex -9.264591e+00 -1.783753e+01  5.000000e+00
     vertex -1.122263e+01 -2.007617e+01  5.000000e+00
     vertex -1.037778e+01 -2.052564e+01  5.000000e+00
   endloop
 endfacet
 facet normal  0.000000e+00  0.000000e+00  1.000000e+00
   outer loop
     vertex -9.264591e+00 -1.783753e+01  5.000000e+00
     vertex -1.005000e+01 -1.740711e+01  5.000000e+00
     vertex -1.122263e+01 -2.007617e+01  5.000000e+00
   endloop
 endfacet
 facet normal  0.000000e+00  0.000000e+00  1.000000e+00
   outer loop
     vertex -1.793963e+01 -9.065303e+00  5.000000e+00
     vertex -2.041657e+01 -1.059073e+01  5.000000e+00
     vertex -1.751799e+01 -9.855458e+00  5.000000e+00
   endloop
 endfacet
 facet normal  0.000000e+00  0.000000e+00  1.000000e+00
   outer loop
     vertex -1.793963e+01 -9.065303e+00  5.000000e+00
     vertex -2.083946e+01 -9.732265e+00  5.000000e+00
     vertex -2.041657e+01 -1.059073e+01  5.000000e+00
   endloop
 endfacet
 facet normal  0.000000e+00  0.000000e+00  1.000000e+00
   outer loop
     vertex -8.460789e+00 -1.823253e+01  5.000000e+00
     vertex -1.037778e+01 -2.052564e+01  5.000000e+00
     vertex -9.514958e+00 -2.093957e+01  5.000000e+00
   endloop
 endfacet
 facet normal  0.000000e+00  0.000000e+00  1.000000e+00
   outer loop
     vertex -8.460789e+00 -1.823253e+01  5.000000e+00
     vertex -9.264591e+00 -1.783753e+01  5.000000e+00
     vertex -1.037778e+01 -2.052564e+01  5.000000e+00
   endloop
 endfacet
 facet normal  0.000000e+00  0.000000e+00  1.000000e+00
   outer loop
     vertex -1.832565e+01 -8.257150e+00  5.000000e+00
     vertex -2.083946e+01 -9.732265e+00  5.000000e+00
     vertex -1.793963e+01 -9.065303e+00  5.000000e+00
   endloop
 endfacet
 facet normal  0.000000e+00  0.000000e+00  1.000000e+00
   outer loop
     vertex -1.832565e+01 -8.257150e+00  5.000000e+00
     vertex -2.122627e+01 -8.856951e+00  5.000000e+00
     vertex -2.083946e+01 -9.732265e+00  5.000000e+00
   endloop
 endfacet
 facet normal  0.000000e+00  0.000000e+00  1.000000e+00
   outer loop
     vertex -7.640188e+00 -1.859133e+01  5.000000e+00
     vertex -9.514958e+00 -2.093957e+01  5.000000e+00
     vertex -8.635667e+00 -2.131725e+01  5.000000e+00
   endloop
 endfacet
 facet normal  0.000000e+00  0.000000e+00  1.000000e+00
   outer loop
     vertex -7.640188e+00 -1.859133e+01  5.000000e+00
     vertex -8.460789e+00 -1.823253e+01  5.000000e+00
     vertex -9.514958e+00 -2.093957e+01  5.000000e+00
   endloop
 endfacet
 facet normal  0.000000e+00  0.000000e+00  1.000000e+00
   outer loop
     vertex -1.867529e+01 -7.432603e+00  5.000000e+00
     vertex -2.157633e+01 -7.966304e+00  5.000000e+00
     vertex -2.122627e+01 -8.856951e+00  5.000000e+00
   endloop
 endfacet
 facet normal  0.000000e+00  0.000000e+00  1.000000e+00
   outer loop
     vertex -1.867529e+01 -7.432603e+00  5.000000e+00
     vertex -2.122627e+01 -8.856951e+00  5.000000e+00
     vertex -1.832565e+01 -8.257150e+00  5.000000e+00
   endloop
 endfacet
 facet normal  0.000000e+00  0.000000e+00  1.000000e+00
   outer loop
     vertex -6.804418e+00 -1.891322e+01  5.000000e+00
     vertex -8.635667e+00 -2.131725e+01  5.000000e+00
     vertex -7.741426e+00 -2.165803e+01  5.000000e+00
   endloop
 endfacet
 facet normal  0.000000e+00  0.000000e+00  1.000000e+00
   outer loop
     vertex -6.804418e+00 -1.891322e+01  5.000000e+00
     vertex -7.640188e+00 -1.859133e+01  5.000000e+00
     vertex -8.635667e+00 -2.131725e+01  5.000000e+00
   endloop
 endfacet
 facet normal  0.000000e+00  0.000000e+00  1.000000e+00
   outer loop
     vertex -1.898785e+01 -6.593300e+00  5.000000e+00
     vertex -2.188904e+01 -7.061865e+00  5.000000e+00
     vertex -2.157633e+01 -7.966304e+00  5.000000e+00
   endloop
 endfacet
 facet normal  0.000000e+00  0.000000e+00  1.000000e+00
   outer loop
     vertex -1.898785e+01 -6.593300e+00  5.000000e+00
     vertex -2.157633e+01 -7.966304e+00  5.000000e+00
     vertex -1.867529e+01 -7.432603e+00  5.000000e+00
   endloop
 endfacet
 facet normal  0.000000e+00  0.000000e+00  1.000000e+00
   outer loop
     vertex -5.955139e+00 -1.919756e+01  5.000000e+00
     vertex -7.741426e+00 -2.165803e+01  5.000000e+00
     vertex -6.833784e+00 -2.196132e+01  5.000000e+00
   endloop
 endfacet
 facet normal  0.000000e+00  0.000000e+00  1.000000e+00
   outer loop
     vertex -5.955139e+00 -1.919756e+01  5.000000e+00
     vertex -6.833784e+00 -2.196132e+01  5.000000e+00
     vertex -5.914311e+00 -2.222658e+01  5.000000e+00
   endloop
 endfacet
 facet normal  0.000000e+00  0.000000e+00  1.000000e+00
   outer loop
     vertex -5.955139e+00 -1.919756e+01  5.000000e+00
     vertex -6.804418e+00 -1.891322e+01  5.000000e+00
     vertex -7.741426e+00 -2.165803e+01  5.000000e+00
   endloop
 endfacet
 facet normal  0.000000e+00  0.000000e+00  1.000000e+00
   outer loop
     vertex -1.926271e+01 -5.740906e+00  5.000000e+00
     vertex -2.188904e+01 -7.061865e+00  5.000000e+00
     vertex -1.898785e+01 -6.593300e+00  5.000000e+00
   endloop
 endfacet
 facet normal  0.000000e+00  0.000000e+00  1.000000e+00
   outer loop
     vertex -1.926271e+01 -5.740906e+00  5.000000e+00
     vertex -2.216386e+01 -6.145202e+00  5.000000e+00
     vertex -2.188904e+01 -7.061865e+00  5.000000e+00
   endloop
 endfacet
 facet normal  0.000000e+00  0.000000e+00  1.000000e+00
   outer loop
     vertex -5.094037e+00 -1.944379e+01  5.000000e+00
     vertex -5.914311e+00 -2.222658e+01  5.000000e+00
     vertex -4.984599e+00 -2.245337e+01  5.000000e+00
   endloop
 endfacet
 facet normal  0.000000e+00  0.000000e+00  1.000000e+00
   outer loop
     vertex -5.094037e+00 -1.944379e+01  5.000000e+00
     vertex -5.955139e+00 -1.919756e+01  5.000000e+00
     vertex -5.914311e+00 -2.222658e+01  5.000000e+00
   endloop
 endfacet
 facet normal  0.000000e+00  0.000000e+00  1.000000e+00
   outer loop
     vertex -1.949933e+01 -4.877113e+00  5.000000e+00
     vertex -2.216386e+01 -6.145202e+00  5.000000e+00
     vertex -1.926271e+01 -5.740906e+00  5.000000e+00
   endloop
 endfacet
 facet normal  0.000000e+00  0.000000e+00  1.000000e+00
   outer loop
     vertex -1.949933e+01 -4.877113e+00  5.000000e+00
     vertex -2.240030e+01 -5.217900e+00  5.000000e+00
     vertex -2.216386e+01 -6.145202e+00  5.000000e+00
   endloop
 endfacet
 facet normal  0.000000e+00  0.000000e+00  1.000000e+00
   outer loop
     vertex -4.222820e+00 -1.965141e+01  5.000000e+00
     vertex -4.984599e+00 -2.245337e+01  5.000000e+00
     vertex -4.046259e+00 -2.264129e+01  5.000000e+00
   endloop
 endfacet
 facet normal  0.000000e+00  0.000000e+00  1.000000e+00
   outer loop
     vertex -4.222820e+00 -1.965141e+01  5.000000e+00
     vertex -5.094037e+00 -1.944379e+01  5.000000e+00
     vertex -4.984599e+00 -2.245337e+01  5.000000e+00
   endloop
 endfacet
 facet normal  0.000000e+00  0.000000e+00  1.000000e+00
   outer loop
     vertex -1.969723e+01 -4.003638e+00  5.000000e+00
     vertex -2.240030e+01 -5.217900e+00  5.000000e+00
     vertex -1.949933e+01 -4.877113e+00  5.000000e+00
   endloop
 endfacet
 facet normal  0.000000e+00  0.000000e+00  1.000000e+00
   outer loop
     vertex -1.969723e+01 -4.003638e+00  5.000000e+00
     vertex -2.259797e+01 -4.281564e+00  5.000000e+00
     vertex -2.240030e+01 -5.217900e+00  5.000000e+00
   endloop
 endfacet
 facet normal  0.000000e+00  0.000000e+00  1.000000e+00
   outer loop
     vertex -3.343220e+00 -1.982001e+01  5.000000e+00
     vertex -4.046259e+00 -2.264129e+01  5.000000e+00
     vertex -3.100913e+00 -2.279001e+01  5.000000e+00
   endloop
 endfacet
 facet normal  0.000000e+00  0.000000e+00  1.000000e+00
   outer loop
     vertex -3.343220e+00 -1.982001e+01  5.000000e+00
     vertex -4.222820e+00 -1.965141e+01  5.000000e+00
     vertex -4.046259e+00 -2.264129e+01  5.000000e+00
   endloop
 endfacet
 facet normal  0.000000e+00  0.000000e+00  1.000000e+00
   outer loop
     vertex -1.985603e+01 -3.122214e+00  5.000000e+00
     vertex -2.259797e+01 -4.281564e+00  5.000000e+00
     vertex -1.969723e+01 -4.003638e+00  5.000000e+00
   endloop
 endfacet
 facet normal  0.000000e+00  0.000000e+00  1.000000e+00
   outer loop
     vertex -1.985603e+01 -3.122214e+00  5.000000e+00
     vertex -2.275652e+01 -3.337817e+00  5.000000e+00
     vertex -2.259797e+01 -4.281564e+00  5.000000e+00
   endloop
 endfacet
 facet normal  0.000000e+00  0.000000e+00  1.000000e+00
   outer loop
     vertex -2.456982e+00 -1.994927e+01  5.000000e+00
     vertex -3.100913e+00 -2.279001e+01  5.000000e+00
     vertex -2.150199e+00 -2.289927e+01  5.000000e+00
   endloop
 endfacet
 facet normal  0.000000e+00  0.000000e+00  1.000000e+00
   outer loop
     vertex -2.456982e+00 -1.994927e+01  5.000000e+00
     vertex -3.343220e+00 -1.982001e+01  5.000000e+00
     vertex -3.100913e+00 -2.279001e+01  5.000000e+00
   endloop
 endfacet
 facet normal  0.000000e+00  0.000000e+00  1.000000e+00
   outer loop
     vertex -1.997540e+01 -2.234591e+00  5.000000e+00
     vertex -2.275652e+01 -3.337817e+00  5.000000e+00
     vertex -1.985603e+01 -3.122214e+00  5.000000e+00
   endloop
 endfacet
 facet normal  0.000000e+00  0.000000e+00  1.000000e+00
   outer loop
     vertex -1.997540e+01 -2.234591e+00  5.000000e+00
     vertex -2.287567e+01 -2.388291e+00  5.000000e+00
     vertex -2.275652e+01 -3.337817e+00  5.000000e+00
   endloop
 endfacet
 facet normal  0.000000e+00  0.000000e+00  1.000000e+00
   outer loop
     vertex -1.565866e+00 -2.003891e+01  5.000000e+00
     vertex -2.150199e+00 -2.289927e+01  5.000000e+00
     vertex -1.195763e+00 -2.296890e+01  5.000000e+00
   endloop
 endfacet
 facet normal  0.000000e+00  0.000000e+00  1.000000e+00
   outer loop
     vertex -1.565866e+00 -2.003891e+01  5.000000e+00
     vertex -2.456982e+00 -1.994927e+01  5.000000e+00
     vertex -2.150199e+00 -2.289927e+01  5.000000e+00
   endloop
 endfacet
 facet normal  0.000000e+00  0.000000e+00  1.000000e+00
   outer loop
     vertex -2.005511e+01 -1.342532e+00  5.000000e+00
     vertex -2.287567e+01 -2.388291e+00  5.000000e+00
     vertex -1.997540e+01 -2.234591e+00  5.000000e+00
   endloop
 endfacet
 facet normal  0.000000e+00  0.000000e+00  1.000000e+00
   outer loop
     vertex -2.005511e+01 -1.342532e+00  5.000000e+00
     vertex -2.295521e+01 -1.434630e+00  5.000000e+00
     vertex -2.287567e+01 -2.388291e+00  5.000000e+00
   endloop
 endfacet
 facet normal  0.000000e+00  0.000000e+00  1.000000e+00
   outer loop
     vertex -6.716410e-01 -2.008878e+01  5.000000e+00
     vertex -1.195763e+00 -2.296890e+01  5.000000e+00
     vertex -2.392561e-01 -2.299876e+01  5.000000e+00
   endloop
 endfacet
 facet normal  0.000000e+00  0.000000e+00  1.000000e+00
   outer loop
     vertex -6.716410e-01 -2.008878e+01  5.000000e+00
     vertex -1.565866e+00 -2.003891e+01  5.000000e+00
     vertex -1.195763e+00 -2.296890e+01  5.000000e+00
   endloop
 endfacet
 facet normal  0.000000e+00  0.000000e+00  1.000000e+00
   outer loop
     vertex -2.009501e+01 -4.478070e-01  5.000000e+00
     vertex -2.295521e+01 -1.434630e+00  5.000000e+00
     vertex -2.005511e+01 -1.342532e+00  5.000000e+00
   endloop
 endfacet
 facet normal  0.000000e+00  0.000000e+00  1.000000e+00
   outer loop
     vertex -2.009501e+01 -4.478070e-01  5.000000e+00
     vertex -2.299502e+01  4.784862e-01  5.000000e+00
     vertex -2.299502e+01 -4.784862e-01  5.000000e+00
   endloop
 endfacet
 facet normal  0.000000e+00  0.000000e+00  1.000000e+00
   outer loop
     vertex -2.009501e+01 -4.478070e-01  5.000000e+00
     vertex -2.299502e+01 -4.784862e-01  5.000000e+00
     vertex -2.295521e+01 -1.434630e+00  5.000000e+00
   endloop
 endfacet
 facet normal  0.000000e+00  0.000000e+00  1.000000e+00
   outer loop
     vertex  2.239174e-01 -2.009875e+01  5.000000e+00
     vertex -2.392561e-01 -2.299876e+01  5.000000e+00
     vertex  7.176646e-01 -2.298880e+01  5.000000e+00
   endloop
 endfacet
 facet normal  0.000000e+00  0.000000e+00  1.000000e+00
   outer loop
     vertex  2.239174e-01 -2.009875e+01  5.000000e+00
     vertex -6.716410e-01 -2.008878e+01  5.000000e+00
     vertex -2.392561e-01 -2.299876e+01  5.000000e+00
   endloop
 endfacet
 facet normal  0.000000e+00  0.000000e+00  1.000000e+00
   outer loop
     vertex -2.009501e+01  4.478070e-01  5.000000e+00
     vertex -2.299502e+01  4.784862e-01  5.000000e+00
     vertex -2.009501e+01 -4.478070e-01  5.000000e+00
   endloop
 endfacet
 facet normal  0.000000e+00  0.000000e+00  1.000000e+00
   outer loop
     vertex -2.009501e+01  4.478070e-01  5.000000e+00
     vertex -2.295521e+01  1.434630e+00  5.000000e+00
     vertex -2.299502e+01  4.784862e-01  5.000000e+00
   endloop
 endfacet
 facet normal  0.000000e+00  0.000000e+00  1.000000e+00
   outer loop
     vertex  1.119031e+00 -2.006883e+01  5.000000e+00
     vertex  7.176646e-01 -2.298880e+01  5.000000e+00
     vertex  1.673343e+00 -2.293905e+01  5.000000e+00
   endloop
 endfacet
 facet normal  0.000000e+00  0.000000e+00  1.000000e+00
   outer loop
     vertex  1.119031e+00 -2.006883e+01  5.000000e+00
     vertex  2.239174e-01 -2.009875e+01  5.000000e+00
     vertex  7.176646e-01 -2.298880e+01  5.000000e+00
   endloop
 endfacet
 facet normal  0.000000e+00  0.000000e+00  1.000000e+00
   outer loop
     vertex -2.005511e+01  1.342532e+00  5.000000e+00
     vertex -2.295521e+01  1.434630e+00  5.000000e+00
     vertex -2.009501e+01  4.478070e-01  5.000000e+00
   endloop
 endfacet
 facet normal  0.000000e+00  0.000000e+00  1.000000e+00
   outer loop
     vertex -2.005511e+01  1.342532e+00  5.000000e+00
     vertex -2.287567e+01  2.388291e+00  5.000000e+00
     vertex -2.295521e+01  1.434630e+00  5.000000e+00
   endloop
 endfacet
 facet normal  0.000000e+00  0.000000e+00  1.000000e+00
   outer loop
     vertex  2.011923e+00 -1.999905e+01  5.000000e+00
     vertex  1.673343e+00 -2.293905e+01  5.000000e+00
     vertex  2.626124e+00 -2.284958e+01  5.000000e+00
   endloop
 endfacet
 facet normal  0.000000e+00  0.000000e+00  1.000000e+00
   outer loop
     vertex  2.011923e+00 -1.999905e+01  5.000000e+00
     vertex  1.119031e+00 -2.006883e+01  5.000000e+00
     vertex  1.673343e+00 -2.293905e+01  5.000000e+00
   endloop
 endfacet
 facet normal  0.000000e+00  0.000000e+00  1.000000e+00
   outer loop
     vertex -1.997540e+01  2.234591e+00  5.000000e+00
     vertex -2.287567e+01  2.388291e+00  5.000000e+00
     vertex -2.005511e+01  1.342532e+00  5.000000e+00
   endloop
 endfacet
 facet normal  0.000000e+00  0.000000e+00  1.000000e+00
   outer loop
     vertex -1.997540e+01  2.234591e+00  5.000000e+00
     vertex -2.275652e+01  3.337817e+00  5.000000e+00
     vertex -2.287567e+01  2.388291e+00  5.000000e+00
   endloop
 endfacet
 facet normal  0.000000e+00  0.000000e+00  1.000000e+00
   outer loop
     vertex  2.900821e+00 -1.988958e+01  5.000000e+00
     vertex  2.626124e+00 -2.284958e+01  5.000000e+00
     vertex  3.574359e+00 -2.272056e+01  5.000000e+00
   endloop
 endfacet
 facet normal  0.000000e+00  0.000000e+00  1.000000e+00
   outer loop
     vertex  2.900821e+00 -1.988958e+01  5.000000e+00
     vertex  2.011923e+00 -1.999905e+01  5.000000e+00
     vertex  2.626124e+00 -2.284958e+01  5.000000e+00
   endloop
 endfacet
 facet normal  0.000000e+00  0.000000e+00  1.000000e+00
   outer loop
     vertex -1.985603e+01  3.122214e+00  5.000000e+00
     vertex -2.275652e+01  3.337817e+00  5.000000e+00
     vertex -1.997540e+01  2.234591e+00  5.000000e+00
   endloop
 endfacet
 facet normal  0.000000e+00  0.000000e+00  1.000000e+00
   outer loop
     vertex -1.985603e+01  3.122214e+00  5.000000e+00
     vertex -2.259797e+01  4.281564e+00  5.000000e+00
     vertex -2.275652e+01  3.337817e+00  5.000000e+00
   endloop
 endfacet
 facet normal  0.000000e+00  0.000000e+00  1.000000e+00
   outer loop
     vertex  3.783959e+00 -1.974061e+01  5.000000e+00
     vertex  3.574359e+00 -2.272056e+01  5.000000e+00
     vertex  4.516406e+00 -2.255221e+01  5.000000e+00
   endloop
 endfacet
 facet normal  0.000000e+00  0.000000e+00  1.000000e+00
   outer loop
     vertex  3.783959e+00 -1.974061e+01  5.000000e+00
     vertex  2.900821e+00 -1.988958e+01  5.000000e+00
     vertex  3.574359e+00 -2.272056e+01  5.000000e+00
   endloop
 endfacet
 facet normal  0.000000e+00  0.000000e+00  1.000000e+00
   outer loop
     vertex -1.969723e+01  4.003638e+00  5.000000e+00
     vertex -2.240030e+01  5.217900e+00  5.000000e+00
     vertex -2.259797e+01  4.281564e+00  5.000000e+00
   endloop
 endfacet
 facet normal  0.000000e+00  0.000000e+00  1.000000e+00
   outer loop
     vertex -1.969723e+01  4.003638e+00  5.000000e+00
     vertex -2.259797e+01  4.281564e+00  5.000000e+00
     vertex -1.985603e+01  3.122214e+00  5.000000e+00
   endloop
 endfacet
 facet normal  0.000000e+00  0.000000e+00  1.000000e+00
   outer loop
     vertex  4.659585e+00 -1.955245e+01  5.000000e+00
     vertex  4.516406e+00 -2.255221e+01  5.000000e+00
     vertex  5.450635e+00 -2.234481e+01  5.000000e+00
   endloop
 endfacet
 facet normal  0.000000e+00  0.000000e+00  1.000000e+00
   outer loop
     vertex  4.659585e+00 -1.955245e+01  5.000000e+00
     vertex  3.783959e+00 -1.974061e+01  5.000000e+00
     vertex  4.516406e+00 -2.255221e+01  5.000000e+00
   endloop
 endfacet
 facet normal  0.000000e+00  0.000000e+00  1.000000e+00
   outer loop
     vertex -1.949933e+01  4.877113e+00  5.000000e+00
     vertex -2.240030e+01  5.217900e+00  5.000000e+00
     vertex -1.969723e+01  4.003638e+00  5.000000e+00
   endloop
 endfacet
 facet normal  0.000000e+00  0.000000e+00  1.000000e+00
   outer loop
     vertex -1.949933e+01  4.877113e+00  5.000000e+00
     vertex -2.216386e+01  6.145202e+00  5.000000e+00
     vertex -2.240030e+01  5.217900e+00  5.000000e+00
   endloop
 endfacet
 facet normal  0.000000e+00  0.000000e+00  1.000000e+00
   outer loop
     vertex  5.525959e+00 -1.932547e+01  5.000000e+00
     vertex  5.450635e+00 -2.234481e+01  5.000000e+00
     vertex  6.375427e+00 -2.209873e+01  5.000000e+00
   endloop
 endfacet
 facet normal  0.000000e+00  0.000000e+00  1.000000e+00
   outer loop
     vertex  5.525959e+00 -1.932547e+01  5.000000e+00
     vertex  4.659585e+00 -1.955245e+01  5.000000e+00
     vertex  5.450635e+00 -2.234481e+01  5.000000e+00
   endloop
 endfacet
 facet normal  0.000000e+00  0.000000e+00  1.000000e+00
   outer loop
     vertex -1.926271e+01  5.740906e+00  5.000000e+00
     vertex -2.188904e+01  7.061865e+00  5.000000e+00
     vertex -2.216386e+01  6.145202e+00  5.000000e+00
   endloop
 endfacet
 facet normal  0.000000e+00  0.000000e+00  1.000000e+00
   outer loop
     vertex -1.926271e+01  5.740906e+00  5.000000e+00
     vertex -2.216386e+01  6.145202e+00  5.000000e+00
     vertex -1.949933e+01  4.877113e+00  5.000000e+00
   endloop
 endfacet
 facet normal  0.000000e+00  0.000000e+00  1.000000e+00
   outer loop
     vertex  6.381363e+00 -1.906012e+01  5.000000e+00
     vertex  6.375427e+00 -2.209873e+01  5.000000e+00
     vertex  7.289183e+00 -2.181439e+01  5.000000e+00
   endloop
 endfacet
 facet normal  0.000000e+00  0.000000e+00  1.000000e+00
   outer loop
     vertex  6.381363e+00 -1.906012e+01  5.000000e+00
     vertex  7.289183e+00 -2.181439e+01  5.000000e+00
     vertex  8.190319e+00 -2.149229e+01  5.000000e+00
   endloop
 endfacet
 facet normal  0.000000e+00  0.000000e+00  1.000000e+00
   outer loop
     vertex  6.381363e+00 -1.906012e+01  5.000000e+00
     vertex  5.525959e+00 -1.932547e+01  5.000000e+00
     vertex  6.375427e+00 -2.209873e+01  5.000000e+00
   endloop
 endfacet
 facet normal  0.000000e+00  0.000000e+00  1.000000e+00
   outer loop
     vertex -1.898785e+01  6.593300e+00  5.000000e+00
     vertex -2.157633e+01  7.966304e+00  5.000000e+00
     vertex -2.188904e+01  7.061865e+00  5.000000e+00
   endloop
 endfacet
 facet normal  0.000000e+00  0.000000e+00  1.000000e+00
   outer loop
     vertex -1.898785e+01  6.593300e+00  5.000000e+00
     vertex -2.188904e+01  7.061865e+00  5.000000e+00
     vertex -1.926271e+01  5.740906e+00  5.000000e+00
   endloop
 endfacet
 facet normal  0.000000e+00  0.000000e+00  1.000000e+00
   outer loop
     vertex  7.224096e+00 -1.875693e+01  5.000000e+00
     vertex  8.190319e+00 -2.149229e+01  5.000000e+00
     vertex  9.077277e+00 -2.113298e+01  5.000000e+00
   endloop
 endfacet
 facet normal  0.000000e+00  0.000000e+00  1.000000e+00
   outer loop
     vertex  7.224096e+00 -1.875693e+01  5.000000e+00
     vertex  6.381363e+00 -1.906012e+01  5.000000e+00
     vertex  8.190319e+00 -2.149229e+01  5.000000e+00
   endloop
 endfacet
 facet normal  0.000000e+00  0.000000e+00  1.000000e+00
   outer loop
     vertex -1.867529e+01  7.432603e+00  5.000000e+00
     vertex -2.122627e+01  8.856951e+00  5.000000e+00
     vertex -2.157633e+01  7.966304e+00  5.000000e+00
   endloop
 endfacet
 facet normal  0.000000e+00  0.000000e+00  1.000000e+00
   outer loop
     vertex -1.867529e+01  7.432603e+00  5.000000e+00
     vertex -2.157633e+01  7.966304e+00  5.000000e+00
     vertex -1.898785e+01  6.593300e+00  5.000000e+00
   endloop
 endfacet
 facet normal  0.000000e+00  0.000000e+00  1.000000e+00
   outer loop
     vertex  8.052487e+00 -1.841650e+01  5.000000e+00
     vertex  9.077277e+00 -2.113298e+01  5.000000e+00
     vertex  9.948520e+00 -2.073709e+01  5.000000e+00
   endloop
 endfacet
 facet normal  0.000000e+00  0.000000e+00  1.000000e+00
   outer loop
     vertex  8.052487e+00 -1.841650e+01  5.000000e+00
     vertex  7.224096e+00 -1.875693e+01  5.000000e+00
     vertex  9.077277e+00 -2.113298e+01  5.000000e+00
   endloop
 endfacet
 facet normal  0.000000e+00  0.000000e+00  1.000000e+00
   outer loop
     vertex -1.832565e+01  8.257150e+00  5.000000e+00
     vertex -2.083946e+01  9.732265e+00  5.000000e+00
     vertex -2.122627e+01  8.856951e+00  5.000000e+00
   endloop
 endfacet
 facet normal  0.000000e+00  0.000000e+00  1.000000e+00
   outer loop
     vertex -1.832565e+01  8.257150e+00  5.000000e+00
     vertex -2.122627e+01  8.856951e+00  5.000000e+00
     vertex -1.867529e+01  7.432603e+00  5.000000e+00
   endloop
 endfacet
 facet normal  0.000000e+00  0.000000e+00  1.000000e+00
   outer loop
     vertex  8.864890e+00 -1.803950e+01  5.000000e+00
     vertex  9.948520e+00 -2.073709e+01  5.000000e+00
     vertex  1.080254e+01 -2.030530e+01  5.000000e+00
   endloop
 endfacet
 facet normal  0.000000e+00  0.000000e+00  1.000000e+00
   outer loop
     vertex  8.864890e+00 -1.803950e+01  5.000000e+00
     vertex  8.052487e+00 -1.841650e+01  5.000000e+00
     vertex  9.948520e+00 -2.073709e+01  5.000000e+00
   endloop
 endfacet
 facet normal  0.000000e+00  0.000000e+00  1.000000e+00
   outer loop
     vertex -1.793963e+01  9.065303e+00  5.000000e+00
     vertex -2.083946e+01  9.732265e+00  5.000000e+00
     vertex -1.832565e+01  8.257150e+00  5.000000e+00
   endloop
 endfacet
 facet normal  0.000000e+00  0.000000e+00  1.000000e+00
   outer loop
     vertex -1.793963e+01  9.065303e+00  5.000000e+00
     vertex -2.041657e+01  1.059073e+01  5.000000e+00
     vertex -2.083946e+01  9.732265e+00  5.000000e+00
   endloop
 endfacet
 facet normal  0.000000e+00  0.000000e+00  1.000000e+00
   outer loop
     vertex  9.659693e+00 -1.762669e+01  5.000000e+00
     vertex  1.080254e+01 -2.030530e+01  5.000000e+00
     vertex  1.163786e+01 -1.983835e+01  5.000000e+00
   endloop
 endfacet
 facet normal  0.000000e+00  0.000000e+00  1.000000e+00
   outer loop
     vertex  9.659693e+00 -1.762669e+01  5.000000e+00
     vertex  8.864890e+00 -1.803950e+01  5.000000e+00
     vertex  1.080254e+01 -2.030530e+01  5.000000e+00
   endloop
 endfacet
 facet normal  0.000000e+00  0.000000e+00  1.000000e+00
   outer loop
     vertex -1.751799e+01  9.855458e+00  5.000000e+00
     vertex -2.041657e+01  1.059073e+01  5.000000e+00
     vertex -1.793963e+01  9.065303e+00  5.000000e+00
   endloop
 endfacet
 facet normal  0.000000e+00  0.000000e+00  1.000000e+00
   outer loop
     vertex -1.751799e+01  9.855458e+00  5.000000e+00
     vertex -1.995834e+01  1.143086e+01  5.000000e+00
     vertex -2.041657e+01  1.059073e+01  5.000000e+00
   endloop
 endfacet
 facet normal  0.000000e+00  0.000000e+00  1.000000e+00
   outer loop
     vertex  1.043532e+01 -1.717889e+01  5.000000e+00
     vertex  9.659693e+00 -1.762669e+01  5.000000e+00
     vertex  1.163786e+01 -1.983835e+01  5.000000e+00
   endloop
 endfacet
 facet normal  0.000000e+00  0.000000e+00  1.000000e+00
   outer loop
     vertex  1.043532e+01 -1.717889e+01  5.000000e+00
     vertex  1.163786e+01 -1.983835e+01  5.000000e+00
     vertex  1.245303e+01 -1.933706e+01  5.000000e+00
   endloop
 endfacet
 facet normal  0.000000e+00  0.000000e+00  1.000000e+00
   outer loop
     vertex -1.706157e+01  1.062605e+01  5.000000e+00
     vertex -1.995834e+01  1.143086e+01  5.000000e+00
     vertex -1.751799e+01  9.855458e+00  5.000000e+00
   endloop
 endfacet
 facet normal  0.000000e+00  0.000000e+00  1.000000e+00
   outer loop
     vertex -1.706157e+01  1.062605e+01  5.000000e+00
     vertex -1.946556e+01  1.225120e+01  5.000000e+00
     vertex -1.995834e+01  1.143086e+01  5.000000e+00
   endloop
 endfacet
 facet normal  0.000000e+00  0.000000e+00  1.000000e+00
   outer loop
     vertex  1.119022e+01 -1.669697e+01  5.000000e+00
     vertex  1.245303e+01 -1.933706e+01  5.000000e+00
     vertex  1.324664e+01 -1.880230e+01  5.000000e+00
   endloop
 endfacet
 facet normal  0.000000e+00  0.000000e+00  1.000000e+00
   outer loop
     vertex  1.119022e+01 -1.669697e+01  5.000000e+00
     vertex  1.043532e+01 -1.717889e+01  5.000000e+00
     vertex  1.245303e+01 -1.933706e+01  5.000000e+00
   endloop
 endfacet
 facet normal  0.000000e+00  0.000000e+00  1.000000e+00
   outer loop
     vertex -1.657128e+01  1.137554e+01  5.000000e+00
     vertex -1.946556e+01  1.225120e+01  5.000000e+00
     vertex -1.706157e+01  1.062605e+01  5.000000e+00
   endloop
 endfacet
 facet normal  0.000000e+00  0.000000e+00  1.000000e+00
   outer loop
     vertex -1.657128e+01  1.137554e+01  5.000000e+00
     vertex -1.893908e+01  1.305034e+01  5.000000e+00
     vertex -1.946556e+01  1.225120e+01  5.000000e+00
   endloop
 endfacet
 facet normal  0.000000e+00  0.000000e+00  1.000000e+00
   outer loop
     vertex  1.192291e+01 -1.618191e+01  5.000000e+00
     vertex  1.119022e+01 -1.669697e+01  5.000000e+00
     vertex  1.324664e+01 -1.880230e+01  5.000000e+00
   endloop
 endfacet
 facet normal  0.000000e+00  0.000000e+00  1.000000e+00
   outer loop
     vertex  1.401733e+01 -1.823498e+01  5.000000e+00
     vertex  1.192291e+01 -1.618191e+01  5.000000e+00
     vertex  1.324664e+01 -1.880230e+01  5.000000e+00
   endloop
 endfacet
 facet normal  0.000000e+00  0.000000e+00  1.000000e+00
   outer loop
     vertex -1.604808e+01  1.210244e+01  5.000000e+00
     vertex -1.893908e+01  1.305034e+01  5.000000e+00
     vertex -1.657128e+01  1.137554e+01  5.000000e+00
   endloop
 endfacet
 facet normal  0.000000e+00  0.000000e+00  1.000000e+00
   outer loop
     vertex -1.604808e+01  1.210244e+01  5.000000e+00
     vertex -1.837981e+01  1.382688e+01  5.000000e+00
     vertex -1.893908e+01  1.305034e+01  5.000000e+00
   endloop
 endfacet
 facet normal  0.000000e+00  0.000000e+00  1.000000e+00
   outer loop
     vertex -1.778872e+01  1.457948e+01  5.000000e+00
     vertex -1.837981e+01  1.382688e+01  5.000000e+00
     vertex -1.604808e+01  1.210244e+01  5.000000e+00
   endloop
 endfacet
 facet normal  0.000000e+00  0.000000e+00  1.000000e+00
   outer loop
     vertex  1.263193e+01 -1.563472e+01  5.000000e+00
     vertex  1.192291e+01 -1.618191e+01  5.000000e+00
     vertex  1.401733e+01 -1.823498e+01  5.000000e+00
   endloop
 endfacet
 facet normal  0.000000e+00  0.000000e+00  1.000000e+00
   outer loop
     vertex  1.476374e+01 -1.763610e+01  5.000000e+00
     vertex  1.263193e+01 -1.563472e+01  5.000000e+00
     vertex  1.401733e+01 -1.823498e+01  5.000000e+00
   endloop
 endfacet
 facet normal  0.000000e+00  0.000000e+00  1.000000e+00
   outer loop
     vertex -1.549302e+01  1.280532e+01  5.000000e+00
     vertex -1.778872e+01  1.457948e+01  5.000000e+00
     vertex -1.604808e+01  1.210244e+01  5.000000e+00
   endloop
 endfacet
 facet normal  0.000000e+00  0.000000e+00  1.000000e+00
   outer loop
     vertex -1.716684e+01  1.530685e+01  5.000000e+00
     vertex -1.778872e+01  1.457948e+01  5.000000e+00
     vertex -1.549302e+01  1.280532e+01  5.000000e+00
   endloop
 endfacet
 facet normal  0.000000e+00  0.000000e+00  1.000000e+00
   outer loop
     vertex  1.331587e+01 -1.505648e+01  5.000000e+00
     vertex  1.263193e+01 -1.563472e+01  5.000000e+00
     vertex  1.476374e+01 -1.763610e+01  5.000000e+00
   endloop
 endfacet
 facet normal  0.000000e+00  0.000000e+00  1.000000e+00
   outer loop
     vertex  1.548460e+01 -1.700668e+01  5.000000e+00
     vertex  1.331587e+01 -1.505648e+01  5.000000e+00
     vertex  1.476374e+01 -1.763610e+01  5.000000e+00
   endloop
 endfacet
 facet normal  0.000000e+00  0.000000e+00  1.000000e+00
   outer loop
     vertex -1.490721e+01  1.348277e+01  5.000000e+00
     vertex -1.716684e+01  1.530685e+01  5.000000e+00
     vertex -1.549302e+01  1.280532e+01  5.000000e+00
   endloop
 endfacet
 facet normal  0.000000e+00  0.000000e+00  1.000000e+00
   outer loop
     vertex -1.651524e+01  1.600771e+01  5.000000e+00
     vertex -1.716684e+01  1.530685e+01  5.000000e+00
     vertex -1.490721e+01  1.348277e+01  5.000000e+00
   endloop
 endfacet
 facet normal  0.000000e+00  0.000000e+00  1.000000e+00
   outer loop
     vertex  1.397337e+01 -1.444836e+01  5.000000e+00
     vertex  1.331587e+01 -1.505648e+01  5.000000e+00
     vertex  1.548460e+01 -1.700668e+01  5.000000e+00
   endloop
 endfacet
 facet normal  0.000000e+00  0.000000e+00  1.000000e+00
   outer loop
     vertex  1.617865e+01 -1.634783e+01  5.000000e+00
     vertex  1.397337e+01 -1.444836e+01  5.000000e+00
     vertex  1.548460e+01 -1.700668e+01  5.000000e+00
   endloop
 endfacet
 facet normal  0.000000e+00  0.000000e+00  1.000000e+00
   outer loop
     vertex -1.429179e+01  1.413346e+01  5.000000e+00
     vertex -1.651524e+01  1.600771e+01  5.000000e+00
     vertex -1.490721e+01  1.348277e+01  5.000000e+00
   endloop
 endfacet
 facet normal  0.000000e+00  0.000000e+00  1.000000e+00
   outer loop
     vertex  1.460313e+01 -1.381154e+01  5.000000e+00
     vertex  1.397337e+01 -1.444836e+01  5.000000e+00
     vertex  1.617865e+01 -1.634783e+01  5.000000e+00
   endloop
 endfacet
 facet normal  0.000000e+00  0.000000e+00  1.000000e+00
   outer loop
     vertex -1.583505e+01  1.668087e+01  5.000000e+00
     vertex -1.651524e+01  1.600771e+01  5.000000e+00
     vertex -1.429179e+01  1.413346e+01  5.000000e+00
   endloop
 endfacet
 facet normal  0.000000e+00  0.000000e+00  1.000000e+00
   outer loop
     vertex -1.364801e+01  1.475608e+01  5.000000e+00
     vertex -1.583505e+01  1.668087e+01  5.000000e+00
     vertex -1.429179e+01  1.413346e+01  5.000000e+00
   endloop
 endfacet
 facet normal  0.000000e+00  0.000000e+00  1.000000e+00
   outer loop
     vertex  1.684469e+01 -1.566067e+01  5.000000e+00
     vertex  1.460313e+01 -1.381154e+01  5.000000e+00
     vertex  1.617865e+01 -1.634783e+01  5.000000e+00
   endloop
 endfacet
 facet normal  0.000000e+00  0.000000e+00  1.000000e+00
   outer loop
     vertex  1.520389e+01 -1.314731e+01  5.000000e+00
     vertex  1.460313e+01 -1.381154e+01  5.000000e+00
     vertex  1.684469e+01 -1.566067e+01  5.000000e+00
   endloop
 endfacet
 facet normal  0.000000e+00  0.000000e+00  1.000000e+00
   outer loop
     vertex -1.512744e+01  1.732514e+01  5.000000e+00
     vertex -1.583505e+01  1.668087e+01  5.000000e+00
     vertex -1.364801e+01  1.475608e+01  5.000000e+00
   endloop
 endfacet
 facet normal  0.000000e+00  0.000000e+00  1.000000e+00
   outer loop
     vertex -1.297712e+01  1.534941e+01  5.000000e+00
     vertex -1.512744e+01  1.732514e+01  5.000000e+00
     vertex -1.364801e+01  1.475608e+01  5.000000e+00
   endloop
 endfacet
 facet normal  0.000000e+00  0.000000e+00  1.000000e+00
   outer loop
     vertex  1.748157e+01 -1.494640e+01  5.000000e+00
     vertex  1.520389e+01 -1.314731e+01  5.000000e+00
     vertex  1.684469e+01 -1.566067e+01  5.000000e+00
   endloop
 endfacet
 facet normal  0.000000e+00  0.000000e+00  1.000000e+00
   outer loop
     vertex  1.577447e+01 -1.245697e+01  5.000000e+00
     vertex  1.520389e+01 -1.314731e+01  5.000000e+00
     vertex  1.748157e+01 -1.494640e+01  5.000000e+00
   endloop
 endfacet
 facet normal  0.000000e+00  0.000000e+00  1.000000e+00
   outer loop
     vertex -1.439365e+01  1.793942e+01  5.000000e+00
     vertex -1.512744e+01  1.732514e+01  5.000000e+00
     vertex -1.297712e+01  1.534941e+01  5.000000e+00
   endloop
 endfacet
 facet normal  0.000000e+00  0.000000e+00  1.000000e+00
   outer loop
     vertex -1.228047e+01  1.591226e+01  5.000000e+00
     vertex -1.439365e+01  1.793942e+01  5.000000e+00
     vertex -1.297712e+01  1.534941e+01  5.000000e+00
   endloop
 endfacet
 facet normal  0.000000e+00  0.000000e+00  1.000000e+00
   outer loop
     vertex  1.808818e+01 -1.420626e+01  5.000000e+00
     vertex  1.577447e+01 -1.245697e+01  5.000000e+00
     vertex  1.748157e+01 -1.494640e+01  5.000000e+00
   endloop
 endfacet
 facet normal  0.000000e+00  0.000000e+00  1.000000e+00
   outer loop
     vertex  1.631373e+01 -1.174190e+01  5.000000e+00
     vertex  1.577447e+01 -1.245697e+01  5.000000e+00
     vertex  1.808818e+01 -1.420626e+01  5.000000e+00
   endloop
 endfacet
 facet normal  0.000000e+00  0.000000e+00  1.000000e+00
   outer loop
     vertex -1.363494e+01  1.852265e+01  5.000000e+00
     vertex -1.439365e+01  1.793942e+01  5.000000e+00
     vertex -1.228047e+01  1.591226e+01  5.000000e+00
   endloop
 endfacet
 facet normal  0.000000e+00  0.000000e+00  1.000000e+00
   outer loop
     vertex -1.363494e+01  1.852265e+01  5.000000e+00
     vertex -1.228047e+01  1.591226e+01  5.000000e+00
     vertex -1.155944e+01  1.644352e+01  5.000000e+00
   endloop
 endfacet
 facet normal  0.000000e+00  0.000000e+00  1.000000e+00
   outer loop
     vertex  1.866348e+01 -1.344152e+01  5.000000e+00
     vertex  1.631373e+01 -1.174190e+01  5.000000e+00
     vertex  1.808818e+01 -1.420626e+01  5.000000e+00
   endloop
 endfacet
 facet normal  0.000000e+00  0.000000e+00  1.000000e+00
   outer loop
     vertex -1.285262e+01  1.907381e+01  5.000000e+00
     vertex -1.363494e+01  1.852265e+01  5.000000e+00
     vertex -1.155944e+01  1.644352e+01  5.000000e+00
   endloop
 endfacet
 facet normal  0.000000e+00  0.000000e+00  1.000000e+00
   outer loop
     vertex -1.285262e+01  1.907381e+01  5.000000e+00
     vertex -1.155944e+01  1.644352e+01  5.000000e+00
     vertex -1.081546e+01  1.694213e+01  5.000000e+00
   endloop
 endfacet
 facet normal  0.000000e+00  0.000000e+00  1.000000e+00
   outer loop
     vertex  1.920648e+01 -1.265351e+01  5.000000e+00
     vertex  1.631373e+01 -1.174190e+01  5.000000e+00
     vertex  1.866348e+01 -1.344152e+01  5.000000e+00
   endloop
 endfacet
 facet normal  0.000000e+00  0.000000e+00  1.000000e+00
   outer loop
     vertex  1.920648e+01 -1.265351e+01  5.000000e+00
     vertex  1.682060e+01 -1.100352e+01  5.000000e+00
     vertex  1.631373e+01 -1.174190e+01  5.000000e+00
   endloop
 endfacet
 facet normal  0.000000e+00  0.000000e+00  1.000000e+00
   outer loop
     vertex -1.204805e+01  1.959195e+01  5.000000e+00
     vertex -1.285262e+01  1.907381e+01  5.000000e+00
     vertex -1.081546e+01  1.694213e+01  5.000000e+00
   endloop
 endfacet
 facet normal  0.000000e+00  0.000000e+00  1.000000e+00
   outer loop
     vertex -1.204805e+01  1.959195e+01  5.000000e+00
     vertex -1.081546e+01  1.694213e+01  5.000000e+00
     vertex -1.005000e+01  1.740711e+01  5.000000e+00
   endloop
 endfacet
 facet normal  0.000000e+00  0.000000e+00  1.000000e+00
   outer loop
     vertex  1.971622e+01 -1.184360e+01  5.000000e+00
     vertex  1.682060e+01 -1.100352e+01  5.000000e+00
     vertex  1.920648e+01 -1.265351e+01  5.000000e+00
   endloop
 endfacet
 facet normal  0.000000e+00  0.000000e+00  1.000000e+00
   outer loop
     vertex  1.971622e+01 -1.184360e+01  5.000000e+00
     vertex  1.729407e+01 -1.024329e+01  5.000000e+00
     vertex  1.682060e+01 -1.100352e+01  5.000000e+00
   endloop
 endfacet
 facet normal  0.000000e+00  0.000000e+00  1.000000e+00
   outer loop
     vertex -1.122263e+01  2.007617e+01  5.000000e+00
     vertex -1.204805e+01  1.959195e+01  5.000000e+00
     vertex -1.005000e+01  1.740711e+01  5.000000e+00
   endloop
 endfacet
 facet normal  0.000000e+00  0.000000e+00  1.000000e+00
   outer loop
     vertex -1.122263e+01  2.007617e+01  5.000000e+00
     vertex -1.005000e+01  1.740711e+01  5.000000e+00
     vertex -9.264591e+00  1.783753e+01  5.000000e+00
   endloop
 endfacet
 facet normal  0.000000e+00  0.000000e+00  1.000000e+00
   outer loop
     vertex  2.019183e+01 -1.101318e+01  5.000000e+00
     vertex  1.729407e+01 -1.024329e+01  5.000000e+00
     vertex  1.971622e+01 -1.184360e+01  5.000000e+00
   endloop
 endfacet
 facet normal  0.000000e+00  0.000000e+00  1.000000e+00
   outer loop
     vertex  2.019183e+01 -1.101318e+01  5.000000e+00
     vertex  1.773321e+01 -9.462730e+00  5.000000e+00
     vertex  1.729407e+01 -1.024329e+01  5.000000e+00
   endloop
 endfacet
 facet normal  0.000000e+00  0.000000e+00  1.000000e+00
   outer loop
     vertex -1.037778e+01  2.052564e+01  5.000000e+00
     vertex -1.122263e+01  2.007617e+01  5.000000e+00
     vertex -9.264591e+00  1.783753e+01  5.000000e+00
   endloop
 endfacet
 facet normal  0.000000e+00  0.000000e+00  1.000000e+00
   outer loop
     vertex -1.037778e+01  2.052564e+01  5.000000e+00
     vertex -9.264591e+00  1.783753e+01  5.000000e+00
     vertex -8.460789e+00  1.823253e+01  5.000000e+00
   endloop
 endfacet
 facet normal  0.000000e+00  0.000000e+00  1.000000e+00
   outer loop
     vertex  2.063248e+01 -1.016370e+01  5.000000e+00
     vertex  1.773321e+01 -9.462730e+00  5.000000e+00
     vertex  2.019183e+01 -1.101318e+01  5.000000e+00
   endloop
 endfacet
 facet normal  0.000000e+00  0.000000e+00  1.000000e+00
   outer loop
     vertex  2.063248e+01 -1.016370e+01  5.000000e+00
     vertex  1.813714e+01 -8.663377e+00  5.000000e+00
     vertex  1.773321e+01 -9.462730e+00  5.000000e+00
   endloop
 endfacet
 facet normal  0.000000e+00  0.000000e+00  1.000000e+00
   outer loop
     vertex -9.514958e+00  2.093957e+01  5.000000e+00
     vertex -1.037778e+01  2.052564e+01  5.000000e+00
     vertex -8.460789e+00  1.823253e+01  5.000000e+00
   endloop
 endfacet
 facet normal  0.000000e+00  0.000000e+00  1.000000e+00
   outer loop
     vertex -9.514958e+00  2.093957e+01  5.000000e+00
     vertex -8.460789e+00  1.823253e+01  5.000000e+00
     vertex -7.640188e+00  1.859133e+01  5.000000e+00
   endloop
 endfacet
 facet normal  0.000000e+00  0.000000e+00  1.000000e+00
   outer loop
     vertex  2.103742e+01 -9.296620e+00  5.000000e+00
     vertex  1.850506e+01 -7.846824e+00  5.000000e+00
     vertex  1.813714e+01 -8.663377e+00  5.000000e+00
   endloop
 endfacet
 facet normal  0.000000e+00  0.000000e+00  1.000000e+00
   outer loop
     vertex  2.103742e+01 -9.296620e+00  5.000000e+00
     vertex  1.813714e+01 -8.663377e+00  5.000000e+00
     vertex  2.063248e+01 -1.016370e+01  5.000000e+00
   endloop
 endfacet
 facet normal  0.000000e+00  0.000000e+00  1.000000e+00
   outer loop
     vertex -8.635667e+00  2.131725e+01  5.000000e+00
     vertex -9.514958e+00  2.093957e+01  5.000000e+00
     vertex -7.640188e+00  1.859133e+01  5.000000e+00
   endloop
 endfacet
 facet normal  0.000000e+00  0.000000e+00  1.000000e+00
   outer loop
     vertex -8.635667e+00  2.131725e+01  5.000000e+00
     vertex -7.640188e+00  1.859133e+01  5.000000e+00
     vertex -6.804418e+00  1.891322e+01  5.000000e+00
   endloop
 endfacet
 facet normal  0.000000e+00  0.000000e+00  1.000000e+00
   outer loop
     vertex  2.140593e+01 -8.413448e+00  5.000000e+00
     vertex  1.850506e+01 -7.846824e+00  5.000000e+00
     vertex  2.103742e+01 -9.296620e+00  5.000000e+00
   endloop
 endfacet
 facet normal  0.000000e+00  0.000000e+00  1.000000e+00
   outer loop
     vertex  2.140593e+01 -8.413448e+00  5.000000e+00
     vertex  1.883624e+01 -7.014693e+00  5.000000e+00
     vertex  1.850506e+01 -7.846824e+00  5.000000e+00
   endloop
 endfacet
 facet normal  0.000000e+00  0.000000e+00  1.000000e+00
   outer loop
     vertex -7.741426e+00  2.165803e+01  5.000000e+00
     vertex -8.635667e+00  2.131725e+01  5.000000e+00
     vertex -6.804418e+00  1.891322e+01  5.000000e+00
   endloop
 endfacet
 facet normal  0.000000e+00  0.000000e+00  1.000000e+00
   outer loop
     vertex -7.741426e+00  2.165803e+01  5.000000e+00
     vertex -6.804418e+00  1.891322e+01  5.000000e+00
     vertex -5.955139e+00  1.919756e+01  5.000000e+00
   endloop
 endfacet
 facet normal  0.000000e+00  0.000000e+00  1.000000e+00
   outer loop
     vertex  2.173739e+01 -7.515711e+00  5.000000e+00
     vertex  1.883624e+01 -7.014693e+00  5.000000e+00
     vertex  2.140593e+01 -8.413448e+00  5.000000e+00
   endloop
 endfacet
 facet normal  0.000000e+00  0.000000e+00  1.000000e+00
   outer loop
     vertex  2.173739e+01 -7.515711e+00  5.000000e+00
     vertex  1.913003e+01 -6.168634e+00  5.000000e+00
     vertex  1.883624e+01 -7.014693e+00  5.000000e+00
   endloop
 endfacet
 facet normal  0.000000e+00  0.000000e+00  1.000000e+00
   outer loop
     vertex -6.833784e+00  2.196132e+01  5.000000e+00
     vertex -7.741426e+00  2.165803e+01  5.000000e+00
     vertex -5.955139e+00  1.919756e+01  5.000000e+00
   endloop
 endfacet
 facet normal  0.000000e+00  0.000000e+00  1.000000e+00
   outer loop
     vertex  2.203122e+01 -6.604963e+00  5.000000e+00
     vertex  1.913003e+01 -6.168634e+00  5.000000e+00
     vertex  2.173739e+01 -7.515711e+00  5.000000e+00
   endloop
 endfacet
 facet normal  0.000000e+00  0.000000e+00  1.000000e+00
   outer loop
     vertex  2.203122e+01 -6.604963e+00  5.000000e+00
     vertex  1.938583e+01 -5.310328e+00  5.000000e+00
     vertex  1.913003e+01 -6.168634e+00  5.000000e+00
   endloop
 endfacet
 facet normal  0.000000e+00  0.000000e+00  1.000000e+00
   outer loop
     vertex -5.914311e+00  2.222658e+01  5.000000e+00
     vertex -6.833784e+00  2.196132e+01  5.000000e+00
     vertex -5.955139e+00  1.919756e+01  5.000000e+00
   endloop
 endfacet
 facet normal  0.000000e+00  0.000000e+00  1.000000e+00
   outer loop
     vertex -5.914311e+00  2.222658e+01  5.000000e+00
     vertex -5.955139e+00  1.919756e+01  5.000000e+00
     vertex -5.094037e+00  1.944379e+01  5.000000e+00
   endloop
 endfacet
 facet normal  0.000000e+00  0.000000e+00  1.000000e+00
   outer loop
     vertex  2.228690e+01 -5.682781e+00  5.000000e+00
     vertex  1.938583e+01 -5.310328e+00  5.000000e+00
     vertex  2.203122e+01 -6.604963e+00  5.000000e+00
   endloop
 endfacet
 facet normal  0.000000e+00  0.000000e+00  1.000000e+00
   outer loop
     vertex  2.228690e+01 -5.682781e+00  5.000000e+00
     vertex  1.960314e+01 -4.441478e+00  5.000000e+00
     vertex  1.938583e+01 -5.310328e+00  5.000000e+00
   endloop
 endfacet
 facet normal  0.000000e+00  0.000000e+00  1.000000e+00
   outer loop
     vertex -4.984599e+00  2.245337e+01  5.000000e+00
     vertex -5.914311e+00  2.222658e+01  5.000000e+00
     vertex -5.094037e+00  1.944379e+01  5.000000e+00
   endloop
 endfacet
 facet normal  0.000000e+00  0.000000e+00  1.000000e+00
   outer loop
     vertex -4.984599e+00  2.245337e+01  5.000000e+00
     vertex -5.094037e+00  1.944379e+01  5.000000e+00
     vertex -4.222820e+00  1.965141e+01  5.000000e+00
   endloop
 endfacet
 facet normal  0.000000e+00  0.000000e+00  1.000000e+00
   outer loop
     vertex  2.250401e+01 -4.750760e+00  5.000000e+00
     vertex  1.960314e+01 -4.441478e+00  5.000000e+00
     vertex  2.228690e+01 -5.682781e+00  5.000000e+00
   endloop
 endfacet
 facet normal  0.000000e+00  0.000000e+00  1.000000e+00
   outer loop
     vertex  2.250401e+01 -4.750760e+00  5.000000e+00
     vertex  1.978154e+01 -3.563811e+00  5.000000e+00
     vertex  1.960314e+01 -4.441478e+00  5.000000e+00
   endloop
 endfacet
 facet normal  0.000000e+00  0.000000e+00  1.000000e+00
   outer loop
     vertex -4.046259e+00  2.264129e+01  5.000000e+00
     vertex -4.222820e+00  1.965141e+01  5.000000e+00
     vertex -3.343220e+00  1.982001e+01  5.000000e+00
   endloop
 endfacet
 facet normal  0.000000e+00  0.000000e+00  1.000000e+00
   outer loop
     vertex -4.046259e+00  2.264129e+01  5.000000e+00
     vertex -4.984599e+00  2.245337e+01  5.000000e+00
     vertex -4.222820e+00  1.965141e+01  5.000000e+00
   endloop
 endfacet
 facet normal  0.000000e+00  0.000000e+00  1.000000e+00
   outer loop
     vertex  2.268215e+01 -3.810515e+00  5.000000e+00
     vertex  1.992066e+01 -2.679068e+00  5.000000e+00
     vertex  1.978154e+01 -3.563811e+00  5.000000e+00
   endloop
 endfacet
 facet normal  0.000000e+00  0.000000e+00  1.000000e+00
   outer loop
     vertex  2.268215e+01 -3.810515e+00  5.000000e+00
     vertex  1.978154e+01 -3.563811e+00  5.000000e+00
     vertex  2.250401e+01 -4.750760e+00  5.000000e+00
   endloop
 endfacet
 facet normal  0.000000e+00  0.000000e+00  1.000000e+00
   outer loop
     vertex -3.100913e+00  2.279001e+01  5.000000e+00
     vertex -4.046259e+00  2.264129e+01  5.000000e+00
     vertex -3.343220e+00  1.982001e+01  5.000000e+00
   endloop
 endfacet
 facet normal  0.000000e+00  0.000000e+00  1.000000e+00
   outer loop
     vertex -3.100913e+00  2.279001e+01  5.000000e+00
     vertex -3.343220e+00  1.982001e+01  5.000000e+00
     vertex -2.456982e+00  1.994927e+01  5.000000e+00
   endloop
 endfacet
 facet normal  0.000000e+00  0.000000e+00  1.000000e+00
   outer loop
     vertex  2.282103e+01 -2.863673e+00  5.000000e+00
     vertex  1.992066e+01 -2.679068e+00  5.000000e+00
     vertex  2.268215e+01 -3.810515e+00  5.000000e+00
   endloop
 endfacet
 facet normal  0.000000e+00  0.000000e+00  1.000000e+00
   outer loop
     vertex  2.282103e+01 -2.863673e+00  5.000000e+00
     vertex  2.002023e+01 -1.789006e+00  5.000000e+00
     vertex  1.992066e+01 -2.679068e+00  5.000000e+00
   endloop
 endfacet
 facet normal  0.000000e+00  0.000000e+00  1.000000e+00
   outer loop
     vertex -2.150199e+00  2.289927e+01  5.000000e+00
     vertex -3.100913e+00  2.279001e+01  5.000000e+00
     vertex -2.456982e+00  1.994927e+01  5.000000e+00
   endloop
 endfacet
 facet normal  0.000000e+00  0.000000e+00  1.000000e+00
   outer loop
     vertex -2.150199e+00  2.289927e+01  5.000000e+00
     vertex -2.456982e+00  1.994927e+01  5.000000e+00
     vertex -1.565866e+00  2.003891e+01  5.000000e+00
   endloop
 endfacet
 facet normal  0.000000e+00  0.000000e+00  1.000000e+00
   outer loop
     vertex  2.292040e+01 -1.911874e+00  5.000000e+00
     vertex  2.008005e+01 -8.953917e-01  5.000000e+00
     vertex  2.002023e+01 -1.789006e+00  5.000000e+00
   endloop
 endfacet
 facet normal  0.000000e+00  0.000000e+00  1.000000e+00
   outer loop
     vertex  2.292040e+01 -1.911874e+00  5.000000e+00
     vertex  2.002023e+01 -1.789006e+00  5.000000e+00
     vertex  2.282103e+01 -2.863673e+00  5.000000e+00
   endloop
 endfacet
 facet normal  0.000000e+00  0.000000e+00  1.000000e+00
   outer loop
     vertex -1.195763e+00  2.296890e+01  5.000000e+00
     vertex -2.150199e+00  2.289927e+01  5.000000e+00
     vertex -1.565866e+00  2.003891e+01  5.000000e+00
   endloop
 endfacet
 facet normal  0.000000e+00  0.000000e+00  1.000000e+00
   outer loop
     vertex -1.195763e+00  2.296890e+01  5.000000e+00
     vertex -1.565866e+00  2.003891e+01  5.000000e+00
     vertex -6.716410e-01  2.008878e+01  5.000000e+00
   endloop
 endfacet
 facet normal  0.000000e+00  0.000000e+00  1.000000e+00
   outer loop
     vertex  2.298009e+01 -9.567653e-01  5.000000e+00
     vertex  2.008005e+01 -8.953917e-01  5.000000e+00
     vertex  2.292040e+01 -1.911874e+00  5.000000e+00
   endloop
 endfacet
 facet normal  0.000000e+00  0.000000e+00  1.000000e+00
   outer loop
     vertex  2.298009e+01 -9.567653e-01  5.000000e+00
     vertex  2.010000e+01 -4.923080e-15  5.000000e+00
     vertex  2.008005e+01 -8.953917e-01  5.000000e+00
   endloop
 endfacet
 facet normal  0.000000e+00  0.000000e+00  1.000000e+00
   outer loop
     vertex -2.392561e-01  2.299876e+01  5.000000e+00
     vertex -1.195763e+00  2.296890e+01  5.000000e+00
     vertex -6.716410e-01  2.008878e+01  5.000000e+00
   endloop
 endfacet
 facet normal  0.000000e+00  0.000000e+00  1.000000e+00
   outer loop
     vertex -2.392561e-01  2.299876e+01  5.000000e+00
     vertex -6.716410e-01  2.008878e+01  5.000000e+00
     vertex  2.239174e-01  2.009875e+01  5.000000e+00
   endloop
 endfacet
 facet normal  0.000000e+00  0.000000e+00  1.000000e+00
   outer loop
     vertex  2.300000e+01 -5.633375e-15  5.000000e+00
     vertex  2.010000e+01 -4.923080e-15  5.000000e+00
     vertex  2.298009e+01 -9.567653e-01  5.000000e+00
   endloop
 endfacet
 facet normal  0.000000e+00  0.000000e+00  1.000000e+00
   outer loop
     vertex  7.176646e-01  2.298880e+01  5.000000e+00
     vertex -2.392561e-01  2.299876e+01  5.000000e+00
     vertex  2.239174e-01  2.009875e+01  5.000000e+00
   endloop
 endfacet
 facet normal  0.000000e+00  0.000000e+00  1.000000e+00
   outer loop
     vertex  7.176646e-01  2.298880e+01  5.000000e+00
     vertex  2.239174e-01  2.009875e+01  5.000000e+00
     vertex  1.119031e+00  2.006883e+01  5.000000e+00
   endloop
 endfacet
 facet normal  0.000000e+00  0.000000e+00  1.000000e+00
   outer loop
     vertex  2.298009e+01  9.567653e-01  5.000000e+00
     vertex  2.010000e+01 -4.923080e-15  5.000000e+00
     vertex  2.300000e+01 -5.633375e-15  5.000000e+00
   endloop
 endfacet
 facet normal  0.000000e+00  0.000000e+00  1.000000e+00
   outer loop
     vertex  2.298009e+01  9.567653e-01  5.000000e+00
     vertex  2.008005e+01  8.953917e-01  5.000000e+00
     vertex  2.010000e+01 -4.923080e-15  5.000000e+00
   endloop
 endfacet
 facet normal  0.000000e+00  0.000000e+00  1.000000e+00
   outer loop
     vertex  1.673343e+00  2.293905e+01  5.000000e+00
     vertex  7.176646e-01  2.298880e+01  5.000000e+00
     vertex  1.119031e+00  2.006883e+01  5.000000e+00
   endloop
 endfacet
 facet normal  0.000000e+00  0.000000e+00  1.000000e+00
   outer loop
     vertex  1.673343e+00  2.293905e+01  5.000000e+00
     vertex  1.119031e+00  2.006883e+01  5.000000e+00
     vertex  2.011923e+00  1.999905e+01  5.000000e+00
   endloop
 endfacet
 facet normal  0.000000e+00  0.000000e+00  1.000000e+00
   outer loop
     vertex  2.292040e+01  1.911874e+00  5.000000e+00
     vertex  2.008005e+01  8.953917e-01  5.000000e+00
     vertex  2.298009e+01  9.567653e-01  5.000000e+00
   endloop
 endfacet
 facet normal  0.000000e+00  0.000000e+00  1.000000e+00
   outer loop
     vertex  2.292040e+01  1.911874e+00  5.000000e+00
     vertex  2.002023e+01  1.789006e+00  5.000000e+00
     vertex  2.008005e+01  8.953917e-01  5.000000e+00
   endloop
 endfacet
 facet normal  0.000000e+00  0.000000e+00  1.000000e+00
   outer loop
     vertex  2.626124e+00  2.284958e+01  5.000000e+00
     vertex  1.673343e+00  2.293905e+01  5.000000e+00
     vertex  2.011923e+00  1.999905e+01  5.000000e+00
   endloop
 endfacet
 facet normal  0.000000e+00  0.000000e+00  1.000000e+00
   outer loop
     vertex  2.626124e+00  2.284958e+01  5.000000e+00
     vertex  2.011923e+00  1.999905e+01  5.000000e+00
     vertex  2.900821e+00  1.988958e+01  5.000000e+00
   endloop
 endfacet
 facet normal  0.000000e+00  0.000000e+00  1.000000e+00
   outer loop
     vertex  2.282103e+01  2.863673e+00  5.000000e+00
     vertex  1.992066e+01  2.679068e+00  5.000000e+00
     vertex  2.002023e+01  1.789006e+00  5.000000e+00
   endloop
 endfacet
 facet normal  0.000000e+00  0.000000e+00  1.000000e+00
   outer loop
     vertex  2.282103e+01  2.863673e+00  5.000000e+00
     vertex  2.002023e+01  1.789006e+00  5.000000e+00
     vertex  2.292040e+01  1.911874e+00  5.000000e+00
   endloop
 endfacet
 facet normal  0.000000e+00  0.000000e+00  1.000000e+00
   outer loop
     vertex  3.574359e+00  2.272056e+01  5.000000e+00
     vertex  2.626124e+00  2.284958e+01  5.000000e+00
     vertex  2.900821e+00  1.988958e+01  5.000000e+00
   endloop
 endfacet
 facet normal  0.000000e+00  0.000000e+00  1.000000e+00
   outer loop
     vertex  3.574359e+00  2.272056e+01  5.000000e+00
     vertex  2.900821e+00  1.988958e+01  5.000000e+00
     vertex  3.783959e+00  1.974061e+01  5.000000e+00
   endloop
 endfacet
 facet normal  0.000000e+00  0.000000e+00  1.000000e+00
   outer loop
     vertex  2.268215e+01  3.810515e+00  5.000000e+00
     vertex  1.992066e+01  2.679068e+00  5.000000e+00
     vertex  2.282103e+01  2.863673e+00  5.000000e+00
   endloop
 endfacet
 facet normal  0.000000e+00  0.000000e+00  1.000000e+00
   outer loop
     vertex  2.268215e+01  3.810515e+00  5.000000e+00
     vertex  1.978154e+01  3.563811e+00  5.000000e+00
     vertex  1.992066e+01  2.679068e+00  5.000000e+00
   endloop
 endfacet
 facet normal  0.000000e+00  0.000000e+00  1.000000e+00
   outer loop
     vertex  4.516406e+00  2.255221e+01  5.000000e+00
     vertex  3.574359e+00  2.272056e+01  5.000000e+00
     vertex  3.783959e+00  1.974061e+01  5.000000e+00
   endloop
 endfacet
 facet normal  0.000000e+00  0.000000e+00  1.000000e+00
   outer loop
     vertex  4.516406e+00  2.255221e+01  5.000000e+00
     vertex  3.783959e+00  1.974061e+01  5.000000e+00
     vertex  4.659585e+00  1.955245e+01  5.000000e+00
   endloop
 endfacet
 facet normal  0.000000e+00  0.000000e+00  1.000000e+00
   outer loop
     vertex  2.250401e+01  4.750760e+00  5.000000e+00
     vertex  1.960314e+01  4.441478e+00  5.000000e+00
     vertex  1.978154e+01  3.563811e+00  5.000000e+00
   endloop
 endfacet
 facet normal  0.000000e+00  0.000000e+00  1.000000e+00
   outer loop
     vertex  2.250401e+01  4.750760e+00  5.000000e+00
     vertex  1.978154e+01  3.563811e+00  5.000000e+00
     vertex  2.268215e+01  3.810515e+00  5.000000e+00
   endloop
 endfacet
 facet normal  0.000000e+00  0.000000e+00  1.000000e+00
   outer loop
     vertex  5.450635e+00  2.234481e+01  5.000000e+00
     vertex  4.659585e+00  1.955245e+01  5.000000e+00
     vertex  5.525959e+00  1.932547e+01  5.000000e+00
   endloop
 endfacet
 facet normal  0.000000e+00  0.000000e+00  1.000000e+00
   outer loop
     vertex  5.450635e+00  2.234481e+01  5.000000e+00
     vertex  4.516406e+00  2.255221e+01  5.000000e+00
     vertex  4.659585e+00  1.955245e+01  5.000000e+00
   endloop
 endfacet
 facet normal  0.000000e+00  0.000000e+00  1.000000e+00
   outer loop
     vertex  2.228690e+01  5.682781e+00  5.000000e+00
     vertex  1.938583e+01  5.310328e+00  5.000000e+00
     vertex  1.960314e+01  4.441478e+00  5.000000e+00
   endloop
 endfacet
 facet normal  0.000000e+00  0.000000e+00  1.000000e+00
   outer loop
     vertex  2.228690e+01  5.682781e+00  5.000000e+00
     vertex  1.960314e+01  4.441478e+00  5.000000e+00
     vertex  2.250401e+01  4.750760e+00  5.000000e+00
   endloop
 endfacet
 facet normal  0.000000e+00  0.000000e+00  1.000000e+00
   outer loop
     vertex  6.375427e+00  2.209873e+01  5.000000e+00
     vertex  5.525959e+00  1.932547e+01  5.000000e+00
     vertex  6.381363e+00  1.906012e+01  5.000000e+00
   endloop
 endfacet
 facet normal  0.000000e+00  0.000000e+00  1.000000e+00
   outer loop
     vertex  6.375427e+00  2.209873e+01  5.000000e+00
     vertex  5.450635e+00  2.234481e+01  5.000000e+00
     vertex  5.525959e+00  1.932547e+01  5.000000e+00
   endloop
 endfacet
 facet normal  0.000000e+00  0.000000e+00  1.000000e+00
   outer loop
     vertex  2.203122e+01  6.604963e+00  5.000000e+00
     vertex  1.913003e+01  6.168634e+00  5.000000e+00
     vertex  1.938583e+01  5.310328e+00  5.000000e+00
   endloop
 endfacet
 facet normal  0.000000e+00  0.000000e+00  1.000000e+00
   outer loop
     vertex  2.203122e+01  6.604963e+00  5.000000e+00
     vertex  1.938583e+01  5.310328e+00  5.000000e+00
     vertex  2.228690e+01  5.682781e+00  5.000000e+00
   endloop
 endfacet
 facet normal  0.000000e+00  0.000000e+00  1.000000e+00
   outer loop
     vertex  7.289183e+00  2.181439e+01  5.000000e+00
     vertex  6.375427e+00  2.209873e+01  5.000000e+00
     vertex  6.381363e+00  1.906012e+01  5.000000e+00
   endloop
 endfacet
 facet normal  0.000000e+00  0.000000e+00  1.000000e+00
   outer loop
     vertex  2.173739e+01  7.515711e+00  5.000000e+00
     vertex  1.913003e+01  6.168634e+00  5.000000e+00
     vertex  2.203122e+01  6.604963e+00  5.000000e+00
   endloop
 endfacet
 facet normal  0.000000e+00  0.000000e+00  1.000000e+00
   outer loop
     vertex  2.173739e+01  7.515711e+00  5.000000e+00
     vertex  1.883624e+01  7.014693e+00  5.000000e+00
     vertex  1.913003e+01  6.168634e+00  5.000000e+00
   endloop
 endfacet
 facet normal  0.000000e+00  0.000000e+00  1.000000e+00
   outer loop
     vertex  8.190319e+00  2.149229e+01  5.000000e+00
     vertex  7.289183e+00  2.181439e+01  5.000000e+00
     vertex  6.381363e+00  1.906012e+01  5.000000e+00
   endloop
 endfacet
 facet normal  0.000000e+00  0.000000e+00  1.000000e+00
   outer loop
     vertex  8.190319e+00  2.149229e+01  5.000000e+00
     vertex  6.381363e+00  1.906012e+01  5.000000e+00
     vertex  7.224096e+00  1.875693e+01  5.000000e+00
   endloop
 endfacet
 facet normal  0.000000e+00  0.000000e+00  1.000000e+00
   outer loop
     vertex  2.140593e+01  8.413448e+00  5.000000e+00
     vertex  1.883624e+01  7.014693e+00  5.000000e+00
     vertex  2.173739e+01  7.515711e+00  5.000000e+00
   endloop
 endfacet
 facet normal  0.000000e+00  0.000000e+00  1.000000e+00
   outer loop
     vertex  2.140593e+01  8.413448e+00  5.000000e+00
     vertex  1.850506e+01  7.846824e+00  5.000000e+00
     vertex  1.883624e+01  7.014693e+00  5.000000e+00
   endloop
 endfacet
 facet normal  0.000000e+00  0.000000e+00  1.000000e+00
   outer loop
     vertex  9.077277e+00  2.113298e+01  5.000000e+00
     vertex  8.190319e+00  2.149229e+01  5.000000e+00
     vertex  7.224096e+00  1.875693e+01  5.000000e+00
   endloop
 endfacet
 facet normal  0.000000e+00  0.000000e+00  1.000000e+00
   outer loop
     vertex  9.077277e+00  2.113298e+01  5.000000e+00
     vertex  7.224096e+00  1.875693e+01  5.000000e+00
     vertex  8.052487e+00  1.841650e+01  5.000000e+00
   endloop
 endfacet
 facet normal  0.000000e+00  0.000000e+00  1.000000e+00
   outer loop
     vertex  2.103742e+01  9.296620e+00  5.000000e+00
     vertex  1.850506e+01  7.846824e+00  5.000000e+00
     vertex  2.140593e+01  8.413448e+00  5.000000e+00
   endloop
 endfacet
 facet normal  0.000000e+00  0.000000e+00  1.000000e+00
   outer loop
     vertex  2.103742e+01  9.296620e+00  5.000000e+00
     vertex  1.813714e+01  8.663377e+00  5.000000e+00
     vertex  1.850506e+01  7.846824e+00  5.000000e+00
   endloop
 endfacet
 facet normal  0.000000e+00  0.000000e+00  1.000000e+00
   outer loop
     vertex  9.948520e+00  2.073709e+01  5.000000e+00
     vertex  9.077277e+00  2.113298e+01  5.000000e+00
     vertex  8.052487e+00  1.841650e+01  5.000000e+00
   endloop
 endfacet
 facet normal  0.000000e+00  0.000000e+00  1.000000e+00
   outer loop
     vertex  9.948520e+00  2.073709e+01  5.000000e+00
     vertex  8.052487e+00  1.841650e+01  5.000000e+00
     vertex  8.864890e+00  1.803950e+01  5.000000e+00
   endloop
 endfacet
 facet normal  0.000000e+00  0.000000e+00  1.000000e+00
   outer loop
     vertex  2.063248e+01  1.016370e+01  5.000000e+00
     vertex  1.813714e+01  8.663377e+00  5.000000e+00
     vertex  2.103742e+01  9.296620e+00  5.000000e+00
   endloop
 endfacet
 facet normal  0.000000e+00  0.000000e+00  1.000000e+00
   outer loop
     vertex  2.063248e+01  1.016370e+01  5.000000e+00
     vertex  1.773321e+01  9.462730e+00  5.000000e+00
     vertex  1.813714e+01  8.663377e+00  5.000000e+00
   endloop
 endfacet
 facet normal  0.000000e+00  0.000000e+00  1.000000e+00
   outer loop
     vertex  1.080254e+01  2.030530e+01  5.000000e+00
     vertex  9.948520e+00  2.073709e+01  5.000000e+00
     vertex  8.864890e+00  1.803950e+01  5.000000e+00
   endloop
 endfacet
 facet normal  0.000000e+00  0.000000e+00  1.000000e+00
   outer loop
     vertex  1.080254e+01  2.030530e+01  5.000000e+00
     vertex  8.864890e+00  1.803950e+01  5.000000e+00
     vertex  9.659693e+00  1.762669e+01  5.000000e+00
   endloop
 endfacet
 facet normal  0.000000e+00  0.000000e+00  1.000000e+00
   outer loop
     vertex  2.019183e+01  1.101318e+01  5.000000e+00
     vertex  1.773321e+01  9.462730e+00  5.000000e+00
     vertex  2.063248e+01  1.016370e+01  5.000000e+00
   endloop
 endfacet
 facet normal  0.000000e+00  0.000000e+00  1.000000e+00
   outer loop
     vertex  2.019183e+01  1.101318e+01  5.000000e+00
     vertex  1.729407e+01  1.024329e+01  5.000000e+00
     vertex  1.773321e+01  9.462730e+00  5.000000e+00
   endloop
 endfacet
 facet normal  0.000000e+00  0.000000e+00  1.000000e+00
   outer loop
     vertex  1.163786e+01  1.983835e+01  5.000000e+00
     vertex  1.080254e+01  2.030530e+01  5.000000e+00
     vertex  9.659693e+00  1.762669e+01  5.000000e+00
   endloop
 endfacet
 facet normal  0.000000e+00  0.000000e+00  1.000000e+00
   outer loop
     vertex  1.163786e+01  1.983835e+01  5.000000e+00
     vertex  9.659693e+00  1.762669e+01  5.000000e+00
     vertex  1.043532e+01  1.717889e+01  5.000000e+00
   endloop
 endfacet
 facet normal  0.000000e+00  0.000000e+00  1.000000e+00
   outer loop
     vertex  1.971622e+01  1.184360e+01  5.000000e+00
     vertex  1.729407e+01  1.024329e+01  5.000000e+00
     vertex  2.019183e+01  1.101318e+01  5.000000e+00
   endloop
 endfacet
 facet normal  0.000000e+00  0.000000e+00  1.000000e+00
   outer loop
     vertex  1.971622e+01  1.184360e+01  5.000000e+00
     vertex  1.682060e+01  1.100352e+01  5.000000e+00
     vertex  1.729407e+01  1.024329e+01  5.000000e+00
   endloop
 endfacet
 facet normal  0.000000e+00  0.000000e+00  1.000000e+00
   outer loop
     vertex  1.245303e+01  1.933706e+01  5.000000e+00
     vertex  1.163786e+01  1.983835e+01  5.000000e+00
     vertex  1.043532e+01  1.717889e+01  5.000000e+00
   endloop
 endfacet
 facet normal  0.000000e+00  0.000000e+00  1.000000e+00
   outer loop
     vertex  1.245303e+01  1.933706e+01  5.000000e+00
     vertex  1.043532e+01  1.717889e+01  5.000000e+00
     vertex  1.119022e+01  1.669697e+01  5.000000e+00
   endloop
 endfacet
 facet normal  0.000000e+00  0.000000e+00  1.000000e+00
   outer loop
     vertex  1.920648e+01  1.265351e+01  5.000000e+00
     vertex  1.631373e+01  1.174190e+01  5.000000e+00
     vertex  1.682060e+01  1.100352e+01  5.000000e+00
   endloop
 endfacet
 facet normal  0.000000e+00  0.000000e+00  1.000000e+00
   outer loop
     vertex  1.920648e+01  1.265351e+01  5.000000e+00
     vertex  1.682060e+01  1.100352e+01  5.000000e+00
     vertex  1.971622e+01  1.184360e+01  5.000000e+00
   endloop
 endfacet
 facet normal  0.000000e+00  0.000000e+00  1.000000e+00
   outer loop
     vertex  1.324664e+01  1.880230e+01  5.000000e+00
     vertex  1.245303e+01  1.933706e+01  5.000000e+00
     vertex  1.119022e+01  1.669697e+01  5.000000e+00
   endloop
 endfacet
 facet normal  0.000000e+00  0.000000e+00  1.000000e+00
   outer loop
     vertex  1.324664e+01  1.880230e+01  5.000000e+00
     vertex  1.119022e+01  1.669697e+01  5.000000e+00
     vertex  1.192291e+01  1.618191e+01  5.000000e+00
   endloop
 endfacet
 facet normal  0.000000e+00  0.000000e+00  1.000000e+00
   outer loop
     vertex  1.866348e+01  1.344152e+01  5.000000e+00
     vertex  1.631373e+01  1.174190e+01  5.000000e+00
     vertex  1.920648e+01  1.265351e+01  5.000000e+00
   endloop
 endfacet
 facet normal  0.000000e+00  0.000000e+00  1.000000e+00
   outer loop
     vertex  1.401733e+01  1.823498e+01  5.000000e+00
     vertex  1.324664e+01  1.880230e+01  5.000000e+00
     vertex  1.192291e+01  1.618191e+01  5.000000e+00
   endloop
 endfacet
 facet normal  0.000000e+00  0.000000e+00  1.000000e+00
   outer loop
     vertex  1.401733e+01  1.823498e+01  5.000000e+00
     vertex  1.192291e+01  1.618191e+01  5.000000e+00
     vertex  1.263193e+01  1.563472e+01  5.000000e+00
   endloop
 endfacet
 facet normal  0.000000e+00  0.000000e+00  1.000000e+00
   outer loop
     vertex  1.808818e+01  1.420626e+01  5.000000e+00
     vertex  1.631373e+01  1.174190e+01  5.000000e+00
     vertex  1.866348e+01  1.344152e+01  5.000000e+00
   endloop
 endfacet
 facet normal  0.000000e+00  0.000000e+00  1.000000e+00
   outer loop
     vertex  1.808818e+01  1.420626e+01  5.000000e+00
     vertex  1.577447e+01  1.245697e+01  5.000000e+00
     vertex  1.631373e+01  1.174190e+01  5.000000e+00
   endloop
 endfacet
 facet normal  0.000000e+00  0.000000e+00  1.000000e+00
   outer loop
     vertex  1.476374e+01  1.763610e+01  5.000000e+00
     vertex  1.401733e+01  1.823498e+01  5.000000e+00
     vertex  1.263193e+01  1.563472e+01  5.000000e+00
   endloop
 endfacet
 facet normal  0.000000e+00  0.000000e+00  1.000000e+00
   outer loop
     vertex  1.476374e+01  1.763610e+01  5.000000e+00
     vertex  1.263193e+01  1.563472e+01  5.000000e+00
     vertex  1.331587e+01  1.505648e+01  5.000000e+00
   endloop
 endfacet
 facet normal  0.000000e+00  0.000000e+00  1.000000e+00
   outer loop
     vertex  1.748157e+01  1.494640e+01  5.000000e+00
     vertex  1.577447e+01  1.245697e+01  5.000000e+00
     vertex  1.808818e+01  1.420626e+01  5.000000e+00
   endloop
 endfacet
 facet normal  0.000000e+00  0.000000e+00  1.000000e+00
   outer loop
     vertex  1.748157e+01  1.494640e+01  5.000000e+00
     vertex  1.520389e+01  1.314731e+01  5.000000e+00
     vertex  1.577447e+01  1.245697e+01  5.000000e+00
   endloop
 endfacet
 facet normal  0.000000e+00  0.000000e+00  1.000000e+00
   outer loop
     vertex  1.548460e+01  1.700668e+01  5.000000e+00
     vertex  1.476374e+01  1.763610e+01  5.000000e+00
     vertex  1.331587e+01  1.505648e+01  5.000000e+00
   endloop
 endfacet
 facet normal  0.000000e+00  0.000000e+00  1.000000e+00
   outer loop
     vertex  1.548460e+01  1.700668e+01  5.000000e+00
     vertex  1.331587e+01  1.505648e+01  5.000000e+00
     vertex  1.397337e+01  1.444836e+01  5.000000e+00
   endloop
 endfacet
 facet normal  0.000000e+00  0.000000e+00  1.000000e+00
   outer loop
     vertex  1.684469e+01  1.566067e+01  5.000000e+00
     vertex  1.520389e+01  1.314731e+01  5.000000e+00
     vertex  1.748157e+01  1.494640e+01  5.000000e+00
   endloop
 endfacet
 facet normal  0.000000e+00  0.000000e+00  1.000000e+00
   outer loop
     vertex  1.684469e+01  1.566067e+01  5.000000e+00
     vertex  1.460313e+01  1.381154e+01  5.000000e+00
     vertex  1.520389e+01  1.314731e+01  5.000000e+00
   endloop
 endfacet
 facet normal  0.000000e+00  0.000000e+00  1.000000e+00
   outer loop
     vertex  1.617865e+01  1.634783e+01  5.000000e+00
     vertex  1.397337e+01  1.444836e+01  5.000000e+00
     vertex  1.460313e+01  1.381154e+01  5.000000e+00
   endloop
 endfacet
 facet normal  0.000000e+00  0.000000e+00  1.000000e+00
   outer loop
     vertex  1.617865e+01  1.634783e+01  5.000000e+00
     vertex  1.548460e+01  1.700668e+01  5.000000e+00
     vertex  1.397337e+01  1.444836e+01  5.000000e+00
   endloop
 endfacet
 facet normal  0.000000e+00  0.000000e+00  1.000000e+00
   outer loop
     vertex  1.617865e+01  1.634783e+01  5.000000e+00
     vertex  1.460313e+01  1.381154e+01  5.000000e+00
     vertex  1.684469e+01  1.566067e+01  5.000000e+00
   endloop
 endfacet
endsolid
